subject,achieved_mean,n_test,ceiling,source,fraction
100206,0.0245556328445673,1,0.6002005,SC,0.040912383186230764
100307,0.32526424527168274,1,0.5560747,SC,0.5849290486901899
100408,0.19778706630071005,3,0.4245691,SC,0.465853653270363
100610,0.018710188567638397,1,0.58755153,SC,0.03184433638976039
101006,0.02875121869146824,1,0.6263233,SC,0.04590475668311914
101107,0.021767213940620422,4,0.4711251,SC,0.04620261994238987
101309,0.021050397966367502,3,0.6132873,SC,0.03432387718833816
101915,0.051941017620265484,2,0.50180626,SC,0.10350811012255107
102008,-0.07642709463834763,3,0.40255067,SC,-0.1898570797021593
102109,-0.034938625246286395,5,0.49374717,SC,-0.070762178234432
102311,0.08779755979776382,1,0.23845693,SC,0.36819043085794917
102614,0.07900968752801418,4,0.55299026,SC,0.14287717748955323
102715,0.1416954305022955,4,0.45989138,SC,0.3081062978442768
102816,0.12111163387695949,3,0.36600265,SC,0.33090370760146
103212,0.07744056234757106,3,0.37088296,SC,0.20880054006140122
103414,0.14476044476032257,2,0.44797248,SC,0.3231458431560853
103515,0.15807137886683145,6,0.3873662,SC,0.40806704061126514
104012,0.11912304908037186,1,0.5233936,SC,0.22759745071466647
104416,-0.021383849903941154,1,0.4978898,SC,-0.04294896160544192
104820,-0.03427726402878761,1,0.62178123,SC,-0.05512753099476421
105014,0.007968594320118427,2,0.50464976,SC,0.015790346001786325
105216,0.0883808508515358,1,0.53217787,SC,0.1660738933987161
105620,0.004338353872299194,2,0.5343774,SC,0.008118520491883066
105923,0.039480552077293396,1,0.40336117,SC,0.09787891104464368
106016,0.023291975259780884,2,0.5272303,SC,0.04417799064238319
106319,-0.19702677428722382,1,0.57501173,SC,-0.34264826960525446
106521,0.0546268280595541,3,0.5180291,SC,0.10545127302607922
107018,-0.04238761682063341,4,0.15979849,SC,-0.26525667933804264
107321,0.10779189318418503,2,0.33634642,SC,0.32047878845918754
107422,-0.0023434019337097802,3,0.36916476,SC,-0.006347848407062961
107725,0.04802522738464177,2,0.453468,SC,0.10590654111126202
108020,0.10791220292448997,5,0.36138803,SC,0.2986048069286909
108121,0.10781098902225494,2,0.53549373,SC,0.20133006790248495
108222,0.19861425459384918,1,0.5807149,SC,0.3420168047932801
108323,0.007197008778651555,3,0.6241536,SC,0.011530829556461031
108525,0.469034843146801,4,0.6965633,SC,0.6733556636515318
108828,-0.06816165783675388,2,0.5670685,SC,-0.1202000425640886
109830,0.06006255850661546,4,0.42663923,SC,0.14078067435715055
110007,0.048541684402152896,4,0.57225007,SC,0.08482599993767216
110411,0.07887369394302368,1,0.3461561,SC,0.22785585446283824
110613,-0.16347302496433258,1,0.046163216,SC,-3.5411966307618727
111009,0.20642767349878946,3,0.6353489,SC,0.324904432035358
111211,-0.018222404643893242,2,0.54307604,SC,-0.033554057446344425
111312,0.19118942134082317,2,0.6861333,SC,0.2786476350015707
111413,0.11755526438355446,2,0.40839413,SC,0.28784758581998826
111716,0.13377052918076515,2,0.5222081,SC,0.256163259782384
112112,0.12010274082422256,1,0.5858681,SC,0.20499962504226218
112314,-0.10851247608661652,1,0.48349997,SC,-0.22443119507663364
112516,0.14574175824721655,3,0.5125465,SC,0.2843483630211435
112920,0.1742803156375885,1,0.5301746,SC,0.32872249186888336
113215,-0.21410325169563293,1,0.5480446,SC,-0.3906675692008149
113922,0.25666120648384094,1,0.28236273,SC,0.9089769265364481
114217,0.044609714299440384,5,0.40201262,SC,0.11096595499773212
114318,0.10199998319149017,1,0.5761673,SC,0.17703188499501823
114419,-0.01702936552464962,2,0.44995353,SC,-0.03784694282685063
114823,0.22087441384792328,2,0.4561406,SC,0.48422441205172984
115017,0.020329110324382782,3,0.40001112,SC,0.050821362977066194
115219,0.33963338037331897,3,0.57259357,SC,0.5931491343385483
115320,0.034029070287942886,3,0.5748081,SC,0.05920074941174782
115724,0.31164613366127014,1,0.5711508,SC,0.5456459724144135
115825,0.09199496358633041,1,0.42061844,SC,0.2187135770517584
116524,0.36774609982967377,2,0.44103163,SC,0.833831577634633
117021,0.18215709924697876,2,0.77507037,SC,0.23502007856006515
117122,0.08484403043985367,2,0.4879898,SC,0.17386435216443802
117324,0.1842695027589798,1,0.40784895,SC,0.45180820683485834
117930,-0.05746671184897423,1,0.60356504,SC,-0.09521212800690747
118124,0.05621222034096718,1,0.6424346,SC,0.08749874359346023
118225,0.058932602405548096,1,0.4828267,SC,0.1220574636935946
118528,-0.0022269959251085916,3,0.7050991,SC,-0.0031584154980606152
118730,0.07631607353687286,2,0.49189803,SC,0.15514612558394036
118831,0.08807087317109108,2,0.5047873,SC,0.17447125387483217
118932,-0.00680166482925415,5,0.5071633,SC,-0.013411192862839543
119025,-0.07115370035171509,2,0.6118234,SC,-0.11629777539027616
119126,0.09847809374332428,1,0.5616731,SC,0.17532990941407783
120111,0.04610053822398186,2,0.59668577,SC,0.07726099823694783
120212,0.12771643791347742,4,0.66964287,SC,0.19072321028890732
120515,0.1728317141532898,4,0.47304222,SC,0.3653621322707512
120717,0.044029522531976305,6,0.36763567,SC,0.11976401128861164
121416,0.040793389081954956,3,0.14772955,SC,0.27613560781817154
121618,0.0723300352692604,1,0.49429727,SC,0.14632902032669612
121921,-0.0341451452113688,2,0.4920667,SC,-0.06939129433340804
122317,0.10334289819002151,2,0.42214498,SC,0.2448042807237019
122620,0.13224291801452637,2,0.52407193,SC,0.25233734234635763
122822,0.0573485866189003,2,0.57989323,SC,0.09889507870078135
123420,0.20621592551469803,2,0.30661294,SC,0.6725610651484508
123521,0.11574667692184448,1,0.5553933,SC,0.2084048851900887
123723,-0.005201926454901695,2,0.46305308,SC,-0.011233974418012067
123925,0.32261893153190613,1,0.3561217,SC,0.9059232603121521
124220,0.06792888604104519,4,0.42290175,SC,0.16062569152538428
124422,-0.04041311889886856,1,0.65952647,SC,-0.06127596197749055
124624,0.13568860292434692,1,0.28194174,SC,0.4812646858331332
125222,-0.08516475185751915,2,0.5847063,SC,-0.14565389813230872
125424,0.13523750007152557,1,0.47580755,SC,0.28422731012050056
125525,0.09651127681136132,5,0.4294793,SC,0.2247169463379523
126325,0.06987762823700905,3,0.38216287,SC,0.1828477691645163
126426,0.15947189927101135,1,0.5829147,SC,0.2735767330468958
126628,0.042099129408597946,1,0.51261413,SC,0.08212635381041476
127327,0.10946514954169591,3,0.34901989,SC,0.3136358490677878
127630,0.0922471284866333,2,0.4541069,SC,0.20313967589268805
127731,0.21183300018310547,1,0.15531757,SC,1.3638701673165856
127832,0.02182733453810215,1,0.54547435,SC,0.04001532709668594
127933,0.058134415943641216,2,0.37662607,SC,0.154355793648701
128026,0.1957312598824501,2,0.59125,SC,0.3310465283424103
128127,0.09652303904294968,3,0.5019095,SC,0.19231163993299524
128632,0.17681580036878586,2,0.6907447,SC,0.2559785118420537
129028,0.08940803011258443,3,0.55870706,SC,0.16002666963360804
129129,-0.1469622701406479,1,0.48394677,SC,-0.30367445192504927
129634,0.08857042156159878,2,0.5374492,SC,0.16479775495358218
130013,0.0110206282697618,2,0.34725806,SC,0.03173613384167901
130316,0.14646314084529877,1,0.47688782,SC,0.3071228383339687
130518,0.029197683557868004,2,0.37802225,SC,0.07723800267806459
130619,0.21970680123195052,4,0.64587784,SC,0.3401677339354924
130720,0.05508545320481062,4,0.42845386,SC,0.12856799377373007
130821,-0.13787981867790222,1,0.49580455,SC,-0.2780930886533861
130922,0.062109049409627914,1,0.5388754,SC,0.11525679110537967
131722,0.10999195277690887,2,0.37789443,SC,0.2910652924334155
131823,0.11065513640642166,5,0.57974887,SC,0.19086736021826428
131924,0.07133318608005841,3,0.3750632,SC,0.1901897762298685
132017,0.027040190994739532,2,0.59614265,SC,0.04535859159672527
132118,0.036877001325289406,3,0.6252766,SC,0.05897710121454954
133019,0.04696859512478113,2,0.4313141,SC,0.10889649822433613
133625,0.1059610905746619,3,0.5478244,SC,0.19342163396639853
133827,0.3539218008518219,1,0.45943964,SC,0.7703336195627829
133928,0.22384154299894968,3,0.3684116,SC,0.6075854913334696
134021,-0.04931703209877014,1,0.6455748,SC,-0.07639243678466096
134324,-0.017038623162079602,2,0.5794847,SC,-0.02940305958393656
134425,0.12758081406354904,2,0.44536442,SC,0.2864638671934077
134627,0.05870469845831394,2,0.40449193,SC,0.1451319398592549
134728,0.2423041413227717,3,0.26870954,SC,0.9017325597102793
134829,0.16919643680254617,3,0.77380776,SC,0.21865435518835608
135124,-0.014185511507093906,1,0.6135929,SC,-0.023118767357141693
135225,0.053116483613848686,2,0.5633356,SC,0.09428923649392774
135528,0.17145665362477303,4,0.44003826,SC,0.38964033178563384
135629,0.009991556119833453,3,0.43659523,SC,0.02288517013764317
135932,-0.004945441614836454,1,0.2890755,SC,-0.01710778538768057
136126,0.030681965872645378,1,0.35582057,SC,0.08622875814246876
136227,0.16112269461154938,2,0.48567334,SC,0.331751161411391
136631,-0.04254552349448204,1,0.64037645,SC,-0.06643830124371694
136732,0.15593700390309095,4,0.51065135,SC,0.30536882728909065
136833,0.15008385553956033,5,0.47544795,SC,0.31566831982251753
137027,0.0008140898620088896,3,0.5813724,SC,0.001400289834895653
137128,0.1184054377488792,5,0.6543674,SC,0.18094641901304861
137229,0.06762250699102879,2,0.55840373,SC,0.12109966921429552
137431,0.052782561630010605,1,0.44672653,SC,0.11815407880523819
137532,-0.05155869275331497,5,0.59533095,SC,-0.08660509377736025
137633,0.13799618929624557,3,0.45434672,SC,0.3037244096232181
137936,0.22809446975588799,2,0.7407409,SC,0.30792746796604314
138130,0.15199977904558182,2,0.5770297,SC,0.263417600594184
138231,0.007757577742449939,5,0.5258421,SC,0.014752675265920966
138332,0.060567460022866726,2,0.4101344,SC,0.14767710297616274
138534,0.11438112705945969,1,0.4512658,SC,0.2534673069828462
138837,0.15694857388734818,2,0.57214385,SC,0.2743166318878516
139233,0.002890880685299635,1,0.54620874,SC,0.005292629856672808
139435,0.05786605074536055,2,0.38833043,SC,0.1490124035485979
139637,-0.08806707710027695,1,0.41214165,SC,-0.21368157549783415
139839,0.000679961716135343,3,0.66338754,SC,0.0010249841535090378
140117,0.23571004966894785,3,0.65912193,SC,0.35761220942678673
140319,0.19220280647277832,2,0.5016558,SC,0.38313681706217356
140824,0.17400264739990234,2,0.4476619,SC,0.38869210759258793
140925,0.4205711781978607,1,0.7210223,SC,0.5832984336238431
141119,0.10272454470396042,3,0.43914318,SC,0.23392039175915338
141422,0.019575532525777817,2,0.46234125,SC,0.042340008653300606
141826,-0.07761931512504816,4,-0.001941575,SC,39.97750028973805
143224,0.10170700307935476,4,0.5805225,SC,0.1751990716627775
143325,0.2763889531294505,3,0.48307025,SC,0.5721506408839098
144125,0.2508021146059036,3,0.6138017,SC,0.4086044639594573
144226,0.03644221695140004,2,0.4768841,SC,0.07641734532856105
144428,-0.053891025483608246,3,0.22299287,SC,-0.24167151839253087
144731,0.19894999265670776,4,0.6374668,SC,0.31209467325468204
144832,-0.027921907603740692,3,0.46136677,SC,-0.06051997980639285
144933,0.0927690863609314,2,0.5059424,SC,0.18335898782337948
145127,-0.07478344440460205,1,0.5228668,SC,-0.14302580390378974
145632,0.15977155417203903,2,0.30423075,SC,0.5251656979843065
145834,0.03178148344159126,1,0.41582227,SC,0.07643045054222627
146331,0.29172416031360626,4,0.16785464,SC,1.7379570818751644
146432,0.29903240501880646,2,0.37641975,SC,0.7944121024967645
146533,-0.05447172746062279,1,0.7130524,SC,-0.0763923204811074
146735,0.13656772673130035,1,0.65018207,SC,0.21004535965025975
146836,0.025072184391319752,2,0.67196745,SC,0.03731160548225922
146937,0.07387708127498627,2,0.554369,SC,0.1332633702010507
147636,0.07192307089765866,3,0.4880914,SC,0.14735574299743584
147737,0.16045615077018738,2,0.56059754,SC,0.286223430038932
148032,0.060062905152638756,3,0.58132243,SC,0.10332115544318282
148133,0.12384018115699291,2,0.58796334,SC,0.21062568485476138
148335,0.03789419122040272,3,0.5371139,SC,0.07055149982229601
148436,0.15760948757330576,3,0.32854015,SC,0.4797267170338413
148840,0.010276903087894121,3,0.3270066,SC,0.03142720387874166
148941,0.09838478546589613,5,0.3972299,SC,0.24767719012565803
149236,0.05527347989846021,4,0.53329927,SC,0.10364439444753076
149337,-0.10821636393666267,3,0.67406535,SC,-0.1605428374810583
149539,0.10655276477336884,1,0.47690773,SC,0.2234242770050484
149741,0.044872948278983436,6,0.45044634,SC,0.09961885422131177
149842,0.3036310076713562,1,0.6693133,SC,0.45364556131090805
150625,0.03459071507677436,2,0.5009233,SC,0.06905391519375194
150726,-0.0020813599694520235,1,0.47166178,SC,-0.00441282303911083
150928,-0.08209245031078656,3,0.50178605,SC,-0.16360050326386427
151223,0.116926509141922,5,0.4568902,SC,0.2559181815279076
151425,0.0642499253153801,3,0.6039528,SC,0.10638236185903949
151526,-0.2417166382074356,1,0.71009296,SC,-0.34040140069468594
151627,0.11694762110710144,1,0.63512635,SC,0.18413284397207177
151829,0.2795361280441284,1,0.5898999,SC,0.4738704448740005
151930,-0.03552678972482681,2,0.4123461,SC,-0.08615769550100465
152225,0.14220539666712284,4,0.45648745,SC,0.3115209337455451
152427,0.23905473947525024,1,0.70697904,SC,0.33813554002287005
152831,0.29127099364995956,4,0.43837738,SC,0.6644297971075962
153025,0.20289910584688187,2,0.37786084,SC,0.5369678049910699
153126,0.33264122903347015,2,0.585377,SC,0.5682512791474044
153429,0.04903009533882141,2,0.6714007,SC,0.07302657762915858
153631,0.08132513426244259,2,0.47038645,SC,0.17289004447819997
153732,0.16618935763835907,1,0.49940214,SC,0.3327766229403003
153833,0.15679983794689178,2,0.5343567,SC,0.29343664624564786
153934,0.05321669951081276,2,0.34164888,SC,0.15576430255182677
154229,0.32395604252815247,3,0.44941282,SC,0.7208429045885973
154330,0.06762481480836868,2,0.47216213,SC,0.14322371599003225
154431,0.021186412622531254,3,0.49136227,SC,0.04311770340553672
154532,-0.006617060862481594,2,0.5812565,SC,-0.01138406342549562
154734,-0.12382933994134267,3,0.5268759,SC,-0.23502562926363244
154835,0.20633457601070404,1,0.60005814,SC,0.3438576402125035
154936,0.01591377519071102,2,0.539922,SC,0.029474211442969578
155938,0.17963794246315956,2,0.5281267,SC,0.3401417547402159
156031,0.014479107223451138,2,0.5545052,SC,0.026111760941919276
156233,0.23604117333889008,1,0.27721587,SC,0.8514706367239729
156334,0.09400060772895813,2,0.36543658,SC,0.257228238423636
156435,0.07367741564909618,3,0.6122308,SC,0.120342549981308
156536,0.14049938321113586,2,0.5173075,SC,0.2715974216711257
156637,0.13724449649453163,2,0.39380068,SC,0.3485125939714772
157336,0.1729191541671753,1,0.53048587,SC,0.32596373239342885
157437,-0.1420423872768879,2,0.5607458,SC,-0.25330976580990516
157942,-0.20805078744888306,2,0.633071,SC,-0.32863736839767266
158035,0.08395041152834892,2,0.40377325,SC,0.20791474306024219
158136,0.16537803411483765,1,0.54105574,SC,0.3056580346321391
158338,0.08290277794003487,2,0.49451053,SC,0.16764613271235065
158540,0.09659504890441895,1,0.35615933,SC,0.2712130239699714
159138,-0.04421587288379669,1,0.3344083,SC,-0.13222121844402993
159239,0.10676572471857071,2,0.50482213,SC,0.2114917678402306
159441,0.09839776158332825,3,0.29272434,SC,0.3361447892694138
159744,0.111143392821153,3,0.4984918,SC,0.2229593201355629
160123,0.11583006009459496,2,0.43851355,SC,0.26414248794500184
160729,0.07301418669521809,2,0.5214639,SC,0.14001772068060336
160830,0.31084883213043213,1,0.38234195,SC,0.8130126242501827
161327,0.221887469291687,1,0.3916817,SC,0.5664994542550418
161630,0.22101931273937225,2,0.43196383,SC,0.5116616193058855
161731,0.12900574691593647,4,0.5914397,SC,0.218121554768705
161832,0.3704701066017151,1,0.27294946,SC,1.3572846291826888
162026,0.05800389498472214,2,0.41939476,SC,0.1383038142506171
162228,-0.012191999703645706,2,0.5934783,SC,-0.020543294849442187
162329,-0.1203224491328001,2,0.5904573,SC,-0.20377840892609866
162733,0.03658881410956383,3,0.5121523,SC,0.07144127656863755
162935,0.0156291164457798,1,0.61716425,SC,0.02532407936101257
163129,0.09098616484552621,5,0.40915704,SC,0.2223746775700748
163331,0.2830924093723297,1,0.48960036,SC,0.5782111952947292
163432,0.3290742337703705,1,0.47683173,SC,0.6901265437398021
163836,0.06840109080076218,1,0.45994785,SC,0.14871488322156995
164030,0.17843830585479736,2,0.41893643,SC,0.4259317000786906
164131,-0.05582667049020529,2,0.51838404,SC,-0.10769365216221796
164636,0.033679019659757614,1,0.52779067,SC,0.06381132061269218
164939,0.07185045629739761,2,0.45545763,SC,0.15775442448378263
165032,0.3360588848590851,2,0.3700802,SC,0.9080704259754644
165436,0.03380129858851433,2,0.48026282,SC,0.07038083561936843
165638,0.195978581905365,2,0.4828298,SC,0.40589578751221445
165840,0.3439597189426422,5,0.62503463,SC,0.5503050590055182
165941,0.18817178159952164,2,0.110711455,SC,1.6996595483233568
166438,0.07307108491659164,1,0.44891682,SC,0.16277199173911916
166640,0.3444310426712036,1,0.6348235,SC,0.5425618973954235
167036,0.08646065865953763,3,0.5528254,SC,0.15639776801054658
167238,0.14000287652015686,1,0.5762931,SC,0.24293693004507058
167440,0.10989810340106487,2,0.5074718,SC,0.21656002048008355
167743,0.0243280790746212,2,0.6195531,SC,0.039267141225862966
168240,-0.06623812826971213,3,0.5894358,SC,-0.11237547544569254
168341,0.12579396390356123,2,0.7518024,SC,0.16732317415262474
168745,-0.07687808759510517,2,0.47981647,SC,-0.16022394478268986
168947,0.12653294950723648,2,0.54692477,SC,0.23135348122418462
169343,-0.017072898894548418,5,0.6907084,SC,-0.02471795463114162
169545,0.054263729602098465,1,0.39145878,SC,0.13861926816943143
169949,0.12079826556146145,4,0.4282089,SC,0.28210124909001527
170631,0.08217981830239296,2,0.41848853,SC,0.19637292879303755
171532,-0.04816567059606314,4,0.42126566,SC,-0.11433562041601762
172029,0.11206959187984467,1,0.54399973,SC,0.20601038143869055
172130,-0.11141613125801086,1,0.65272343,SC,-0.17069424221221977
172332,-0.04106021299958229,1,0.4731359,SC,-0.08678312721478605
172433,0.07622335013002157,2,0.5632504,SC,0.13532764491604724
172938,0.25985707715153694,4,0.54205185,SC,0.47939524079022505
173334,0.03769472520798445,2,0.5280134,SC,0.07138971323073326
173435,0.16556233912706375,2,0.6108848,SC,0.27102055760278165
173536,0.06302321888506413,2,0.4873588,SC,0.12931585288921454
173637,0.055397593726714454,3,0.3628762,SC,0.152662516105257
173738,0.013130894862115383,2,0.38214102,SC,0.03436138539148554
173839,0.11392835900187492,2,0.44130114,SC,0.2581646605351505
174437,-0.0807332918047905,1,0.28235155,SC,-0.28593181728519107
174841,0.019326526671648026,1,0.4314837,SC,0.044790861558960456
175035,0.32938292622566223,1,0.6197205,SC,0.5315023889409213
175136,0.1381407231092453,2,0.33908653,SC,0.40739077163945525
175237,-0.07328091561794281,1,0.37382358,SC,-0.19603074695807796
175338,0.0394931983173592,4,0.45561704,SC,0.08668068761730072
175439,0.011161877463261286,3,0.46708375,SC,0.023896950949934107
175540,0.2745727151632309,2,0.52420926,SC,0.5237845572648429
175742,0.150442972779274,2,0.5308884,SC,0.28337965715444896
176037,0.15204479545354843,3,0.4354685,SC,0.349152224451478
176441,0.13346923453112444,3,0.56823516,SC,0.2348838015076794
176542,0.03750246437266469,4,0.3803128,SC,0.09860952450894288
176744,0.04431489435955882,3,0.5813918,SC,0.07622208355803921
176845,0.10487627983093262,1,0.32858798,SC,0.3191725997735298
177140,0.11056860784689586,3,0.6673367,SC,0.1656863886654156
177241,0.03220789134502411,1,0.4478451,SC,0.0719174807205083
177645,-0.00526792307694753,3,0.47632083,SC,-0.011059610970503914
177746,0.14111406356096268,2,0.51132196,SC,0.2759788833653119
178243,-0.07445504516363144,1,0.50670785,SC,-0.1469388034221918
178647,-0.06351388059556484,2,0.546518,SC,-0.11621553287460769
178849,0.12618176266551018,2,0.54783994,SC,0.23032596467046593
178950,0.05941486731171608,1,0.5042777,SC,0.11782172265740895
179245,-0.08038479089736938,1,0.6793668,SC,-0.11832310748386494
179346,0.21125440672039986,4,0.48807624,SC,0.4328307534912985
180129,-0.009827058995142579,3,0.55805504,SC,-0.01760947987342356
180230,0.03686903975903988,2,0.6193922,SC,0.059524546416696696
180432,0.0920393317937851,1,0.59025204,SC,0.15593225530196406
180533,0.21309594064950943,2,0.6886997,SC,0.30941779218069854
180735,0.12043045088648796,2,0.51493824,SC,0.23387358236686395
180836,0.12976472824811935,2,0.18563709,SC,0.6990237147550598
180937,0.17172370105981827,2,0.3095318,SC,0.5547853275812639
181131,-0.03464018553495407,2,0.48097378,SC,-0.0720209437091437
181232,0.2904099027315776,3,0.63550496,SC,0.4569750371918066
181636,0.11334006302058697,2,0.37812996,SC,0.2997383836514488
182032,-0.07898865640163422,1,0.5675768,SC,-0.13916822604735468
182436,0.02625225903466344,2,0.47225463,SC,0.0555892041432467
182739,0.13955137878656387,2,0.45556056,SC,0.30632892976197035
182840,0.01838557639469703,3,0.53655696,SC,0.034265842706983116
183034,0.1762285754084587,3,0.25872856,SC,0.6811330585554942
185139,0.04858054779469967,2,0.5577397,SC,0.08710254585553023
185341,0.09559720009565353,1,0.47184473,SC,0.20260308957070164
185442,0.123982734978199,2,0.49426976,SC,0.2508402192725669
185846,0.05093469098210335,1,0.37625393,SC,0.1353731799747669
185947,0.053045324981212616,2,0.4001199,SC,0.13257357352436763
186040,-0.03723546862602234,1,0.45169845,SC,-0.08243435111637497
186141,0.14912212640047073,2,0.53209454,SC,0.2802549456727572
186545,-0.014430591370910406,2,0.52890825,SC,-0.027283732804149693
186848,0.16432028263807297,2,0.41185242,SC,0.3989785531382163
187143,0.06840608641505241,2,0.45822877,SC,0.14928370039937128
187345,0.05113862827420235,1,0.4167494,SC,0.1227083428895215
187547,0.17575285583734512,2,0.56521094,SC,0.3109509094734527
187850,0.43092963099479675,2,0.44356927,SC,0.9715047009338513
188145,-0.020282387966290116,2,0.38806778,SC,-0.0522650655673865
188347,0.16117681842297316,4,0.5574425,SC,0.2891362219833851
188448,-0.010223213583230972,2,0.52797514,SC,-0.019363058615280582
188549,0.038473911583423615,1,0.4201085,SC,0.09158089299174764
188751,0.07036959379911423,1,0.39929056,SC,0.17623655765644503
189349,0.018759412690997124,3,0.6118518,SC,0.030660059659867185
189450,0.07738667726516724,1,0.35655874,SC,0.2170376675247597
190031,-0.0654813889414072,2,0.51718336,SC,-0.1266115540558134
191033,0.1500385453303655,3,0.5092771,SC,0.29461082253721105
191235,0.055347003042697906,1,0.50417435,SC,0.10977750661591155
191336,0.18466468155384064,2,0.5983818,SC,0.30860678174677214
191437,0.11351650580763817,5,0.5302714,SC,0.214072465170926
191841,0.1848861128091812,3,0.42331716,SC,0.43675553528040584
191942,0.029803805984556675,2,0.43928006,SC,0.0678469356987355
192136,0.026566116139292717,1,0.55648786,SC,0.047738896117684795
192237,0.027576396241784096,5,0.50783443,SC,0.054301942941883834
192439,0.14427992850542068,5,0.6909942,SC,0.2088004913867883
192540,0.05116527806967497,4,0.66443574,SC,0.07700560790073539
192641,0.05369589477777481,1,0.50974023,SC,0.10533972328959558
192843,0.09483955055475235,2,0.41787705,SC,0.226955633372908
193239,-0.042134384935100876,3,0.32597786,SC,-0.1292553578181686
193845,-0.001310328021645546,2,0.46519324,SC,-0.0028167391719740938
194140,-0.012567886151373386,1,0.5114077,SC,-0.024575081977399608
194443,0.06345690600574017,2,0.48534605,SC,0.13074569372871206
194645,0.11569733917713165,1,0.377235,SC,0.3066983158432586
194746,0.1557864487171173,5,0.47231337,SC,0.32983705017098564
194847,0.0355716198682785,1,0.49043733,SC,0.0725304084586679
195041,0.2104229728380839,3,0.71389484,SC,0.2947534581396945
195445,0.13509037345647812,3,0.7097399,SC,0.19033785962502336
195647,0.08760414272546768,2,0.5410278,SC,0.16192170296141473
195849,-0.002035971381701529,3,0.35119718,SC,-0.005797231577148567
195950,0.1838415414094925,1,0.5265328,SC,0.3491549651028245
196144,0.15355521440505981,2,0.4912411,SC,0.3125862522599592
196346,0.08973383158445358,1,0.56788224,SC,0.15801485812349686
196750,0.002628758316859603,1,0.46711767,SC,0.005627614808190842
197348,0.0279429592192173,3,0.4124268,SC,0.06775253019255126
197550,0.1077477689832449,2,0.66587514,SC,0.16181377334982786
198047,0.00020440202206373215,2,0.4763626,SC,0.0004290891477704844
198249,0.07820966467261314,2,0.32245567,SC,0.242543927581156
198350,-0.025173980742692947,2,0.4847028,SC,-0.051936941034161445
198451,0.05395843181759119,4,0.41783905,SC,0.1291368813364648
198653,0.021934645250439644,1,0.34595504,SC,0.0634031672162939
198855,0.2356473207473755,1,0.4160143,SC,0.5664404342528021
199150,0.14346583932638168,2,0.3933505,SC,0.36472774110210027
199251,-0.0007989038713276386,2,0.4785289,SC,-0.0016694997341386041
199453,0.19093779474496841,2,0.40173686,SC,0.4752807465687078
199958,0.12888725474476814,2,0.4516303,SC,0.28538221360428684
200109,0.16172099858522415,2,0.6787726,SC,0.23825504828159558
200513,0.10214442387223244,4,0.62049186,SC,0.16461847520809125
200614,0.06438288986682891,5,0.54582703,SC,0.11795474816780128
200917,0.15751522034406662,2,0.52310294,SC,0.3011170618617946
201111,0.3980717957019806,2,0.5867144,SC,0.6784762666503168
201414,0.10241463431157172,3,0.64806545,SC,0.1580313135217619
201818,0.11874443665146828,2,0.6430385,SC,0.1846614730711587
202719,0.10563508421182632,2,0.7427649,SC,0.14221873463841161
203923,0.053336833417415616,5,0.35208008,SC,0.15149063081732886
204016,0.03501696760455767,3,0.61185074,SC,0.05723122538767817
204319,0.10515249023834865,3,0.398426,SC,0.2639197498113794
204420,0.09338251501321793,1,0.27148682,SC,0.34396702946101737
204521,0.05262453233202299,3,0.6642659,SC,0.0792220891242844
204622,0.1282809041440487,2,0.46720988,SC,0.27456804668610324
205119,0.12390874574581782,3,0.3886891,SC,0.3187862632263622
205220,0.12343634602924188,3,0.41296163,SC,0.2989051211107479
205725,0.11643648147583008,1,0.4389778,SC,0.2652445783723689
206222,0.1989263817667961,4,0.64879745,SC,0.306607835414267
206525,0.00026756711304187775,4,0.64766437,SC,0.00041312618917399726
206727,0.124470554292202,2,0.5534892,SC,0.22488343818127254
206828,-0.2177999367316564,3,0.599884,SC,-0.3630700881031273
206929,0.08017578348517418,2,0.4105867,SC,0.19527126301259679
207123,-0.009609954742093882,3,0.23285021,SC,-0.0412709730521346
207426,0.029249703977257013,2,0.26811016,SC,0.10909584320585619
208024,0.1599520742893219,1,0.5695173,SC,0.28085551446693874
208125,0.13385647255927324,2,0.60404634,SC,0.22159967488466736
208226,0.04245956242084503,2,0.46037263,SC,0.09222868531703336
208327,0.00809231773018837,2,0.62676173,SC,0.012911314368521463
208630,0.13664306327700615,2,0.55020213,SC,0.24835066210486345
209228,0.1366319265216589,6,0.47520563,SC,0.2875216914447308
209329,0.08562807214912027,3,0.63872606,SC,0.1340607147751577
209834,0.1097564548254013,1,0.4884511,SC,0.22470305589526013
210011,-0.06478874385356903,1,0.48769972,SC,-0.13284556294920372
210112,0.12601369619369507,3,0.4476909,SC,0.28147477689114314
210617,0.26120074838399887,2,0.57432336,SC,0.4547973608177785
211114,0.006412325659766793,2,0.6275705,SC,0.010217697708491385
211215,-0.1734204776585102,2,0.5756271,SC,-0.3012722605633234
211316,0.08030305057764053,2,0.44771847,SC,0.1793605936731637
211417,0.12059855709473292,3,0.54990095,SC,0.2193095994737469
211619,0.33219411969184875,1,0.48817113,SC,0.6804870244822727
211821,-0.06299646571278572,2,0.5557748,SC,-0.11334890627064365
211922,-0.061612607911229134,2,0.47244424,SC,-0.13041244382877676
212015,0.07989611600836118,3,0.40988886,SC,0.1949214135957761
212116,0.049576349556446075,2,0.42030522,SC,0.11795320923315222
212217,-0.08696242049336433,2,0.59987104,SC,-0.1449685260574745
212318,0.021352645009756088,1,0.54445106,SC,0.03921866734864303
212419,0.10650414600968361,3,0.31882104,SC,0.3340562028455952
213017,0.11612047255039215,1,0.42948076,SC,0.2703740967357703
213421,0.012657461687922478,2,0.4671098,SC,0.02709740127037043
213522,0.016163907945156097,2,0.5588487,SC,0.028923585122692597
214019,0.02449040301144123,2,0.47483468,SC,0.05157669404315883
214221,0.33171001076698303,2,0.44559023,SC,0.7444283748478575
214423,0.06655896399170161,5,0.21015824,SC,0.3167087999580773
214524,0.003749222494661808,1,0.5407969,SC,0.006932773643232437
214625,0.10039950609207153,5,0.5743202,SC,0.1748145130400629
214726,0.0809921274582545,3,0.46564475,SC,0.17393544640684663
217126,0.17336923349648714,2,0.6237086,SC,0.2779651162361512
217429,-0.018227780237793922,1,0.45473433,SC,-0.04008446038765959
219231,0.18653447926044464,1,0.6775834,SC,0.27529375610507084
223929,0.29921624064445496,1,0.46307358,SC,0.6461526927199236
224022,0.2232101708650589,1,0.2777475,SC,0.8036442123333565
227533,0.0299533624202013,2,0.40041807,SC,0.07480522150311873
228434,0.008414477109909058,1,0.42418635,SC,0.019836746538187892
231928,0.12920163571834564,2,0.54151624,SC,0.23859235637761417
237334,0.102071363478899,2,0.63070446,SC,0.16183707259482358
238033,-0.1479129083454609,2,0.55137724,SC,-0.26826081603488183
239944,-0.12094469368457794,3,0.5730733,SC,-0.21104576619531557
245333,0.15017467737197876,1,0.47341442,SC,0.31721610290615726
246133,0.04995032399892807,4,0.4706238,SC,0.10613641723798939
248339,0.16571012139320374,1,0.28342104,SC,0.5846782631000286
249947,0.16266688331961632,2,0.64838505,SC,0.2508800647387171
250427,-0.016380866523832083,2,0.19698223,SC,-0.08315910792477109
250932,0.013636544346809387,2,0.538136,SC,0.0253403309698838
255639,0.1892119199037552,1,0.49833786,SC,0.37968602245824784
255740,0.29420292750000954,4,0.59749883,SC,0.49239080099957605
256540,-0.011433177627623081,1,0.5676056,SC,-0.020142820345012594
257946,0.07168363779783249,1,0.4635025,SC,0.15465642105022626
268749,0.08679360151290894,2,0.48623255,SC,0.1785022444772752
268850,0.25397489964962006,2,0.5518486,SC,0.4602256844533447
270332,0.15345113476117453,3,0.6065281,SC,0.25299921761444283
274542,0.07503453843916456,3,0.55175114,SC,0.1359934452317843
275645,0.16798017919063568,1,0.5739743,SC,0.29266149928774804
280739,-0.018173713448049966,4,0.42996225,SC,-0.04226816063049713
280941,0.303759902715683,2,0.65487033,SC,0.4638474042879344
283543,-0.01204940676689148,1,0.5179779,SC,-0.023262395493883967
285345,0.08203735947608948,1,0.59510857,SC,0.13785276101147306
285446,0.19601304233074188,5,0.49239254,SC,0.39808288389328944
286347,0.11641982942819595,1,0.1583746,SC,0.7350915451606251
286650,-0.02067485125735402,4,0.52240515,SC,-0.039576277640743056
287248,-0.12637796998023987,1,0.29059464,SC,-0.4348943599931501
290136,0.0544281336478889,4,0.4519965,SC,0.12041715731845025
293748,-0.07736779004335403,1,0.50127995,SC,-0.1543404838820185
297655,0.13639225251972675,4,0.29965812,SC,0.4551595415459683
298051,-0.09606717713177204,2,0.3989473,SC,-0.24080167263137772
298455,0.21318216621875763,1,0.5102807,SC,0.4177743077854162
299154,0.19778538246949515,3,0.45701733,SC,0.4327743599339989
300618,0.08355618175119162,4,0.43820912,SC,0.19067650109881695
300719,0.043667095713317394,2,0.664327,SC,0.06573132766441435
303119,0.04131315217819065,3,0.40559345,SC,0.10185852897326288
303624,0.12093625217676163,1,0.57354647,SC,0.21085693749760437
304020,0.060910407453775406,3,0.45831433,SC,0.1329009447594087
304727,0.12760019302368164,1,0.50669706,SC,0.25182737990167464
307127,0.07630409090779722,3,0.40253115,SC,0.1895607107867235
308129,0.08815965219400823,4,0.54132015,SC,0.16286046657233844
309636,-0.09253063052892685,1,0.532919,SC,-0.1736298209088564
310621,0.20640038698911667,2,0.5384433,SC,0.38332798827493386
311320,0.09582231938838959,4,0.54840416,SC,0.1747293809521605
314225,0.1449866071343422,2,0.49478775,SC,0.2930278834396005
316633,-0.1509403189023336,3,0.40885282,SC,-0.3691800851522403
316835,-0.028563946019858122,2,0.387781,SC,-0.07365999370742281
318637,0.15321120619773865,2,0.31206062,SC,0.49096616611778393
320826,0.058613941073417664,1,0.39210045,SC,0.1494870538236252
321323,0.12192137539386749,1,0.40166253,SC,0.30354182002953445
322224,-0.029590869322419167,4,0.43426093,SC,-0.06814075888065539
325129,0.10926782339811325,2,0.46714777,SC,0.23390419566406845
329440,0.14369060099124908,2,0.52222866,SC,0.2751488227230751
334635,0.047325536608695984,2,0.6269027,SC,0.07549103969195854
336841,0.12067762017250061,1,0.43172085,SC,0.27952696788329917
339847,0.17001968622207642,2,0.45406184,SC,0.37444169768169994
341834,0.14367820074160895,3,0.6067756,SC,0.23678968096543263
342129,0.14857047547896704,3,0.11332049,SC,1.3110645345688767
346137,0.050026579294353724,2,0.48412713,SC,0.1033335588822583
346945,0.08420998603105545,1,0.57854784,SC,0.14555405829715906
348545,0.06261508911848068,3,0.35809964,SC,0.17485381755335103
349244,0.06820760667324066,1,0.5566652,SC,0.12252895757313492
350330,0.0876205824315548,3,0.5000317,SC,0.175230055277605
352132,-0.15114028751850128,1,0.5769554,SC,-0.26196182151774866
352738,0.04561571373293797,3,0.49074683,SC,0.09295162178212739
353740,0.12337058037519455,2,0.36580193,SC,0.3372606054188794
356948,0.15774819254875183,2,0.53846973,SC,0.2929564723141482
358144,0.14182206452824175,4,0.573173,SC,0.24743326103679297
360030,0.18369093537330627,3,0.5021314,SC,0.36582244283728577
361234,-0.004469964653253555,4,0.64749867,SC,-0.006903434493932713
361941,0.06037563260179013,4,0.3865976,SC,0.15617177292820786
366042,-0.020451853051781654,1,0.4109116,SC,-0.04977190483739485
366446,0.40673142671585083,1,0.74475294,SC,0.5461293334617126
368551,0.000532960519194603,2,0.48951313,SC,0.0010887563305903621
371843,0.07215849682688713,4,0.37901562,SC,0.19038396577662717
376247,0.27660564705729485,4,0.6246831,SC,0.4427935493329255
377451,-0.006471196189522743,2,0.30526477,SC,-0.021198634187373614
378756,0.054018194476763405,3,0.21308039,SC,0.25351086731521094
378857,0.20720353722572327,1,0.5905738,SC,0.3508512182994289
379657,-0.1771048754453659,1,0.4838507,SC,-0.36603207445058134
380036,-0.017851075157523155,1,0.44657543,SC,-0.03997325862178122
381038,-0.014631401281803846,2,0.5546969,SC,-0.026377290519928712
381543,-0.04998934920877218,3,0.6454872,SC,-0.07744436947591242
385450,0.046542689204216,1,0.5796267,SC,0.08029769712854153
386250,0.14247498661279678,2,0.5100755,SC,0.2793213683323288
387959,0.12186696752905846,2,0.31639415,SC,0.3851745284451639
389357,0.23997941613197327,2,0.6394743,SC,0.37527609183351585
390645,0.24048051238059998,1,0.56715244,SC,0.42401389012908064
391748,0.24746834486722946,2,0.5652281,SC,0.43782031513866604
392447,0.1882818639278412,1,0.42429298,SC,0.44375436974668114
392750,0.15951693803071976,2,0.68247396,SC,0.23373336915406961
393247,0.05837830435484648,2,0.51961946,SC,0.112348187180762
395251,-0.030704337637871504,2,0.56109744,SC,-0.054721934995589194
395756,-0.021035483106970787,1,0.6487863,SC,-0.03242282259500669
395958,0.19178612530231476,2,0.3805517,SC,0.5039686468417163
397760,-0.007545397616922855,2,0.4527382,SC,-0.0166661386578885
397861,0.054350730031728745,1,0.48853636,SC,0.11125216970898286
406432,0.03497781604528427,3,0.33091605,SC,0.10569996845207197
406836,-0.042304717004299164,1,0.49802735,SC,-0.0849445658040651
412528,0.13098323717713356,2,0.5172324,SC,0.25323865476550494
413934,0.08680354058742523,2,0.58219117,SC,0.14909800261557596
414229,0.2148902863264084,1,0.70436966,SC,0.3050816900977938
415837,0.05076872929930687,1,0.5557709,SC,0.09134830430903611
419239,0.08446025918237865,4,0.53967863,SC,0.15650102577227978
421226,0.07753061254819234,3,0.61900276,SC,0.12525083498527914
422632,0.032981946133077145,3,0.36873162,SC,0.08944702418815383
424939,0.19151631742715836,2,0.44927537,SC,0.4262782476305308
429040,0.09029900282621384,1,0.5770829,SC,0.15647492383886932
432332,0.08635674913724263,3,0.4813416,SC,0.17940844742536824
433839,0.16013639668623605,6,0.4830839,SC,0.3314877533410574
436239,0.07929198443889618,4,0.524431,SC,0.1511962192145319
441939,0.1061139483936131,3,0.39564925,SC,0.268202071389275
445543,0.06507944812377293,3,0.61487275,SC,0.10584214070923283
448347,-0.027084464207291603,1,0.33342236,SC,-0.08123169726017057
449753,0.16489117592573166,2,0.6451575,SC,0.25558282423397644
453441,-0.1073874831199646,1,0.52914774,SC,-0.2029442346667957
453542,0.029722675681114197,1,0.40617463,SC,0.0731770856321435
454140,0.10983426496386528,2,0.44594994,SC,0.2462928125158292
459453,0.10739349946379662,2,0.55760634,SC,0.19259734289211386
461743,-0.021045279689133167,2,0.30684727,SC,-0.06858552037674367
463040,-0.28615981340408325,1,0.51648223,SC,-0.5540554868733494
465852,0.2580093244711558,3,0.60550284,SC,0.4261075381102355
467351,0.013259615749120712,2,0.4985264,SC,0.02659762000391697
468050,-0.07822969928383827,2,0.56604075,SC,-0.13820506612613717
479762,0.1276991255581379,2,0.45976138,SC,0.27775087493894746
481951,0.19147823750972748,1,0.2782475,SC,0.6881579798910232
485757,0.24323554833730063,3,0.48873928,SC,0.49767955695580807
495255,-0.015339252538979053,1,0.6242433,SC,-0.024572554545605942
497865,0.06891118735074997,2,0.51100904,SC,0.13485316688477755
499566,-0.010162202268838882,5,0.3640718,SC,-0.02791263225780981
500222,0.11165388425191243,3,0.48535687,SC,0.23004492395855533
506234,0.010345137491822243,5,0.47405726,SC,0.02182254838122771
510326,0.15925945341587067,3,0.568897,SC,0.27994426656472204
512835,0.13912534713745117,1,0.4745009,SC,0.29320354742730975
513130,0.08799174707382917,2,0.6297922,SC,0.1397155237454976
513736,0.17817214131355286,2,0.5875754,SC,0.3032328128671705
516742,0.017703340388834476,4,0.3317536,SC,0.05336291871085793
517239,0.07205319404602051,1,0.32520163,SC,0.22156467680072975
518746,0.08615465275943279,2,0.51971126,SC,0.16577407377979994
519647,0.07031879387795925,2,0.4945718,SC,0.14218116333757658
519950,0.05196789652109146,1,0.61671245,SC,0.0842660084470347
520228,0.09943727031350136,3,0.49897966,SC,0.1992812098062301
522434,-0.03592023183591664,3,0.57479745,SC,-0.062491981890171286
523032,-0.07016882300376892,1,0.3660436,SC,-0.19169525980994864
524135,0.05518539637948076,3,0.59183574,SC,0.09324444714927278
525541,0.14280318096280098,2,0.65119463,SC,0.2192941624269859
529549,-0.1852920986711979,2,0.6728688,SC,-0.27537626751485267
529953,0.1378544569015503,1,0.5830423,SC,0.23643988935545548
530635,0.2043069489300251,4,0.5417705,SC,0.37710977052095873
531536,0.06676409393548965,1,0.6020855,SC,0.11088806147214914
531940,-0.11081305891275406,2,0.33699578,SC,-0.3288262509184953
536647,-0.08788396138697863,2,0.472352,SC,-0.18605607976038765
540436,0.15359000861644745,3,0.20010887,SC,0.7675322369090758
541640,0.11039698868989944,3,0.56034166,SC,0.19701727815472342
541943,0.030233597569167613,5,0.4582836,SC,0.06597137137171745
545345,0.18278266489505768,2,0.54976434,SC,0.332474574278604
547046,-0.05571833252906799,1,0.45070362,SC,-0.1236252163429883
548250,0.019949754350818694,2,0.36844927,SC,0.054145186258120946
552241,0.07620787434279919,2,0.48790053,SC,0.15619551457097042
553344,0.19887776672840118,3,0.6515039,SC,0.30525951836727483
555348,0.12900087516754866,4,0.09910794,SC,1.3016199828948987
555651,0.00849709939211607,5,0.59328204,SC,0.014322192177123836
555954,0.11503177508711815,2,0.4827592,SC,0.23827981960181835
557857,0.04838612116873264,3,0.4867665,SC,0.09940314538640733
558657,0.1537707969546318,2,0.46636668,SC,0.32972080457084074
558960,0.06272053979337215,5,0.48291737,SC,0.12987840920564142
559053,-0.0019848119467496873,5,0.43385047,SC,-0.004574875640332226
559457,0.05971970657507578,3,0.4539418,SC,0.13155806884291285
561242,0.1552131436765194,2,0.5102298,SC,0.3042024273700192
561444,0.01190443430095911,1,0.3128258,SC,0.03805451564723597
561949,0.10563632100820541,5,0.48934433,SC,0.2158731889428563
562345,0.16193249076604843,2,0.44199896,SC,0.3663639633135074
565452,0.06908196955919266,2,0.6419697,SC,0.10760939271618686
566454,0.2601360008120537,2,0.20472531,SC,1.2706587222266446
567052,0.08498502150177956,2,0.5973545,SC,0.1422689901922218
567759,0.26800620555877686,1,0.41942585,SC,0.6389835189194392
567961,0.31597359478473663,2,0.40496632,SC,0.7802466012105319
568963,0.04911414720118046,2,0.5100137,SC,0.09629966254079146
570243,-0.1244845911860466,1,0.61919665,SC,-0.201042094116702
571144,0.09595728665590286,2,0.42283347,SC,0.2269387204752331
572045,0.12167453020811081,2,0.5351518,SC,0.2273645164009741
573249,0.08504855632781982,2,0.41516328,SC,0.20485568070427573
573451,0.12539464483658472,3,0.5520985,SC,0.22712368324960983
576255,0.04601290822029114,1,0.46755573,SC,0.09841160158659833
578057,0.20261871069669724,2,0.5945543,SC,0.34079092640772635
579665,0.2289964109659195,3,0.40302014,SC,0.5682009116614358
579867,0.355601966381073,3,0.65004957,SC,0.5470382303015338
580650,0.3317790925502777,1,0.19981831,SC,1.6604038566349486
580751,-0.09387633949518204,1,0.573672,SC,-0.1636411390048356
581349,0.07900210594137509,3,0.61383367,SC,0.12870279002677565
581450,0.09243535250425339,1,0.40533033,SC,0.228049434406385
583858,0.09053611569106579,4,0.43504167,SC,0.20810906617535233
585256,0.025302812457084656,3,0.765052,SC,0.03307332371797558
586460,0.17643696069717407,1,0.6340112,SC,0.27828682000755517
587664,-0.20562507957220078,2,0.39762846,SC,-0.5171286772888459
588565,0.0768041294068098,2,0.47576022,SC,0.1614345339902731
589567,0.32385701686143875,2,0.7679044,SC,0.42174132204664894
590047,0.12794520147144794,6,0.5351599,SC,0.2390784538816304
592455,0.07934918813407421,2,0.55047834,SC,0.14414588616524715
594156,0.19944527745246887,2,0.54943454,SC,0.3630009817957001
597869,0.27402395009994507,2,0.685031,SC,0.40001686069673503
599065,0.17556031048297882,1,0.62776643,SC,0.2796586470591918
599469,0.042963819578289986,2,0.33299977,SC,0.1290205683273895
599671,0.3147095739841461,2,0.5355897,SC,0.5875945224192066
601127,-0.04469740763306618,2,0.5350325,SC,-0.0835414813736851
609143,0.08737481757998466,2,0.501899,SC,0.17408844723736183
611938,0.05615708976984024,1,0.2920711,SC,0.1922719836705523
613538,0.0057377200573682785,2,0.5420471,SC,0.010585279503143322
614439,0.027130815898999572,4,0.3396437,SC,0.07988022712919325
615441,0.06879660114645958,2,0.423045,SC,0.16262241876504763
616645,0.10030371081084014,5,0.671836,SC,0.14929791022041114
617748,0.15372658520936966,2,0.5722584,SC,0.26863141757179915
618952,0.17883975245058537,4,0.5431251,SC,0.3292791153466952
620434,0.15053856372833252,1,0.5658734,SC,0.26602869781179417
622236,0.07634264370426536,2,0.5883811,SC,0.12975033308219003
623844,0.0056419894099235535,1,0.40106297,SC,0.014067589959560598
626648,0.11467193067073822,1,0.5528797,SC,0.20740846638199634
627549,0.23160069286823273,5,0.3815208,SC,0.6070460453748072
627852,0.17338132485747337,4,0.5846707,SC,0.2965452601908619
628248,0.05323647210995356,3,0.4350183,SC,0.12237754620886881
633847,0.005049021914601326,2,0.535789,SC,0.009423526639407166
634748,0.049436744302511215,2,0.5610238,SC,0.08811880049030223
638049,0.08118437230587006,3,0.26723605,SC,0.30379274168238174
645450,0.040348075330257416,1,0.5952311,SC,0.06778556317077084
645551,0.10789378732442856,3,0.49568915,SC,0.21766421016967702
654552,-0.003663891926407814,2,0.7014386,SC,-0.005223396497438
654754,0.025241077833925374,3,0.3869069,SC,0.06523811757796352
656657,0.08403784781694412,1,0.3596327,SC,0.23367688148754026
657659,0.2356417551636696,2,0.5579615,SC,0.4223261912581237
660951,0.01397765427827835,1,0.5063227,SC,0.02760621690135234
663755,0.13220401853322983,2,0.55589044,SC,0.23782387503053629
664757,0.04901653481647372,5,0.23987661,SC,0.20434061835571932
665254,-0.032639311626553535,4,0.6147569,SC,-0.053093038283187274
667056,-0.017601637169718742,1,0.45736614,SC,-0.038484784137537476
668361,0.1418507918715477,2,0.5405082,SC,0.26243966672762353
672756,-0.002921567764133215,2,0.5983607,SC,-0.00488261973778227
673455,-0.16137734800577164,2,0.6150455,SC,-0.2623827798199834
675661,0.060925863683223724,2,0.6434396,SC,0.09468777439750946
677766,0.1031296044588089,5,0.47540987,SC,0.21692777320506385
677968,0.05080218240618706,1,0.50719446,SC,0.10016312561100738
679568,0.05197365581989288,1,0.3660949,SC,0.14196771334397962
679770,-0.0014293671119958162,4,0.45775756,SC,-0.0031225417926376052
680250,0.21382950246334076,3,0.45190352,SC,0.47317512035166437
680452,-0.0051431478932499886,2,0.42405537,SC,-0.01212848193208823
680957,0.31519390145937604,3,0.2324048,SC,1.356228018781781
683256,0.15247174911201,4,0.5649719,SC,0.26987492495115245
685058,0.21968992054462433,5,0.47986877,SC,0.4578124984975045
686969,0.036005180329084396,1,0.45167834,SC,0.07971420619612708
687163,0.019520510570146143,2,0.32283217,SC,0.06046643545513492
690152,0.0958021730184555,1,0.5404333,SC,0.1772691894049747
692964,-0.03179457038640976,2,0.5286661,SC,-0.06014111815834183
693764,0.11154710501432419,1,0.56967074,SC,0.19580978481416159
694362,0.1411452122653524,3,0.13569275,SC,1.0401824140593539
698168,0.06561384908854961,2,0.6848741,SC,0.0958042494066422
700634,0.13131920993328094,2,0.57412547,SC,0.228729113748047
702133,0.11360013484954834,1,0.40471068,SC,0.2806946800849148
704238,-0.011962893418967724,1,0.5273886,SC,-0.022683261297206127
705341,0.09950835630297661,3,0.5927783,SC,0.16786774465761756
706040,0.15083468208710352,3,0.43830243,SC,0.34413380297048207
707749,-0.023828529752790928,2,0.48793614,SC,-0.0488353450367315
709551,0.008127378299832344,1,0.37801144,SC,0.02150035009478111
713239,0.27441318333148956,2,0.49034184,SC,0.5596364840730083
715647,0.058621738106012344,1,0.427535,SC,0.13711564692016406
715950,0.07921761274337769,3,0.6479074,SC,0.12226687446906408
720337,0.05994427762925625,2,0.46115336,SC,0.12998772822398225
724446,0.09248700365424156,2,0.42418692,SC,0.21803360569024985
725751,0.058966368436813354,1,0.4183002,SC,0.1409666274049435
727553,0.04321446525864303,4,0.63828415,SC,0.06770411776423248
727654,0.09727702289819717,3,0.4791126,SC,0.2030358268561444
728454,0.08796897940337658,5,0.499584,SC,0.1760844610783704
729254,0.040295183969040714,3,0.24079926,SC,0.16733931810687755
729557,0.21441112458705902,1,0.20095399,SC,1.0669662472840624
731140,0.0673025157302618,2,0.6404051,SC,0.10509365982604106
732243,0.038629441211620964,3,0.6713813,SC,0.05753726118320687
734045,0.10265093669295311,2,0.37121844,SC,0.2765243469396432
735148,0.13439656794071198,2,0.47885853,SC,0.28066027755778306
737960,0.1580175057053566,5,0.33272368,SC,0.47492112886391674
744553,-0.036353617906570435,1,0.5740647,SC,-0.0633266910621232
748258,-0.06478616036474705,2,0.53388476,SC,-0.12134858534779501
748662,0.11349555850028992,2,0.38592607,SC,0.29408627020270983
749058,-0.04286438226699829,4,0.6863932,SC,-0.06244872802789755
751348,0.04960613604635,3,0.48548278,SC,0.10217898160332278
753150,0.025458252406679094,2,0.6738063,SC,0.03778274617895246
753251,0.038049576493601,3,0.41926065,SC,0.09075398917976443
756055,0.019404897466301918,3,0.36751497,SC,0.05280029128147329
757764,0.052975405007600784,1,0.6397507,SC,0.08280632597604158
759869,0.04872450201461712,3,0.49609292,SC,0.09821648334472728
760551,0.13654819652438163,5,0.5222838,SC,0.26144444174676995
761957,-0.007373705971986055,1,0.2910485,SC,-0.025334973284473396
765056,0.09022697806358337,1,0.39782518,SC,0.22680057120462654
765864,0.15012103443344435,6,0.40609264,SC,0.3696718916980233
769064,0.09764477983117104,3,0.5974421,SC,0.16343806342266645
771354,0.28043416887521744,2,0.5270795,SC,0.5320528855233744
773257,0.21806715428829193,1,0.48107386,SC,0.4532924617610525
774663,0.12124687433242798,2,0.4005677,SC,0.3026875964597944
779370,-0.21048543974757195,4,0.51362276,SC,-0.40980551513638525
782561,-0.020275780310233433,3,0.5454316,SC,-0.03717382768111241
783462,-0.07597315559784572,3,0.5089582,SC,-0.14927189619470854
784565,0.11741006001830101,2,0.4965928,SC,0.23643125719563596
788674,0.09272254072129726,2,0.46342963,SC,0.20007900815771593
788876,0.1537439376115799,1,0.5081857,SC,0.3025349544695569
789373,0.09844916438062985,3,0.4721097,SC,0.20853027247826056
792564,0.28904642164707184,2,0.43205035,SC,0.6690109651504086
792766,0.06781810522079468,2,0.667864,SC,0.10154478340020524
792867,0.1231583934277296,4,0.32433408,SC,0.3797269575486165
793465,0.08154103873918454,3,0.6079658,SC,0.13412109486945573
800941,0.10710813477635384,2,0.40319547,SC,0.26564816012529563
804646,0.18688815087080002,2,0.31582746,SC,0.5917412971968936
810843,0.057689981535077095,2,0.45587867,SC,0.12654678828267418
812746,0.23956691473722458,2,0.2632111,SC,0.9101702577787357
814548,0.07630048412829638,4,0.30011475,SC,0.2542377011736224
814649,0.14086946845054626,1,0.4733176,SC,0.2976214458337198
815247,-0.016355872503481805,2,0.43429044,SC,-0.03766113871509998
816653,0.06474818205460905,5,0.49000436,SC,0.13213797129194738
818455,0.06351692229509354,1,0.37420404,SC,0.1697387401137987
818859,0.10332845523953438,2,0.4542693,SC,0.2274607930571896
820745,0.07290581986308098,2,0.4664838,SC,0.15628799941837418
825048,0.32960838079452515,1,0.4886179,SC,0.6745728733935559
825553,0.08074425160884857,1,0.46540108,SC,0.17349390682301075
825654,0.0767601141706109,4,0.53962916,SC,0.14224604573001745
826353,0.09757892340421677,5,0.46061483,SC,0.21184494516647842
826454,0.0856131116549174,3,0.47739428,SC,0.17933417982074984
828862,0.030587494373321533,1,0.4728372,SC,0.06468927227663461
832651,-0.0970112276263535,2,0.58712405,SC,-0.16523122775562252
833249,-0.05522938817739487,2,0.29899535,SC,-0.18471654551615893
835657,-0.20258335769176483,3,0.2712672,SC,-0.7468037333365952
837560,0.13717029243707657,2,0.48771706,SC,0.2812497320415172
837964,0.1363005544990301,2,0.5535127,SC,0.24624648088296822
841349,-0.05260028410702944,4,0.2446918,SC,-0.21496545493976277
843151,0.03945861849933863,2,0.6651763,SC,0.05932054178619807
844961,0.05022623389959335,3,0.68606466,SC,0.07320918395591657
849264,0.1787961721420288,1,0.45364204,SC,0.3941349266087173
849971,0.1171150766313076,2,0.3334134,SC,0.3512608570360627
852455,-0.08281719405204058,2,0.6017787,SC,-0.1376206802468093
856968,0.06830680416896939,4,0.11263447,SC,0.6064467135945985
857263,-0.09972471247116725,6,0.62717766,SC,-0.1590055240028276
859671,0.10998555421829223,5,0.41378048,SC,0.2658065315654625
861456,-0.07999903447926045,5,0.45839667,SC,-0.17451923130083044
865363,0.09019521623849869,1,0.35684916,SC,0.25275445860233686
867468,0.09853958338499069,1,0.25655773,SC,0.38408347074551485
869472,0.0378246009349823,2,0.59712005,SC,0.06334505253170163
871762,0.06274236862858136,3,0.43666497,SC,0.14368537194220402
871964,0.09878949820995331,1,0.52438915,SC,0.18838966864580114
872158,0.05054915199677149,3,0.51607865,SC,0.09794854330201704
872764,-0.0035708154124828675,3,0.5426229,SC,-0.0065806574187762205
873968,0.12385278753936291,2,0.45528764,SC,0.27203195663155477
877168,0.09726039133965969,2,0.60794586,SC,0.15998199467903226
877269,0.044420011807233095,3,0.51588166,SC,0.08610504162375746
878776,0.1416222502787908,3,0.21526818,SC,0.657887525591524
878877,0.10900651663541794,3,0.6239428,SC,0.17470594521712235
880157,0.0006829493989547094,3,0.43112996,SC,0.0015840917178539609
882161,0.17750196903944016,2,0.48317254,SC,0.36736766754054395
884064,0.011810635915026069,2,0.64536875,SC,0.018300600881319507
885975,0.04550381191074848,2,0.5542434,SC,0.08210077361453195
887373,0.2824116349220276,2,0.6489646,SC,0.4351726348741173
888678,0.029746778309345245,1,0.58833605,SC,0.050560862808500764
889579,6.183702498674393e-05,2,0.5040965,SC,0.00012266902267074644
891667,0.05087142810225487,1,0.6308304,SC,0.08064200473257926
894067,0.23042356967926025,1,0.4627861,SC,0.4979051222136107
894673,0.12535165902227163,4,0.44102982,SC,0.28422490574961945
894774,0.1893734484910965,1,0.3447473,SC,0.5493108966802539
896778,0.02581981010735035,2,0.38012525,SC,0.06792448043730415
896879,-0.1109020362297694,3,0.5951936,SC,-0.18632934935753576
898176,0.004528447985649109,1,0.5916212,SC,0.007654303100783254
901038,0.0624844322912395,5,0.41772678,SC,0.14958206005188246
901139,-0.1818510890007019,1,0.47751927,SC,-0.3808246083989488
902242,0.1895085871219635,2,0.47079065,SC,0.40253260578128197
904044,0.10163993015885353,2,0.6906679,SC,0.14716179825188563
905147,0.050154026597738266,1,0.5372495,SC,0.09335332391698506
907656,0.1872982159256935,2,0.544498,SC,0.3439832945680122
910241,0.22650741040706635,1,0.5129494,SC,0.4415784683773221
910443,0.020435343962162733,2,0.6155899,SC,0.03319636004775701
911849,-0.009295463562011719,5,0.40053317,SC,-0.023207724748518878
912447,0.05622848868370056,1,0.49801654,SC,0.11290486192225777
917255,0.03989661857485771,3,0.5864677,SC,0.06802867161287435
917558,0.175179123878479,1,0.57343763,SC,0.30548941107767724
919966,0.08829952962696552,2,0.63411236,SC,0.13924902777003986
922854,-0.003126650582998991,1,0.5199192,SC,-0.006013724022884692
923755,0.14859935268759727,4,0.4822423,SC,0.30814250987024006
926862,0.039229387417435646,2,0.5736707,SC,0.06838311145651267
927359,0.13650079568227133,3,0.35890967,SC,0.38032075224462836
930449,-0.0853322297334671,2,0.14310896,SC,-0.5962745430717064
932554,0.06150269880890846,2,0.5620485,SC,0.10942596378943893
933253,-0.023926489055156708,1,0.49606794,SC,-0.048232282568304474
937160,0.08001488447189331,3,0.4375931,SC,0.18285225354762977
942658,0.04986039362847805,2,0.455274,SC,0.10951733160355752
947668,0.1297803558409214,2,0.40538812,SC,0.3201385275940533
951457,0.04178288206458092,2,0.40328783,SC,0.10360561107083473
952863,0.0055524855852127075,2,0.6367082,SC,0.008720612653037463
955465,-0.08549218252301216,2,0.52566576,SC,-0.16263601137538836
957974,0.011600740564366182,3,0.34008622,SC,0.0341111749966411
959574,0.10776178538799286,1,0.4154579,SC,0.25938075888794715
962058,0.18197084963321686,1,0.44263712,SC,0.41110616667941646
965367,0.11406515787045161,3,0.5481278,SC,0.20809956705434682
965771,0.30592119693756104,2,0.5523313,SC,0.55387264299083
966975,-0.06786493957042694,1,0.38359097,SC,-0.17692006558555573
978578,-0.027977796892325085,3,0.64935917,SC,-0.04308524185825401
979984,-0.08862600227197011,3,0.61266655,SC,-0.14465617924133461
983773,0.08540338277816772,2,0.6303117,SC,0.13549388783068397
984472,0.1627773717045784,2,0.5202907,SC,0.31285850718565295
987074,0.02124314708635211,2,0.4920704,SC,0.043170950917494955
989987,0.1768089011311531,2,0.339236,SC,0.5211973408811362
990366,0.04927127808332443,1,0.61877877,SC,0.07962664601974698
991267,0.03875197554589249,2,0.58708125,SC,0.06600785759363374
992774,-0.026983552612364292,2,0.35267103,SC,-0.0765119624721211
993675,0.2453182488679886,1,0.6159472,SC,0.39827804861843447
994273,0.2559821829199791,2,0.4190582,SC,0.6108511488857135
100206,0.015298957005143166,1,0.6002005,bv+demo,0.02548974385250123
100307,0.21006327867507935,1,0.5560747,bv+demo,0.3777608991653088
100408,0.0795484110713005,3,0.4245691,bv+demo,0.1873626956632042
100610,0.09938181936740875,1,0.58755153,bv+demo,0.16914570772610998
101006,0.10132987797260284,1,0.6263233,bv+demo,0.16178526006074315
101107,0.19383062794804573,4,0.4711251,bv+demo,0.41142072020371173
101309,-0.050237138445178665,3,0.6132873,bv+demo,-0.08191452594106982
101915,0.09412924200296402,2,0.50180626,bv+demo,0.1875808444537221
102008,0.2518109182516734,3,0.40255067,bv+demo,0.6255384402954127
102109,0.07420135401189328,5,0.49374717,bv+demo,0.15028208467887172
102311,-0.2565537989139557,1,0.23845693,bv+demo,-1.0758915621112612
102614,0.019310909556224942,4,0.55299026,bv+demo,0.034920885507504135
102715,0.06995594967156649,4,0.45989138,bv+demo,0.1521140702214651
102816,0.059533980985482536,3,0.36600265,bv+demo,0.16265997250424974
103212,0.16427146395047507,3,0.37088296,bv+demo,0.4429199549919335
103414,0.15738710016012192,2,0.44797248,bv+demo,0.35133207325620075
103515,0.09474227142830689,6,0.3873662,bv+demo,0.2445806356576978
104012,0.09603819996118546,1,0.5233936,bv+demo,0.18349135327826985
104416,0.0021492615342140198,1,0.4978898,bv+demo,0.004316741444018375
104820,0.3892146050930023,1,0.62178123,bv+demo,0.6259671188417868
105014,0.03410885110497475,2,0.50464976,bv+demo,0.06758915550653338
105216,0.06112167239189148,1,0.53217787,bv+demo,0.11485196179219453
105620,0.24066105484962463,2,0.5343774,bv+demo,0.4503578460646439
105923,0.01883075013756752,1,0.40336117,bv+demo,0.046684588250196515
106016,0.15750562772154808,2,0.5272303,bv+demo,0.2987416082147556
106319,-0.139675572514534,1,0.57501173,bv+demo,-0.24290908381040155
106521,0.05758007988333702,3,0.5180291,bv+demo,0.11115221110809609
107018,0.07224226649850607,4,0.15979849,bv+demo,0.45208353657475786
107321,0.23633213341236115,2,0.33634642,bv+demo,0.7026450093102259
107422,0.2196397384007772,3,0.36916476,bv+demo,0.5949639895226652
107725,0.07150835543870926,2,0.453468,bv+demo,0.15769217549796075
108020,0.07435079291462898,5,0.36138803,bv+demo,0.20573673376682947
108121,0.30054736137390137,2,0.53549373,bv+demo,0.561252811258689
108222,0.07361387461423874,1,0.5807149,bv+demo,0.12676422563677758
108323,0.2355083773533503,3,0.6241536,bv+demo,0.37732439154937236
108525,0.0996950208209455,4,0.6965633,bv+demo,0.14312413648687133
108828,0.09280072897672653,2,0.5670685,bv+demo,0.16364994524775497
109830,0.15781541354954243,4,0.42663923,bv+demo,0.36990366204613306
110007,0.06925344513729215,4,0.57225007,bv+demo,0.12101954856430536
110411,0.11138568818569183,1,0.3461561,bv+demo,0.32177878184348574
110613,-0.007735803723335266,1,0.046163216,bv+demo,-0.16757506070060774
111009,0.07321084166566531,3,0.6353489,bv+demo,0.11522935140938359
111211,0.21852027624845505,2,0.54307604,bv+demo,0.40237510063683724
111312,0.3575950562953949,2,0.6861333,bv+demo,0.5211743203476569
111413,0.143084317445755,2,0.40839413,bv+demo,0.3503584085445964
111716,-0.025564799085259438,2,0.5222081,bv+demo,-0.048955194462244916
112112,0.017208285629749298,1,0.5858681,bv+demo,0.02937228640670024
112314,-0.04146887734532356,1,0.48349997,bv+demo,-0.0857681073802829
112516,0.1305613120396932,3,0.5125465,bv+demo,0.2547306674412823
112920,0.19044333696365356,1,0.5301746,bv+demo,0.35920871532444887
113215,-0.09809446334838867,1,0.5480446,bv+demo,-0.17898992773286823
113922,-0.13009345531463623,1,0.28236273,bv+demo,-0.4607316812478624
114217,0.06392555609345436,5,0.40201262,bv+demo,0.15901380432647702
114318,-0.1189548522233963,1,0.5761673,bv+demo,-0.20645887439880098
114419,-0.051782350055873394,2,0.44995353,bv+demo,-0.11508377333071128
114823,0.24505426734685898,2,0.4561406,bv+demo,0.5372340619248954
115017,-0.042870156544571124,3,0.40001112,bv+demo,-0.10717241196837508
115219,-0.016711669663588207,3,0.57259357,bv+demo,-0.029185919191492507
115320,0.295279582341512,3,0.5748081,bv+demo,0.513701150595324
115724,0.27662941813468933,1,0.5711508,bv+demo,0.48433691791150313
115825,0.043341755867004395,1,0.42061844,bv+demo,0.10304292856728867
116524,0.445488840341568,2,0.44103163,bv+demo,1.0101063280689595
117021,0.16734103113412857,2,0.77507037,bv+demo,0.21590430702973276
117122,-0.04813586105592549,2,0.4879898,bv+demo,-0.09864112130197289
117324,0.20276522636413574,1,0.40784895,bv+demo,0.497157652028124
117930,0.04216919094324112,1,0.60356504,bv+demo,0.06986685468601879
118124,0.09171804785728455,1,0.6424346,bv+demo,0.14276635762968642
118225,0.088901586830616,1,0.4828267,bv+demo,0.18412732110841426
118528,-0.13154049466053644,3,0.7050991,bv+demo,-0.18655603823708816
118730,0.051589387468993664,2,0.49189803,bv+demo,0.10487821524512644
118831,0.07942040264606476,2,0.5047873,bv+demo,0.15733439142796332
118932,-0.03933717780746519,5,0.5071633,bv+demo,-0.07756313953999668
119025,0.0018935706466436386,2,0.6118234,bv+demo,0.0030949627729891316
119126,-0.058874063193798065,1,0.5616731,bv+demo,-0.10481908995427779
120111,0.14102459326386452,2,0.59668577,bv+demo,0.23634649987356748
120212,0.24297745153307915,4,0.66964287,bv+demo,0.3628463206560822
120515,0.1164197027683258,4,0.47304222,bv+demo,0.24610848217380216
120717,0.12158904907604058,6,0.36763567,bv+demo,0.3307324587846456
121416,0.06857094417015712,3,0.14772955,bv+demo,0.46416538986382294
121618,-0.03124881163239479,1,0.49429727,bv+demo,-0.06321866117608699
121921,0.01577466679736972,2,0.4920667,bv+demo,0.03205798481663099
122317,-0.03867122624069452,2,0.42214498,bv+demo,-0.09160650504642866
122620,0.11006098426878452,2,0.52407193,bv+demo,0.21001121786618973
122822,0.2488808110356331,2,0.57989323,bv+demo,0.4291838534408016
123420,0.1168699711561203,2,0.30661294,bv+demo,0.3811645103958114
123521,0.06358007341623306,1,0.5553933,bv+demo,0.11447756646728195
123723,0.131645318120718,2,0.46305308,bv+demo,0.2842985476324183
123925,0.3673277199268341,1,0.3561217,bv+demo,1.031466827005583
124220,0.059387069661170244,4,0.42290175,bv+demo,0.14042758078246365
124422,0.06515976041555405,1,0.65952647,bv+demo,0.09879779414396218
124624,-0.022217217832803726,1,0.28194174,bv+demo,-0.07880074029763641
125222,-0.05753256939351559,2,0.5847063,bv+demo,-0.09839567214089465
125424,0.07186037302017212,1,0.47580755,bv+demo,0.15102823193993478
125525,0.10559957176446914,5,0.4294793,bv+demo,0.2458781407263846
126325,0.1217667708794276,3,0.38216287,bv+demo,0.31862533081622396
126426,0.33549872040748596,1,0.5829147,bv+demo,0.5755537137894892
126628,0.14567512273788452,1,0.51261413,bv+demo,0.28418085693011336
127327,-0.008754990994930267,3,0.34901989,bv+demo,-0.025084504481765402
127630,0.052940862253308296,2,0.4541069,bv+demo,0.11658237796718857
127731,0.3114234507083893,1,0.15531757,bv+demo,2.0050754767048526
127832,-0.0742201954126358,1,0.54547435,bv+demo,-0.136065417947949
127933,-0.0021975741256028414,2,0.37662607,bv+demo,-0.005834896468008286
128026,0.19935695827007294,2,0.59125,bv+demo,0.3371787877717935
128127,0.04903538152575493,3,0.5019095,bv+demo,0.09769765570437484
128632,0.09064368531107903,2,0.6907447,bv+demo,0.13122603084913867
129028,0.04405564752717813,3,0.55870706,bv+demo,0.07885285632005103
129129,0.10432635992765427,1,0.48394677,bv+demo,0.2155740391193318
129634,0.03924132511019707,2,0.5374492,bv+demo,0.07301401715770918
130013,-0.0030885280575603247,2,0.34725806,bv+demo,-0.008894042826710271
130316,0.15441535413265228,1,0.47688782,bv+demo,0.3237980666661864
130518,0.11315730586647987,2,0.37802225,bv+demo,0.29934033212722233
130619,0.18604130297899246,4,0.64587784,bv+demo,0.2880441028585103
130720,0.020943164126947522,4,0.42845386,bv+demo,0.04888079226768437
130821,0.15095050632953644,1,0.49580455,bv+demo,0.3044556697382798
130922,0.12349836528301239,1,0.5388754,bv+demo,0.22917796077351535
131722,0.05268817953765392,2,0.37789443,bv+demo,0.1394256579480516
131823,-0.1343374580144882,5,0.57974887,bv+demo,-0.23171663622990454
131924,0.01971348033597072,3,0.3750632,bv+demo,0.05256042271268074
132017,0.22046829760074615,2,0.59614265,bv+demo,0.3698247350709535
132118,0.07470402618249257,3,0.6252766,bv+demo,0.11947356766988014
133019,-0.01626261556521058,2,0.4313141,bv+demo,-0.03770480854952477
133625,-0.05356154963374138,3,0.5478244,bv+demo,-0.09777138373855086
133827,0.4374493956565857,1,0.45943964,bv+demo,0.9521368153095926
133928,0.24815388520558676,3,0.3684116,bv+demo,0.6735778276405704
134021,0.27287736535072327,1,0.6455748,bv+demo,0.4226889980072383
134324,0.13484852015972137,2,0.5794847,bv+demo,0.23270419419135896
134425,0.10321051254868507,2,0.44536442,bv+demo,0.23174395599155648
134627,0.2453748658299446,2,0.40449193,bv+demo,0.6066248734058665
134728,-0.18749467035134634,3,0.26870954,bv+demo,-0.6977596342554355
134829,0.3047575155893962,3,0.77380776,bv+demo,0.39384137940073927
135124,0.15069802105426788,1,0.6135929,bv+demo,0.24559935594800378
135225,0.18424368649721146,2,0.5633356,bv+demo,0.3270584825408006
135528,0.21196671947836876,4,0.44003826,bv+demo,0.48170065820724034
135629,0.03392862839003404,3,0.43659523,bv+demo,0.07771186228954916
135932,-0.22529540956020355,1,0.2890755,bv+demo,-0.7793652854019228
136126,0.08150014281272888,1,0.35582057,bv+demo,0.22904842969794828
136227,-0.018024048767983913,2,0.48567334,bv+demo,-0.037111464195222064
136631,-0.06327967345714569,1,0.64037645,bv+demo,-0.09881636568169502
136732,0.17510781437158585,4,0.51065135,bv+demo,0.3429107048705264
136833,0.17543839663267136,5,0.47544795,bv+demo,0.36899601025237644
137027,0.05263277888298035,3,0.5813724,bv+demo,0.09053195315598117
137128,0.2299402803182602,5,0.6543674,bv+demo,0.3513932392082188
137229,0.017688735853880644,2,0.55840373,bv+demo,0.03167732395677343
137431,0.019053446128964424,1,0.44672653,bv+demo,0.0426512527226991
137532,-0.24276236593723297,5,0.59533095,bv+demo,-0.4077771631682058
137633,0.07392913475632668,3,0.45434672,bv+demo,0.1627152381694902
137936,0.46756935119628906,2,0.7407409,bv+demo,0.6312184884030152
138130,0.2758137434720993,2,0.5770297,bv+demo,0.4779888166451386
138231,0.21077230274677278,5,0.5258421,bv+demo,0.40082812453923483
138332,0.08203151077032089,2,0.4101344,bv+demo,0.2000112908605591
138534,0.20177558064460754,1,0.4512658,bv+demo,0.4471324453229284
138837,0.40979310870170593,2,0.57214385,bv+demo,0.7162413940160433
139233,0.3451201915740967,1,0.54620874,bv+demo,0.6318467031012662
139435,0.22974777966737747,2,0.38833043,bv+demo,0.5916296069493638
139637,-0.16273681819438934,1,0.41214165,bv+demo,-0.3948565212819169
139839,-0.023467012370626133,3,0.66338754,bv+demo,-0.03537451482827991
140117,0.3055616120497386,3,0.65912193,bv+demo,0.4635889023594445
140319,0.1943536177277565,2,0.5016558,bv+demo,0.38742424133789843
140824,0.3094034940004349,2,0.4476619,bv+demo,0.691154404697909
140925,0.5424304008483887,1,0.7210223,bv+demo,0.7523073847346866
141119,-0.12638814747333527,3,0.43914318,bv+demo,-0.28780624003618877
141422,0.19676217436790466,2,0.46234125,bv+demo,0.42557780506910137
141826,-0.04876532652997412,4,-0.001941575,bv+demo,25.116375380798637
143224,0.06660868762992322,4,0.5805225,bv+demo,0.11473920068545701
143325,0.11599347740411758,3,0.48307025,bv+demo,0.24011720325173738
144125,-0.05355715751647949,3,0.6138017,bv+demo,-0.0872548210871353
144226,0.30670277774333954,2,0.4768841,bv+demo,0.6431390305177705
144428,0.05586140602827072,3,0.22299287,bv+demo,0.2505075881048157
144731,0.29361286014318466,4,0.6374668,bv+demo,0.46059317935174765
144832,-0.1118691215912501,3,0.46136677,bv+demo,-0.24247329644319662
144933,0.12654029577970505,2,0.5059424,bv+demo,0.2501081067325155
145127,-0.08079085499048233,1,0.5228668,bv+demo,-0.15451517478348661
145632,0.1371108666062355,2,0.30423075,bv+demo,0.45068050026578677
145834,-0.07093515247106552,1,0.41582227,bv+demo,-0.17059007558942316
146331,0.4314318224787712,4,0.16785464,bv+demo,2.570270458289215
146432,0.14127766340970993,2,0.37641975,bv+demo,0.37531947622224904
146533,-0.07193803042173386,1,0.7130524,bv+demo,-0.10088743887789152
146735,0.1688794046640396,1,0.65018207,bv+demo,0.2597417130620653
146836,0.13630127161741257,2,0.67196745,bv+demo,0.2028390982590192
146937,0.19375816732645035,2,0.554369,bv+demo,0.34951118718119223
147636,0.14271653443574905,3,0.4880914,bv+demo,0.2923971502791261
147737,0.24975411593914032,2,0.56059754,bv+demo,0.44551411327837853
148032,0.2733553647994995,3,0.58132243,bv+demo,0.4702302039154064
148133,0.1379029117524624,2,0.58796334,bv+demo,0.23454338454581608
148335,0.053005718936522804,3,0.5371139,bv+demo,0.0986861798522116
148436,-0.08253926659623782,3,0.32854015,bv+demo,-0.2512303795935986
148840,-0.007180946452232699,3,0.3270066,bv+demo,-0.021959637671633232
148941,0.0590509157627821,5,0.3972299,bv+demo,0.1486567747361971
149236,0.07880791649222374,4,0.53329927,bv+demo,0.14777428158156627
149337,0.057649650145322084,3,0.67406535,bv+demo,0.08552531315446207
149539,0.029708316549658775,1,0.47690773,bv+demo,0.062293636024014075
149741,0.09634662171204884,6,0.45044634,bv+demo,0.21389145200302626
149842,0.31252560019493103,1,0.6693133,bv+demo,0.4669346929082853
150625,0.1356627158820629,2,0.5009233,bv+demo,0.2708253257176556
150726,0.10133255273103714,1,0.47166178,bv+demo,0.2148415602617561
150928,0.020465771357218426,3,0.50178605,bv+demo,0.04078585157402926
151223,0.01695967629784718,5,0.4568902,bv+demo,0.03711980755517886
151425,0.27777107059955597,3,0.6039528,bv+demo,0.4599218193864752
151526,-0.15852504968643188,1,0.71009296,bv+demo,-0.22324548843074277
151627,0.3024882376194,1,0.63512635,bv+demo,0.4762646639041193
151829,0.21084140241146088,1,0.5898999,bv+demo,0.35741894923437156
151930,-0.025113168405368924,2,0.4123461,bv+demo,-0.060903130659824174
152225,-0.03955077892169356,4,0.45648745,bv+demo,-0.08664154714810574
152427,0.3234371542930603,1,0.70697904,bv+demo,0.4574918575988622
152831,0.3661896660923958,4,0.43837738,bv+demo,0.835329747379748
153025,0.27174052596092224,2,0.37786084,bv+demo,0.7191550359146035
153126,0.27104107290506363,2,0.585377,bv+demo,0.4630196828796888
153429,0.08599882572889328,2,0.6714007,bv+demo,0.12808867451120215
153631,0.10378212481737137,2,0.47038645,bv+demo,0.22063162069692135
153732,0.11323225498199463,1,0.49940214,bv+demo,0.2267356222822646
153833,0.061063582077622414,2,0.5343567,bv+demo,0.11427494420416627
153934,-0.053484413772821426,2,0.34164888,bv+demo,-0.15654789728220805
154229,0.02047329271833102,3,0.44941282,bv+demo,0.04555564907634593
154330,0.0052021280862390995,2,0.47216213,bv+demo,0.011017673285740005
154431,0.022294182640810806,3,0.49136227,bv+demo,0.04537219074800108
154532,0.040240054950118065,2,0.5812565,bv+demo,0.06922942788617086
154734,0.05970679565022389,3,0.5268759,bv+demo,0.11332231299671117
154835,0.22034437954425812,1,0.60005814,bv+demo,0.36720505040437934
154936,-0.06617486476898193,2,0.539922,bv+demo,-0.12256374952119367
155938,0.13897483423352242,2,0.5281267,bv+demo,0.26314676806441034
156031,-0.06062769703567028,2,0.5545052,bv+demo,-0.10933657075834506
156233,0.2043272852897644,1,0.27721587,bv+demo,0.7370692207836601
156334,0.15401392802596092,2,0.36543658,bv+demo,0.42145186457787265
156435,0.20373607675234476,3,0.6122308,bv+demo,0.3327765880977317
156536,0.34256936609745026,2,0.5173075,bv+demo,0.6622161211609154
156637,0.13897354900836945,2,0.39380068,bv+demo,0.35290327332184757
157336,0.20150424540042877,1,0.53048587,bv+demo,0.3798484687262806
157437,-0.4791455715894699,2,0.5607458,bv+demo,-0.8544791090534605
157942,0.19484823197126389,2,0.633071,bv+demo,0.30778258990107565
158035,0.05103286914527416,2,0.40377325,bv+demo,0.12638992094021623
158136,0.21006299555301666,1,0.54105574,bv+demo,0.3882464966604303
158338,0.10006055980920792,2,0.49451053,bv+demo,0.20234262718168594
158540,-0.10180021822452545,1,0.35615933,bv+demo,-0.2858277451963015
159138,0.051940713077783585,1,0.3344083,bv+demo,0.1553212437543673
159239,0.10008839890360832,2,0.50482213,bv+demo,0.19826468166838948
159441,-0.05285829367736975,3,0.29272434,bv+demo,-0.18057361980001302
159744,0.07203017423550288,3,0.4984918,bv+demo,0.14449620682928563
160123,0.23991333693265915,2,0.43851355,bv+demo,0.5471058692089655
160729,0.09562456607818604,2,0.5214639,bv+demo,0.18337715434987165
160830,0.37047359347343445,1,0.38234195,bv+demo,0.9689587906151403
161327,0.36881792545318604,1,0.3916817,bv+demo,0.9416266459555961
161630,0.3588874191045761,2,0.43196383,bv+demo,0.8308274771630211
161731,0.24525188654661179,4,0.5914397,bv+demo,0.41466930026275167
161832,0.23999060690402985,1,0.27294946,bv+demo,0.8792492460107079
162026,0.06818192824721336,2,0.41939476,bv+demo,0.16257219867795528
162228,0.07614278607070446,2,0.5934783,bv+demo,0.12829919151332822
162329,-0.2814577519893646,2,0.5904573,bv+demo,-0.4766775717555946
162733,0.14299449821313223,3,0.5121523,bv+demo,0.27920307731339333
162935,0.08416297286748886,1,0.61716425,bv+demo,0.13637046032314554
163129,0.07774228379130363,5,0.40915704,bv+demo,0.19000597861227958
163331,0.21553879976272583,1,0.48960036,bv+demo,0.44023415293797136
163432,0.24612949788570404,1,0.47683173,bv+demo,0.5161768447869525
163836,0.10353096574544907,1,0.45994785,bv+demo,0.22509283551482862
164030,0.07194600626826286,2,0.41893643,bv+demo,0.17173490084942686
164131,-0.14603734761476517,2,0.51838404,bv+demo,-0.2817165196960253
164636,0.046846307814121246,1,0.52779067,bv+demo,0.08875925717694336
164939,0.06745008006691933,2,0.45545763,bv+demo,0.14809298521778924
165032,0.28692546486854553,2,0.3700802,bv+demo,0.775306176522131
165436,0.0821630135178566,2,0.48026282,bv+demo,0.17107927179925483
165638,-0.024535201489925385,2,0.4828298,bv+demo,-0.05081542500053929
165840,0.4642991840839386,5,0.62503463,bv+demo,0.7428375353921407
165941,0.15109408646821976,2,0.110711455,bv+demo,1.3647556747241716
166438,0.05591095611453056,1,0.44891682,bv+demo,0.12454636053630283
166640,0.23029524087905884,1,0.6348235,bv+demo,0.3627705037369581
167036,0.15297885984182358,3,0.5528254,bv+demo,0.27672183630097963
167238,0.2541162073612213,1,0.5762931,bv+demo,0.4409495920760136
167440,0.05522357323206961,2,0.5074718,bv+demo,0.10882096942543332
167743,0.11232351511716843,2,0.6195531,bv+demo,0.18129764037524537
168240,0.13017799208561578,3,0.5894358,bv+demo,0.2208518588209535
168341,0.4684136062860489,2,0.7518024,bv+demo,0.6230541513116331
168745,0.1283428631722927,2,0.47981647,bv+demo,0.2674832382729436
168947,-0.010069216834381223,2,0.54692477,bv+demo,-0.018410606698945495
169343,0.1667511373758316,5,0.6907084,bv+demo,0.24142045670188983
169545,0.07657395303249359,1,0.39145878,bv+demo,0.19561179093362932
169949,0.06048615090548992,4,0.4282089,bv+demo,0.14125383873499575
170631,0.20541489124298096,2,0.41848853,bv+demo,0.490849513230341
171532,0.20873095467686653,4,0.42126566,bv+demo,0.49548533027084746
172029,0.07375279068946838,1,0.54399973,bv+demo,0.13557505017413957
172130,0.09364525973796844,1,0.65272343,bv+demo,0.1434685127481458
172332,-0.0007183563429862261,1,0.4731359,bv+demo,-0.0015182875427255174
172433,0.16613640636205673,2,0.5632504,bv+demo,0.294960121399038
172938,0.12415318377315998,4,0.54205185,bv+demo,0.22904300349341117
173334,-0.10218231752514839,2,0.5280134,bv+demo,-0.19352220516590754
173435,0.1337212510406971,2,0.6108848,bv+demo,0.21889765638414493
173536,0.1271403729915619,2,0.4873588,bv+demo,0.2608763255974077
173637,0.08524064595500629,3,0.3628762,bv+demo,0.2349028289951402
173738,0.10891664773225784,2,0.38214102,bv+demo,0.2850168969880748
173839,0.08433212200179696,2,0.44130114,bv+demo,0.19109880840506546
174437,0.2988765835762024,1,0.28235155,bv+demo,1.0585264489470747
174841,0.18976382911205292,1,0.4314837,bv+demo,0.4397937375433948
175035,0.5266233086585999,1,0.6197205,bv+demo,0.8497755176060818
175136,0.11999254301190376,2,0.33908653,bv+demo,0.35386997829699623
175237,-0.060923244804143906,1,0.37382358,bv+demo,-0.16297325279519262
175338,0.05007420666515827,4,0.45561704,bv+demo,0.10990415693223035
175439,0.14061820755402246,3,0.46708375,bv+demo,0.3010556619750151
175540,0.3719524145126343,2,0.52420926,bv+demo,0.7095494927209685
175742,0.2522405758500099,2,0.5308884,bv+demo,0.4751291907112868
176037,0.1732039973139763,3,0.4354685,bv+demo,0.3977417363459729
176441,0.1958735783894857,3,0.56823516,bv+demo,0.3447051364957524
176542,-0.037911605555564165,4,0.3803128,bv+demo,-0.09968532627764347
176744,0.09202166150013606,3,0.5813918,bv+demo,0.15827822391051277
176845,0.1082741916179657,1,0.32858798,bv+demo,0.32951354951561435
177140,0.07273793406784534,3,0.6673367,bv+demo,0.10899735331182198
177241,0.015817657113075256,1,0.4478451,bv+demo,0.03531948236806712
177645,0.165619894862175,3,0.47632083,bv+demo,0.3477065969635949
177746,0.15905068814754486,2,0.51132196,bv+demo,0.31105780817147943
178243,0.0003172116703353822,1,0.50670785,bv+demo,0.0006260247800293251
178647,0.12116705253720284,2,0.546518,bv+demo,0.2217073409058857
178849,-0.06544496957212687,2,0.54783994,bv+demo,-0.11946001887362732
178950,0.07163754850625992,1,0.5042777,bv+demo,0.14205971929010525
179245,0.5191837549209595,1,0.6793668,bv+demo,0.7642171429645361
179346,0.2174578495323658,4,0.48807624,bv+demo,0.44554074079157346
180129,0.026504036039114,3,0.55805504,bv+demo,0.04749358779935757
180230,0.14406567066907883,2,0.6193922,bv+demo,0.23259200013994177
180432,0.15379458665847778,1,0.59025204,bv+demo,0.2605574843222529
180533,0.24479719996452332,2,0.6886997,bv+demo,0.3554483905895753
180735,0.19034642726182938,2,0.51493824,bv+demo,0.36964904230423706
180836,0.20301340520381927,2,0.18563709,bv+demo,1.093603682345049
180937,0.12527189403772354,2,0.3095318,bv+demo,0.4047141328862609
181131,-0.00225270539522171,2,0.48097378,bv+demo,-0.004683634511681094
181232,0.2614329655965169,3,0.63550496,bv+demo,0.41137832440602334
181636,0.2837456613779068,2,0.37812996,bv+demo,0.7503919059412981
182032,0.36441582441329956,1,0.5675768,bv+demo,0.6420555322439175
182436,0.16051986068487167,2,0.47225463,bv+demo,0.33990108405050823
182739,-0.1013348288834095,2,0.45556056,bv+demo,-0.22243986372176183
182840,0.08397998288273811,3,0.53655696,bv+demo,0.15651643561335615
183034,0.265783354640007,3,0.25872856,bv+demo,1.027267166176038
185139,0.14480961486697197,2,0.5577397,bv+demo,0.2596365560259956
185341,-0.0025578858330845833,1,0.47184473,bv+demo,-0.005421032959475002
185442,0.13874207809567451,2,0.49426976,bv+demo,0.2807011258299001
185846,-0.03292176499962807,1,0.37625393,bv+demo,-0.08749879369931915
185947,0.1930907815694809,2,0.4001199,bv+demo,0.48258229987931345
186040,0.04248030111193657,1,0.45169845,bv+demo,0.0940457092822359
186141,0.13581302016973495,2,0.53209454,bv+demo,0.2552422736187726
186545,0.21162819862365723,2,0.52890825,bv+demo,0.400122702989899
186848,0.021748289233073592,2,0.41185242,bv+demo,0.05280602511228073
187143,0.07462053373456001,2,0.45822877,bv+demo,0.16284558853552564
187345,0.09872394055128098,1,0.4167494,bv+demo,0.23689042036120742
187547,0.14772481098771095,2,0.56521094,bv+demo,0.261362264126931
187850,0.2459748163819313,2,0.44356927,bv+demo,0.5545352958782093
188145,-0.07981067895889282,2,0.38806778,bv+demo,-0.20566169899210088
188347,0.4124942049384117,4,0.5574425,bv+demo,0.739976239591369
188448,0.09526505321264267,2,0.52797514,bv+demo,0.18043473261381712
188549,-0.006248296704143286,1,0.4201085,bv+demo,-0.014873054708827091
188751,0.04316021129488945,1,0.39929056,bv+demo,0.10809224063521423
189349,0.28263553977012634,3,0.6118518,bv+demo,0.46193463804490953
189450,0.37103337049484253,1,0.35655874,bv+demo,1.0405953602338918
190031,0.12797893024981022,2,0.51718336,bv+demo,0.2474536888615485
191033,0.2742467274268468,3,0.5092771,bv+demo,0.5385019813905765
191235,-0.11984114348888397,1,0.50417435,bv+demo,-0.23769781919465752
191336,0.23532555252313614,2,0.5983818,bv+demo,0.39326990313397925
191437,0.08862243816256524,5,0.5302714,bv+demo,0.16712656606138904
191841,0.2503460645675659,3,0.42331716,bv+demo,0.5913912503985568
191942,0.15951642766594887,2,0.43928006,bv+demo,0.36313150127039423
192136,0.09926652163267136,1,0.55648786,bv+demo,0.1783803902436818
192237,0.14717465341091157,5,0.50783443,bv+demo,0.2898083405075776
192439,0.136144982278347,5,0.6909942,bv+demo,0.1970276773355652
192540,0.007889269734732807,4,0.66443574,bv+demo,0.011873638426994921
192641,0.2055671513080597,1,0.50974023,bv+demo,0.4032782566682243
192843,0.11594909802079201,2,0.41787705,bv+demo,0.2774718018632323
193239,0.1125559111436208,3,0.32597786,bv+demo,0.3452869809735569
193845,0.04479203559458256,2,0.46519324,bv+demo,0.09628694431282483
194140,0.03472474217414856,1,0.5114077,bv+demo,0.0679003115794865
194443,0.059408681467175484,2,0.48534605,bv+demo,0.12240479028762155
194645,0.19927653670310974,1,0.377235,bv+demo,0.5282556939390824
194746,0.04056336171925068,5,0.47231337,bv+demo,0.0858823067389574
194847,0.10398855060338974,1,0.49043733,bv+demo,0.21203229086046477
195041,0.16286824146906534,3,0.71389484,bv+demo,0.22814038194906316
195445,0.26343486209710437,3,0.7097399,bv+demo,0.3711709910871636
195647,0.12951643764972687,2,0.5410278,bv+demo,0.23938961666984004
195849,0.009193355217576027,3,0.35119718,bv+demo,0.026177189741603355
195950,0.04508594796061516,1,0.5265328,bv+demo,0.0856279949902744
196144,0.18660229444503784,2,0.4912411,bv+demo,0.379858880792014
196346,0.07360757142305374,1,0.56788224,bv+demo,0.12961766760491356
196750,0.1123802661895752,1,0.46711767,bv+demo,0.24058234874646295
197348,0.09158521021405856,3,0.4124268,bv+demo,0.22206415832835927
197550,0.010745754465460777,2,0.66587514,bv+demo,0.01613779193718026
198047,0.08391796797513962,2,0.4763626,bv+demo,0.17616405648793507
198249,0.1530892252922058,2,0.32245567,bv+demo,0.4747605315552547
198350,0.422796830534935,2,0.4847028,bv+demo,0.8722805614800142
198451,0.07321300404146314,4,0.41783905,bv+demo,0.17521819476054987
198653,-0.007450525648891926,1,0.34595504,bv+demo,-0.021536109573347815
198855,0.17586031556129456,1,0.4160143,bv+demo,0.4227266119489031
199150,0.17431627213954926,2,0.3933505,bv+demo,0.4431576218653574
199251,0.12872063741087914,2,0.4785289,bv+demo,0.2689924002727508
199453,0.3320177346467972,2,0.40173686,bv+demo,0.8264557418176595
199958,0.11360777541995049,2,0.4516303,bv+demo,0.25155038406402425
200109,0.10932967811822891,2,0.6787726,bv+demo,0.16106966916199758
200513,0.13970121182501316,4,0.62049186,bv+demo,0.2251459218578841
200614,-0.08025523945689202,5,0.54582703,bv+demo,-0.147034197732736
200917,0.35914628207683563,2,0.52310294,bv+demo,0.6865690375910248
201111,0.5253719985485077,2,0.5867144,bv+demo,0.8954475951988016
201414,0.3104631503423055,3,0.64806545,bv+demo,0.4790614132296444
201818,0.14434529468417168,2,0.6430385,bv+demo,0.22447379851155363
202719,0.24273214489221573,2,0.7427649,bv+demo,0.3267953896208824
203923,-0.08832743167877197,5,0.35208008,bv+demo,-0.25087312999580086
204016,0.09472612043221791,3,0.61185074,bv+demo,0.15481900117047814
204319,0.05665304201344649,3,0.398426,bv+demo,0.1421921310693742
204420,0.12482821941375732,1,0.27148682,bv+demo,0.4597947679882114
204521,0.11064067110419273,3,0.6642659,bv+demo,0.1665608171429434
204622,0.21277710050344467,2,0.46720988,bv+demo,0.4554208068190781
205119,0.15673496822516123,3,0.3886891,bv+demo,0.40323993707351513
205220,-0.2983262538909912,3,0.41296163,bv+demo,-0.7224067134057738
205725,0.2244529277086258,1,0.4389778,bv+demo,0.5113081520492057
206222,0.09998426446691155,4,0.64879745,bv+demo,0.1541070552402935
206525,0.25576457008719444,4,0.64766437,bv+demo,0.39490294963608147
206727,-0.052078417502343655,2,0.5534892,bv+demo,-0.09409111777130187
206828,0.007412079721689224,3,0.599884,bv+demo,0.012355855001448987
206929,0.09251031279563904,2,0.4105867,bv+demo,0.22531249257620628
207123,0.020877626569320757,3,0.23285021,bv+demo,0.089661188492468
207426,0.02767776371911168,2,0.26811016,bv+demo,0.1032328044528849
208024,0.19784963130950928,1,0.5695173,bv+demo,0.34739880827063424
208125,9.304366540163755e-05,2,0.60404634,bv+demo,0.00015403398587207325
208226,-0.06322311819531024,2,0.46037263,bv+demo,-0.1373303147828537
208327,-0.002686976920813322,2,0.62676173,bv+demo,-0.004287078792786729
208630,0.09144461713731289,2,0.55020213,bv+demo,0.16620185955534722
209228,0.11635579913854599,6,0.47520563,bv+demo,0.2448535787308454
209329,0.34396929542223614,3,0.63872606,bv+demo,0.538523972894164
209834,0.23566891252994537,1,0.4884511,bv+demo,0.48248210011185433
210011,0.12875129282474518,1,0.48769972,bv+demo,0.26399706119319727
210112,0.21662687758604685,3,0.4476909,bv+demo,0.4838759903005552
210617,0.02016683854162693,2,0.57432336,bv+demo,0.03511408371344486
211114,-0.109520573168993,2,0.6275705,bv+demo,-0.1745151710747924
211215,0.2584035098552704,2,0.5756271,bv+demo,0.4489078256657312
211316,0.05951658450067043,2,0.44771847,bv+demo,0.13293305612491357
211417,-0.0802007478972276,3,0.54990095,bv+demo,-0.145845807135317
211619,0.3509905934333801,1,0.48817113,bv+demo,0.7189908863176323
211821,-0.1925344541668892,2,0.5557748,bv+demo,-0.34642530421834383
211922,-0.0008042929694056511,2,0.47244424,bv+demo,-0.0017024082448452564
212015,0.20585423707962036,3,0.40988886,bv+demo,0.5022196433433695
212116,0.031244225800037384,2,0.42030522,bv+demo,0.07433699205552904
212217,0.023678245022892952,2,0.59987104,bv+demo,0.039472225601844275
212318,-0.059349555522203445,1,0.54445106,bv+demo,-0.10900806313464326
212419,0.05551869049668312,3,0.31882104,bv+demo,0.17413747378994535
213017,0.05243024602532387,1,0.42948076,bv+demo,0.12207821841733695
213421,0.017672793939709663,2,0.4671098,bv+demo,0.037834346313671136
213522,-0.16310154646635056,2,0.5588487,bv+demo,-0.291852779591955
214019,0.01304686046205461,2,0.47483468,bv+demo,0.02747663768378209
214221,0.4253547191619873,2,0.44559023,bv+demo,0.9545871756703178
214423,0.295218414068222,5,0.21015824,bv+demo,1.4047434641069607
214524,0.03501160442829132,1,0.5407969,bv+demo,0.06474076391394129
214625,0.16435716897249222,5,0.5743202,bv+demo,0.28617689047415057
214726,0.1455440620581309,3,0.46564475,bv+demo,0.3125645936266454
217126,0.41114936769008636,2,0.6237086,bv+demo,0.6592010558938683
217429,0.11354721337556839,1,0.45473433,bv+demo,0.24970011253728827
219231,0.11183363944292068,1,0.6775834,bv+demo,0.16504778517732385
223929,0.23601505160331726,1,0.46307358,bv+demo,0.5096707344075152
224022,0.3350946307182312,1,0.2777475,bv+demo,1.206472176052822
227533,0.13794995099306107,2,0.40041807,bv+demo,0.34451479922737016
228434,0.026286520063877106,1,0.42418635,bv+demo,0.06196927379647437
231928,0.07998007908463478,2,0.54151624,bv+demo,0.14769654753961725
237334,-0.00416085310280323,2,0.63070446,bv+demo,-0.006597151862225979
238033,-0.00944844726473093,2,0.55137724,bv+demo,-0.017136085023623626
239944,0.06337494527300198,3,0.5730733,bv+demo,0.1105878519781012
245333,0.20480242371559143,1,0.47341442,bv+demo,0.43260706700820695
246133,-0.05803345749154687,4,0.4706238,bv+demo,-0.12331177788192367
248339,0.09631934762001038,1,0.28342104,bv+demo,0.33984543850382587
249947,0.34265899658203125,2,0.64838505,bv+demo,0.5284807177186323
250427,-0.11050369963049889,2,0.19698223,bv+demo,-0.5609830878171035
250932,-0.13648918643593788,2,0.538136,bv+demo,-0.2536332570873123
255639,0.09397110342979431,1,0.49833786,bv+demo,0.18856906322508651
255740,0.339285958558321,4,0.59749883,bv+demo,0.5678437203940985
256540,0.11586054414510727,1,0.5676056,bv+demo,0.2041215663571805
257946,-0.12864096462726593,1,0.4635025,bv+demo,-0.2775410372700599
268749,0.05273537617176771,2,0.48623255,bv+demo,0.10845710796565905
268850,0.4236818104982376,2,0.5518486,bv+demo,0.767750086705371
270332,0.07385851815342903,3,0.6065281,bv+demo,0.12177262381319023
274542,0.23595662911732992,3,0.55175114,bv+demo,0.4276504605270592
275645,0.17327375710010529,1,0.5739743,bv+demo,0.3018841733856468
280739,-0.009166860021650791,4,0.42996225,bv+demo,-0.0213201508310341
280941,0.24500210583209991,2,0.65487033,bv+demo,0.37412308148408546
283543,-0.05651411414146423,1,0.5179779,bv+demo,-0.10910526132768258
285345,0.2192186862230301,1,0.59510857,bv+demo,0.3683675505177654
285446,0.19694501161575317,5,0.49239254,bv+demo,0.3999756202962644
286347,0.16498784720897675,1,0.1583746,bv+demo,1.0417569939180698
286650,0.07180636469274759,4,0.52240515,bv+demo,0.13745340123991426
287248,-0.17521832883358002,1,0.29059464,bv+demo,-0.6029647650540974
290136,0.06291121430695057,4,0.4519965,bv+demo,0.13918518021035686
293748,-0.017312172800302505,1,0.50127995,bv+demo,-0.03453593705533705
297655,0.15582412295043468,4,0.29965812,bv+demo,0.52000634239591
298051,0.003498709760606289,2,0.3989473,bv+demo,0.008769854466006635
298455,0.4501616060733795,1,0.5102807,bv+demo,0.8821842685278505
299154,0.04139799500505129,3,0.45701733,bv+demo,0.09058298731265026
300618,0.21970923990011215,4,0.43820912,bv+demo,0.5013798888989626
300719,0.031319788191467524,2,0.664327,bv+demo,0.04714513814953709
303119,-0.010483529418706894,3,0.40559345,bv+demo,-0.025847383429655715
303624,0.14852772653102875,1,0.57354647,bv+demo,0.25896371837321003
304020,0.014546189457178116,3,0.45831433,bv+demo,0.031738456567958755
304727,0.1056755781173706,1,0.50669706,bv+demo,0.20855770925012
307127,-0.006298751415063937,3,0.40253115,bv+demo,-0.015647860830308256
308129,0.04050423201988451,4,0.54132015,bv+demo,0.07482491095128181
309636,0.0870484784245491,1,0.532919,bv+demo,0.16334279397910206
310621,0.2941373437643051,2,0.5384433,bv+demo,0.546273570057061
311320,0.10251717269420624,4,0.54840416,bv+demo,0.18693726301092653
314225,0.08916962891817093,2,0.49478775,bv+demo,0.18021793974925798
316633,-0.05454840736153225,3,0.40885282,bv+demo,-0.13341820012769448
316835,0.015461319941096008,2,0.387781,bv+demo,0.039871267393441163
318637,0.012812173925340176,2,0.31206062,bv+demo,0.04105668291417281
320826,0.07926027476787567,1,0.39210045,bv+demo,0.20214277940225692
321323,0.12439855933189392,1,0.40166253,bv+demo,0.3097091464615679
322224,0.2688802555203438,4,0.43426093,bv+demo,0.6191675026356707
325129,0.13851848989725113,2,0.46714777,bv+demo,0.2965196428043553
329440,0.16810762882232666,2,0.52222866,bv+demo,0.32190425707835846
334635,0.274777390062809,2,0.6269027,bv+demo,0.43830946981534613
336841,-0.13381920754909515,1,0.43172085,bv+demo,-0.3099669787759733
339847,0.1837991178035736,2,0.45406184,bv+demo,0.4047887349519916
341834,-0.03370498322571317,3,0.6067756,bv+demo,-0.055547690490048006
342129,-0.16557646791140238,3,0.11332049,bv+demo,-1.4611344154212744
346137,-0.01327968155965209,2,0.48412713,bv+demo,-0.027430153645080974
346945,0.11926408112049103,1,0.57854784,bv+demo,0.20614385341148456
348545,0.2636878391106923,3,0.35809964,bv+demo,0.7363532650038194
349244,0.014981369487941265,1,0.5566652,bv+demo,0.026912710706437668
350330,0.13984107474486032,3,0.5000317,bv+demo,0.2796644187655709
352132,-0.13397306203842163,1,0.5769554,bv+demo,-0.23220696441773772
352738,-0.012284983647987247,3,0.49074683,bv+demo,-0.025033240964566692
353740,0.17367985099554062,2,0.36580193,bv+demo,0.47479205753654885
356948,0.1107003204524517,2,0.53846973,bv+demo,0.20558318190411876
358144,-0.05983985494822264,4,0.573173,bv+demo,-0.10440103589705488
360030,0.08042593734959762,3,0.5021314,bv+demo,0.16016910583484248
361234,0.14796338602900505,4,0.64749867,bv+demo,0.22851535128096098
361941,0.10371724143624306,4,0.3865976,bv+demo,0.26828216583921644
366042,0.2101672887802124,1,0.4109116,bv+demo,0.5114659425049388
366446,0.4959358274936676,1,0.74475294,bv+demo,0.6659065051742764
368551,0.08713190630078316,2,0.48951313,bv+demo,0.1779970770156526
371843,0.12278190813958645,4,0.37901562,bv+demo,0.32394946714751877
376247,0.3324955925345421,4,0.6246831,bv+demo,0.532262826598866
377451,0.1078011579811573,2,0.30526477,bv+demo,0.3531398594772574
378756,0.00818057699749867,3,0.21308039,bv+demo,0.03839197496071164
378857,0.04602321237325668,1,0.5905738,bv+demo,0.07792965480902925
379657,-0.1366383135318756,1,0.4838507,bv+demo,-0.28239767666322607
380036,-0.10464155673980713,1,0.44657543,bv+demo,-0.2343200044386838
381038,0.12463178113102913,2,0.5546969,bv+demo,0.22468447386496862
381543,0.09796920108298461,3,0.6454872,bv+demo,0.1517755907212174
385450,-0.11175207048654556,1,0.5796267,bv+demo,-0.19280007371390165
386250,0.06099541112780571,2,0.5100755,bv+demo,0.11958114265006986
387959,0.08093840442597866,2,0.31639415,bv+demo,0.25581511044366234
389357,0.2651512697339058,2,0.6394743,bv+demo,0.4146394463919907
390645,0.3102031946182251,1,0.56715244,bv+demo,0.5469485322468596
391748,0.19227048754692078,2,0.5652281,bv+demo,0.3401644177756215
392447,0.1000545397400856,1,0.42429298,bv+demo,0.23581474230397498
392750,0.19680622220039368,2,0.68247396,bv+demo,0.2883717676208388
393247,-0.1502852737903595,2,0.51961946,bv+demo,-0.2892217966401018
395251,0.05768906883895397,2,0.56109744,bv+demo,0.10281470690537098
395756,0.15006011724472046,1,0.6487863,bv+demo,0.23129359735974767
395958,0.40613000094890594,2,0.3805517,bv+demo,1.0672137345567132
397760,0.10539213009178638,2,0.4527382,bv+demo,0.23278824294434705
397861,0.10701099783182144,1,0.48853636,bv+demo,0.21904408063265024
406432,-0.04743106127716601,3,0.33091605,bv+demo,-0.14333261042238962
406836,0.03565041348338127,1,0.49802735,bv+demo,0.07158324434065975
412528,0.24891579151153564,2,0.5172324,bv+demo,0.4812455513450736
413934,0.07278671860694885,2,0.58219117,bv+demo,0.12502202430680778
414229,-0.26036664843559265,1,0.70436966,bv+demo,-0.3696448941818315
415837,0.1752699911594391,1,0.5557709,bv+demo,0.31536374279300894
419239,0.2183094657957554,4,0.53967863,bv+demo,0.40451752887779785
421226,0.27616022030512494,3,0.61900276,bv+demo,0.4461373004300093
422632,0.07053370401263237,3,0.36873162,bv+demo,0.19128737593112402
424939,0.026316483272239566,2,0.44927537,bv+demo,0.058575397249663534
429040,0.16272026300430298,1,0.5770829,bv+demo,0.2819703425700242
432332,0.061160085101922355,3,0.4813416,bv+demo,0.12706170649269116
433839,0.1181284732495745,6,0.4830839,bv+demo,0.24452993206682005
436239,0.19767655804753304,4,0.524431,bv+demo,0.37693530330497826
441939,0.07763990387320518,3,0.39564925,bv+demo,0.19623417426724601
445543,0.0961133607973655,3,0.61487275,bv+demo,0.15631423054179178
448347,0.025726227089762688,1,0.33342236,bv+demo,0.07715807389091328
449753,0.2956331670284271,2,0.6451575,bv+demo,0.4582341010194055
453441,0.10434986650943756,1,0.52914774,bv+demo,0.19720365149709904
453542,-0.03893211856484413,1,0.40617463,bv+demo,-0.09585069004640721
454140,0.21889448165893555,2,0.44594994,bv+demo,0.49084989597472656
459453,0.21617008745670319,2,0.55760634,bv+demo,0.3876750889466271
461743,0.05063735134899616,2,0.30684727,bv+demo,0.1650246109375396
463040,0.3334044814109802,1,0.51648223,bv+demo,0.6455294336282977
465852,0.32582608858744305,3,0.60550284,bv+demo,0.5381082747480476
467351,-0.08418711647391319,2,0.4985264,bv+demo,-0.16887193230672076
468050,-0.030285836197435856,2,0.56604075,bv+demo,-0.05350469236964981
479762,0.05071999505162239,2,0.45976138,bv+demo,0.11031808511541877
481951,-0.03247157484292984,1,0.2782475,bv+demo,-0.1167003291779076
485757,0.39576855301856995,3,0.48873928,bv+demo,0.8097743914067433
495255,-0.09597869217395782,1,0.6242433,bv+demo,-0.15375205817020035
497865,0.047617750242352486,2,0.51100904,bv+demo,0.09318377272220563
499566,-0.1663009762763977,5,0.3640718,bv+demo,-0.4567807126956762
500222,0.2123578687508901,3,0.48535687,bv+demo,0.43752933537520566
506234,-0.018264079093933107,5,0.47405726,bv+demo,-0.03852715828871202
510326,0.20454648633797964,3,0.568897,bv+demo,0.3595492441302725
512835,0.002908186288550496,1,0.4745009,bv+demo,0.006128937349856441
513130,0.2036699280142784,2,0.6297922,bv+demo,0.323392268139044
513736,0.18733306229114532,2,0.5875754,bv+demo,0.3188238688875425
516742,0.24100570380687714,4,0.3317536,bv+demo,0.7264599504176508
517239,0.3398289978504181,1,0.32520163,bv+demo,1.0449793804859406
518746,-0.10174167528748512,2,0.51971126,bv+demo,-0.19576577056938332
519647,0.10262510180473328,2,0.4945718,bv+demo,0.20750293851111865
519950,0.11092822998762131,1,0.61671245,bv+demo,0.17987026204452547
520228,0.03184059510628382,3,0.49897966,bv+demo,0.0638114088784377
522434,0.1485137144724528,3,0.57479745,bv+demo,0.2583757364832652
523032,-0.03968872129917145,1,0.3660436,bv+demo,-0.1084262128860372
524135,-0.1363275224963824,3,0.59183574,bv+demo,-0.23034689067000647
525541,0.26973868906497955,2,0.65119463,bv+demo,0.4142213044124451
529549,0.1220831647515297,2,0.6728688,bv+demo,0.18143680424999598
529953,0.18124091625213623,1,0.5830423,bv+demo,0.3108538029781651
530635,0.14976439252495766,4,0.5417705,bv+demo,0.27643511879099664
531536,0.08337851613759995,1,0.6020855,bv+demo,0.13848285025565296
531940,0.21603872627019882,2,0.33699578,bv+demo,0.6410724973179154
536647,0.01852735853753984,2,0.472352,bv+demo,0.03922362673925344
540436,0.27452049652735394,3,0.20010887,bv+demo,1.3718557129794093
541640,0.18177239100138345,3,0.56034166,bv+demo,0.32439563926298726
541943,0.05637626089155674,5,0.4582836,bv+demo,0.123016099401237
545345,0.2686302959918976,2,0.54976434,bv+demo,0.4886280837929532
547046,-0.04150212183594704,1,0.45070362,bv+demo,-0.09208295650242844
548250,-0.13957344740629196,2,0.36844927,bv+demo,-0.37881320108543565
552241,0.0002324134111404419,2,0.48790053,bv+demo,0.00047635408623237585
553344,0.12881623953580856,3,0.6515039,bv+demo,0.1977213636569306
555348,0.1707980241626501,4,0.09910794,bv+demo,1.7233535896584078
555651,0.12487545162439347,5,0.59328204,bv+demo,0.21048244039949948
555954,0.05042130802758038,2,0.4827592,bv+demo,0.10444401272431551
557857,0.07845247040192287,3,0.4867665,bv+demo,0.16117064424508026
558657,0.09066540747880936,2,0.46636668,bv+demo,0.19440798703459983
558960,0.02134708035737276,5,0.48291737,bv+demo,0.044204416083382464
559053,-0.011768787750042975,5,0.43385047,bv+demo,-0.027126368562060046
559457,0.060896024107933044,3,0.4539418,bv+demo,0.1341494088183398
561242,0.007973220286658034,2,0.5102298,bv+demo,0.01562672404994384
561444,0.20529934763908386,1,0.3128258,bv+demo,0.6562737077283392
561949,0.13597487807273864,5,0.48934433,bv+demo,0.2778715716860123
562345,0.14477766305208206,2,0.44199896,bv+demo,0.32755204458418197
565452,0.041820159181952477,2,0.6419697,bv+demo,0.06514350939297053
566454,0.43747398257255554,2,0.20472531,bv+demo,2.13688274582442
567052,-0.07946859300136566,2,0.5973545,bv+demo,-0.13303422507299378
567759,0.19707338511943817,1,0.41942585,bv+demo,0.4698646617022727
567961,-0.12541532143950462,2,0.40496632,bv+demo,-0.3096932145851157
568963,0.09176608547568321,2,0.5100137,bv+demo,0.17992866755477982
570243,0.04165957123041153,1,0.61919665,bv+demo,0.06728003329864839
571144,0.07145901583135128,2,0.42283347,bv+demo,0.16900037698375978
572045,0.06905971746891737,2,0.5351518,bv+demo,0.1290469684843018
573249,0.06503541697748005,2,0.41516328,bv+demo,0.15665021477207727
573451,0.02126333334793647,3,0.5520985,bv+demo,0.038513658971970524
576255,0.11273395270109177,1,0.46755573,bv+demo,0.24111340203464465
578057,0.10367526113986969,2,0.5945543,bv+demo,0.1743747562499669
579665,-0.06020794560511907,3,0.40302014,bv+demo,-0.14939190285904588
579867,0.31656478842099506,3,0.65004957,bv+demo,0.48698561314484845
580650,0.2395748496055603,1,0.19981831,bv+demo,1.1989634463706569
580751,0.05114251747727394,1,0.573672,bv+demo,0.0891494050211165
581349,0.42635078231493634,3,0.61383367,bv+demo,0.6945705378379396
581450,-0.04604073986411095,1,0.40533033,bv+demo,-0.11358819327463342
583858,0.08398579061031342,4,0.43504167,bv+demo,0.19305228993423415
585256,0.2523723691701889,3,0.765052,bv+demo,0.3298760988405872
586460,0.3131854236125946,1,0.6340112,bv+demo,0.4939745916359121
587664,-0.15450499206781387,2,0.39762846,bv+demo,-0.38856623106860577
588565,0.11998604610562325,2,0.47576022,bv+demo,0.25219856781137195
589567,0.4037572592496872,2,0.7679044,bv+demo,0.5257910480128609
590047,0.03599015654375156,6,0.5351599,bv+demo,0.06725122069824656
592455,0.07291385158896446,2,0.55047834,bv+demo,0.1324554415510054
594156,-0.06200347933918238,2,0.54943454,bv+demo,-0.11284962051927491
597869,0.07851390540599823,2,0.685031,bv+demo,0.11461365311350616
599065,0.14327803254127502,1,0.62776643,bv+demo,0.2282346199067622
599469,0.10697828978300095,2,0.33299977,bv+demo,0.32125634736324576
599671,0.40261976420879364,2,0.5355897,bv+demo,0.751731715917602
601127,-0.020051955711096525,2,0.5350325,bv+demo,-0.03747801434697243
609143,-0.1975891888141632,2,0.501899,bv+demo,-0.39368316895264427
611938,0.2005109190940857,1,0.2920711,bv+demo,0.6865140683007861
613538,-0.039761735941283405,2,0.5420471,bv+demo,-0.07335476186715768
614439,0.21846859902143478,4,0.3396437,bv+demo,0.6432287689170586
615441,-0.10072668083012104,2,0.423045,bv+demo,-0.2380992112662271
616645,-0.11533229053020477,5,0.671836,bv+demo,-0.17166732733911963
617748,0.19140272587537766,2,0.5722584,bv+demo,0.33446905432122565
618952,0.08195231598801911,4,0.5431251,bv+demo,0.15089031235716985
620434,-0.024919556453824043,1,0.5658734,bv+demo,-0.04403733494775341
622236,0.04846004955470562,2,0.5883811,bv+demo,0.08236166925604106
623844,-0.014141222462058067,1,0.40106297,bv+demo,-0.035259357058214744
626648,0.05678970739245415,1,0.5528797,bv+demo,0.10271621004072704
627549,0.10679516270756721,5,0.3815208,bv+demo,0.27991963402144054
627852,0.12372931465506554,4,0.5846707,bv+demo,0.21162222539125963
628248,0.147007055580616,3,0.4350183,bv+demo,0.3379330377150018
633847,0.12115021795034409,2,0.535789,bv+demo,0.22611553792695277
634748,0.048320600093575194,2,0.5610238,bv+demo,0.08612932302261543
638049,-0.008951453492045403,3,0.26723605,bv+demo,-0.033496429437740165
645450,-0.09814348816871643,1,0.5952311,bv+demo,-0.16488299782843407
645551,0.10645873596270879,3,0.49568915,bv+demo,0.21476914708080413
654552,0.31750862300395966,2,0.7014386,bv+demo,0.4526534795831875
654754,0.0646883820494016,3,0.3869069,bv+demo,0.16719366351285436
656657,0.17695525288581848,1,0.3596327,bv+demo,0.49204439108517795
657659,0.020328526385128498,2,0.5579615,bv+demo,0.036433564654780835
660951,-0.1915479600429535,1,0.5063227,bv+demo,-0.3783120133522623
663755,0.03432486020028591,2,0.55589044,bv+demo,0.061747527444951045
664757,-0.041892883740365504,5,0.23987661,bv+demo,-0.17464347082596135
665254,0.13498371932655573,4,0.6147569,bv+demo,0.21957251610605058
667056,0.09689664840698242,1,0.45736614,bv+demo,0.21185794035164568
668361,0.08890140429139137,2,0.5405082,bv+demo,0.16447743862422692
672756,0.010004933923482895,2,0.5983607,bv+demo,0.01672057326539476
673455,0.24616463482379913,2,0.6150455,bv+demo,0.4002380877899263
675661,0.06938736326992512,2,0.6434396,bv+demo,0.1078381922249192
677766,0.026831832714378834,5,0.47540987,bv+demo,0.05643936823267643
677968,-0.12063262611627579,1,0.50719446,bv+demo,-0.23784294906587858
679568,0.12897926568984985,1,0.3660949,bv+demo,0.35231101468458004
679770,-0.12517309188842773,4,0.45775756,bv+demo,-0.273448442639435
680250,-0.044369407929480076,3,0.45190352,bv+demo,-0.09818336429306875
680452,0.02285704528912902,2,0.42405537,bv+demo,0.0539010867593282
680957,0.3310700058937073,3,0.2324048,bv+demo,1.4245403102419023
683256,-0.07106396090239286,4,0.5649719,bv+demo,-0.12578317771625963
685058,-0.00471673202700913,5,0.47986877,bv+demo,-0.009829212321962794
686969,0.05909505486488342,1,0.45167834,bv+demo,0.1308343784315259
687163,0.031203594990074635,2,0.32283217,bv+demo,0.09665577934836742
690152,0.042779579758644104,1,0.5404333,bv+demo,0.0791579270904367
692964,0.02769734337925911,2,0.5286661,bv+demo,0.05239099571404164
693764,-0.07995592802762985,1,0.56967074,bv+demo,-0.1403546336742341
694362,-0.020629388590653736,3,0.13569275,bv+demo,-0.1520301459779814
698168,0.3392990380525589,2,0.6848741,bv+demo,0.4954181185309225
700634,-0.01322538300883025,2,0.57412547,bv+demo,-0.023035701601655557
702133,0.14052873849868774,1,0.40471068,bv+demo,0.34723259217841185
704238,0.07168082892894745,1,0.5273886,bv+demo,0.13591653086347988
705341,0.12095193564891815,3,0.5927783,bv+demo,0.20404244833003865
706040,0.19757326940695444,3,0.43830243,bv+demo,0.45076927683689644
707749,0.12434644252061844,2,0.48793614,bv+demo,0.2548416325968772
709551,-0.02148767188191414,1,0.37801144,bv+demo,-0.05684397245203516
713239,0.37311722338199615,2,0.49034184,bv+demo,0.7609328695711469
715647,-0.04461534693837166,1,0.427535,bv+demo,-0.10435484097997043
715950,0.19999369978904724,3,0.6479074,bv+demo,0.3086763629942292
720337,-0.07625426165759563,2,0.46115336,bv+demo,-0.1653555373804403
724446,0.1865704283118248,2,0.42418692,bv+demo,0.4398306961276052
725751,0.06585343182086945,1,0.4183002,bv+demo,0.15743103116104043
727553,0.10359478928148746,4,0.63828415,bv+demo,0.1623019924299976
727654,0.1540121535460154,3,0.4791126,bv+demo,0.3214529393424748
728454,0.1538174957036972,5,0.499584,bv+demo,0.30789115684989354
729254,0.0314380278189977,3,0.24079926,bv+demo,0.13055699514607189
729557,0.1983676552772522,1,0.20095399,bv+demo,0.9871297169926917
731140,0.24238863587379456,2,0.6404051,bv+demo,0.3784926695208932
732243,-0.25734634200731915,3,0.6713813,bv+demo,-0.38330877253703544
734045,-0.08377978950738907,2,0.37121844,bv+demo,-0.2256886525017159
735148,0.03150137700140476,2,0.47885853,bv+demo,0.06578430794874796
737960,0.09703600257635117,5,0.33272368,bv+demo,0.29164140819899315
744553,0.23487938940525055,1,0.5740647,bv+demo,0.4091514238817516
748258,0.24058476090431213,2,0.53388476,bv+demo,0.4506305085470358
748662,-0.04976590909063816,2,0.38592607,bv+demo,-0.12895192359157845
749058,0.03570684650912881,4,0.6863932,bv+demo,0.05202097938780397
751348,0.06711786985397339,3,0.48548278,bv+demo,0.13824974359332248
753150,-0.039936790242791176,2,0.6738063,bv+demo,-0.059270431640059136
753251,0.08409800132115682,3,0.41926065,bv+demo,0.20058644025180233
756055,-0.011546183998386065,3,0.36751497,bv+demo,-0.03141690799258072
757764,0.029571831226348877,1,0.6397507,bv+demo,0.04622399198054629
759869,0.11634374409914017,3,0.49609292,bv+demo,0.23452006551341262
760551,0.08839227259159088,5,0.5222838,bv+demo,0.16924184244579457
761957,0.10216362774372101,1,0.2910485,bv+demo,0.3510192553602613
765056,-0.020072119310498238,1,0.39782518,bv+demo,-0.05045462258195481
765864,0.05721524761368831,6,0.40609264,bv+demo,0.14089210681998154
769064,-0.12590413788954416,3,0.5974421,bv+demo,-0.21073864377743745
771354,0.27116289734840393,2,0.5270795,bv+demo,0.5144629934353431
773257,0.2068425565958023,1,0.48107386,bv+demo,0.42996008262806523
774663,0.034156493842601776,2,0.4005677,bv+demo,0.0852702148540728
779370,-0.1206377986818552,4,0.51362276,bv+demo,-0.23487627121869603
782561,-0.05956309723357359,3,0.5454316,bv+demo,-0.10920360542655319
783462,0.17899362742900848,3,0.5089582,bv+demo,0.3516863023898789
784565,-0.07801897823810577,2,0.4965928,bv+demo,-0.15710855702721782
788674,0.1729363426566124,2,0.46342963,bv+demo,0.37316634816080363
788876,0.06560824066400528,1,0.5081857,bv+demo,0.12910288633467112
789373,0.17269604901472727,3,0.4721097,bv+demo,0.3657964431036415
792564,0.24430233240127563,2,0.43205035,bv+demo,0.5654487547603552
792766,-0.12260124459862709,2,0.667864,bv+demo,-0.18357217127832476
792867,0.032275361474603415,4,0.32433408,bv+demo,0.09951270453787468
793465,0.16912929713726044,3,0.6079658,bv+demo,0.2781888342029444
800941,-0.030835087411105633,2,0.40319547,bv+demo,-0.07647677046348172
804646,-0.179751917719841,2,0.31582746,bv+demo,-0.5691459435472805
810843,0.004473988898098469,2,0.45587867,bv+demo,0.009813990415692116
812746,0.08538307808339596,2,0.2632111,bv+demo,0.3243901115241567
814548,-0.012468416942283511,4,0.30011475,bv+demo,-0.04154549865437641
814649,0.15944547951221466,1,0.4733176,bv+demo,0.3368678441541465
815247,0.15984950959682465,2,0.43429044,bv+demo,0.3680705234884393
816653,0.15835312008857727,5,0.49000436,bv+demo,0.32316675730921507
818455,0.07941355556249619,1,0.37420404,bv+demo,0.2122199310368113
818859,0.09777851030230522,2,0.4542693,bv+demo,0.2152434916960165
820745,0.14952542260289192,2,0.4664838,bv+demo,0.3205372246643762
825048,0.24698756635189056,1,0.4886179,bv+demo,0.50548202665496
825553,0.06568843126296997,1,0.46540108,bv+demo,0.14114370182159863
825654,0.16557487100362778,4,0.53962916,bv+demo,0.3068308447297914
826353,0.2521366149187088,5,0.46061483,bv+demo,0.5473914396518862
826454,0.11916533609231313,3,0.47739428,bv+demo,0.24961617908851594
828862,0.2283429205417633,1,0.4728372,bv+demo,0.4829208034853503
832651,0.46265290677547455,2,0.58712405,bv+demo,0.7879985614206649
833249,-0.15571773797273636,2,0.29899535,bv+demo,-0.5208032097246207
835657,-0.2806260387102763,3,0.2712672,bv+demo,-1.034500443512066
837560,0.466113343834877,2,0.48771706,bv+demo,0.9557044074588595
837964,0.1526130810379982,2,0.5535127,bv+demo,0.27571739733884737
841349,-0.0043493309058249,4,0.2446918,bv+demo,-0.017774730930194226
843151,0.4135877341032028,2,0.6651763,bv+demo,0.6217716026611333
844961,0.0302727110683918,3,0.68606466,bv+demo,0.04412515734069701
849264,0.1371496319770813,1,0.45364204,bv+demo,0.3023300750016054
849971,0.024194950237870216,2,0.3334134,bv+demo,0.072567420019322
852455,0.2708901911973953,2,0.6017787,bv+demo,0.45014918473750454
856968,0.04802673403173685,4,0.11263447,bv+demo,0.4263946377315652
857263,-0.08670533324281375,6,0.62717766,bv+demo,-0.13824684578658902
859671,0.14606545269489288,5,0.41378048,bv+demo,0.3530022796022009
861456,-0.3096850156784058,5,0.45839667,bv+demo,-0.6755830396377133
865363,0.07633794844150543,1,0.35684916,bv+demo,0.21392217496464172
867468,0.19751593470573425,1,0.25655773,bv+demo,0.7698693573011199
869472,0.020106954034417868,2,0.59712005,bv+demo,0.03367321870102648
871762,0.0992646465698878,3,0.43666497,bv+demo,0.22732450136746213
871964,0.047928258776664734,1,0.52438915,bv+demo,0.09139826553746343
872158,0.030254659242928028,3,0.51607865,bv+demo,0.05862412491376659
872764,0.14482685923576355,3,0.5426229,bv+demo,0.2669014876367428
873968,0.1703132912516594,2,0.45528764,bv+demo,0.37407844248014155
877168,0.06667671352624893,2,0.60794586,bv+demo,0.10967541340975484
877269,-0.023458370744871598,3,0.51588166,bv+demo,-0.04547238749458858
878776,0.12120458483695984,3,0.21526818,bv+demo,0.5630399478313972
878877,0.2801836629708608,3,0.6239428,bv+demo,0.4490534436343536
880157,0.17542576293150583,3,0.43112996,bv+demo,0.4068976392443379
882161,0.09130126610398293,2,0.48317254,bv+demo,0.18896203435729797
884064,0.2697279751300812,2,0.64536875,bv+demo,0.417943966344948
885975,0.004141343757510185,2,0.5542434,bv+demo,0.007472066888861798
887373,0.2797519266605377,2,0.6489646,bv+demo,0.43107424759461105
888678,0.011271080002188683,1,0.58833605,bv+demo,0.01915755460198076
889579,0.009588800370693207,2,0.5040965,bv+demo,0.019021755498586496
891667,-0.04845616966485977,1,0.6308304,bv+demo,-0.07681330776839507
894067,0.26023808121681213,1,0.4627861,bv+demo,0.5623290786322497
894673,0.1306072361767292,4,0.44102982,bv+demo,0.2961415084738016
894774,0.1394694298505783,1,0.3447473,bv+demo,0.4045555392328767
896778,0.04792379401624203,2,0.38012525,bv+demo,0.12607369285845133
896879,-0.037730334947506584,3,0.5951936,bv+demo,-0.06339170136827174
898176,0.18557699024677277,1,0.5916212,bv+demo,0.3136753555260913
901038,0.11585607677698136,5,0.41772678,bv+demo,0.2773489331399374
901139,-0.03387773036956787,1,0.47751927,bv+demo,-0.07094526335988048
902242,0.054376060143113136,2,0.47079065,bv+demo,0.11549944788222354
904044,0.20281432569026947,2,0.6906679,bv+demo,0.29364956108466816
905147,-0.084806427359581,1,0.5372495,bv+demo,-0.15785296656317221
907656,0.14541315287351608,2,0.544498,bv+demo,0.26705911293249207
910241,0.171599343419075,1,0.5129494,bv+demo,0.3345346410758547
910443,0.2018723487854004,2,0.6155899,bv+demo,0.32793317236913794
911849,0.0699037678539753,5,0.40053317,bv+demo,0.1745267885153564
912447,0.054843924939632416,1,0.49801654,bv+demo,0.11012470577710615
917255,0.15389345586299896,3,0.5864677,bv+demo,0.26240738554399323
917558,0.13987469673156738,1,0.57343763,bv+demo,0.2439231215634861
919966,0.16590893268585205,2,0.63411236,bv+demo,0.2616396448822604
922854,0.06480633467435837,1,0.5199192,bv+demo,0.12464693489749631
923755,-0.05402395024430007,4,0.4822423,bv+demo,-0.11202656889347962
926862,0.07484451308846474,2,0.5736707,bv+demo,0.13046598525681152
927359,0.12163270264863968,3,0.35890967,bv+demo,0.3388950279568663
930449,0.24931032955646515,2,0.14310896,bv+demo,1.7421014697924235
932554,0.07708330266177654,2,0.5620485,bv+demo,0.13714706588804446
933253,0.11326251178979874,1,0.49606794,bv+demo,0.2283205638925159
937160,0.06671562666694324,3,0.4375931,bv+demo,0.15246041737619545
942658,0.16033907234668732,2,0.455274,bv+demo,0.35218148268226895
947668,0.04012640193104744,2,0.40538812,bv+demo,0.09898267845403914
951457,0.00708088354440406,2,0.40328783,bv+demo,0.017557890463503596
952863,-0.010585067793726921,2,0.6367082,bv+demo,-0.01662467641178003
955465,-0.1318911463022232,2,0.52566576,bv+demo,-0.2509030573005615
957974,0.0462341612825791,3,0.34008622,bv+demo,0.13594835239892725
959574,-0.1690097153186798,1,0.4154579,bv+demo,-0.4068034699031594
962058,0.018664158880710602,1,0.44263712,bv+demo,0.042165823961421496
965367,0.07493362327416737,3,0.5481278,bv+demo,0.13670830648284463
965771,0.4502922296524048,2,0.5523313,bv+demo,0.8152574906625875
966975,-0.05836096405982971,1,0.38359097,bv+demo,-0.15214373805470371
978578,0.20316757261753082,3,0.64935917,bv+demo,0.3128739563615169
979984,0.0464030709117651,3,0.61266655,bv+demo,0.07573952080746875
983773,0.03408520016819239,2,0.6303117,bv+demo,0.05407673722095335
984472,-0.056971337646245956,2,0.5202907,bv+demo,-0.10949905052357453
987074,-0.023554589715786278,2,0.4920704,bv+demo,-0.04786833289664706
989987,0.13156555965542793,2,0.339236,bv+demo,0.38782900298148765
990366,0.11425889283418655,1,0.61877877,bv+demo,0.1846522511336104
991267,0.17128515243530273,2,0.58708125,bv+demo,0.29175715019906145
992774,0.1011680569499731,2,0.35267103,bv+demo,0.2868623968063754
993675,0.14353419840335846,1,0.6159472,bv+demo,0.23303003634622976
994273,-0.08192136511206627,2,0.4190582,bv+demo,-0.1954892306416299
