parcellation,seed,estimator,variant,input_set,target,leak_score,threshold,exceeds,contains_bvdemo,is_connectome,verdict
4S456Parcels,0,pca_pls,pca_pls,bv+demo,age,1.0,0.85,True,True,False,EXEMPT_FLAGGED
4S456Parcels,1,bayesian_ridge,bayesian_ridge,bv+demo,age,1.0,0.85,True,True,False,EXEMPT_FLAGGED
4S456Parcels,2,pca_pls,pca_pls,bv+demo,age,1.0,0.85,True,True,False,EXEMPT_FLAGGED
4S456Parcels,2,bayesian_ridge,bayesian_ridge,bv+demo,age,1.0,0.85,True,True,False,EXEMPT_FLAGGED
4S456Parcels,4,pca_pls,pca_pls,bv+demo,age,1.0,0.85,True,True,False,EXEMPT_FLAGGED
4S456Parcels,6,bayesian_ridge,bayesian_ridge,bv+demo,age,1.0,0.85,True,True,False,EXEMPT_FLAGGED
4S456Parcels,8,bayesian_ridge,bayesian_ridge,bv+demo,age,1.0,0.85,True,True,False,EXEMPT_FLAGGED
4S456Parcels,9,bayesian_ridge,bayesian_ridge,pred_SC+bv+demo,age,1.0,0.85,True,True,False,EXEMPT_FLAGGED
Glasser,0,pca_pls,pca_pls,bv+demo,age,1.0,0.85,True,True,False,EXEMPT_FLAGGED
Glasser,1,bayesian_ridge,bayesian_ridge,bv+demo,age,1.0,0.85,True,True,False,EXEMPT_FLAGGED
Glasser,2,pca_pls,pca_pls,bv+demo,age,1.0,0.85,True,True,False,EXEMPT_FLAGGED
Glasser,2,bayesian_ridge,bayesian_ridge,bv+demo,age,1.0,0.85,True,True,False,EXEMPT_FLAGGED
Glasser,4,pca_pls,pca_pls,bv+demo,age,1.0,0.85,True,True,False,EXEMPT_FLAGGED
Glasser,6,bayesian_ridge,bayesian_ridge,bv+demo,age,1.0,0.85,True,True,False,EXEMPT_FLAGGED
Glasser,8,bayesian_ridge,bayesian_ridge,bv+demo,age,1.0,0.85,True,True,False,EXEMPT_FLAGGED
Glasser,9,bayesian_ridge,bayesian_ridge,pred_FC+bv+demo,age,1.0,0.85,True,True,False,EXEMPT_FLAGGED
4S456Parcels,0,bayesian_ridge,bayesian_ridge,bv+demo,age,0.9999999999999998,0.85,True,True,False,EXEMPT_FLAGGED
4S456Parcels,4,bayesian_ridge,bayesian_ridge,bv+demo,age,0.9999999999999998,0.85,True,True,False,EXEMPT_FLAGGED
4S456Parcels,4,bayesian_ridge,bayesian_ridge,pred_SC+bv+demo,age,0.9999999999999998,0.85,True,True,False,EXEMPT_FLAGGED
4S456Parcels,4,bayesian_ridge,bayesian_ridge,pred_FC+bv+demo,age,0.9999999999999998,0.85,True,True,False,EXEMPT_FLAGGED
4S456Parcels,5,bayesian_ridge,bayesian_ridge,bv+demo,age,0.9999999999999998,0.85,True,True,False,EXEMPT_FLAGGED
4S456Parcels,5,bayesian_ridge,bayesian_ridge,pred_FC+bv+demo,age,0.9999999999999998,0.85,True,True,False,EXEMPT_FLAGGED
4S456Parcels,6,pca_pls,pca_pls,bv+demo,age,0.9999999999999998,0.85,True,True,False,EXEMPT_FLAGGED
4S456Parcels,9,bayesian_ridge,bayesian_ridge,bv+demo,age,0.9999999999999998,0.85,True,True,False,EXEMPT_FLAGGED
4S456Parcels,9,bayesian_ridge,bayesian_ridge,pred_FC+bv+demo,age,0.9999999999999998,0.85,True,True,False,EXEMPT_FLAGGED
Glasser,0,bayesian_ridge,bayesian_ridge,bv+demo,age,0.9999999999999998,0.85,True,True,False,EXEMPT_FLAGGED
Glasser,4,bayesian_ridge,bayesian_ridge,bv+demo,age,0.9999999999999998,0.85,True,True,False,EXEMPT_FLAGGED
Glasser,4,bayesian_ridge,bayesian_ridge,pred_SC+bv+demo,age,0.9999999999999998,0.85,True,True,False,EXEMPT_FLAGGED
Glasser,4,bayesian_ridge,bayesian_ridge,pred_FC+bv+demo,age,0.9999999999999998,0.85,True,True,False,EXEMPT_FLAGGED
Glasser,5,bayesian_ridge,bayesian_ridge,bv+demo,age,0.9999999999999998,0.85,True,True,False,EXEMPT_FLAGGED
Glasser,6,pca_pls,pca_pls,bv+demo,age,0.9999999999999998,0.85,True,True,False,EXEMPT_FLAGGED
Glasser,9,pca_pls,pca_pls,pred_FC+bv+demo,age,0.9999999999999998,0.85,True,True,False,EXEMPT_FLAGGED
Glasser,9,bayesian_ridge,bayesian_ridge,bv+demo,age,0.9999999999999998,0.85,True,True,False,EXEMPT_FLAGGED
Glasser,9,bayesian_ridge,bayesian_ridge,pred_SC+bv+demo,age,0.9999999999999998,0.85,True,True,False,EXEMPT_FLAGGED
4S456Parcels,3,pca_pls,pca_pls,pred_SC+bv+demo,age,0.9999999999999996,0.85,True,True,False,EXEMPT_FLAGGED
4S456Parcels,3,bayesian_ridge,bayesian_ridge,bv+demo,age,0.9999999999999996,0.85,True,True,False,EXEMPT_FLAGGED
4S456Parcels,3,bayesian_ridge,bayesian_ridge,pred_SC+bv+demo,age,0.9999999999999996,0.85,True,True,False,EXEMPT_FLAGGED
4S456Parcels,3,bayesian_ridge,bayesian_ridge,pred_FC+bv+demo,age,0.9999999999999996,0.85,True,True,False,EXEMPT_FLAGGED
4S456Parcels,4,pca_pls,pca_pls,pred_FC+bv+demo,age,0.9999999999999996,0.85,True,True,False,EXEMPT_FLAGGED
4S456Parcels,7,bayesian_ridge,bayesian_ridge,bv+demo,age,0.9999999999999996,0.85,True,True,False,EXEMPT_FLAGGED
Glasser,0,bayesian_ridge,bayesian_ridge,pred_SC+bv+demo,age,0.9999999999999996,0.85,True,True,False,EXEMPT_FLAGGED
Glasser,3,bayesian_ridge,bayesian_ridge,bv+demo,age,0.9999999999999996,0.85,True,True,False,EXEMPT_FLAGGED
Glasser,3,bayesian_ridge,bayesian_ridge,pred_SC+bv+demo,age,0.9999999999999996,0.85,True,True,False,EXEMPT_FLAGGED
Glasser,3,bayesian_ridge,bayesian_ridge,pred_FC+bv+demo,age,0.9999999999999996,0.85,True,True,False,EXEMPT_FLAGGED
Glasser,5,bayesian_ridge,bayesian_ridge,pred_SC+bv+demo,age,0.9999999999999996,0.85,True,True,False,EXEMPT_FLAGGED
Glasser,7,bayesian_ridge,bayesian_ridge,bv+demo,age,0.9999999999999996,0.85,True,True,False,EXEMPT_FLAGGED
Glasser,7,bayesian_ridge,bayesian_ridge,pred_FC+bv+demo,age,0.9999999999999996,0.85,True,True,False,EXEMPT_FLAGGED
4S456Parcels,2,bayesian_ridge,bayesian_ridge,pred_SC+bv+demo,age,0.9999999999999994,0.85,True,True,False,EXEMPT_FLAGGED
4S456Parcels,3,pca_pls,pca_pls,bv+demo,age,0.9999999999999994,0.85,True,True,False,EXEMPT_FLAGGED
4S456Parcels,4,pca_pls,pca_pls,pred_SC+bv+demo,age,0.9999999999999994,0.85,True,True,False,EXEMPT_FLAGGED
4S456Parcels,7,bayesian_ridge,bayesian_ridge,pred_FC+bv+demo,age,0.9999999999999994,0.85,True,True,False,EXEMPT_FLAGGED
Glasser,3,pca_pls,pca_pls,bv+demo,age,0.9999999999999994,0.85,True,True,False,EXEMPT_FLAGGED
Glasser,4,pca_pls,pca_pls,pred_SC+bv+demo,age,0.9999999999999994,0.85,True,True,False,EXEMPT_FLAGGED
Glasser,4,pca_pls,pca_pls,pred_FC+bv+demo,age,0.9999999999999994,0.85,True,True,False,EXEMPT_FLAGGED
Glasser,7,bayesian_ridge,bayesian_ridge,pred_SC+bv+demo,age,0.9999999999999994,0.85,True,True,False,EXEMPT_FLAGGED
4S456Parcels,0,pca_pls,pca_pls,pred_SC+bv+demo,age,0.9999999999999992,0.85,True,True,False,EXEMPT_FLAGGED
4S456Parcels,0,bayesian_ridge,bayesian_ridge,pred_SC+bv+demo,age,0.9999999999999992,0.85,True,True,False,EXEMPT_FLAGGED
4S456Parcels,0,bayesian_ridge,bayesian_ridge,pred_FC+bv+demo,age,0.9999999999999992,0.85,True,True,False,EXEMPT_FLAGGED
4S456Parcels,2,pca_pls,pca_pls,pred_SC+bv+demo,age,0.9999999999999992,0.85,True,True,False,EXEMPT_FLAGGED
4S456Parcels,2,bayesian_ridge,bayesian_ridge,pred_FC+bv+demo,age,0.9999999999999992,0.85,True,True,False,EXEMPT_FLAGGED
4S456Parcels,3,pca_pls,pca_pls,pred_FC+bv+demo,age,0.9999999999999992,0.85,True,True,False,EXEMPT_FLAGGED
4S456Parcels,5,pca_pls,pca_pls,pred_SC+bv+demo,age,0.9999999999999992,0.85,True,True,False,EXEMPT_FLAGGED
4S456Parcels,5,pca_pls,pca_pls,pred_FC+bv+demo,age,0.9999999999999992,0.85,True,True,False,EXEMPT_FLAGGED
4S456Parcels,5,bayesian_ridge,bayesian_ridge,pred_SC+bv+demo,age,0.9999999999999992,0.85,True,True,False,EXEMPT_FLAGGED
4S456Parcels,7,pca_pls,pca_pls,bv+demo,age,0.9999999999999992,0.85,True,True,False,EXEMPT_FLAGGED
4S456Parcels,7,bayesian_ridge,bayesian_ridge,pred_SC+bv+demo,age,0.9999999999999992,0.85,True,True,False,EXEMPT_FLAGGED
4S456Parcels,8,bayesian_ridge,bayesian_ridge,pred_SC+bv+demo,age,0.9999999999999992,0.85,True,True,False,EXEMPT_FLAGGED
Glasser,0,pca_pls,pca_pls,pred_SC+bv+demo,age,0.9999999999999992,0.85,True,True,False,EXEMPT_FLAGGED
Glasser,0,bayesian_ridge,bayesian_ridge,pred_FC+bv+demo,age,0.9999999999999992,0.85,True,True,False,EXEMPT_FLAGGED
Glasser,2,pca_pls,pca_pls,pred_SC+bv+demo,age,0.9999999999999992,0.85,True,True,False,EXEMPT_FLAGGED
Glasser,2,pca_pls,pca_pls,pred_FC+bv+demo,age,0.9999999999999992,0.85,True,True,False,EXEMPT_FLAGGED
Glasser,2,bayesian_ridge,bayesian_ridge,pred_SC+bv+demo,age,0.9999999999999992,0.85,True,True,False,EXEMPT_FLAGGED
Glasser,2,bayesian_ridge,bayesian_ridge,pred_FC+bv+demo,age,0.9999999999999992,0.85,True,True,False,EXEMPT_FLAGGED
Glasser,3,pca_pls,pca_pls,pred_FC+bv+demo,age,0.9999999999999992,0.85,True,True,False,EXEMPT_FLAGGED
Glasser,5,pca_pls,pca_pls,pred_FC+bv+demo,age,0.9999999999999992,0.85,True,True,False,EXEMPT_FLAGGED
Glasser,5,bayesian_ridge,bayesian_ridge,pred_FC+bv+demo,age,0.9999999999999992,0.85,True,True,False,EXEMPT_FLAGGED
Glasser,6,bayesian_ridge,bayesian_ridge,pred_SC+bv+demo,age,0.9999999999999992,0.85,True,True,False,EXEMPT_FLAGGED
Glasser,7,pca_pls,pca_pls,bv+demo,age,0.9999999999999992,0.85,True,True,False,EXEMPT_FLAGGED
Glasser,7,pca_pls,pca_pls,pred_FC+bv+demo,age,0.9999999999999992,0.85,True,True,False,EXEMPT_FLAGGED
Glasser,8,bayesian_ridge,bayesian_ridge,pred_SC+bv+demo,age,0.9999999999999992,0.85,True,True,False,EXEMPT_FLAGGED
4S456Parcels,1,bayesian_ridge,bayesian_ridge,pred_SC+bv+demo,age,0.999999999999999,0.85,True,True,False,EXEMPT_FLAGGED
4S456Parcels,2,pca_pls,pca_pls,pred_FC+bv+demo,age,0.999999999999999,0.85,True,True,False,EXEMPT_FLAGGED
4S456Parcels,6,bayesian_ridge,bayesian_ridge,pred_SC+bv+demo,age,0.999999999999999,0.85,True,True,False,EXEMPT_FLAGGED
4S456Parcels,8,bayesian_ridge,bayesian_ridge,pred_FC+bv+demo,age,0.999999999999999,0.85,True,True,False,EXEMPT_FLAGGED
Glasser,0,pca_pls,pca_pls,pred_FC+bv+demo,age,0.999999999999999,0.85,True,True,False,EXEMPT_FLAGGED
Glasser,1,bayesian_ridge,bayesian_ridge,pred_FC+bv+demo,age,0.999999999999999,0.85,True,True,False,EXEMPT_FLAGGED
Glasser,5,pca_pls,pca_pls,pred_SC+bv+demo,age,0.999999999999999,0.85,True,True,False,EXEMPT_FLAGGED
Glasser,6,bayesian_ridge,bayesian_ridge,pred_FC+bv+demo,age,0.999999999999999,0.85,True,True,False,EXEMPT_FLAGGED
4S456Parcels,0,pca_pls,pca_pls,pred_FC+bv+demo,age,0.9999999999999988,0.85,True,True,False,EXEMPT_FLAGGED
4S456Parcels,1,pca_pls,pca_pls,pred_FC+bv+demo,age,0.9999999999999988,0.85,True,True,False,EXEMPT_FLAGGED
4S456Parcels,1,bayesian_ridge,bayesian_ridge,pred_FC+bv+demo,age,0.9999999999999988,0.85,True,True,False,EXEMPT_FLAGGED
4S456Parcels,6,bayesian_ridge,bayesian_ridge,pred_FC+bv+demo,age,0.9999999999999988,0.85,True,True,False,EXEMPT_FLAGGED
4S456Parcels,7,pca_pls,pca_pls,pred_SC+bv+demo,age,0.9999999999999988,0.85,True,True,False,EXEMPT_FLAGGED
4S456Parcels,7,pca_pls,pca_pls,pred_FC+bv+demo,age,0.9999999999999988,0.85,True,True,False,EXEMPT_FLAGGED
4S456Parcels,8,pca_pls,pca_pls,pred_FC+bv+demo,age,0.9999999999999988,0.85,True,True,False,EXEMPT_FLAGGED
Glasser,1,pca_pls,pca_pls,pred_SC+bv+demo,age,0.9999999999999988,0.85,True,True,False,EXEMPT_FLAGGED
Glasser,1,pca_pls,pca_pls,pred_FC+bv+demo,age,0.9999999999999988,0.85,True,True,False,EXEMPT_FLAGGED
Glasser,1,bayesian_ridge,bayesian_ridge,pred_SC+bv+demo,age,0.9999999999999988,0.85,True,True,False,EXEMPT_FLAGGED
Glasser,7,pca_pls,pca_pls,pred_SC+bv+demo,age,0.9999999999999988,0.85,True,True,False,EXEMPT_FLAGGED
Glasser,8,pca_pls,pca_pls,pred_SC+bv+demo,age,0.9999999999999988,0.85,True,True,False,EXEMPT_FLAGGED
Glasser,8,pca_pls,pca_pls,pred_FC+bv+demo,age,0.9999999999999988,0.85,True,True,False,EXEMPT_FLAGGED
Glasser,8,bayesian_ridge,bayesian_ridge,pred_FC+bv+demo,age,0.9999999999999988,0.85,True,True,False,EXEMPT_FLAGGED
4S456Parcels,1,pca_pls,pca_pls,pred_SC+bv+demo,age,0.9999999999999986,0.85,True,True,False,EXEMPT_FLAGGED
4S456Parcels,9,pca_pls,pca_pls,pred_SC+bv+demo,age,0.999999999999998,0.85,True,True,False,EXEMPT_FLAGGED
4S456Parcels,8,pca_pls,pca_pls,bv+demo,age,0.9999999999999976,0.85,True,True,False,EXEMPT_FLAGGED
Glasser,8,pca_pls,pca_pls,bv+demo,age,0.9999999999999976,0.85,True,True,False,EXEMPT_FLAGGED
4S456Parcels,9,pca_pls,pca_pls,pred_FC+bv+demo,age,0.9999999999999954,0.85,True,True,False,EXEMPT_FLAGGED
Glasser,6,pca_pls,pca_pls,pred_SC+bv+demo,age,0.99999999999998,0.85,True,True,False,EXEMPT_FLAGGED
Glasser,9,pca_pls,pca_pls,pred_SC+bv+demo,age,0.999999999999974,0.85,True,True,False,EXEMPT_FLAGGED
4S456Parcels,8,pca_pls,pca_pls,pred_SC+bv+demo,age,0.9999999999999676,0.85,True,True,False,EXEMPT_FLAGGED
4S456Parcels,9,pca_pls,pca_pls,bv+demo,age,0.9999999999999468,0.85,True,True,False,EXEMPT_FLAGGED
Glasser,9,pca_pls,pca_pls,bv+demo,age,0.9999999999999468,0.85,True,True,False,EXEMPT_FLAGGED
4S456Parcels,6,pca_pls,pca_pls,pred_SC+bv+demo,age,0.9999999999998428,0.85,True,True,False,EXEMPT_FLAGGED
4S456Parcels,1,pca_pls,pca_pls,bv+demo,age,0.9999999999991874,0.85,True,True,False,EXEMPT_FLAGGED
Glasser,1,pca_pls,pca_pls,bv+demo,age,0.9999999999991874,0.85,True,True,False,EXEMPT_FLAGGED
Glasser,6,pca_pls,pca_pls,pred_FC+bv+demo,age,0.9999999999900124,0.85,True,True,False,EXEMPT_FLAGGED
Glasser,3,pca_pls,pca_pls,pred_SC+bv+demo,age,0.9999999999788038,0.85,True,True,False,EXEMPT_FLAGGED
4S456Parcels,6,pca_pls,pca_pls,pred_FC+bv+demo,age,0.9999999996857896,0.85,True,True,False,EXEMPT_FLAGGED
4S456Parcels,5,pca_pls,pca_pls,bv+demo,age,0.9999999990132844,0.85,True,True,False,EXEMPT_FLAGGED
Glasser,5,pca_pls,pca_pls,bv+demo,age,0.9999999990132844,0.85,True,True,False,EXEMPT_FLAGGED
4S456Parcels,3,kernel_ridge,"kernel_ridge[alpha=0.1,gamma_mult=0.5]",pred_FC+bv+demo,age,0.9865026848385784,0.85,True,True,False,EXEMPT_FLAGGED
4S456Parcels,0,kernel_ridge,"kernel_ridge[alpha=0.1,gamma_mult=0.5]",bv+demo,age,0.9856232893158756,0.85,True,True,False,EXEMPT_FLAGGED
Glasser,0,kernel_ridge,"kernel_ridge[alpha=0.1,gamma_mult=0.5]",bv+demo,age,0.9856232893158756,0.85,True,True,False,EXEMPT_FLAGGED
4S456Parcels,5,kernel_ridge,"kernel_ridge[alpha=0.1,gamma_mult=0.5]",pred_SC+bv+demo,age,0.9849038277227802,0.85,True,True,False,EXEMPT_FLAGGED
4S456Parcels,9,kernel_ridge,"kernel_ridge[alpha=0.1,gamma_mult=0.5]",pred_FC+bv+demo,age,0.9848821989784422,0.85,True,True,False,EXEMPT_FLAGGED
4S456Parcels,3,kernel_ridge,"kernel_ridge[alpha=0.1,gamma_mult=0.5]",pred_SC+bv+demo,age,0.9832476425755656,0.85,True,True,False,EXEMPT_FLAGGED
Glasser,3,kernel_ridge,"kernel_ridge[alpha=0.1,gamma_mult=0.5]",pred_FC+bv+demo,age,0.9830333623142792,0.85,True,True,False,EXEMPT_FLAGGED
4S456Parcels,9,kernel_ridge,"kernel_ridge[alpha=0.1,gamma_mult=0.5]",pred_SC+bv+demo,age,0.9829050550651136,0.85,True,True,False,EXEMPT_FLAGGED
Glasser,0,kernel_ridge,"kernel_ridge[alpha=0.1,gamma_mult=0.5]",pred_FC+bv+demo,age,0.9825814789995794,0.85,True,True,False,EXEMPT_FLAGGED
Glasser,5,kernel_ridge,"kernel_ridge[alpha=0.1,gamma_mult=0.5]",pred_FC+bv+demo,age,0.9825120503308202,0.85,True,True,False,EXEMPT_FLAGGED
4S456Parcels,5,kernel_ridge,"kernel_ridge[alpha=0.1,gamma_mult=0.5]",pred_FC+bv+demo,age,0.98249702170542,0.85,True,True,False,EXEMPT_FLAGGED
Glasser,3,kernel_ridge,"kernel_ridge[alpha=0.1,gamma_mult=0.5]",pred_SC+bv+demo,age,0.9824947496414188,0.85,True,True,False,EXEMPT_FLAGGED
4S456Parcels,0,kernel_ridge,"kernel_ridge[alpha=0.1,gamma_mult=0.5]",pred_FC+bv+demo,age,0.98247897885543,0.85,True,True,False,EXEMPT_FLAGGED
4S456Parcels,4,kernel_ridge,"kernel_ridge[alpha=0.1,gamma_mult=0.5]",pred_SC+bv+demo,age,0.9822312732318592,0.85,True,True,False,EXEMPT_FLAGGED
4S456Parcels,1,kernel_ridge,"kernel_ridge[alpha=0.1,gamma_mult=0.5]",pred_FC+bv+demo,age,0.9819633547382786,0.85,True,True,False,EXEMPT_FLAGGED
Glasser,5,kernel_ridge,"kernel_ridge[alpha=0.1,gamma_mult=0.5]",pred_SC+bv+demo,age,0.9817855715978284,0.85,True,True,False,EXEMPT_FLAGGED
Glasser,4,kernel_ridge,"kernel_ridge[alpha=0.1,gamma_mult=0.5]",pred_FC+bv+demo,age,0.9813990690257364,0.85,True,True,False,EXEMPT_FLAGGED
Glasser,9,kernel_ridge,"kernel_ridge[alpha=0.1,gamma_mult=0.5]",pred_SC+bv+demo,age,0.9812067864514518,0.85,True,True,False,EXEMPT_FLAGGED
4S456Parcels,4,kernel_ridge,"kernel_ridge[alpha=0.1,gamma_mult=0.5]",pred_FC+bv+demo,age,0.9808527552115696,0.85,True,True,False,EXEMPT_FLAGGED
Glasser,9,kernel_ridge,"kernel_ridge[alpha=0.1,gamma_mult=0.5]",pred_FC+bv+demo,age,0.9807197968097248,0.85,True,True,False,EXEMPT_FLAGGED
4S456Parcels,5,kernel_ridge,"kernel_ridge[alpha=0.1,gamma_mult=0.5]",bv+demo,age,0.9807069057120296,0.85,True,True,False,EXEMPT_FLAGGED
Glasser,5,kernel_ridge,"kernel_ridge[alpha=0.1,gamma_mult=0.5]",bv+demo,age,0.9807069057120296,0.85,True,True,False,EXEMPT_FLAGGED
Glasser,0,kernel_ridge,"kernel_ridge[alpha=0.1,gamma_mult=0.5]",pred_SC+bv+demo,age,0.980667145138176,0.85,True,True,False,EXEMPT_FLAGGED
Glasser,4,kernel_ridge,"kernel_ridge[alpha=0.1,gamma_mult=0.5]",pred_SC+bv+demo,age,0.9805172254442532,0.85,True,True,False,EXEMPT_FLAGGED
4S456Parcels,6,kernel_ridge,"kernel_ridge[alpha=0.1,gamma_mult=0.5]",bv+demo,age,0.980301600836652,0.85,True,True,False,EXEMPT_FLAGGED
Glasser,6,kernel_ridge,"kernel_ridge[alpha=0.1,gamma_mult=0.5]",bv+demo,age,0.980301600836652,0.85,True,True,False,EXEMPT_FLAGGED
4S456Parcels,2,kernel_ridge,"kernel_ridge[alpha=0.1,gamma_mult=0.5]",pred_FC+bv+demo,age,0.9800460819877328,0.85,True,True,False,EXEMPT_FLAGGED
4S456Parcels,6,kernel_ridge,"kernel_ridge[alpha=0.1,gamma_mult=0.5]",pred_SC+bv+demo,age,0.97990789779485,0.85,True,True,False,EXEMPT_FLAGGED
Glasser,6,kernel_ridge,"kernel_ridge[alpha=0.1,gamma_mult=0.5]",pred_FC+bv+demo,age,0.9797392664825944,0.85,True,True,False,EXEMPT_FLAGGED
4S456Parcels,0,kernel_ridge,"kernel_ridge[alpha=0.1,gamma_mult=0.5]",pred_SC+bv+demo,age,0.9794949759047082,0.85,True,True,False,EXEMPT_FLAGGED
Glasser,1,kernel_ridge,"kernel_ridge[alpha=0.1,gamma_mult=0.5]",pred_SC+bv+demo,age,0.9779634879433232,0.85,True,True,False,EXEMPT_FLAGGED
Glasser,6,kernel_ridge,"kernel_ridge[alpha=0.1,gamma_mult=0.5]",pred_SC+bv+demo,age,0.9772636821604672,0.85,True,True,False,EXEMPT_FLAGGED
4S456Parcels,9,kernel_ridge,"kernel_ridge[alpha=0.1,gamma_mult=0.5]",bv+demo,age,0.9767326104345329,0.85,True,True,False,EXEMPT_FLAGGED
Glasser,9,kernel_ridge,"kernel_ridge[alpha=0.1,gamma_mult=0.5]",bv+demo,age,0.9767326104345329,0.85,True,True,False,EXEMPT_FLAGGED
4S456Parcels,1,kernel_ridge,"kernel_ridge[alpha=0.1,gamma_mult=0.5]",pred_SC+bv+demo,age,0.9766378046769418,0.85,True,True,False,EXEMPT_FLAGGED
Glasser,2,kernel_ridge,"kernel_ridge[alpha=0.1,gamma_mult=0.5]",pred_SC+bv+demo,age,0.9758873839832044,0.85,True,True,False,EXEMPT_FLAGGED
Glasser,7,kernel_ridge,"kernel_ridge[alpha=0.1,gamma_mult=0.5]",pred_SC+bv+demo,age,0.9754494623955744,0.85,True,True,False,EXEMPT_FLAGGED
4S456Parcels,6,kernel_ridge,"kernel_ridge[alpha=0.1,gamma_mult=0.5]",pred_FC+bv+demo,age,0.9754329401086564,0.85,True,True,False,EXEMPT_FLAGGED
Glasser,2,kernel_ridge,"kernel_ridge[alpha=0.1,gamma_mult=0.5]",pred_FC+bv+demo,age,0.974922092226341,0.85,True,True,False,EXEMPT_FLAGGED
Glasser,7,kernel_ridge,"kernel_ridge[alpha=0.1,gamma_mult=0.5]",pred_FC+bv+demo,age,0.9748669052305003,0.85,True,True,False,EXEMPT_FLAGGED
4S456Parcels,2,kernel_ridge,"kernel_ridge[alpha=0.1,gamma_mult=0.5]",pred_SC+bv+demo,age,0.9734616646625972,0.85,True,True,False,EXEMPT_FLAGGED
4S456Parcels,7,kernel_ridge,"kernel_ridge[alpha=0.1,gamma_mult=0.5]",pred_SC+bv+demo,age,0.9723749183118644,0.85,True,True,False,EXEMPT_FLAGGED
4S456Parcels,4,kernel_ridge,"kernel_ridge[alpha=0.1,gamma_mult=0.5]",bv+demo,age,0.972062527458494,0.85,True,True,False,EXEMPT_FLAGGED
Glasser,4,kernel_ridge,"kernel_ridge[alpha=0.1,gamma_mult=0.5]",bv+demo,age,0.972062527458494,0.85,True,True,False,EXEMPT_FLAGGED
Glasser,1,kernel_ridge,"kernel_ridge[alpha=0.1,gamma_mult=0.5]",pred_FC+bv+demo,age,0.9714940459463248,0.85,True,True,False,EXEMPT_FLAGGED
4S456Parcels,7,kernel_ridge,"kernel_ridge[alpha=0.1,gamma_mult=0.5]",pred_FC+bv+demo,age,0.9708895884545852,0.85,True,True,False,EXEMPT_FLAGGED
4S456Parcels,3,kernel_ridge,"kernel_ridge[alpha=0.1,gamma_mult=0.5]",bv+demo,age,0.9703480460686666,0.85,True,True,False,EXEMPT_FLAGGED
Glasser,3,kernel_ridge,"kernel_ridge[alpha=0.1,gamma_mult=0.5]",bv+demo,age,0.9703480460686666,0.85,True,True,False,EXEMPT_FLAGGED
4S456Parcels,0,kernel_ridge,"kernel_ridge[alpha=0.1,gamma_mult=1.0]",bv+demo,age,0.9659271149145928,0.85,True,True,False,EXEMPT_FLAGGED
Glasser,0,kernel_ridge,"kernel_ridge[alpha=0.1,gamma_mult=1.0]",bv+demo,age,0.9659271149145928,0.85,True,True,False,EXEMPT_FLAGGED
4S456Parcels,7,kernel_ridge,"kernel_ridge[alpha=0.1,gamma_mult=0.5]",bv+demo,age,0.964716787027562,0.85,True,True,False,EXEMPT_FLAGGED
Glasser,7,kernel_ridge,"kernel_ridge[alpha=0.1,gamma_mult=0.5]",bv+demo,age,0.964716787027562,0.85,True,True,False,EXEMPT_FLAGGED
4S456Parcels,1,kernel_ridge,"kernel_ridge[alpha=0.1,gamma_mult=0.5]",bv+demo,age,0.9595998391378848,0.85,True,True,False,EXEMPT_FLAGGED
Glasser,1,kernel_ridge,"kernel_ridge[alpha=0.1,gamma_mult=0.5]",bv+demo,age,0.9595998391378848,0.85,True,True,False,EXEMPT_FLAGGED
4S456Parcels,6,kernel_ridge,"kernel_ridge[alpha=0.1,gamma_mult=1.0]",bv+demo,age,0.9555011795782412,0.85,True,True,False,EXEMPT_FLAGGED
Glasser,6,kernel_ridge,"kernel_ridge[alpha=0.1,gamma_mult=1.0]",bv+demo,age,0.9555011795782412,0.85,True,True,False,EXEMPT_FLAGGED
4S456Parcels,3,kernel_ridge,"kernel_ridge[alpha=0.1,gamma_mult=1.0]",pred_FC+bv+demo,age,0.9527571357751298,0.85,True,True,False,EXEMPT_FLAGGED
4S456Parcels,5,kernel_ridge,"kernel_ridge[alpha=0.1,gamma_mult=1.0]",bv+demo,age,0.952637877055356,0.85,True,True,False,EXEMPT_FLAGGED
Glasser,5,kernel_ridge,"kernel_ridge[alpha=0.1,gamma_mult=1.0]",bv+demo,age,0.952637877055356,0.85,True,True,False,EXEMPT_FLAGGED
4S456Parcels,2,kernel_ridge,"kernel_ridge[alpha=0.1,gamma_mult=0.5]",bv+demo,age,0.9483067554823088,0.85,True,True,False,EXEMPT_FLAGGED
Glasser,2,kernel_ridge,"kernel_ridge[alpha=0.1,gamma_mult=0.5]",bv+demo,age,0.9483067554823088,0.85,True,True,False,EXEMPT_FLAGGED
4S456Parcels,9,kernel_ridge,"kernel_ridge[alpha=0.1,gamma_mult=1.0]",pred_FC+bv+demo,age,0.946319903694927,0.85,True,True,False,EXEMPT_FLAGGED
4S456Parcels,5,kernel_ridge,"kernel_ridge[alpha=0.1,gamma_mult=1.0]",pred_SC+bv+demo,age,0.9458774851473416,0.85,True,True,False,EXEMPT_FLAGGED
4S456Parcels,9,kernel_ridge,"kernel_ridge[alpha=0.1,gamma_mult=1.0]",bv+demo,age,0.9417858897644712,0.85,True,True,False,EXEMPT_FLAGGED
Glasser,9,kernel_ridge,"kernel_ridge[alpha=0.1,gamma_mult=1.0]",bv+demo,age,0.9417858897644712,0.85,True,True,False,EXEMPT_FLAGGED
Glasser,3,kernel_ridge,"kernel_ridge[alpha=0.1,gamma_mult=1.0]",pred_FC+bv+demo,age,0.9411264015459468,0.85,True,True,False,EXEMPT_FLAGGED
Glasser,9,pca_pls,pca_pls,obs_SC+bv+demo,age,0.9409690672451148,0.85,True,True,False,EXEMPT_FLAGGED
Glasser,3,pca_pls,pca_pls,obs_SC+bv+demo,age,0.9400598544556332,0.85,True,True,False,EXEMPT_FLAGGED
4S456Parcels,3,kernel_ridge,"kernel_ridge[alpha=0.1,gamma_mult=1.0]",pred_SC+bv+demo,age,0.9399600604933964,0.85,True,True,False,EXEMPT_FLAGGED
Glasser,3,bayesian_ridge,bayesian_ridge,obs_SC+bv+demo,age,0.9395386876633536,0.85,True,True,False,EXEMPT_FLAGGED
4S456Parcels,5,kernel_ridge,"kernel_ridge[alpha=0.1,gamma_mult=1.0]",pred_FC+bv+demo,age,0.9392466707536438,0.85,True,True,False,EXEMPT_FLAGGED
4S456Parcels,0,kernel_ridge,"kernel_ridge[alpha=0.1,gamma_mult=1.0]",pred_FC+bv+demo,age,0.9387740850759584,0.85,True,True,False,EXEMPT_FLAGGED
Glasser,3,kernel_ridge,"kernel_ridge[alpha=0.1,gamma_mult=1.0]",pred_SC+bv+demo,age,0.9381015529865856,0.85,True,True,False,EXEMPT_FLAGGED
4S456Parcels,9,kernel_ridge,"kernel_ridge[alpha=0.1,gamma_mult=1.0]",pred_SC+bv+demo,age,0.9378181064520478,0.85,True,True,False,EXEMPT_FLAGGED
4S456Parcels,8,kernel_ridge,"kernel_ridge[alpha=0.1,gamma_mult=0.5]",pred_FC+bv+demo,age,0.9373352594713836,0.85,True,True,False,EXEMPT_FLAGGED
Glasser,5,kernel_ridge,"kernel_ridge[alpha=0.1,gamma_mult=1.0]",pred_FC+bv+demo,age,0.9371349104881632,0.85,True,True,False,EXEMPT_FLAGGED
Glasser,6,kernel_ridge,"kernel_ridge[alpha=0.1,gamma_mult=1.0]",pred_FC+bv+demo,age,0.9371206306822564,0.85,True,True,False,EXEMPT_FLAGGED
Glasser,9,bayesian_ridge,bayesian_ridge,obs_SC+bv+demo,age,0.937036910036098,0.85,True,True,False,EXEMPT_FLAGGED
4S456Parcels,1,kernel_ridge,"kernel_ridge[alpha=0.1,gamma_mult=1.0]",pred_FC+bv+demo,age,0.9368944313918988,0.85,True,True,False,EXEMPT_FLAGGED
Glasser,0,kernel_ridge,"kernel_ridge[alpha=0.1,gamma_mult=1.0]",pred_FC+bv+demo,age,0.936730597496276,0.85,True,True,False,EXEMPT_FLAGGED
4S456Parcels,4,kernel_ridge,"kernel_ridge[alpha=0.1,gamma_mult=1.0]",pred_SC+bv+demo,age,0.9356753789308474,0.85,True,True,False,EXEMPT_FLAGGED
Glasser,0,kernel_ridge,"kernel_ridge[alpha=0.1,gamma_mult=1.0]",pred_SC+bv+demo,age,0.9351033790925652,0.85,True,True,False,EXEMPT_FLAGGED
Glasser,8,kernel_ridge,"kernel_ridge[alpha=0.1,gamma_mult=0.5]",pred_FC+bv+demo,age,0.9349777596414476,0.85,True,True,False,EXEMPT_FLAGGED
4S456Parcels,4,kernel_ridge,"kernel_ridge[alpha=0.1,gamma_mult=1.0]",bv+demo,age,0.9347363550016292,0.85,True,True,False,EXEMPT_FLAGGED
Glasser,4,kernel_ridge,"kernel_ridge[alpha=0.1,gamma_mult=1.0]",bv+demo,age,0.9347363550016292,0.85,True,True,False,EXEMPT_FLAGGED
Glasser,1,pca_pls,pca_pls,obs_SC+bv+demo,age,0.934445539336018,0.85,True,True,False,EXEMPT_FLAGGED
Glasser,9,kernel_ridge,"kernel_ridge[alpha=0.1,gamma_mult=1.0]",pred_SC+bv+demo,age,0.9334584995016704,0.85,True,True,False,EXEMPT_FLAGGED
Glasser,5,kernel_ridge,"kernel_ridge[alpha=0.1,gamma_mult=1.0]",pred_SC+bv+demo,age,0.9334312374239944,0.85,True,True,False,EXEMPT_FLAGGED
4S456Parcels,8,kernel_ridge,"kernel_ridge[alpha=0.1,gamma_mult=0.5]",pred_SC+bv+demo,age,0.9322178359623164,0.85,True,True,False,EXEMPT_FLAGGED
Glasser,1,bayesian_ridge,bayesian_ridge,obs_SC+bv+demo,age,0.932209218684413,0.85,True,True,False,EXEMPT_FLAGGED
Glasser,4,kernel_ridge,"kernel_ridge[alpha=0.1,gamma_mult=1.0]",pred_FC+bv+demo,age,0.932008395819146,0.85,True,True,False,EXEMPT_FLAGGED
Glasser,9,kernel_ridge,"kernel_ridge[alpha=0.1,gamma_mult=1.0]",pred_FC+bv+demo,age,0.9319661216622152,0.85,True,True,False,EXEMPT_FLAGGED
4S456Parcels,4,kernel_ridge,"kernel_ridge[alpha=0.1,gamma_mult=1.0]",pred_FC+bv+demo,age,0.931535340380926,0.85,True,True,False,EXEMPT_FLAGGED
Glasser,3,kernel_ridge,"kernel_ridge[alpha=0.1,gamma_mult=0.5]",obs_SC+bv+demo,age,0.9312033650453332,0.85,True,True,False,EXEMPT_FLAGGED
4S456Parcels,6,kernel_ridge,"kernel_ridge[alpha=0.1,gamma_mult=1.0]",pred_SC+bv+demo,age,0.9309493756279512,0.85,True,True,False,EXEMPT_FLAGGED
Glasser,8,kernel_ridge,"kernel_ridge[alpha=0.1,gamma_mult=0.5]",pred_SC+bv+demo,age,0.9307750600741704,0.85,True,True,False,EXEMPT_FLAGGED
4S456Parcels,3,kernel_ridge,"kernel_ridge[alpha=1.0,gamma_mult=0.5]",pred_FC+bv+demo,age,0.9304528853277184,0.85,True,True,False,EXEMPT_FLAGGED
Glasser,9,kernel_ridge,"kernel_ridge[alpha=0.1,gamma_mult=0.5]",obs_SC+bv+demo,age,0.9302025701537254,0.85,True,True,False,EXEMPT_FLAGGED
Glasser,3,kernel_ridge,"kernel_ridge[alpha=1.0,gamma_mult=0.5]",obs_SC+bv+demo,age,0.9301493005319302,0.85,True,True,False,EXEMPT_FLAGGED
4S456Parcels,0,kernel_ridge,"kernel_ridge[alpha=0.1,gamma_mult=1.0]",pred_SC+bv+demo,age,0.9295785117093855,0.85,True,True,False,EXEMPT_FLAGGED
4S456Parcels,2,kernel_ridge,"kernel_ridge[alpha=0.1,gamma_mult=1.0]",pred_FC+bv+demo,age,0.9292399323095116,0.85,True,True,False,EXEMPT_FLAGGED
4S456Parcels,5,kernel_ridge,"kernel_ridge[alpha=1.0,gamma_mult=0.5]",bv+demo,age,0.9283919022837662,0.85,True,True,False,EXEMPT_FLAGGED
Glasser,5,kernel_ridge,"kernel_ridge[alpha=1.0,gamma_mult=0.5]",bv+demo,age,0.9283919022837662,0.85,True,True,False,EXEMPT_FLAGGED
Glasser,6,pca_pls,pca_pls,obs_SC+bv+demo,age,0.9279770002542544,0.85,True,True,False,EXEMPT_FLAGGED
Glasser,4,kernel_ridge,"kernel_ridge[alpha=0.1,gamma_mult=1.0]",pred_SC+bv+demo,age,0.92765015893479,0.85,True,True,False,EXEMPT_FLAGGED
4S456Parcels,0,kernel_ridge,"kernel_ridge[alpha=1.0,gamma_mult=0.5]",bv+demo,age,0.9271196964639402,0.85,True,True,False,EXEMPT_FLAGGED
Glasser,0,kernel_ridge,"kernel_ridge[alpha=1.0,gamma_mult=0.5]",bv+demo,age,0.9271196964639402,0.85,True,True,False,EXEMPT_FLAGGED
Glasser,8,pca_pls,pca_pls,obs_SC+bv+demo,age,0.926546323283046,0.85,True,True,False,EXEMPT_FLAGGED
Glasser,6,kernel_ridge,"kernel_ridge[alpha=0.1,gamma_mult=1.0]",pred_SC+bv+demo,age,0.924931582613326,0.85,True,True,False,EXEMPT_FLAGGED
Glasser,1,kernel_ridge,"kernel_ridge[alpha=0.1,gamma_mult=0.5]",obs_SC+bv+demo,age,0.9240818151833516,0.85,True,True,False,EXEMPT_FLAGGED
Glasser,6,bayesian_ridge,bayesian_ridge,obs_SC+bv+demo,age,0.9238627926811568,0.85,True,True,False,EXEMPT_FLAGGED
Glasser,1,kernel_ridge,"kernel_ridge[alpha=0.1,gamma_mult=1.0]",pred_SC+bv+demo,age,0.9237922471463648,0.85,True,True,False,EXEMPT_FLAGGED
Glasser,5,pca_pls,pca_pls,obs_SC+bv+demo,age,0.9233594301369372,0.85,True,True,False,EXEMPT_FLAGGED
Glasser,9,kernel_ridge,"kernel_ridge[alpha=1.0,gamma_mult=0.5]",obs_SC+bv+demo,age,0.9228385353293168,0.85,True,True,False,EXEMPT_FLAGGED
4S456Parcels,3,kernel_ridge,"kernel_ridge[alpha=0.1,gamma_mult=1.0]",bv+demo,age,0.9226545029651048,0.85,True,True,False,EXEMPT_FLAGGED
Glasser,3,kernel_ridge,"kernel_ridge[alpha=0.1,gamma_mult=1.0]",bv+demo,age,0.9226545029651048,0.85,True,True,False,EXEMPT_FLAGGED
4S456Parcels,5,kernel_ridge,"kernel_ridge[alpha=1.0,gamma_mult=0.5]",pred_SC+bv+demo,age,0.9222589808662552,0.85,True,True,False,EXEMPT_FLAGGED
Glasser,8,bayesian_ridge,bayesian_ridge,obs_SC+bv+demo,age,0.9219122478857252,0.85,True,True,False,EXEMPT_FLAGGED
Glasser,4,pca_pls,pca_pls,obs_SC+bv+demo,age,0.92145450032453,0.85,True,True,False,EXEMPT_FLAGGED
Glasser,7,kernel_ridge,"kernel_ridge[alpha=0.1,gamma_mult=1.0]",pred_FC+bv+demo,age,0.9208672334758844,0.85,True,True,False,EXEMPT_FLAGGED
4S456Parcels,9,kernel_ridge,"kernel_ridge[alpha=1.0,gamma_mult=0.5]",pred_FC+bv+demo,age,0.9207216387423828,0.85,True,True,False,EXEMPT_FLAGGED
Glasser,2,kernel_ridge,"kernel_ridge[alpha=0.1,gamma_mult=0.5]",obs_SC+bv+demo,age,0.919439484238679,0.85,True,True,False,EXEMPT_FLAGGED
Glasser,4,bayesian_ridge,bayesian_ridge,obs_SC+bv+demo,age,0.917918756737984,0.85,True,True,False,EXEMPT_FLAGGED
Glasser,7,kernel_ridge,"kernel_ridge[alpha=0.1,gamma_mult=1.0]",pred_SC+bv+demo,age,0.9178788646255048,0.85,True,True,False,EXEMPT_FLAGGED
4S456Parcels,1,kernel_ridge,"kernel_ridge[alpha=0.1,gamma_mult=1.0]",pred_SC+bv+demo,age,0.9168464400590892,0.85,True,True,False,EXEMPT_FLAGGED
Glasser,2,kernel_ridge,"kernel_ridge[alpha=0.1,gamma_mult=1.0]",pred_FC+bv+demo,age,0.9167431428528278,0.85,True,True,False,EXEMPT_FLAGGED
Glasser,2,bayesian_ridge,bayesian_ridge,obs_SC+bv+demo,age,0.9167125495064218,0.85,True,True,False,EXEMPT_FLAGGED
4S456Parcels,6,kernel_ridge,"kernel_ridge[alpha=0.1,gamma_mult=1.0]",pred_FC+bv+demo,age,0.9164556598738356,0.85,True,True,False,EXEMPT_FLAGGED
Glasser,5,bayesian_ridge,bayesian_ridge,obs_SC+bv+demo,age,0.9161721969302384,0.85,True,True,False,EXEMPT_FLAGGED
Glasser,0,bayesian_ridge,bayesian_ridge,obs_SC+bv+demo,age,0.9160883041439524,0.85,True,True,False,EXEMPT_FLAGGED
Glasser,6,kernel_ridge,"kernel_ridge[alpha=0.1,gamma_mult=0.5]",obs_SC+bv+demo,age,0.9159964657640473,0.85,True,True,False,EXEMPT_FLAGGED
4S456Parcels,1,kernel_ridge,"kernel_ridge[alpha=0.1,gamma_mult=1.0]",bv+demo,age,0.9155369587966602,0.85,True,True,False,EXEMPT_FLAGGED
Glasser,1,kernel_ridge,"kernel_ridge[alpha=0.1,gamma_mult=1.0]",bv+demo,age,0.9155369587966602,0.85,True,True,False,EXEMPT_FLAGGED
Glasser,6,kernel_ridge,"kernel_ridge[alpha=1.0,gamma_mult=0.5]",obs_SC+bv+demo,age,0.9153296757574718,0.85,True,True,False,EXEMPT_FLAGGED
Glasser,0,kernel_ridge,"kernel_ridge[alpha=0.1,gamma_mult=0.5]",obs_SC+bv+demo,age,0.9151434895914368,0.85,True,True,False,EXEMPT_FLAGGED
Glasser,2,kernel_ridge,"kernel_ridge[alpha=0.1,gamma_mult=1.0]",pred_SC+bv+demo,age,0.9136492904683624,0.85,True,True,False,EXEMPT_FLAGGED
4S456Parcels,5,kernel_ridge,"kernel_ridge[alpha=1.0,gamma_mult=0.5]",pred_FC+bv+demo,age,0.9134250127140756,0.85,True,True,False,EXEMPT_FLAGGED
4S456Parcels,1,pca_pls,pca_pls,obs_SC+bv+demo,age,0.9132107804247732,0.85,True,True,False,EXEMPT_FLAGGED
Glasser,3,kernel_ridge,"kernel_ridge[alpha=1.0,gamma_mult=0.5]",pred_SC+bv+demo,age,0.9119518309439512,0.85,True,True,False,EXEMPT_FLAGGED
Glasser,4,kernel_ridge,"kernel_ridge[alpha=0.1,gamma_mult=0.5]",obs_SC+bv+demo,age,0.911869047400267,0.85,True,True,False,EXEMPT_FLAGGED
4S456Parcels,9,bayesian_ridge,bayesian_ridge,obs_SC+bv+demo,age,0.9117969496017184,0.85,True,True,False,EXEMPT_FLAGGED
Glasser,7,bayesian_ridge,bayesian_ridge,obs_SC+bv+demo,age,0.9112930967563312,0.85,True,True,False,EXEMPT_FLAGGED
4S456Parcels,3,kernel_ridge,"kernel_ridge[alpha=1.0,gamma_mult=0.5]",pred_SC+bv+demo,age,0.9112897050328512,0.85,True,True,False,EXEMPT_FLAGGED
Glasser,7,kernel_ridge,"kernel_ridge[alpha=0.1,gamma_mult=0.5]",obs_SC+bv+demo,age,0.9110541353970896,0.85,True,True,False,EXEMPT_FLAGGED
4S456Parcels,7,kernel_ridge,"kernel_ridge[alpha=0.1,gamma_mult=1.0]",pred_SC+bv+demo,age,0.9106213215920548,0.85,True,True,False,EXEMPT_FLAGGED
Glasser,8,kernel_ridge,"kernel_ridge[alpha=0.1,gamma_mult=0.5]",obs_SC+bv+demo,age,0.909796829922195,0.85,True,True,False,EXEMPT_FLAGGED
Glasser,3,kernel_ridge,"kernel_ridge[alpha=0.1,gamma_mult=1.0]",obs_SC+bv+demo,age,0.9089466767923384,0.85,True,True,False,EXEMPT_FLAGGED
4S456Parcels,1,kernel_ridge,"kernel_ridge[alpha=1.0,gamma_mult=0.5]",pred_FC+bv+demo,age,0.9087839627293371,0.85,True,True,False,EXEMPT_FLAGGED
Glasser,5,kernel_ridge,"kernel_ridge[alpha=0.1,gamma_mult=0.5]",obs_SC+bv+demo,age,0.9086020463786362,0.85,True,True,False,EXEMPT_FLAGGED
4S456Parcels,1,bayesian_ridge,bayesian_ridge,obs_SC+bv+demo,age,0.908282022212026,0.85,True,True,False,EXEMPT_FLAGGED
Glasser,3,kernel_ridge,"kernel_ridge[alpha=1.0,gamma_mult=0.5]",pred_FC+bv+demo,age,0.9081071505772969,0.85,True,True,False,EXEMPT_FLAGGED
4S456Parcels,7,kernel_ridge,"kernel_ridge[alpha=0.1,gamma_mult=1.0]",bv+demo,age,0.9079537016397364,0.85,True,True,False,EXEMPT_FLAGGED
Glasser,7,kernel_ridge,"kernel_ridge[alpha=0.1,gamma_mult=1.0]",bv+demo,age,0.9079537016397364,0.85,True,True,False,EXEMPT_FLAGGED
Glasser,5,kernel_ridge,"kernel_ridge[alpha=1.0,gamma_mult=0.5]",pred_FC+bv+demo,age,0.9078805731618412,0.85,True,True,False,EXEMPT_FLAGGED
4S456Parcels,0,kernel_ridge,"kernel_ridge[alpha=1.0,gamma_mult=0.5]",pred_FC+bv+demo,age,0.9076565004887196,0.85,True,True,False,EXEMPT_FLAGGED
4S456Parcels,4,kernel_ridge,"kernel_ridge[alpha=1.0,gamma_mult=0.5]",pred_SC+bv+demo,age,0.907393328912552,0.85,True,True,False,EXEMPT_FLAGGED
4S456Parcels,6,kernel_ridge,"kernel_ridge[alpha=1.0,gamma_mult=0.5]",bv+demo,age,0.9069746020512004,0.85,True,True,False,EXEMPT_FLAGGED
Glasser,6,kernel_ridge,"kernel_ridge[alpha=1.0,gamma_mult=0.5]",bv+demo,age,0.9069746020512004,0.85,True,True,False,EXEMPT_FLAGGED
Glasser,0,kernel_ridge,"kernel_ridge[alpha=1.0,gamma_mult=0.5]",obs_SC+bv+demo,age,0.9066443447509166,0.85,True,True,False,EXEMPT_FLAGGED
Glasser,0,kernel_ridge,"kernel_ridge[alpha=1.0,gamma_mult=0.5]",pred_FC+bv+demo,age,0.9065219340256252,0.85,True,True,False,EXEMPT_FLAGGED
4S456Parcels,4,kernel_ridge,"kernel_ridge[alpha=1.0,gamma_mult=0.5]",bv+demo,age,0.9056834379944128,0.85,True,True,False,EXEMPT_FLAGGED
Glasser,4,kernel_ridge,"kernel_ridge[alpha=1.0,gamma_mult=0.5]",bv+demo,age,0.9056834379944128,0.85,True,True,False,EXEMPT_FLAGGED
Glasser,3,kernel_ridge,"kernel_ridge[alpha=1.0,gamma_mult=1.0]",obs_SC+bv+demo,age,0.9053011723655908,0.85,True,True,False,EXEMPT_FLAGGED
Glasser,9,kernel_ridge,"kernel_ridge[alpha=0.1,gamma_mult=1.0]",obs_SC+bv+demo,age,0.9046116845091684,0.85,True,True,False,EXEMPT_FLAGGED
4S456Parcels,2,kernel_ridge,"kernel_ridge[alpha=0.1,gamma_mult=1.0]",pred_SC+bv+demo,age,0.9042674070183248,0.85,True,True,False,EXEMPT_FLAGGED
4S456Parcels,9,kernel_ridge,"kernel_ridge[alpha=1.0,gamma_mult=0.5]",bv+demo,age,0.9042119485267462,0.85,True,True,False,EXEMPT_FLAGGED
Glasser,9,kernel_ridge,"kernel_ridge[alpha=1.0,gamma_mult=0.5]",bv+demo,age,0.9042119485267462,0.85,True,True,False,EXEMPT_FLAGGED
Glasser,1,kernel_ridge,"kernel_ridge[alpha=1.0,gamma_mult=0.5]",obs_SC+bv+demo,age,0.9041260242473296,0.85,True,True,False,EXEMPT_FLAGGED
4S456Parcels,4,kernel_ridge,"kernel_ridge[alpha=1.0,gamma_mult=0.5]",pred_FC+bv+demo,age,0.9030521499107124,0.85,True,True,False,EXEMPT_FLAGGED
Glasser,2,kernel_ridge,"kernel_ridge[alpha=0.1,gamma_mult=1.0]",obs_SC+bv+demo,age,0.903038677438714,0.85,True,True,False,EXEMPT_FLAGGED
Glasser,5,kernel_ridge,"kernel_ridge[alpha=1.0,gamma_mult=0.5]",pred_SC+bv+demo,age,0.9028011240598066,0.85,True,True,False,EXEMPT_FLAGGED
4S456Parcels,3,pca_pls,pca_pls,obs_SC+bv+demo,age,0.9019913577788008,0.85,True,True,False,EXEMPT_FLAGGED
Glasser,4,kernel_ridge,"kernel_ridge[alpha=1.0,gamma_mult=0.5]",pred_FC+bv+demo,age,0.9013864227397168,0.85,True,True,False,EXEMPT_FLAGGED
4S456Parcels,7,kernel_ridge,"kernel_ridge[alpha=0.1,gamma_mult=1.0]",pred_FC+bv+demo,age,0.9009435227501108,0.85,True,True,False,EXEMPT_FLAGGED
Glasser,9,kernel_ridge,"kernel_ridge[alpha=1.0,gamma_mult=0.5]",pred_FC+bv+demo,age,0.9005482529169668,0.85,True,True,False,EXEMPT_FLAGGED
Glasser,4,kernel_ridge,"kernel_ridge[alpha=1.0,gamma_mult=0.5]",obs_SC+bv+demo,age,0.9003483869517256,0.85,True,True,False,EXEMPT_FLAGGED
Glasser,1,kernel_ridge,"kernel_ridge[alpha=0.1,gamma_mult=1.0]",obs_SC+bv+demo,age,0.9002728284781613,0.85,True,True,False,EXEMPT_FLAGGED
Glasser,1,kernel_ridge,"kernel_ridge[alpha=0.1,gamma_mult=1.0]",pred_FC+bv+demo,age,0.9002150280155199,0.85,True,True,False,EXEMPT_FLAGGED
Glasser,0,kernel_ridge,"kernel_ridge[alpha=1.0,gamma_mult=0.5]",pred_SC+bv+demo,age,0.899924854975518,0.85,True,True,False,EXEMPT_FLAGGED
4S456Parcels,0,pca_pls,pca_pls,obs_SC+bv+demo,age,0.8996132712502323,0.85,True,True,False,EXEMPT_FLAGGED
Glasser,5,kernel_ridge,"kernel_ridge[alpha=1.0,gamma_mult=0.5]",obs_SC+bv+demo,age,0.8995317497615494,0.85,True,True,False,EXEMPT_FLAGGED
Glasser,9,kernel_ridge,"kernel_ridge[alpha=1.0,gamma_mult=0.5]",pred_SC+bv+demo,age,0.8989535961661255,0.85,True,True,False,EXEMPT_FLAGGED
Glasser,7,kernel_ridge,"kernel_ridge[alpha=1.0,gamma_mult=0.5]",obs_SC+bv+demo,age,0.8987127957650431,0.85,True,True,False,EXEMPT_FLAGGED
4S456Parcels,3,kernel_ridge,"kernel_ridge[alpha=1.0,gamma_mult=0.5]",bv+demo,age,0.8985099378205452,0.85,True,True,False,EXEMPT_FLAGGED
Glasser,3,kernel_ridge,"kernel_ridge[alpha=1.0,gamma_mult=0.5]",bv+demo,age,0.8985099378205452,0.85,True,True,False,EXEMPT_FLAGGED
4S456Parcels,9,kernel_ridge,"kernel_ridge[alpha=1.0,gamma_mult=0.5]",pred_SC+bv+demo,age,0.8981400510187915,0.85,True,True,False,EXEMPT_FLAGGED
4S456Parcels,0,kernel_ridge,"kernel_ridge[alpha=1.0,gamma_mult=0.5]",pred_SC+bv+demo,age,0.897692276246152,0.85,True,True,False,EXEMPT_FLAGGED
4S456Parcels,9,kernel_ridge,"kernel_ridge[alpha=1.0,gamma_mult=0.5]",obs_SC+bv+demo,age,0.8976618672261659,0.85,True,True,False,EXEMPT_FLAGGED
Glasser,0,kernel_ridge,"kernel_ridge[alpha=0.1,gamma_mult=1.0]",obs_SC+bv+demo,age,0.8974869020568753,0.85,True,True,False,EXEMPT_FLAGGED
Glasser,6,kernel_ridge,"kernel_ridge[alpha=1.0,gamma_mult=0.5]",pred_FC+bv+demo,age,0.897201240077913,0.85,True,True,False,EXEMPT_FLAGGED
4S456Parcels,0,kernel_ridge,"kernel_ridge[alpha=0.1,gamma_mult=2.0]",bv+demo,age,0.8968946930073405,0.85,True,True,False,EXEMPT_FLAGGED
Glasser,0,kernel_ridge,"kernel_ridge[alpha=0.1,gamma_mult=2.0]",bv+demo,age,0.8968946930073405,0.85,True,True,False,EXEMPT_FLAGGED
4S456Parcels,2,pca_pls,pca_pls,obs_SC+bv+demo,age,0.8962512336853498,0.85,True,True,False,EXEMPT_FLAGGED
4S456Parcels,3,bayesian_ridge,bayesian_ridge,obs_SC+bv+demo,age,0.8956969450982044,0.85,True,True,False,EXEMPT_FLAGGED
Glasser,9,kernel_ridge,"kernel_ridge[alpha=1.0,gamma_mult=1.0]",obs_SC+bv+demo,age,0.8952178394010686,0.85,True,True,False,EXEMPT_FLAGGED
4S456Parcels,1,kernel_ridge,"kernel_ridge[alpha=0.1,gamma_mult=0.5]",obs_SC+bv+demo,age,0.8950991040363762,0.85,True,True,False,EXEMPT_FLAGGED
4S456Parcels,9,kernel_ridge,"kernel_ridge[alpha=0.1,gamma_mult=0.5]",obs_SC+bv+demo,age,0.8948121613925106,0.85,True,True,False,EXEMPT_FLAGGED
4S456Parcels,0,bayesian_ridge,bayesian_ridge,obs_SC+bv+demo,age,0.8947719366480176,0.85,True,True,False,EXEMPT_FLAGGED
Glasser,4,kernel_ridge,"kernel_ridge[alpha=1.0,gamma_mult=0.5]",pred_SC+bv+demo,age,0.89429658655874,0.85,True,True,False,EXEMPT_FLAGGED
Glasser,2,kernel_ridge,"kernel_ridge[alpha=1.0,gamma_mult=0.5]",obs_SC+bv+demo,age,0.8936205962626114,0.85,True,True,False,EXEMPT_FLAGGED
4S456Parcels,6,pca_pls,pca_pls,obs_SC+bv+demo,age,0.8934948300308235,0.85,True,True,False,EXEMPT_FLAGGED
Glasser,8,kernel_ridge,"kernel_ridge[alpha=1.0,gamma_mult=0.5]",obs_SC+bv+demo,age,0.8927507809174509,0.85,True,True,False,EXEMPT_FLAGGED
4S456Parcels,2,kernel_ridge,"kernel_ridge[alpha=1.0,gamma_mult=0.5]",pred_FC+bv+demo,age,0.8920958124161006,0.85,True,True,False,EXEMPT_FLAGGED
4S456Parcels,2,bayesian_ridge,bayesian_ridge,obs_SC+bv+demo,age,0.8903537925419683,0.85,True,True,False,EXEMPT_FLAGGED
Glasser,6,kernel_ridge,"kernel_ridge[alpha=0.1,gamma_mult=1.0]",obs_SC+bv+demo,age,0.8903476853946776,0.85,True,True,False,EXEMPT_FLAGGED
4S456Parcels,0,kernel_ridge,"kernel_ridge[alpha=0.1,gamma_mult=0.5]",obs_SC+bv+demo,age,0.8903285339566078,0.85,True,True,False,EXEMPT_FLAGGED
Glasser,7,kernel_ridge,"kernel_ridge[alpha=0.1,gamma_mult=1.0]",obs_SC+bv+demo,age,0.8900137761959659,0.85,True,True,False,EXEMPT_FLAGGED
Glasser,6,kernel_ridge,"kernel_ridge[alpha=1.0,gamma_mult=1.0]",obs_SC+bv+demo,age,0.8900018563147377,0.85,True,True,False,EXEMPT_FLAGGED
4S456Parcels,6,bayesian_ridge,bayesian_ridge,obs_SC+bv+demo,age,0.8898989251343205,0.85,True,True,False,EXEMPT_FLAGGED
4S456Parcels,5,pca_pls,pca_pls,obs_SC+bv+demo,age,0.8893385595734811,0.85,True,True,False,EXEMPT_FLAGGED
4S456Parcels,2,kernel_ridge,"kernel_ridge[alpha=0.1,gamma_mult=0.5]",obs_SC+bv+demo,age,0.8883600217281519,0.85,True,True,False,EXEMPT_FLAGGED
Glasser,4,kernel_ridge,"kernel_ridge[alpha=0.1,gamma_mult=1.0]",obs_SC+bv+demo,age,0.8878754065089256,0.85,True,True,False,EXEMPT_FLAGGED
4S456Parcels,1,kernel_ridge,"kernel_ridge[alpha=1.0,gamma_mult=0.5]",obs_SC+bv+demo,age,0.8876858449865731,0.85,True,True,False,EXEMPT_FLAGGED
Glasser,1,kernel_ridge,"kernel_ridge[alpha=1.0,gamma_mult=0.5]",pred_SC+bv+demo,age,0.8874564693354497,0.85,True,True,False,EXEMPT_FLAGGED
4S456Parcels,6,kernel_ridge,"kernel_ridge[alpha=1.0,gamma_mult=0.5]",pred_SC+bv+demo,age,0.8872385840518767,0.85,True,True,False,EXEMPT_FLAGGED
4S456Parcels,8,pca_pls,pca_pls,obs_SC+bv+demo,age,0.8866545640105801,0.85,True,True,False,EXEMPT_FLAGGED
Glasser,6,kernel_ridge,"kernel_ridge[alpha=1.0,gamma_mult=0.5]",pred_SC+bv+demo,age,0.8862189902165903,0.85,True,True,False,EXEMPT_FLAGGED
4S456Parcels,3,kernel_ridge,"kernel_ridge[alpha=1.0,gamma_mult=0.5]",obs_SC+bv+demo,age,0.8850228365856043,0.85,True,True,False,EXEMPT_FLAGGED
Glasser,0,kernel_ridge,"kernel_ridge[alpha=1.0,gamma_mult=1.0]",obs_SC+bv+demo,age,0.8842902702194307,0.85,True,True,False,EXEMPT_FLAGGED
4S456Parcels,5,bayesian_ridge,bayesian_ridge,obs_SC+bv+demo,age,0.8823964942869731,0.85,True,True,False,EXEMPT_FLAGGED
4S456Parcels,0,kernel_ridge,"kernel_ridge[alpha=1.0,gamma_mult=0.5]",obs_SC+bv+demo,age,0.8822075195744168,0.85,True,True,False,EXEMPT_FLAGGED
Glasser,5,kernel_ridge,"kernel_ridge[alpha=0.1,gamma_mult=1.0]",obs_SC+bv+demo,age,0.8820286877146849,0.85,True,True,False,EXEMPT_FLAGGED
4S456Parcels,3,kernel_ridge,"kernel_ridge[alpha=0.1,gamma_mult=0.5]",obs_SC+bv+demo,age,0.8811460253166548,0.85,True,True,False,EXEMPT_FLAGGED
4S456Parcels,2,kernel_ridge,"kernel_ridge[alpha=0.1,gamma_mult=1.0]",bv+demo,age,0.8798853943544537,0.85,True,True,False,EXEMPT_FLAGGED
Glasser,2,kernel_ridge,"kernel_ridge[alpha=0.1,gamma_mult=1.0]",bv+demo,age,0.8798853943544537,0.85,True,True,False,EXEMPT_FLAGGED
4S456Parcels,6,kernel_ridge,"kernel_ridge[alpha=1.0,gamma_mult=0.5]",obs_SC+bv+demo,age,0.8793797691070385,0.85,True,True,False,EXEMPT_FLAGGED
4S456Parcels,8,bayesian_ridge,bayesian_ridge,obs_SC+bv+demo,age,0.8790282920303382,0.85,True,True,False,EXEMPT_FLAGGED
4S456Parcels,1,kernel_ridge,"kernel_ridge[alpha=1.0,gamma_mult=0.5]",pred_SC+bv+demo,age,0.878163590295252,0.85,True,True,False,EXEMPT_FLAGGED
4S456Parcels,6,kernel_ridge,"kernel_ridge[alpha=0.1,gamma_mult=0.5]",obs_SC+bv+demo,age,0.877965906422364,0.85,True,True,False,EXEMPT_FLAGGED
Glasser,2,kernel_ridge,"kernel_ridge[alpha=1.0,gamma_mult=0.5]",pred_FC+bv+demo,age,0.8779213325046933,0.85,True,True,False,EXEMPT_FLAGGED
4S456Parcels,1,kernel_ridge,"kernel_ridge[alpha=1.0,gamma_mult=0.5]",bv+demo,age,0.877882379075612,0.85,True,True,False,EXEMPT_FLAGGED
Glasser,1,kernel_ridge,"kernel_ridge[alpha=1.0,gamma_mult=0.5]",bv+demo,age,0.877882379075612,0.85,True,True,False,EXEMPT_FLAGGED
4S456Parcels,5,kernel_ridge,"kernel_ridge[alpha=0.1,gamma_mult=0.5]",obs_SC+bv+demo,age,0.8778520214011403,0.85,True,True,False,EXEMPT_FLAGGED
4S456Parcels,7,pca_pls,pca_pls,obs_SC+bv+demo,age,0.8777676193434719,0.85,True,True,False,EXEMPT_FLAGGED
Glasser,8,kernel_ridge,"kernel_ridge[alpha=0.1,gamma_mult=1.0]",obs_SC+bv+demo,age,0.876903924758068,0.85,True,True,False,EXEMPT_FLAGGED
4S456Parcels,4,pca_pls,pca_pls,obs_SC+bv+demo,age,0.8761091594603487,0.85,True,True,False,EXEMPT_FLAGGED
Glasser,2,kernel_ridge,"kernel_ridge[alpha=1.0,gamma_mult=0.5]",pred_SC+bv+demo,age,0.8751135770156067,0.85,True,True,False,EXEMPT_FLAGGED
4S456Parcels,7,kernel_ridge,"kernel_ridge[alpha=1.0,gamma_mult=0.5]",obs_SC+bv+demo,age,0.874171939790836,0.85,True,True,False,EXEMPT_FLAGGED
Glasser,9,pca_pls,pca_pls,obs_FC+bv+demo,age,0.8737502148669904,0.85,True,True,False,EXEMPT_FLAGGED
Glasser,1,kernel_ridge,"kernel_ridge[alpha=1.0,gamma_mult=1.0]",obs_SC+bv+demo,age,0.8734861914430474,0.85,True,True,False,EXEMPT_FLAGGED
4S456Parcels,5,kernel_ridge,"kernel_ridge[alpha=1.0,gamma_mult=0.5]",obs_SC+bv+demo,age,0.8734633878473916,0.85,True,True,False,EXEMPT_FLAGGED
Glasser,7,kernel_ridge,"kernel_ridge[alpha=1.0,gamma_mult=1.0]",obs_SC+bv+demo,age,0.8732778701870232,0.85,True,True,False,EXEMPT_FLAGGED
4S456Parcels,0,kernel_ridge,"kernel_ridge[alpha=1.0,gamma_mult=1.0]",bv+demo,age,0.8726184246414461,0.85,True,True,False,EXEMPT_FLAGGED
Glasser,0,kernel_ridge,"kernel_ridge[alpha=1.0,gamma_mult=1.0]",bv+demo,age,0.8726184246414461,0.85,True,True,False,EXEMPT_FLAGGED
Glasser,4,kernel_ridge,"kernel_ridge[alpha=1.0,gamma_mult=1.0]",obs_SC+bv+demo,age,0.8722072009468848,0.85,True,True,False,EXEMPT_FLAGGED
4S456Parcels,8,kernel_ridge,"kernel_ridge[alpha=0.1,gamma_mult=0.5]",obs_SC+bv+demo,age,0.871004545783233,0.85,True,True,False,EXEMPT_FLAGGED
Glasser,2,kernel_ridge,"kernel_ridge[alpha=1.0,gamma_mult=1.0]",obs_SC+bv+demo,age,0.8700584292858746,0.85,True,True,False,EXEMPT_FLAGGED
Glasser,5,kernel_ridge,"kernel_ridge[alpha=1.0,gamma_mult=1.0]",obs_SC+bv+demo,age,0.8684635050187459,0.85,True,True,False,EXEMPT_FLAGGED
4S456Parcels,7,bayesian_ridge,bayesian_ridge,obs_SC+bv+demo,age,0.8683457801979733,0.85,True,True,False,EXEMPT_FLAGGED
Glasser,3,bayesian_ridge,bayesian_ridge,obs_FC+bv+demo,age,0.8681175675240288,0.85,True,True,False,EXEMPT_FLAGGED
4S456Parcels,4,bayesian_ridge,bayesian_ridge,obs_SC+bv+demo,age,0.8676676427969857,0.85,True,True,False,EXEMPT_FLAGGED
Glasser,7,kernel_ridge,"kernel_ridge[alpha=1.0,gamma_mult=0.5]",pred_FC+bv+demo,age,0.8671318583940941,0.85,True,True,False,EXEMPT_FLAGGED
4S456Parcels,0,kernel_ridge,"kernel_ridge[alpha=0.1,gamma_mult=1.0]",obs_SC+bv+demo,age,0.8666167934927399,0.85,True,True,False,EXEMPT_FLAGGED
4S456Parcels,7,kernel_ridge,"kernel_ridge[alpha=0.1,gamma_mult=0.5]",obs_SC+bv+demo,age,0.866413136858265,0.85,True,True,False,EXEMPT_FLAGGED
4S456Parcels,2,kernel_ridge,"kernel_ridge[alpha=1.0,gamma_mult=0.5]",obs_SC+bv+demo,age,0.8651495008678761,0.85,True,True,False,EXEMPT_FLAGGED
4S456Parcels,8,kernel_ridge,"kernel_ridge[alpha=1.0,gamma_mult=0.5]",obs_SC+bv+demo,age,0.86497992396536,0.85,True,True,False,EXEMPT_FLAGGED
Glasser,7,kernel_ridge,"kernel_ridge[alpha=1.0,gamma_mult=0.5]",pred_SC+bv+demo,age,0.8645581218736507,0.85,True,True,False,EXEMPT_FLAGGED
4S456Parcels,9,kernel_ridge,"kernel_ridge[alpha=1.0,gamma_mult=1.0]",obs_SC+bv+demo,age,0.8643203614990924,0.85,True,True,False,EXEMPT_FLAGGED
4S456Parcels,4,kernel_ridge,"kernel_ridge[alpha=0.1,gamma_mult=0.5]",obs_SC+bv+demo,age,0.8643035318221202,0.85,True,True,False,EXEMPT_FLAGGED
Glasser,9,bayesian_ridge,bayesian_ridge,obs_FC+bv+demo,age,0.8626069484471146,0.85,True,True,False,EXEMPT_FLAGGED
4S456Parcels,6,kernel_ridge,"kernel_ridge[alpha=1.0,gamma_mult=0.5]",pred_FC+bv+demo,age,0.8625441963235506,0.85,True,True,False,EXEMPT_FLAGGED
4S456Parcels,2,kernel_ridge,"kernel_ridge[alpha=0.1,gamma_mult=1.0]",obs_SC+bv+demo,age,0.861740723190084,0.85,True,True,False,EXEMPT_FLAGGED
4S456Parcels,7,kernel_ridge,"kernel_ridge[alpha=1.0,gamma_mult=0.5]",bv+demo,age,0.861477829519504,0.85,True,True,False,EXEMPT_FLAGGED
Glasser,7,kernel_ridge,"kernel_ridge[alpha=1.0,gamma_mult=0.5]",bv+demo,age,0.861477829519504,0.85,True,True,False,EXEMPT_FLAGGED
4S456Parcels,4,kernel_ridge,"kernel_ridge[alpha=1.0,gamma_mult=0.5]",obs_SC+bv+demo,age,0.8610085514682144,0.85,True,True,False,EXEMPT_FLAGGED
4S456Parcels,3,kernel_ridge,"kernel_ridge[alpha=1.0,gamma_mult=1.0]",pred_FC+bv+demo,age,0.8609063658903168,0.85,True,True,False,EXEMPT_FLAGGED
4S456Parcels,1,kernel_ridge,"kernel_ridge[alpha=0.1,gamma_mult=1.0]",obs_SC+bv+demo,age,0.8603613997836818,0.85,True,True,False,EXEMPT_FLAGGED
Glasser,1,kernel_ridge,"kernel_ridge[alpha=1.0,gamma_mult=0.5]",pred_FC+bv+demo,age,0.8597688150352407,0.85,True,True,False,EXEMPT_FLAGGED
4S456Parcels,2,kernel_ridge,"kernel_ridge[alpha=1.0,gamma_mult=0.5]",pred_SC+bv+demo,age,0.8589381074453231,0.85,True,True,False,EXEMPT_FLAGGED
4S456Parcels,0,kernel_ridge,"kernel_ridge[alpha=1.0,gamma_mult=1.0]",obs_SC+bv+demo,age,0.8587322669830764,0.85,True,True,False,EXEMPT_FLAGGED
4S456Parcels,9,kernel_ridge,"kernel_ridge[alpha=0.1,gamma_mult=1.0]",obs_SC+bv+demo,age,0.8584645290789029,0.85,True,True,False,EXEMPT_FLAGGED
Glasser,3,kernel_ridge,"kernel_ridge[alpha=0.1,gamma_mult=0.5]",obs_FC+bv+demo,age,0.8580862657583125,0.85,True,True,False,EXEMPT_FLAGGED
4S456Parcels,5,kernel_ridge,"kernel_ridge[alpha=1.0,gamma_mult=1.0]",bv+demo,age,0.8551582692648197,0.85,True,True,False,EXEMPT_FLAGGED
Glasser,5,kernel_ridge,"kernel_ridge[alpha=1.0,gamma_mult=1.0]",bv+demo,age,0.8551582692648197,0.85,True,True,False,EXEMPT_FLAGGED
4S456Parcels,3,kernel_ridge,"kernel_ridge[alpha=1.0,gamma_mult=1.0]",obs_SC+bv+demo,age,0.8545531195278289,0.85,True,True,False,EXEMPT_FLAGGED
4S456Parcels,6,kernel_ridge,"kernel_ridge[alpha=1.0,gamma_mult=1.0]",obs_SC+bv+demo,age,0.854219341232679,0.85,True,True,False,EXEMPT_FLAGGED
4S456Parcels,7,kernel_ridge,"kernel_ridge[alpha=1.0,gamma_mult=0.5]",pred_SC+bv+demo,age,0.854080156501101,0.85,True,True,False,EXEMPT_FLAGGED
4S456Parcels,6,kernel_ridge,"kernel_ridge[alpha=0.1,gamma_mult=2.0]",bv+demo,age,0.8538415331021614,0.85,True,True,False,EXEMPT_FLAGGED
Glasser,6,kernel_ridge,"kernel_ridge[alpha=0.1,gamma_mult=2.0]",bv+demo,age,0.8538415331021614,0.85,True,True,False,EXEMPT_FLAGGED
Glasser,8,kernel_ridge,"kernel_ridge[alpha=1.0,gamma_mult=1.0]",obs_SC+bv+demo,age,0.8532269907971001,0.85,True,True,False,EXEMPT_FLAGGED
4S456Parcels,1,kernel_ridge,"kernel_ridge[alpha=1.0,gamma_mult=1.0]",obs_SC+bv+demo,age,0.8530932622274335,0.85,True,True,False,EXEMPT_FLAGGED
4S456Parcels,7,kernel_ridge,"kernel_ridge[alpha=1.0,gamma_mult=1.0]",obs_SC+bv+demo,age,0.8527600626270527,0.85,True,True,False,EXEMPT_FLAGGED
4S456Parcels,5,kernel_ridge,"kernel_ridge[alpha=0.1,gamma_mult=1.0]",obs_SC+bv+demo,age,0.8526807156877286,0.85,True,True,False,EXEMPT_FLAGGED
Glasser,9,kernel_ridge,"kernel_ridge[alpha=0.1,gamma_mult=0.5]",obs_FC+bv+demo,age,0.8511935637396137,0.85,True,True,False,EXEMPT_FLAGGED
4S456Parcels,5,kernel_ridge,"kernel_ridge[alpha=1.0,gamma_mult=1.0]",obs_SC+bv+demo,age,0.8501178827807172,0.85,True,True,False,EXEMPT_FLAGGED
Glasser,8,kernel_ridge,"kernel_ridge[alpha=0.1,gamma_mult=1.0]",pred_FC+bv+demo,age,0.849159277618041,0.85,False,True,False,ok
4S456Parcels,3,kernel_ridge,"kernel_ridge[alpha=0.1,gamma_mult=1.0]",obs_SC+bv+demo,age,0.8487245121590765,0.85,False,True,False,ok
4S456Parcels,8,kernel_ridge,"kernel_ridge[alpha=0.1,gamma_mult=1.0]",pred_FC+bv+demo,age,0.8472998522789257,0.85,False,True,False,ok
Glasser,3,kernel_ridge,"kernel_ridge[alpha=0.1,gamma_mult=2.0]",obs_SC+bv+demo,age,0.8452294607032783,0.85,False,True,False,ok
Glasser,0,kernel_ridge,"kernel_ridge[alpha=0.1,gamma_mult=2.0]",obs_SC+bv+demo,age,0.8443257648153213,0.85,False,True,False,ok
4S456Parcels,6,kernel_ridge,"kernel_ridge[alpha=0.1,gamma_mult=1.0]",obs_SC+bv+demo,age,0.8432528858272593,0.85,False,True,False,ok
4S456Parcels,9,kernel_ridge,"kernel_ridge[alpha=1.0,gamma_mult=1.0]",pred_FC+bv+demo,age,0.8409634638968271,0.85,False,True,False,ok
4S456Parcels,2,kernel_ridge,"kernel_ridge[alpha=1.0,gamma_mult=0.5]",bv+demo,age,0.84059906535995,0.85,False,True,False,ok
Glasser,2,kernel_ridge,"kernel_ridge[alpha=1.0,gamma_mult=0.5]",bv+demo,age,0.84059906535995,0.85,False,True,False,ok
Glasser,1,pca_pls,pca_pls,obs_FC+bv+demo,age,0.8403079225506888,0.85,False,True,False,ok
4S456Parcels,8,kernel_ridge,"kernel_ridge[alpha=0.1,gamma_mult=1.0]",obs_SC+bv+demo,age,0.8388841920876658,0.85,False,True,False,ok
4S456Parcels,5,kernel_ridge,"kernel_ridge[alpha=1.0,gamma_mult=1.0]",pred_SC+bv+demo,age,0.8384242140254965,0.85,False,True,False,ok
4S456Parcels,7,kernel_ridge,"kernel_ridge[alpha=1.0,gamma_mult=0.5]",pred_FC+bv+demo,age,0.8377860928590496,0.85,False,True,False,ok
Glasser,2,kernel_ridge,"kernel_ridge[alpha=0.1,gamma_mult=2.0]",obs_SC+bv+demo,age,0.8374729977483153,0.85,False,True,False,ok
4S456Parcels,7,kernel_ridge,"kernel_ridge[alpha=0.1,gamma_mult=1.0]",obs_SC+bv+demo,age,0.8370645333538238,0.85,False,True,False,ok
4S456Parcels,5,kernel_ridge,"kernel_ridge[alpha=0.1,gamma_mult=2.0]",bv+demo,age,0.8369753959486474,0.85,False,True,False,ok
Glasser,5,kernel_ridge,"kernel_ridge[alpha=0.1,gamma_mult=2.0]",bv+demo,age,0.8369753959486474,0.85,False,True,False,ok
4S456Parcels,3,kernel_ridge,"kernel_ridge[alpha=0.1,gamma_mult=2.0]",pred_FC+bv+demo,age,0.8348533083561698,0.85,False,True,False,ok
4S456Parcels,8,kernel_ridge,"kernel_ridge[alpha=0.1,gamma_mult=1.0]",pred_SC+bv+demo,age,0.834678654508829,0.85,False,True,False,ok
4S456Parcels,6,kernel_ridge,"kernel_ridge[alpha=1.0,gamma_mult=1.0]",bv+demo,age,0.834592195244501,0.85,False,True,False,ok
Glasser,6,kernel_ridge,"kernel_ridge[alpha=1.0,gamma_mult=1.0]",bv+demo,age,0.834592195244501,0.85,False,True,False,ok
4S456Parcels,4,kernel_ridge,"kernel_ridge[alpha=0.1,gamma_mult=1.0]",obs_SC+bv+demo,age,0.8345077389394839,0.85,False,True,False,ok
4S456Parcels,8,kernel_ridge,"kernel_ridge[alpha=1.0,gamma_mult=1.0]",obs_SC+bv+demo,age,0.8330054965811654,0.85,False,True,False,ok
4S456Parcels,4,kernel_ridge,"kernel_ridge[alpha=1.0,gamma_mult=1.0]",obs_SC+bv+demo,age,0.8330033407692248,0.85,False,True,False,ok
Glasser,9,kernel_ridge,"kernel_ridge[alpha=0.1,gamma_mult=2.0]",obs_SC+bv+demo,age,0.8329306698804454,0.85,False,True,False,ok
4S456Parcels,2,kernel_ridge,"kernel_ridge[alpha=1.0,gamma_mult=1.0]",obs_SC+bv+demo,age,0.8328040404984774,0.85,False,True,False,ok
Glasser,8,pca_pls,pca_pls,obs_FC+bv+demo,age,0.8324174368383139,0.85,False,True,False,ok
4S456Parcels,8,kernel_ridge,"kernel_ridge[alpha=0.1,gamma_mult=0.5]",bv+demo,age,0.829853314566666,0.85,False,True,False,ok
Glasser,8,kernel_ridge,"kernel_ridge[alpha=0.1,gamma_mult=0.5]",bv+demo,age,0.829853314566666,0.85,False,True,False,ok
4S456Parcels,5,kernel_ridge,"kernel_ridge[alpha=1.0,gamma_mult=1.0]",pred_FC+bv+demo,age,0.8295244763965883,0.85,False,True,False,ok
Glasser,5,kernel_ridge,"kernel_ridge[alpha=0.1,gamma_mult=0.5]",obs_FC+bv+demo,age,0.8292054638168972,0.85,False,True,False,ok
Glasser,1,kernel_ridge,"kernel_ridge[alpha=0.1,gamma_mult=2.0]",obs_SC+bv+demo,age,0.8288770339495894,0.85,False,True,False,ok
Glasser,8,kernel_ridge,"kernel_ridge[alpha=0.1,gamma_mult=1.0]",pred_SC+bv+demo,age,0.8279603627044427,0.85,False,True,False,ok
Glasser,6,kernel_ridge,"kernel_ridge[alpha=0.1,gamma_mult=2.0]",obs_SC+bv+demo,age,0.8266966855614649,0.85,False,True,False,ok
4S456Parcels,3,pca_pls,pca_pls,obs_FC+bv+demo,age,0.8257959684035718,0.85,False,True,False,ok
Glasser,1,bayesian_ridge,bayesian_ridge,obs_FC+bv+demo,age,0.8245477013729581,0.85,False,True,False,ok
Glasser,7,kernel_ridge,"kernel_ridge[alpha=0.1,gamma_mult=2.0]",obs_SC+bv+demo,age,0.8243431680780317,0.85,False,True,False,ok
Glasser,3,kernel_ridge,"kernel_ridge[alpha=1.0,gamma_mult=1.0]",pred_SC+bv+demo,age,0.8242023762143468,0.85,False,True,False,ok
Glasser,6,pca_pls,pca_pls,obs_FC+bv+demo,age,0.824044164332779,0.85,False,True,False,ok
Glasser,6,kernel_ridge,"kernel_ridge[alpha=1.0,gamma_mult=1.0]",pred_FC+bv+demo,age,0.8237216948515752,0.85,False,True,False,ok
4S456Parcels,9,pca_pls,pca_pls,obs_FC+bv+demo,age,0.8236309313120534,0.85,False,True,False,ok
Glasser,4,pca_pls,pca_pls,obs_FC+bv+demo,age,0.8232773604811515,0.85,False,True,False,ok
Glasser,5,bayesian_ridge,bayesian_ridge,obs_FC+bv+demo,age,0.8226942159058996,0.85,False,True,False,ok
Glasser,3,kernel_ridge,"kernel_ridge[alpha=1.0,gamma_mult=1.0]",pred_FC+bv+demo,age,0.8217302149761783,0.85,False,True,False,ok
Glasser,2,pca_pls,pca_pls,obs_FC+bv+demo,age,0.819703821628655,0.85,False,True,False,ok
Glasser,8,bayesian_ridge,bayesian_ridge,obs_FC+bv+demo,age,0.819566603186337,0.85,False,True,False,ok
Glasser,1,kernel_ridge,"kernel_ridge[alpha=0.1,gamma_mult=0.5]",obs_FC+bv+demo,age,0.8192528433427578,0.85,False,True,False,ok
Glasser,4,kernel_ridge,"kernel_ridge[alpha=0.1,gamma_mult=2.0]",obs_SC+bv+demo,age,0.8191324705685092,0.85,False,True,False,ok
4S456Parcels,1,kernel_ridge,"kernel_ridge[alpha=1.0,gamma_mult=1.0]",pred_FC+bv+demo,age,0.8185441634167284,0.85,False,True,False,ok
Glasser,4,bayesian_ridge,bayesian_ridge,obs_FC+bv+demo,age,0.8181032612679123,0.85,False,True,False,ok
4S456Parcels,3,kernel_ridge,"kernel_ridge[alpha=1.0,gamma_mult=1.0]",pred_SC+bv+demo,age,0.8177054439730465,0.85,False,True,False,ok
Glasser,0,bayesian_ridge,bayesian_ridge,obs_FC+bv+demo,age,0.8175212913690548,0.85,False,True,False,ok
4S456Parcels,0,kernel_ridge,"kernel_ridge[alpha=1.0,gamma_mult=1.0]",pred_FC+bv+demo,age,0.8168086422445703,0.85,False,True,False,ok
Glasser,3,kernel_ridge,"kernel_ridge[alpha=1.0,gamma_mult=2.0]",obs_SC+bv+demo,age,0.8159459199641349,0.85,False,True,False,ok
4S456Parcels,9,kernel_ridge,"kernel_ridge[alpha=1.0,gamma_mult=1.0]",bv+demo,age,0.8158087598926114,0.85,False,True,False,ok
Glasser,9,kernel_ridge,"kernel_ridge[alpha=1.0,gamma_mult=1.0]",bv+demo,age,0.8158087598926114,0.85,False,True,False,ok
4S456Parcels,9,kernel_ridge,"kernel_ridge[alpha=0.1,gamma_mult=2.0]",bv+demo,age,0.8155947090241217,0.85,False,True,False,ok
Glasser,9,kernel_ridge,"kernel_ridge[alpha=0.1,gamma_mult=2.0]",bv+demo,age,0.8155947090241217,0.85,False,True,False,ok
Glasser,5,kernel_ridge,"kernel_ridge[alpha=1.0,gamma_mult=1.0]",pred_FC+bv+demo,age,0.8155191503897611,0.85,False,True,False,ok
4S456Parcels,4,kernel_ridge,"kernel_ridge[alpha=1.0,gamma_mult=1.0]",bv+demo,age,0.8154757748851634,0.85,False,True,False,ok
Glasser,4,kernel_ridge,"kernel_ridge[alpha=1.0,gamma_mult=1.0]",bv+demo,age,0.8154757748851634,0.85,False,True,False,ok
Glasser,6,kernel_ridge,"kernel_ridge[alpha=0.1,gamma_mult=2.0]",pred_FC+bv+demo,age,0.8143396057847163,0.85,False,True,False,ok
Glasser,3,kernel_ridge,"kernel_ridge[alpha=0.1,gamma_mult=1.0]",obs_FC+bv+demo,age,0.8138203923925937,0.85,False,True,False,ok
Glasser,5,kernel_ridge,"kernel_ridge[alpha=0.1,gamma_mult=2.0]",obs_SC+bv+demo,age,0.8122639140683202,0.85,False,True,False,ok
4S456Parcels,3,kernel_ridge,"kernel_ridge[alpha=0.1,gamma_mult=0.5]",obs_FC+bv+demo,age,0.8114445183206113,0.85,False,True,False,ok
Glasser,3,kernel_ridge,"kernel_ridge[alpha=1.0,gamma_mult=0.5]",obs_FC+bv+demo,age,0.8113144710881345,0.85,False,True,False,ok
4S456Parcels,3,bayesian_ridge,bayesian_ridge,obs_FC+bv+demo,age,0.8108518293923846,0.85,False,True,False,ok
4S456Parcels,4,kernel_ridge,"kernel_ridge[alpha=0.1,gamma_mult=2.0]",bv+demo,age,0.8107301645229029,0.85,False,True,False,ok
Glasser,4,kernel_ridge,"kernel_ridge[alpha=0.1,gamma_mult=2.0]",bv+demo,age,0.8107301645229029,0.85,False,True,False,ok
Glasser,6,kernel_ridge,"kernel_ridge[alpha=0.1,gamma_mult=0.5]",obs_FC+bv+demo,age,0.810373834390173,0.85,False,True,False,ok
Glasser,0,kernel_ridge,"kernel_ridge[alpha=1.0,gamma_mult=1.0]",pred_SC+bv+demo,age,0.8101054980525079,0.85,False,True,False,ok
4S456Parcels,3,kernel_ridge,"kernel_ridge[alpha=1.0,gamma_mult=1.0]",bv+demo,age,0.8096050730656609,0.85,False,True,False,ok
Glasser,3,kernel_ridge,"kernel_ridge[alpha=1.0,gamma_mult=1.0]",bv+demo,age,0.8096050730656609,0.85,False,True,False,ok
4S456Parcels,9,kernel_ridge,"kernel_ridge[alpha=0.1,gamma_mult=2.0]",pred_FC+bv+demo,age,0.8092462756680334,0.85,False,True,False,ok
Glasser,0,kernel_ridge,"kernel_ridge[alpha=1.0,gamma_mult=1.0]",pred_FC+bv+demo,age,0.8088586680303872,0.85,False,True,False,ok
Glasser,2,bayesian_ridge,bayesian_ridge,obs_FC+bv+demo,age,0.8086754108418014,0.85,False,True,False,ok
Glasser,5,kernel_ridge,"kernel_ridge[alpha=1.0,gamma_mult=0.5]",obs_FC+bv+demo,age,0.8079648841570084,0.85,False,True,False,ok
Glasser,6,kernel_ridge,"kernel_ridge[alpha=1.0,gamma_mult=2.0]",obs_SC+bv+demo,age,0.8077356751220953,0.85,False,True,False,ok
Glasser,8,kernel_ridge,"kernel_ridge[alpha=0.1,gamma_mult=0.5]",obs_FC+bv+demo,age,0.8072299603166225,0.85,False,True,False,ok
4S456Parcels,4,kernel_ridge,"kernel_ridge[alpha=1.0,gamma_mult=1.0]",pred_SC+bv+demo,age,0.807216258564623,0.85,False,True,False,ok
Glasser,9,kernel_ridge,"kernel_ridge[alpha=0.1,gamma_mult=1.0]",obs_FC+bv+demo,age,0.8063039647246039,0.85,False,True,False,ok
4S456Parcels,9,bayesian_ridge,bayesian_ridge,obs_FC+bv+demo,age,0.8063013240814573,0.85,False,True,False,ok
Glasser,9,kernel_ridge,"kernel_ridge[alpha=1.0,gamma_mult=0.5]",obs_FC+bv+demo,age,0.8061579127232662,0.85,False,True,False,ok
4S456Parcels,5,kernel_ridge,"kernel_ridge[alpha=0.1,gamma_mult=2.0]",pred_SC+bv+demo,age,0.8057064188344982,0.85,False,True,False,ok
4S456Parcels,0,kernel_ridge,"kernel_ridge[alpha=0.1,gamma_mult=2.0]",obs_SC+bv+demo,age,0.8055481602696294,0.85,False,True,False,ok
Glasser,5,kernel_ridge,"kernel_ridge[alpha=0.1,gamma_mult=1.0]",obs_FC+bv+demo,age,0.8048007682602026,0.85,False,True,False,ok
Glasser,6,bayesian_ridge,bayesian_ridge,obs_FC+bv+demo,age,0.8033367145856399,0.85,False,True,False,ok
Glasser,9,kernel_ridge,"kernel_ridge[alpha=1.0,gamma_mult=1.0]",pred_FC+bv+demo,age,0.802765311015506,0.85,False,True,False,ok
4S456Parcels,4,kernel_ridge,"kernel_ridge[alpha=1.0,gamma_mult=1.0]",pred_FC+bv+demo,age,0.8025055795223379,0.85,False,True,False,ok
Glasser,4,kernel_ridge,"kernel_ridge[alpha=0.1,gamma_mult=0.5]",obs_FC+bv+demo,age,0.8021824012167574,0.85,False,True,False,ok
Glasser,5,kernel_ridge,"kernel_ridge[alpha=1.0,gamma_mult=1.0]",pred_SC+bv+demo,age,0.8020001192300061,0.85,False,True,False,ok
4S456Parcels,0,kernel_ridge,"kernel_ridge[alpha=1.0,gamma_mult=1.0]",pred_SC+bv+demo,age,0.8006619876757387,0.85,False,True,False,ok
4S456Parcels,9,kernel_ridge,"kernel_ridge[alpha=0.1,gamma_mult=0.5]",obs_FC+bv+demo,age,0.799819366837077,0.85,False,True,False,ok
Glasser,9,kernel_ridge,"kernel_ridge[alpha=1.0,gamma_mult=2.0]",obs_SC+bv+demo,age,0.7990210019151022,0.85,False,True,False,ok
4S456Parcels,8,kernel_ridge,"kernel_ridge[alpha=0.1,gamma_mult=1.0]",bv+demo,age,0.7986280856957374,0.85,False,True,False,ok
Glasser,8,kernel_ridge,"kernel_ridge[alpha=0.1,gamma_mult=1.0]",bv+demo,age,0.7986280856957374,0.85,False,True,False,ok
Glasser,9,kernel_ridge,"kernel_ridge[alpha=1.0,gamma_mult=1.0]",pred_SC+bv+demo,age,0.798552788262534,0.85,False,True,False,ok
Glasser,3,kernel_ridge,"kernel_ridge[alpha=0.1,gamma_mult=2.0]",pred_FC+bv+demo,age,0.7978728175294059,0.85,False,True,False,ok
Glasser,4,kernel_ridge,"kernel_ridge[alpha=1.0,gamma_mult=1.0]",pred_FC+bv+demo,age,0.7971650783429466,0.85,False,True,False,ok
4S456Parcels,5,kernel_ridge,"kernel_ridge[alpha=0.1,gamma_mult=2.0]",pred_FC+bv+demo,age,0.7968559060149552,0.85,False,True,False,ok
Glasser,0,kernel_ridge,"kernel_ridge[alpha=0.1,gamma_mult=0.5]",obs_FC+bv+demo,age,0.7965529975330108,0.85,False,True,False,ok
4S456Parcels,9,kernel_ridge,"kernel_ridge[alpha=1.0,gamma_mult=1.0]",pred_SC+bv+demo,age,0.7953356541169881,0.85,False,True,False,ok
Glasser,0,kernel_ridge,"kernel_ridge[alpha=1.0,gamma_mult=2.0]",obs_SC+bv+demo,age,0.7949492052042618,0.85,False,True,False,ok
Glasser,6,kernel_ridge,"kernel_ridge[alpha=1.0,gamma_mult=1.0]",pred_SC+bv+demo,age,0.7937899875251371,0.85,False,True,False,ok
Glasser,1,kernel_ridge,"kernel_ridge[alpha=1.0,gamma_mult=0.5]",obs_FC+bv+demo,age,0.7917936097695709,0.85,False,True,False,ok
4S456Parcels,5,kernel_ridge,"kernel_ridge[alpha=0.1,gamma_mult=2.0]",obs_SC+bv+demo,age,0.7908305973406491,0.85,False,True,False,ok
4S456Parcels,1,kernel_ridge,"kernel_ridge[alpha=0.1,gamma_mult=2.0]",bv+demo,age,0.7908088986500845,0.85,False,True,False,ok
Glasser,1,kernel_ridge,"kernel_ridge[alpha=0.1,gamma_mult=2.0]",bv+demo,age,0.7908088986500845,0.85,False,True,False,ok
Glasser,0,kernel_ridge,"kernel_ridge[alpha=0.1,gamma_mult=2.0]",pred_SC+bv+demo,age,0.7899738293615767,0.85,False,True,False,ok
4S456Parcels,6,kernel_ridge,"kernel_ridge[alpha=1.0,gamma_mult=1.0]",pred_SC+bv+demo,age,0.7895200805236097,0.85,False,True,False,ok
4S456Parcels,0,kernel_ridge,"kernel_ridge[alpha=0.1,gamma_mult=2.0]",pred_FC+bv+demo,age,0.7895110882669332,0.85,False,True,False,ok
4S456Parcels,2,kernel_ridge,"kernel_ridge[alpha=1.0,gamma_mult=1.0]",pred_FC+bv+demo,age,0.7883281399593559,0.85,False,True,False,ok
Glasser,8,kernel_ridge,"kernel_ridge[alpha=0.1,gamma_mult=2.0]",obs_SC+bv+demo,age,0.7879600678962329,0.85,False,True,False,ok
Glasser,3,kernel_ridge,"kernel_ridge[alpha=0.1,gamma_mult=2.0]",pred_SC+bv+demo,age,0.7878586431537177,0.85,False,True,False,ok
4S456Parcels,0,pca_pls,pca_pls,obs_FC+bv+demo,age,0.7876804177965411,0.85,False,True,False,ok
4S456Parcels,1,kernel_ridge,"kernel_ridge[alpha=0.1,gamma_mult=2.0]",pred_FC+bv+demo,age,0.7862659356351233,0.85,False,True,False,ok
4S456Parcels,1,kernel_ridge,"kernel_ridge[alpha=1.0,gamma_mult=1.0]",bv+demo,age,0.7857870038700774,0.85,False,True,False,ok
Glasser,1,kernel_ridge,"kernel_ridge[alpha=1.0,gamma_mult=1.0]",bv+demo,age,0.7857870038700774,0.85,False,True,False,ok
4S456Parcels,3,kernel_ridge,"kernel_ridge[alpha=0.1,gamma_mult=2.0]",pred_SC+bv+demo,age,0.7850644839162726,0.85,False,True,False,ok
Glasser,1,kernel_ridge,"kernel_ridge[alpha=1.0,gamma_mult=1.0]",pred_SC+bv+demo,age,0.781762580697493,0.85,False,True,False,ok
Glasser,7,kernel_ridge,"kernel_ridge[alpha=0.1,gamma_mult=0.5]",obs_FC+bv+demo,age,0.7792446600041104,0.85,False,True,False,ok
Glasser,6,kernel_ridge,"kernel_ridge[alpha=1.0,gamma_mult=0.5]",obs_FC+bv+demo,age,0.7784435325186445,0.85,False,True,False,ok
Glasser,5,kernel_ridge,"kernel_ridge[alpha=0.1,gamma_mult=2.0]",pred_FC+bv+demo,age,0.7777226403697234,0.85,False,True,False,ok
4S456Parcels,2,kernel_ridge,"kernel_ridge[alpha=0.1,gamma_mult=2.0]",obs_SC+bv+demo,age,0.7771281387611761,0.85,False,True,False,ok
Glasser,2,kernel_ridge,"kernel_ridge[alpha=0.1,gamma_mult=0.5]",obs_FC+bv+demo,age,0.7770153520474063,0.85,False,True,False,ok
4S456Parcels,3,kernel_ridge,"kernel_ridge[alpha=0.1,gamma_mult=1.0]",obs_FC+bv+demo,age,0.776953619240445,0.85,False,True,False,ok
Glasser,4,kernel_ridge,"kernel_ridge[alpha=1.0,gamma_mult=1.0]",pred_SC+bv+demo,age,0.7765867985074295,0.85,False,True,False,ok
4S456Parcels,1,kernel_ridge,"kernel_ridge[alpha=0.1,gamma_mult=2.0]",obs_SC+bv+demo,age,0.776263462991376,0.85,False,True,False,ok
4S456Parcels,6,kernel_ridge,"kernel_ridge[alpha=1.0,gamma_mult=2.0]",obs_SC+bv+demo,age,0.7762007488355213,0.85,False,True,False,ok
4S456Parcels,0,bayesian_ridge,bayesian_ridge,obs_FC+bv+demo,age,0.7760673419463942,0.85,False,True,False,ok
Glasser,4,kernel_ridge,"kernel_ridge[alpha=1.0,gamma_mult=2.0]",obs_SC+bv+demo,age,0.7759020966221936,0.85,False,True,False,ok
4S456Parcels,8,pca_pls,pca_pls,obs_FC+bv+demo,age,0.7749049470358298,0.85,False,True,False,ok
4S456Parcels,5,pca_pls,pca_pls,obs_FC+bv+demo,age,0.7746928686405861,0.85,False,True,False,ok
4S456Parcels,7,kernel_ridge,"kernel_ridge[alpha=1.0,gamma_mult=2.0]",obs_SC+bv+demo,age,0.7742519940677435,0.85,False,True,False,ok
Glasser,2,kernel_ridge,"kernel_ridge[alpha=1.0,gamma_mult=1.0]",pred_FC+bv+demo,age,0.7740126181103275,0.85,False,True,False,ok
Glasser,1,kernel_ridge,"kernel_ridge[alpha=0.1,gamma_mult=1.0]",obs_FC+bv+demo,age,0.7739974538100883,0.85,False,True,False,ok
4S456Parcels,0,kernel_ridge,"kernel_ridge[alpha=1.0,gamma_mult=2.0]",obs_SC+bv+demo,age,0.7739318939944552,0.85,False,True,False,ok
4S456Parcels,9,kernel_ridge,"kernel_ridge[alpha=0.1,gamma_mult=2.0]",obs_SC+bv+demo,age,0.7731523288320747,0.85,False,True,False,ok
Glasser,7,kernel_ridge,"kernel_ridge[alpha=1.0,gamma_mult=1.0]",pred_FC+bv+demo,age,0.7728825990309263,0.85,False,True,False,ok
4S456Parcels,3,kernel_ridge,"kernel_ridge[alpha=0.1,gamma_mult=2.0]",obs_SC+bv+demo,age,0.7723548143032594,0.85,False,True,False,ok
Glasser,6,kernel_ridge,"kernel_ridge[alpha=0.1,gamma_mult=1.0]",obs_FC+bv+demo,age,0.7723318720391188,0.85,False,True,False,ok
4S456Parcels,3,kernel_ridge,"kernel_ridge[alpha=0.1,gamma_mult=2.0]",bv+demo,age,0.7721230419427789,0.85,False,True,False,ok
Glasser,3,kernel_ridge,"kernel_ridge[alpha=0.1,gamma_mult=2.0]",bv+demo,age,0.7721230419427789,0.85,False,True,False,ok
4S456Parcels,0,kernel_ridge,"kernel_ridge[alpha=1.0,gamma_mult=2.0]",bv+demo,age,0.7719793260160155,0.85,False,True,False,ok
Glasser,0,kernel_ridge,"kernel_ridge[alpha=1.0,gamma_mult=2.0]",bv+demo,age,0.7719793260160155,0.85,False,True,False,ok
4S456Parcels,5,kernel_ridge,"kernel_ridge[alpha=1.0,gamma_mult=2.0]",obs_SC+bv+demo,age,0.7716622062769304,0.85,False,True,False,ok
Glasser,7,kernel_ridge,"kernel_ridge[alpha=1.0,gamma_mult=2.0]",obs_SC+bv+demo,age,0.7710479095421457,0.85,False,True,False,ok
Glasser,0,kernel_ridge,"kernel_ridge[alpha=0.1,gamma_mult=2.0]",pred_FC+bv+demo,age,0.7707852603930517,0.85,False,True,False,ok
4S456Parcels,3,kernel_ridge,"kernel_ridge[alpha=1.0,gamma_mult=0.5]",obs_FC+bv+demo,age,0.7697964371149296,0.85,False,True,False,ok
4S456Parcels,1,pca_pls,pca_pls,obs_FC+bv+demo,age,0.7693016361759047,0.85,False,True,False,ok
4S456Parcels,9,kernel_ridge,"kernel_ridge[alpha=1.0,gamma_mult=2.0]",obs_SC+bv+demo,age,0.7686489040235038,0.85,False,True,False,ok
Glasser,5,kernel_ridge,"kernel_ridge[alpha=1.0,gamma_mult=1.0]",obs_FC+bv+demo,age,0.768376491183305,0.85,False,True,False,ok
Glasser,7,kernel_ridge,"kernel_ridge[alpha=0.1,gamma_mult=2.0]",pred_FC+bv+demo,age,0.7682956243605891,0.85,False,True,False,ok
4S456Parcels,4,kernel_ridge,"kernel_ridge[alpha=0.1,gamma_mult=2.0]",pred_SC+bv+demo,age,0.7682410654764027,0.85,False,True,False,ok
4S456Parcels,7,kernel_ridge,"kernel_ridge[alpha=0.1,gamma_mult=2.0]",obs_SC+bv+demo,age,0.7681780995257167,0.85,False,True,False,ok
4S456Parcels,0,kernel_ridge,"kernel_ridge[alpha=0.1,gamma_mult=2.0]",pred_SC+bv+demo,age,0.7681289433524667,0.85,False,True,False,ok
4S456Parcels,9,kernel_ridge,"kernel_ridge[alpha=0.1,gamma_mult=2.0]",pred_SC+bv+demo,age,0.7676129842896655,0.85,False,True,False,ok
4S456Parcels,6,kernel_ridge,"kernel_ridge[alpha=0.1,gamma_mult=2.0]",pred_SC+bv+demo,age,0.7670807045120851,0.85,False,True,False,ok
4S456Parcels,8,kernel_ridge,"kernel_ridge[alpha=1.0,gamma_mult=0.5]",bv+demo,age,0.7667934805942215,0.85,False,True,False,ok
Glasser,8,kernel_ridge,"kernel_ridge[alpha=1.0,gamma_mult=0.5]",bv+demo,age,0.7667934805942215,0.85,False,True,False,ok
Glasser,6,kernel_ridge,"kernel_ridge[alpha=0.1,gamma_mult=2.0]",pred_SC+bv+demo,age,0.7665592886743438,0.85,False,True,False,ok
Glasser,9,kernel_ridge,"kernel_ridge[alpha=0.1,gamma_mult=2.0]",pred_SC+bv+demo,age,0.7663802320579008,0.85,False,True,False,ok
Glasser,9,kernel_ridge,"kernel_ridge[alpha=0.1,gamma_mult=2.0]",pred_FC+bv+demo,age,0.7661721023810646,0.85,False,True,False,ok
4S456Parcels,3,kernel_ridge,"kernel_ridge[alpha=1.0,gamma_mult=2.0]",obs_SC+bv+demo,age,0.7651827125216439,0.85,False,True,False,ok
4S456Parcels,7,kernel_ridge,"kernel_ridge[alpha=1.0,gamma_mult=1.0]",bv+demo,age,0.7650928391597281,0.85,False,True,False,ok
Glasser,7,kernel_ridge,"kernel_ridge[alpha=1.0,gamma_mult=1.0]",bv+demo,age,0.7650928391597281,0.85,False,True,False,ok
Glasser,5,kernel_ridge,"kernel_ridge[alpha=1.0,gamma_mult=2.0]",obs_SC+bv+demo,age,0.7640904685618759,0.85,False,True,False,ok
4S456Parcels,6,kernel_ridge,"kernel_ridge[alpha=0.1,gamma_mult=2.0]",obs_SC+bv+demo,age,0.7636206386045532,0.85,False,True,False,ok
Glasser,1,kernel_ridge,"kernel_ridge[alpha=1.0,gamma_mult=2.0]",obs_SC+bv+demo,age,0.7635519927190411,0.85,False,True,False,ok
4S456Parcels,4,kernel_ridge,"kernel_ridge[alpha=0.1,gamma_mult=2.0]",pred_FC+bv+demo,age,0.7632136836309743,0.85,False,True,False,ok
Glasser,2,kernel_ridge,"kernel_ridge[alpha=1.0,gamma_mult=2.0]",obs_SC+bv+demo,age,0.7621014649684044,0.85,False,True,False,ok
4S456Parcels,5,kernel_ridge,"kernel_ridge[alpha=0.1,gamma_mult=0.5]",obs_FC+bv+demo,age,0.7619987168331092,0.85,False,True,False,ok
Glasser,7,kernel_ridge,"kernel_ridge[alpha=0.1,gamma_mult=1.0]",obs_FC+bv+demo,age,0.7614944361450804,0.85,False,True,False,ok
4S456Parcels,9,kernel_ridge,"kernel_ridge[alpha=1.0,gamma_mult=0.5]",obs_FC+bv+demo,age,0.7612293246394174,0.85,False,True,False,ok
4S456Parcels,8,bayesian_ridge,bayesian_ridge,obs_FC+bv+demo,age,0.7610488347071114,0.85,False,True,False,ok
4S456Parcels,0,kernel_ridge,"kernel_ridge[alpha=0.1,gamma_mult=0.5]",obs_FC+bv+demo,age,0.7605994846450264,0.85,False,True,False,ok
4S456Parcels,1,kernel_ridge,"kernel_ridge[alpha=0.1,gamma_mult=0.5]",obs_FC+bv+demo,age,0.7597272260806689,0.85,False,True,False,ok
Glasser,8,kernel_ridge,"kernel_ridge[alpha=0.1,gamma_mult=1.0]",obs_FC+bv+demo,age,0.7592350616515882,0.85,False,True,False,ok
Glasser,5,kernel_ridge,"kernel_ridge[alpha=0.1,gamma_mult=2.0]",pred_SC+bv+demo,age,0.7589229053173505,0.85,False,True,False,ok
Glasser,4,kernel_ridge,"kernel_ridge[alpha=1.0,gamma_mult=0.5]",obs_FC+bv+demo,age,0.758583087760646,0.85,False,True,False,ok
4S456Parcels,2,kernel_ridge,"kernel_ridge[alpha=0.1,gamma_mult=2.0]",pred_FC+bv+demo,age,0.7577161243311785,0.85,False,True,False,ok
4S456Parcels,8,kernel_ridge,"kernel_ridge[alpha=0.1,gamma_mult=2.0]",obs_SC+bv+demo,age,0.7572949895202429,0.85,False,True,False,ok
Glasser,4,kernel_ridge,"kernel_ridge[alpha=0.1,gamma_mult=1.0]",obs_FC+bv+demo,age,0.7571797468524586,0.85,False,True,False,ok
4S456Parcels,8,kernel_ridge,"kernel_ridge[alpha=0.1,gamma_mult=0.5]",obs_FC+bv+demo,age,0.7565267972091408,0.85,False,True,False,ok
Glasser,7,bayesian_ridge,bayesian_ridge,obs_FC+bv+demo,age,0.7561263726346727,0.85,False,True,False,ok
4S456Parcels,1,kernel_ridge,"kernel_ridge[alpha=1.0,gamma_mult=1.0]",pred_SC+bv+demo,age,0.7559000815471478,0.85,False,True,False,ok
4S456Parcels,4,kernel_ridge,"kernel_ridge[alpha=0.1,gamma_mult=2.0]",obs_SC+bv+demo,age,0.7556696691771625,0.85,False,True,False,ok
Glasser,4,kernel_ridge,"kernel_ridge[alpha=0.1,gamma_mult=2.0]",pred_FC+bv+demo,age,0.7551044065458584,0.85,False,True,False,ok
Glasser,7,kernel_ridge,"kernel_ridge[alpha=1.0,gamma_mult=1.0]",pred_SC+bv+demo,age,0.7550039376141816,0.85,False,True,False,ok
Glasser,8,kernel_ridge,"kernel_ridge[alpha=1.0,gamma_mult=0.5]",pred_FC+bv+demo,age,0.7539010890332078,0.85,False,True,False,ok
4S456Parcels,4,bayesian_ridge,bayesian_ridge,obs_FC+bv+demo,age,0.7536746665407298,0.85,False,True,False,ok
4S456Parcels,5,bayesian_ridge,bayesian_ridge,obs_FC+bv+demo,age,0.7530659365954799,0.85,False,True,False,ok
4S456Parcels,9,kernel_ridge,"kernel_ridge[alpha=0.1,gamma_mult=1.0]",obs_FC+bv+demo,age,0.7515364351205653,0.85,False,True,False,ok
4S456Parcels,4,kernel_ridge,"kernel_ridge[alpha=0.1,gamma_mult=0.5]",obs_FC+bv+demo,age,0.7512769703825106,0.85,False,True,False,ok
Glasser,7,kernel_ridge,"kernel_ridge[alpha=1.0,gamma_mult=0.5]",obs_FC+bv+demo,age,0.7502187945016753,0.85,False,True,False,ok
4S456Parcels,8,kernel_ridge,"kernel_ridge[alpha=1.0,gamma_mult=0.5]",pred_FC+bv+demo,age,0.749698434748346,0.85,False,True,False,ok
Glasser,2,kernel_ridge,"kernel_ridge[alpha=1.0,gamma_mult=1.0]",pred_SC+bv+demo,age,0.7494844628954678,0.85,False,True,False,ok
4S456Parcels,1,bayesian_ridge,bayesian_ridge,obs_FC+bv+demo,age,0.7491991943833674,0.85,False,True,False,ok
Glasser,1,kernel_ridge,"kernel_ridge[alpha=0.1,gamma_mult=2.0]",pred_SC+bv+demo,age,0.7487041653703133,0.85,False,True,False,ok
Glasser,0,kernel_ridge,"kernel_ridge[alpha=1.0,gamma_mult=0.5]",obs_FC+bv+demo,age,0.7485706721821246,0.85,False,True,False,ok
4S456Parcels,6,pca_pls,pca_pls,obs_FC+bv+demo,age,0.7484704599153807,0.85,False,True,False,ok
4S456Parcels,6,kernel_ridge,"kernel_ridge[alpha=1.0,gamma_mult=1.0]",pred_FC+bv+demo,age,0.7482646962453077,0.85,False,True,False,ok
4S456Parcels,1,kernel_ridge,"kernel_ridge[alpha=1.0,gamma_mult=2.0]",obs_SC+bv+demo,age,0.7458595135668237,0.85,False,True,False,ok
Glasser,0,kernel_ridge,"kernel_ridge[alpha=0.1,gamma_mult=1.0]",obs_FC+bv+demo,age,0.7457181523725173,0.85,False,True,False,ok
Glasser,2,kernel_ridge,"kernel_ridge[alpha=0.1,gamma_mult=2.0]",pred_FC+bv+demo,age,0.7451576381823077,0.85,False,True,False,ok
4S456Parcels,7,kernel_ridge,"kernel_ridge[alpha=1.0,gamma_mult=1.0]",pred_SC+bv+demo,age,0.7442619148375124,0.85,False,True,False,ok
Glasser,7,kernel_ridge,"kernel_ridge[alpha=0.1,gamma_mult=2.0]",pred_SC+bv+demo,age,0.7408118027653996,0.85,False,True,False,ok
Glasser,3,kernel_ridge,"kernel_ridge[alpha=1.0,gamma_mult=1.0]",obs_FC+bv+demo,age,0.7407631469970115,0.85,False,True,False,ok
4S456Parcels,7,kernel_ridge,"kernel_ridge[alpha=0.1,gamma_mult=2.0]",bv+demo,age,0.7402332068230104,0.85,False,True,False,ok
Glasser,7,kernel_ridge,"kernel_ridge[alpha=0.1,gamma_mult=2.0]",bv+demo,age,0.7402332068230104,0.85,False,True,False,ok
Glasser,8,kernel_ridge,"kernel_ridge[alpha=1.0,gamma_mult=0.5]",obs_FC+bv+demo,age,0.73993085546009,0.85,False,True,False,ok
4S456Parcels,4,kernel_ridge,"kernel_ridge[alpha=1.0,gamma_mult=2.0]",obs_SC+bv+demo,age,0.7384408615820788,0.85,False,True,False,ok
Glasser,9,kernel_ridge,"kernel_ridge[alpha=1.0,gamma_mult=1.0]",obs_FC+bv+demo,age,0.738123069100521,0.85,False,True,False,ok
4S456Parcels,5,kernel_ridge,"kernel_ridge[alpha=1.0,gamma_mult=0.5]",obs_FC+bv+demo,age,0.7376871678958241,0.85,False,True,False,ok
4S456Parcels,1,kernel_ridge,"kernel_ridge[alpha=1.0,gamma_mult=0.5]",obs_FC+bv+demo,age,0.7367784245566641,0.85,False,True,False,ok
Glasser,8,kernel_ridge,"kernel_ridge[alpha=1.0,gamma_mult=2.0]",obs_SC+bv+demo,age,0.734686088939276,0.85,False,True,False,ok
4S456Parcels,8,kernel_ridge,"kernel_ridge[alpha=1.0,gamma_mult=2.0]",obs_SC+bv+demo,age,0.7332351817711271,0.85,False,True,False,ok
Glasser,4,kernel_ridge,"kernel_ridge[alpha=0.1,gamma_mult=2.0]",pred_SC+bv+demo,age,0.7327208981841151,0.85,False,True,False,ok
4S456Parcels,2,pca_pls,pca_pls,obs_FC+bv+demo,age,0.7310328734058775,0.85,False,True,False,ok
4S456Parcels,7,kernel_ridge,"kernel_ridge[alpha=0.1,gamma_mult=2.0]",pred_SC+bv+demo,age,0.7303901076169081,0.85,False,True,False,ok
4S456Parcels,5,kernel_ridge,"kernel_ridge[alpha=0.1,gamma_mult=1.0]",obs_FC+bv+demo,age,0.7302667506738899,0.85,False,True,False,ok
4S456Parcels,0,kernel_ridge,"kernel_ridge[alpha=1.0,gamma_mult=0.5]",obs_FC+bv+demo,age,0.7299081430178447,0.85,False,True,False,ok
Glasser,1,kernel_ridge,"kernel_ridge[alpha=1.0,gamma_mult=1.0]",obs_FC+bv+demo,age,0.7293756355363054,0.85,False,True,False,ok
4S456Parcels,2,kernel_ridge,"kernel_ridge[alpha=0.1,gamma_mult=2.0]",bv+demo,age,0.728763004682893,0.85,False,True,False,ok
Glasser,2,kernel_ridge,"kernel_ridge[alpha=0.1,gamma_mult=2.0]",bv+demo,age,0.728763004682893,0.85,False,True,False,ok
Glasser,1,kernel_ridge,"kernel_ridge[alpha=1.0,gamma_mult=1.0]",pred_FC+bv+demo,age,0.7283002237266981,0.85,False,True,False,ok
4S456Parcels,8,kernel_ridge,"kernel_ridge[alpha=1.0,gamma_mult=0.5]",pred_SC+bv+demo,age,0.727435451872048,0.85,False,True,False,ok
Glasser,2,kernel_ridge,"kernel_ridge[alpha=1.0,gamma_mult=0.5]",obs_FC+bv+demo,age,0.7269571494058554,0.85,False,True,False,ok
Glasser,5,kernel_ridge,"kernel_ridge[alpha=0.1,gamma_mult=2.0]",obs_FC+bv+demo,age,0.7267101740575815,0.85,False,True,False,ok
4S456Parcels,7,pca_pls,pca_pls,obs_FC+bv+demo,age,0.7263714185148299,0.85,False,True,False,ok
4S456Parcels,2,kernel_ridge,"kernel_ridge[alpha=1.0,gamma_mult=1.0]",bv+demo,age,0.7255596024777247,0.85,False,True,False,ok
Glasser,2,kernel_ridge,"kernel_ridge[alpha=1.0,gamma_mult=1.0]",bv+demo,age,0.7255596024777247,0.85,False,True,False,ok
4S456Parcels,6,kernel_ridge,"kernel_ridge[alpha=0.1,gamma_mult=2.0]",pred_FC+bv+demo,age,0.7250989781514504,0.85,False,True,False,ok
4S456Parcels,4,kernel_ridge,"kernel_ridge[alpha=1.0,gamma_mult=0.5]",obs_FC+bv+demo,age,0.7225309138850178,0.85,False,True,False,ok
Glasser,6,kernel_ridge,"kernel_ridge[alpha=1.0,gamma_mult=1.0]",obs_FC+bv+demo,age,0.7218181708117598,0.85,False,True,False,ok
4S456Parcels,6,kernel_ridge,"kernel_ridge[alpha=0.1,gamma_mult=0.5]",obs_FC+bv+demo,age,0.7217750479684907,0.85,False,True,False,ok
4S456Parcels,2,kernel_ridge,"kernel_ridge[alpha=1.0,gamma_mult=1.0]",pred_SC+bv+demo,age,0.7210674230886583,0.85,False,True,False,ok
4S456Parcels,6,bayesian_ridge,bayesian_ridge,obs_FC+bv+demo,age,0.7205010023065571,0.85,False,True,False,ok
Glasser,8,kernel_ridge,"kernel_ridge[alpha=1.0,gamma_mult=0.5]",pred_SC+bv+demo,age,0.7201044712113382,0.85,False,True,False,ok
4S456Parcels,1,kernel_ridge,"kernel_ridge[alpha=0.1,gamma_mult=1.0]",obs_FC+bv+demo,age,0.7199440168858199,0.85,False,True,False,ok
4S456Parcels,8,kernel_ridge,"kernel_ridge[alpha=1.0,gamma_mult=1.0]",bv+demo,age,0.7195733907091251,0.85,False,True,False,ok
Glasser,8,kernel_ridge,"kernel_ridge[alpha=1.0,gamma_mult=1.0]",bv+demo,age,0.7195733907091251,0.85,False,True,False,ok
4S456Parcels,7,kernel_ridge,"kernel_ridge[alpha=0.1,gamma_mult=0.5]",obs_FC+bv+demo,age,0.7174444351803951,0.85,False,True,False,ok
4S456Parcels,1,kernel_ridge,"kernel_ridge[alpha=0.1,gamma_mult=2.0]",pred_SC+bv+demo,age,0.7155508419068042,0.85,False,True,False,ok
4S456Parcels,8,kernel_ridge,"kernel_ridge[alpha=0.1,gamma_mult=1.0]",obs_FC+bv+demo,age,0.7154190171519571,0.85,False,True,False,ok
Glasser,2,kernel_ridge,"kernel_ridge[alpha=0.1,gamma_mult=1.0]",obs_FC+bv+demo,age,0.7149613217116356,0.85,False,True,False,ok
4S456Parcels,2,bayesian_ridge,bayesian_ridge,obs_FC+bv+demo,age,0.7142937903436494,0.85,False,True,False,ok
4S456Parcels,3,kernel_ridge,"kernel_ridge[alpha=1.0,gamma_mult=1.0]",obs_FC+bv+demo,age,0.7140838783923633,0.85,False,True,False,ok
4S456Parcels,8,kernel_ridge,"kernel_ridge[alpha=0.1,gamma_mult=2.0]",bv+demo,age,0.7132620116111409,0.85,False,True,False,ok
Glasser,8,kernel_ridge,"kernel_ridge[alpha=0.1,gamma_mult=2.0]",bv+demo,age,0.7132620116111409,0.85,False,True,False,ok
4S456Parcels,5,kernel_ridge,"kernel_ridge[alpha=1.0,gamma_mult=2.0]",bv+demo,age,0.7126157880397526,0.85,False,True,False,ok
Glasser,5,kernel_ridge,"kernel_ridge[alpha=1.0,gamma_mult=2.0]",bv+demo,age,0.7126157880397526,0.85,False,True,False,ok
4S456Parcels,0,kernel_ridge,"kernel_ridge[alpha=0.1,gamma_mult=1.0]",obs_FC+bv+demo,age,0.7100877197947169,0.85,False,True,False,ok
4S456Parcels,2,kernel_ridge,"kernel_ridge[alpha=1.0,gamma_mult=2.0]",obs_SC+bv+demo,age,0.7100694939455732,0.85,False,True,False,ok
4S456Parcels,6,kernel_ridge,"kernel_ridge[alpha=1.0,gamma_mult=2.0]",bv+demo,age,0.7089117867986122,0.85,False,True,False,ok
Glasser,6,kernel_ridge,"kernel_ridge[alpha=1.0,gamma_mult=2.0]",bv+demo,age,0.7089117867986122,0.85,False,True,False,ok
Glasser,7,kernel_ridge,"kernel_ridge[alpha=1.0,gamma_mult=1.0]",obs_FC+bv+demo,age,0.7085597264680823,0.85,False,True,False,ok
4S456Parcels,4,kernel_ridge,"kernel_ridge[alpha=0.1,gamma_mult=1.0]",obs_FC+bv+demo,age,0.708346523522107,0.85,False,True,False,ok
4S456Parcels,7,bayesian_ridge,bayesian_ridge,obs_FC+bv+demo,age,0.7074942299997231,0.85,False,True,False,ok
Glasser,2,kernel_ridge,"kernel_ridge[alpha=0.1,gamma_mult=2.0]",pred_SC+bv+demo,age,0.7072255049668171,0.85,False,True,False,ok
4S456Parcels,7,kernel_ridge,"kernel_ridge[alpha=1.0,gamma_mult=1.0]",pred_FC+bv+demo,age,0.7063175421141566,0.85,False,True,False,ok
4S456Parcels,6,kernel_ridge,"kernel_ridge[alpha=1.0,gamma_mult=0.5]",obs_FC+bv+demo,age,0.7043854306608438,0.85,False,True,False,ok
4S456Parcels,2,kernel_ridge,"kernel_ridge[alpha=0.1,gamma_mult=0.5]",obs_FC+bv+demo,age,0.6963249176199434,0.85,False,True,False,ok
4S456Parcels,7,kernel_ridge,"kernel_ridge[alpha=1.0,gamma_mult=0.5]",obs_FC+bv+demo,age,0.6955212210967686,0.85,False,True,False,ok
4S456Parcels,5,kernel_ridge,"kernel_ridge[alpha=1.0,gamma_mult=1.0]",obs_FC+bv+demo,age,0.6954187751346631,0.85,False,True,False,ok
Glasser,8,kernel_ridge,"kernel_ridge[alpha=0.1,gamma_mult=2.0]",pred_FC+bv+demo,age,0.6953326389853146,0.85,False,True,False,ok
4S456Parcels,9,kernel_ridge,"kernel_ridge[alpha=1.0,gamma_mult=1.0]",obs_FC+bv+demo,age,0.6930150322957742,0.85,False,True,False,ok
4S456Parcels,3,kernel_ridge,"kernel_ridge[alpha=1.0,gamma_mult=2.0]",pred_FC+bv+demo,age,0.6913680820270288,0.85,False,True,False,ok
Glasser,4,kernel_ridge,"kernel_ridge[alpha=1.0,gamma_mult=1.0]",obs_FC+bv+demo,age,0.689893151923211,0.85,False,True,False,ok
4S456Parcels,7,kernel_ridge,"kernel_ridge[alpha=0.1,gamma_mult=1.0]",obs_FC+bv+demo,age,0.686873795852789,0.85,False,True,False,ok
4S456Parcels,7,kernel_ridge,"kernel_ridge[alpha=0.1,gamma_mult=2.0]",pred_FC+bv+demo,age,0.6850945718004423,0.85,False,True,False,ok
4S456Parcels,8,kernel_ridge,"kernel_ridge[alpha=1.0,gamma_mult=0.5]",obs_FC+bv+demo,age,0.6816735471994949,0.85,False,True,False,ok
4S456Parcels,1,kernel_ridge,"kernel_ridge[alpha=1.0,gamma_mult=1.0]",obs_FC+bv+demo,age,0.6801921355321925,0.85,False,True,False,ok
Glasser,1,kernel_ridge,"kernel_ridge[alpha=0.1,gamma_mult=2.0]",pred_FC+bv+demo,age,0.6800119485477922,0.85,False,True,False,ok
Glasser,3,kernel_ridge,"kernel_ridge[alpha=0.1,gamma_mult=2.0]",obs_FC+bv+demo,age,0.6759545891397919,0.85,False,True,False,ok
4S456Parcels,2,kernel_ridge,"kernel_ridge[alpha=0.1,gamma_mult=2.0]",pred_SC+bv+demo,age,0.6752428604405634,0.85,False,True,False,ok
Glasser,0,kernel_ridge,"kernel_ridge[alpha=1.0,gamma_mult=1.0]",obs_FC+bv+demo,age,0.6740205860096053,0.85,False,True,False,ok
Glasser,6,kernel_ridge,"kernel_ridge[alpha=1.0,gamma_mult=2.0]",pred_FC+bv+demo,age,0.6731987129089935,0.85,False,True,False,ok
4S456Parcels,8,kernel_ridge,"kernel_ridge[alpha=0.1,gamma_mult=2.0]",pred_FC+bv+demo,age,0.6728056397018651,0.85,False,True,False,ok
4S456Parcels,6,kernel_ridge,"kernel_ridge[alpha=0.1,gamma_mult=1.0]",obs_FC+bv+demo,age,0.6726047341834615,0.85,False,True,False,ok
Glasser,7,kernel_ridge,"kernel_ridge[alpha=0.1,gamma_mult=2.0]",obs_FC+bv+demo,age,0.6722994120057944,0.85,False,True,False,ok
Glasser,9,kernel_ridge,"kernel_ridge[alpha=0.1,gamma_mult=2.0]",obs_FC+bv+demo,age,0.6713565730334249,0.85,False,True,False,ok
4S456Parcels,4,kernel_ridge,"kernel_ridge[alpha=1.0,gamma_mult=2.0]",bv+demo,age,0.6672761586789193,0.85,False,True,False,ok
Glasser,4,kernel_ridge,"kernel_ridge[alpha=1.0,gamma_mult=2.0]",bv+demo,age,0.6672761586789193,0.85,False,True,False,ok
4S456Parcels,3,kernel_ridge,"kernel_ridge[alpha=0.1,gamma_mult=2.0]",obs_FC+bv+demo,age,0.6659744386160774,0.85,False,True,False,ok
4S456Parcels,4,kernel_ridge,"kernel_ridge[alpha=1.0,gamma_mult=1.0]",obs_FC+bv+demo,age,0.6629833057970743,0.85,False,True,False,ok
4S456Parcels,0,kernel_ridge,"kernel_ridge[alpha=1.0,gamma_mult=1.0]",obs_FC+bv+demo,age,0.662294662640214,0.85,False,True,False,ok
Glasser,8,kernel_ridge,"kernel_ridge[alpha=1.0,gamma_mult=1.0]",pred_FC+bv+demo,age,0.6616705072738688,0.85,False,True,False,ok
Glasser,8,kernel_ridge,"kernel_ridge[alpha=1.0,gamma_mult=1.0]",obs_FC+bv+demo,age,0.6593517894522927,0.85,False,True,False,ok
4S456Parcels,2,kernel_ridge,"kernel_ridge[alpha=1.0,gamma_mult=0.5]",obs_FC+bv+demo,age,0.6584947135768934,0.85,False,True,False,ok
4S456Parcels,3,kernel_ridge,"kernel_ridge[alpha=1.0,gamma_mult=2.0]",bv+demo,age,0.6533864727215609,0.85,False,True,False,ok
Glasser,3,kernel_ridge,"kernel_ridge[alpha=1.0,gamma_mult=2.0]",bv+demo,age,0.6533864727215609,0.85,False,True,False,ok
Glasser,5,kernel_ridge,"kernel_ridge[alpha=1.0,gamma_mult=2.0]",obs_FC+bv+demo,age,0.653201591120399,0.85,False,True,False,ok
4S456Parcels,9,kernel_ridge,"kernel_ridge[alpha=1.0,gamma_mult=2.0]",bv+demo,age,0.6522467815190258,0.85,False,True,False,ok
Glasser,9,kernel_ridge,"kernel_ridge[alpha=1.0,gamma_mult=2.0]",bv+demo,age,0.6522467815190258,0.85,False,True,False,ok
Glasser,6,kernel_ridge,"kernel_ridge[alpha=0.1,gamma_mult=2.0]",obs_FC+bv+demo,age,0.651758799385653,0.85,False,True,False,ok
4S456Parcels,7,kernel_ridge,"kernel_ridge[alpha=1.0,gamma_mult=1.0]",obs_FC+bv+demo,age,0.6492205873648925,0.85,False,True,False,ok
4S456Parcels,9,kernel_ridge,"kernel_ridge[alpha=1.0,gamma_mult=2.0]",pred_FC+bv+demo,age,0.6491724841386572,0.85,False,True,False,ok
4S456Parcels,5,kernel_ridge,"kernel_ridge[alpha=10.0,gamma_mult=0.5]",bv+demo,age,0.6477470363021414,0.85,False,True,False,ok
Glasser,5,kernel_ridge,"kernel_ridge[alpha=10.0,gamma_mult=0.5]",bv+demo,age,0.6477470363021414,0.85,False,True,False,ok
4S456Parcels,2,kernel_ridge,"kernel_ridge[alpha=0.1,gamma_mult=1.0]",obs_FC+bv+demo,age,0.6461122268941029,0.85,False,True,False,ok
4S456Parcels,6,kernel_ridge,"kernel_ridge[alpha=1.0,gamma_mult=1.0]",obs_FC+bv+demo,age,0.6455091326998009,0.85,False,True,False,ok
4S456Parcels,8,kernel_ridge,"kernel_ridge[alpha=1.0,gamma_mult=1.0]",pred_FC+bv+demo,age,0.6447504238710137,0.85,False,True,False,ok
Glasser,2,kernel_ridge,"kernel_ridge[alpha=1.0,gamma_mult=1.0]",obs_FC+bv+demo,age,0.6428349837163366,0.85,False,True,False,ok
4S456Parcels,5,kernel_ridge,"kernel_ridge[alpha=0.1,gamma_mult=2.0]",obs_FC+bv+demo,age,0.6418520783875252,0.85,False,True,False,ok
Glasser,1,kernel_ridge,"kernel_ridge[alpha=0.1,gamma_mult=2.0]",obs_FC+bv+demo,age,0.6408177460787748,0.85,False,True,False,ok
4S456Parcels,5,kernel_ridge,"kernel_ridge[alpha=1.0,gamma_mult=2.0]",pred_FC+bv+demo,age,0.6395636679893303,0.85,False,True,False,ok
4S456Parcels,8,kernel_ridge,"kernel_ridge[alpha=0.1,gamma_mult=2.0]",pred_SC+bv+demo,age,0.6392064882693241,0.85,False,True,False,ok
Glasser,4,kernel_ridge,"kernel_ridge[alpha=0.1,gamma_mult=2.0]",obs_FC+bv+demo,age,0.6356606728129823,0.85,False,True,False,ok
4S456Parcels,1,kernel_ridge,"kernel_ridge[alpha=1.0,gamma_mult=2.0]",bv+demo,age,0.6330679283140149,0.85,False,True,False,ok
Glasser,1,kernel_ridge,"kernel_ridge[alpha=1.0,gamma_mult=2.0]",bv+demo,age,0.6330679283140149,0.85,False,True,False,ok
4S456Parcels,0,kernel_ridge,"kernel_ridge[alpha=10.0,gamma_mult=0.5]",bv+demo,age,0.6321702702090225,0.85,False,True,False,ok
Glasser,0,kernel_ridge,"kernel_ridge[alpha=10.0,gamma_mult=0.5]",bv+demo,age,0.6321702702090225,0.85,False,True,False,ok
4S456Parcels,5,kernel_ridge,"kernel_ridge[alpha=1.0,gamma_mult=2.0]",pred_SC+bv+demo,age,0.6319126165141808,0.85,False,True,False,ok
4S456Parcels,7,kernel_ridge,"kernel_ridge[alpha=1.0,gamma_mult=2.0]",bv+demo,age,0.629601384579205,0.85,False,True,False,ok
Glasser,7,kernel_ridge,"kernel_ridge[alpha=1.0,gamma_mult=2.0]",bv+demo,age,0.629601384579205,0.85,False,True,False,ok
Glasser,3,kernel_ridge,"kernel_ridge[alpha=1.0,gamma_mult=2.0]",pred_FC+bv+demo,age,0.6241072758920316,0.85,False,True,False,ok
Glasser,3,kernel_ridge,"kernel_ridge[alpha=1.0,gamma_mult=2.0]",pred_SC+bv+demo,age,0.6226483619186354,0.85,False,True,False,ok
4S456Parcels,8,kernel_ridge,"kernel_ridge[alpha=1.0,gamma_mult=2.0]",bv+demo,age,0.6190361426933069,0.85,False,True,False,ok
Glasser,8,kernel_ridge,"kernel_ridge[alpha=1.0,gamma_mult=2.0]",bv+demo,age,0.6190361426933069,0.85,False,True,False,ok
Glasser,8,kernel_ridge,"kernel_ridge[alpha=0.1,gamma_mult=2.0]",pred_SC+bv+demo,age,0.6182803994627935,0.85,False,True,False,ok
4S456Parcels,9,kernel_ridge,"kernel_ridge[alpha=0.1,gamma_mult=2.0]",obs_FC+bv+demo,age,0.6168039102913987,0.85,False,True,False,ok
Glasser,0,kernel_ridge,"kernel_ridge[alpha=1.0,gamma_mult=2.0]",pred_SC+bv+demo,age,0.6159292268690825,0.85,False,True,False,ok
Glasser,8,kernel_ridge,"kernel_ridge[alpha=0.1,gamma_mult=2.0]",obs_FC+bv+demo,age,0.6130382977892574,0.85,False,True,False,ok
4S456Parcels,1,kernel_ridge,"kernel_ridge[alpha=1.0,gamma_mult=2.0]",pred_FC+bv+demo,age,0.6130065664105903,0.85,False,True,False,ok
Glasser,0,pca_pls,pca_pls,obs_FC+bv+demo,age,0.6127982914513693,0.85,False,True,False,ok
4S456Parcels,8,kernel_ridge,"kernel_ridge[alpha=1.0,gamma_mult=1.0]",pred_SC+bv+demo,age,0.6092428851049413,0.85,False,True,False,ok
4S456Parcels,8,kernel_ridge,"kernel_ridge[alpha=1.0,gamma_mult=1.0]",obs_FC+bv+demo,age,0.6089841548548794,0.85,False,True,False,ok
4S456Parcels,0,kernel_ridge,"kernel_ridge[alpha=1.0,gamma_mult=2.0]",pred_FC+bv+demo,age,0.605789406180481,0.85,False,True,False,ok
4S456Parcels,4,kernel_ridge,"kernel_ridge[alpha=0.1,gamma_mult=2.0]",obs_FC+bv+demo,age,0.6038973704860411,0.85,False,True,False,ok
Glasser,6,kernel_ridge,"kernel_ridge[alpha=1.0,gamma_mult=2.0]",pred_SC+bv+demo,age,0.603109302046035,0.85,False,True,False,ok
Glasser,0,kernel_ridge,"kernel_ridge[alpha=0.1,gamma_mult=2.0]",obs_FC+bv+demo,age,0.6019162454621722,0.85,False,True,False,ok
Glasser,5,kernel_ridge,"kernel_ridge[alpha=1.0,gamma_mult=2.0]",pred_FC+bv+demo,age,0.6017741248653482,0.85,False,True,False,ok
4S456Parcels,6,kernel_ridge,"kernel_ridge[alpha=10.0,gamma_mult=0.5]",bv+demo,age,0.6004037934328847,0.85,False,True,False,ok
Glasser,6,kernel_ridge,"kernel_ridge[alpha=10.0,gamma_mult=0.5]",bv+demo,age,0.6004037934328847,0.85,False,True,False,ok
Glasser,8,kernel_ridge,"kernel_ridge[alpha=1.0,gamma_mult=1.0]",pred_SC+bv+demo,age,0.5944571183952433,0.85,False,True,False,ok
4S456Parcels,3,kernel_ridge,"kernel_ridge[alpha=1.0,gamma_mult=2.0]",pred_SC+bv+demo,age,0.5932212518662549,0.85,False,True,False,ok
Glasser,7,kernel_ridge,"kernel_ridge[alpha=1.0,gamma_mult=2.0]",pred_FC+bv+demo,age,0.5928987466423747,0.85,False,True,False,ok
4S456Parcels,2,kernel_ridge,"kernel_ridge[alpha=1.0,gamma_mult=1.0]",obs_FC+bv+demo,age,0.5922585385458945,0.85,False,True,False,ok
4S456Parcels,7,kernel_ridge,"kernel_ridge[alpha=0.1,gamma_mult=2.0]",obs_FC+bv+demo,age,0.5911237592886676,0.85,False,True,False,ok
4S456Parcels,1,kernel_ridge,"kernel_ridge[alpha=0.1,gamma_mult=2.0]",obs_FC+bv+demo,age,0.5900601819695586,0.85,False,True,False,ok
4S456Parcels,0,kernel_ridge,"kernel_ridge[alpha=1.0,gamma_mult=2.0]",pred_SC+bv+demo,age,0.5883041837616949,0.85,False,True,False,ok
Glasser,9,kernel_ridge,"kernel_ridge[alpha=1.0,gamma_mult=2.0]",pred_FC+bv+demo,age,0.5807016130309567,0.85,False,True,False,ok
4S456Parcels,5,kernel_ridge,"kernel_ridge[alpha=1.0,gamma_mult=2.0]",obs_FC+bv+demo,age,0.5805830490095314,0.85,False,True,False,ok
4S456Parcels,3,kernel_ridge,"kernel_ridge[alpha=10.0,gamma_mult=0.5]",bv+demo,age,0.5794444271321333,0.85,False,True,False,ok
Glasser,3,kernel_ridge,"kernel_ridge[alpha=10.0,gamma_mult=0.5]",bv+demo,age,0.5794444271321333,0.85,False,True,False,ok
4S456Parcels,8,kernel_ridge,"kernel_ridge[alpha=0.1,gamma_mult=2.0]",obs_FC+bv+demo,age,0.5791412252882482,0.85,False,True,False,ok
4S456Parcels,3,pca_pls,pca_pls,obs_FC+obs_SC,age,0.5790936105080381,0.85,False,False,True,ok
4S456Parcels,4,kernel_ridge,"kernel_ridge[alpha=10.0,gamma_mult=0.5]",bv+demo,age,0.5779880495609241,0.85,False,True,False,ok
Glasser,4,kernel_ridge,"kernel_ridge[alpha=10.0,gamma_mult=0.5]",bv+demo,age,0.5779880495609241,0.85,False,True,False,ok
4S456Parcels,0,kernel_ridge,"kernel_ridge[alpha=10.0,gamma_mult=1.0]",bv+demo,age,0.5775080552218957,0.85,False,True,False,ok
Glasser,0,kernel_ridge,"kernel_ridge[alpha=10.0,gamma_mult=1.0]",bv+demo,age,0.5775080552218957,0.85,False,True,False,ok
4S456Parcels,6,kernel_ridge,"kernel_ridge[alpha=1.0,gamma_mult=2.0]",pred_SC+bv+demo,age,0.5767215404193617,0.85,False,True,False,ok
Glasser,0,kernel_ridge,"kernel_ridge[alpha=1.0,gamma_mult=2.0]",pred_FC+bv+demo,age,0.576174080674673,0.85,False,True,False,ok
Glasser,7,kernel_ridge,"kernel_ridge[alpha=1.0,gamma_mult=2.0]",obs_FC+bv+demo,age,0.5748480900694677,0.85,False,True,False,ok
4S456Parcels,4,kernel_ridge,"kernel_ridge[alpha=1.0,gamma_mult=2.0]",pred_FC+bv+demo,age,0.5742121719466863,0.85,False,True,False,ok
4S456Parcels,0,kernel_ridge,"kernel_ridge[alpha=0.1,gamma_mult=2.0]",obs_FC+bv+demo,age,0.574077953030805,0.85,False,True,False,ok
4S456Parcels,2,kernel_ridge,"kernel_ridge[alpha=1.0,gamma_mult=2.0]",bv+demo,age,0.5699569860177179,0.85,False,True,False,ok
Glasser,2,kernel_ridge,"kernel_ridge[alpha=1.0,gamma_mult=2.0]",bv+demo,age,0.5699569860177179,0.85,False,True,False,ok
4S456Parcels,9,kernel_ridge,"kernel_ridge[alpha=10.0,gamma_mult=0.5]",bv+demo,age,0.5693719605307482,0.85,False,True,False,ok
Glasser,9,kernel_ridge,"kernel_ridge[alpha=10.0,gamma_mult=0.5]",bv+demo,age,0.5693719605307482,0.85,False,True,False,ok
Glasser,9,kernel_ridge,"kernel_ridge[alpha=1.0,gamma_mult=2.0]",obs_FC+bv+demo,age,0.5691051819350093,0.85,False,True,False,ok
4S456Parcels,4,kernel_ridge,"kernel_ridge[alpha=1.0,gamma_mult=2.0]",pred_SC+bv+demo,age,0.5685975220591254,0.85,False,True,False,ok
Glasser,2,kernel_ridge,"kernel_ridge[alpha=1.0,gamma_mult=2.0]",pred_FC+bv+demo,age,0.568531295250534,0.85,False,True,False,ok
Glasser,9,kernel_ridge,"kernel_ridge[alpha=1.0,gamma_mult=2.0]",pred_SC+bv+demo,age,0.5684586607375156,0.85,False,True,False,ok
Glasser,5,kernel_ridge,"kernel_ridge[alpha=1.0,gamma_mult=2.0]",pred_SC+bv+demo,age,0.5681803538372657,0.85,False,True,False,ok
4S456Parcels,3,bayesian_ridge,bayesian_ridge,obs_FC+obs_SC,age,0.5664025290935477,0.85,False,False,True,ok
Glasser,2,kernel_ridge,"kernel_ridge[alpha=0.1,gamma_mult=2.0]",obs_FC+bv+demo,age,0.5644687154294509,0.85,False,True,False,ok
4S456Parcels,3,kernel_ridge,"kernel_ridge[alpha=1.0,gamma_mult=2.0]",obs_FC+bv+demo,age,0.5630253855807459,0.85,False,True,False,ok
Glasser,6,kernel_ridge,"kernel_ridge[alpha=1.0,gamma_mult=2.0]",obs_FC+bv+demo,age,0.5628502123702682,0.85,False,True,False,ok
4S456Parcels,0,bayesian_ridge,bayesian_ridge,obs_FC+obs_SC,age,0.5621635986756841,0.85,False,False,True,ok
4S456Parcels,2,kernel_ridge,"kernel_ridge[alpha=1.0,gamma_mult=2.0]",pred_FC+bv+demo,age,0.56145626281277,0.85,False,True,False,ok
4S456Parcels,3,bayesian_ridge,bayesian_ridge,obs_FC,age,0.5601145929780414,0.85,False,False,True,ok
Glasser,3,kernel_ridge,"kernel_ridge[alpha=1.0,gamma_mult=2.0]",obs_FC+bv+demo,age,0.5596160146913457,0.85,False,True,False,ok
Glasser,1,kernel_ridge,"kernel_ridge[alpha=1.0,gamma_mult=2.0]",obs_FC+bv+demo,age,0.558547680776591,0.85,False,True,False,ok
4S456Parcels,0,pca_pls,pca_pls,obs_FC+obs_SC,age,0.558254390514778,0.85,False,False,True,ok
4S456Parcels,5,kernel_ridge,"kernel_ridge[alpha=10.0,gamma_mult=1.0]",bv+demo,age,0.5576200081962186,0.85,False,True,False,ok
Glasser,5,kernel_ridge,"kernel_ridge[alpha=10.0,gamma_mult=1.0]",bv+demo,age,0.5576200081962186,0.85,False,True,False,ok
4S456Parcels,9,pca_pls,pca_pls,obs_FC+obs_SC,age,0.5561417107072986,0.85,False,False,True,ok
Glasser,4,kernel_ridge,"kernel_ridge[alpha=1.0,gamma_mult=2.0]",pred_FC+bv+demo,age,0.5556604152197924,0.85,False,True,False,ok
Glasser,1,kernel_ridge,"kernel_ridge[alpha=1.0,gamma_mult=2.0]",pred_SC+bv+demo,age,0.5550126615770306,0.85,False,True,False,ok
Glasser,9,pca_pls,pca_pls,obs_FC+obs_SC,age,0.5544693290284413,0.85,False,False,True,ok
4S456Parcels,3,kernel_ridge,"kernel_ridge[alpha=0.1,gamma_mult=0.5]",obs_FC+obs_SC,age,0.552599230847475,0.85,False,False,True,ok
Glasser,9,pca_pls,pca_pls,obs_FC,age,0.549928522158799,0.85,False,False,True,ok
4S456Parcels,6,kernel_ridge,"kernel_ridge[alpha=10.0,gamma_mult=1.0]",bv+demo,age,0.5495222063258457,0.85,False,True,False,ok
Glasser,6,kernel_ridge,"kernel_ridge[alpha=10.0,gamma_mult=1.0]",bv+demo,age,0.5495222063258457,0.85,False,True,False,ok
4S456Parcels,9,kernel_ridge,"kernel_ridge[alpha=1.0,gamma_mult=2.0]",pred_SC+bv+demo,age,0.5486369420650875,0.85,False,True,False,ok
4S456Parcels,6,kernel_ridge,"kernel_ridge[alpha=0.1,gamma_mult=2.0]",obs_FC+bv+demo,age,0.5467721459065936,0.85,False,True,False,ok
4S456Parcels,9,bayesian_ridge,bayesian_ridge,obs_FC+obs_SC,age,0.5466109945492108,0.85,False,False,True,ok
4S456Parcels,9,pca_pls,pca_pls,obs_FC,age,0.544669337508894,0.85,False,False,True,ok
4S456Parcels,3,kernel_ridge,"kernel_ridge[alpha=0.1,gamma_mult=0.5]",obs_FC,age,0.5405681257786018,0.85,False,False,True,ok
Glasser,9,bayesian_ridge,bayesian_ridge,obs_FC+obs_SC,age,0.5392392402154159,0.85,False,False,True,ok
Glasser,7,kernel_ridge,"kernel_ridge[alpha=1.0,gamma_mult=2.0]",pred_SC+bv+demo,age,0.5372124441317391,0.85,False,True,False,ok
4S456Parcels,0,kernel_ridge,"kernel_ridge[alpha=0.1,gamma_mult=0.5]",obs_FC+obs_SC,age,0.5366641736849651,0.85,False,False,True,ok
4S456Parcels,8,pca_pls,pca_pls,obs_FC+obs_SC,age,0.5363239868048089,0.85,False,False,True,ok
4S456Parcels,9,kernel_ridge,"kernel_ridge[alpha=0.1,gamma_mult=0.5]",obs_FC+obs_SC,age,0.5334068977173311,0.85,False,False,True,ok
4S456Parcels,7,kernel_ridge,"kernel_ridge[alpha=1.0,gamma_mult=2.0]",pred_SC+bv+demo,age,0.5323188157189257,0.85,False,True,False,ok
4S456Parcels,0,pca_pls,pca_pls,obs_FC,age,0.5321492430627901,0.85,False,False,True,ok
Glasser,9,bayesian_ridge,bayesian_ridge,obs_FC,age,0.5314488174367566,0.85,False,False,True,ok
Glasser,9,kernel_ridge,"kernel_ridge[alpha=0.1,gamma_mult=0.5]",obs_FC+obs_SC,age,0.5309317533583792,0.85,False,False,True,ok
4S456Parcels,9,bayesian_ridge,bayesian_ridge,obs_FC,age,0.529110810003367,0.85,False,False,True,ok
Glasser,3,bayesian_ridge,bayesian_ridge,obs_FC+obs_SC,age,0.5275870599873351,0.85,False,False,True,ok
4S456Parcels,6,pca_pls,pca_pls,obs_FC+obs_SC,age,0.5269753342748675,0.85,False,False,True,ok
4S456Parcels,9,kernel_ridge,"kernel_ridge[alpha=1.0,gamma_mult=2.0]",obs_FC+bv+demo,age,0.5261594592563176,0.85,False,True,False,ok
4S456Parcels,8,bayesian_ridge,bayesian_ridge,obs_FC+obs_SC,age,0.5257464659903649,0.85,False,False,True,ok
Glasser,4,kernel_ridge,"kernel_ridge[alpha=1.0,gamma_mult=2.0]",obs_FC+bv+demo,age,0.5254389428120159,0.85,False,True,False,ok
Glasser,8,kernel_ridge,"kernel_ridge[alpha=1.0,gamma_mult=2.0]",pred_FC+bv+demo,age,0.5247761775600834,0.85,False,True,False,ok
4S456Parcels,2,kernel_ridge,"kernel_ridge[alpha=0.1,gamma_mult=2.0]",obs_FC+bv+demo,age,0.5245177419825487,0.85,False,True,False,ok
Glasser,3,pca_pls,pca_pls,obs_FC+obs_SC,age,0.5228980210241754,0.85,False,False,True,ok
4S456Parcels,0,bayesian_ridge,bayesian_ridge,obs_FC,age,0.522766931709998,0.85,False,False,True,ok
4S456Parcels,4,kernel_ridge,"kernel_ridge[alpha=1.0,gamma_mult=2.0]",obs_FC+bv+demo,age,0.52248673676534,0.85,False,True,False,ok
4S456Parcels,3,kernel_ridge,"kernel_ridge[alpha=1.0,gamma_mult=0.5]",obs_FC+obs_SC,age,0.5201164564206385,0.85,False,False,True,ok
Glasser,3,bayesian_ridge,bayesian_ridge,obs_FC,age,0.5183862683515676,0.85,False,False,True,ok
4S456Parcels,3,kernel_ridge,"kernel_ridge[alpha=0.1,gamma_mult=1.0]",obs_FC+obs_SC,age,0.5181188400437579,0.85,False,False,True,ok
4S456Parcels,7,kernel_ridge,"kernel_ridge[alpha=1.0,gamma_mult=2.0]",obs_FC+bv+demo,age,0.5169878911632246,0.85,False,True,False,ok
Glasser,3,pca_pls,pca_pls,obs_FC,age,0.5121374768368521,0.85,False,False,True,ok
4S456Parcels,1,pca_pls,pca_pls,obs_FC+obs_SC,age,0.5120762098395886,0.85,False,False,True,ok
4S456Parcels,8,kernel_ridge,"kernel_ridge[alpha=0.1,gamma_mult=0.5]",obs_FC+obs_SC,age,0.5109881697301014,0.85,False,False,True,ok
4S456Parcels,9,kernel_ridge,"kernel_ridge[alpha=0.1,gamma_mult=0.5]",obs_FC,age,0.5101183617859163,0.85,False,False,True,ok
4S456Parcels,8,bayesian_ridge,bayesian_ridge,obs_FC,age,0.5100354222734937,0.85,False,False,True,ok
4S456Parcels,1,kernel_ridge,"kernel_ridge[alpha=1.0,gamma_mult=2.0]",obs_FC+bv+demo,age,0.509785346152684,0.85,False,True,False,ok
4S456Parcels,6,kernel_ridge,"kernel_ridge[alpha=1.0,gamma_mult=2.0]",pred_FC+bv+demo,age,0.5095549876654264,0.85,False,True,False,ok
4S456Parcels,1,kernel_ridge,"kernel_ridge[alpha=10.0,gamma_mult=0.5]",bv+demo,age,0.5069319749066717,0.85,False,True,False,ok
Glasser,1,kernel_ridge,"kernel_ridge[alpha=10.0,gamma_mult=0.5]",bv+demo,age,0.5069319749066717,0.85,False,True,False,ok
4S456Parcels,0,kernel_ridge,"kernel_ridge[alpha=10.0,gamma_mult=2.0]",bv+demo,age,0.5067282336878675,0.85,False,True,False,ok
Glasser,0,kernel_ridge,"kernel_ridge[alpha=10.0,gamma_mult=2.0]",bv+demo,age,0.5067282336878675,0.85,False,True,False,ok
Glasser,9,kernel_ridge,"kernel_ridge[alpha=0.1,gamma_mult=0.5]",obs_FC,age,0.5059693620470328,0.85,False,False,True,ok
4S456Parcels,3,kernel_ridge,"kernel_ridge[alpha=10.0,gamma_mult=1.0]",bv+demo,age,0.5050426851294949,0.85,False,True,False,ok
Glasser,3,kernel_ridge,"kernel_ridge[alpha=10.0,gamma_mult=1.0]",bv+demo,age,0.5050426851294949,0.85,False,True,False,ok
4S456Parcels,0,kernel_ridge,"kernel_ridge[alpha=0.1,gamma_mult=1.0]",obs_FC+obs_SC,age,0.5049158983643266,0.85,False,False,True,ok
4S456Parcels,6,bayesian_ridge,bayesian_ridge,obs_FC+obs_SC,age,0.5040986930304321,0.85,False,False,True,ok
4S456Parcels,0,kernel_ridge,"kernel_ridge[alpha=0.1,gamma_mult=0.5]",obs_FC,age,0.5038053481986364,0.85,False,False,True,ok
4S456Parcels,9,kernel_ridge,"kernel_ridge[alpha=1.0,gamma_mult=0.5]",obs_FC+obs_SC,age,0.5033550894521157,0.85,False,False,True,ok
4S456Parcels,5,pca_pls,pca_pls,obs_FC+obs_SC,age,0.5014029899950406,0.85,False,False,True,ok
Glasser,9,kernel_ridge,"kernel_ridge[alpha=1.0,gamma_mult=0.5]",obs_FC+obs_SC,age,0.5000709570667944,0.85,False,False,True,ok
4S456Parcels,4,pca_pls,pca_pls,obs_FC+obs_SC,age,0.4999967765646996,0.85,False,False,True,ok
4S456Parcels,9,kernel_ridge,"kernel_ridge[alpha=0.1,gamma_mult=1.0]",obs_FC+obs_SC,age,0.4997398281376135,0.85,False,False,True,ok
Glasser,4,kernel_ridge,"kernel_ridge[alpha=1.0,gamma_mult=2.0]",pred_SC+bv+demo,age,0.49903127907191,0.85,False,True,False,ok
Glasser,9,kernel_ridge,"kernel_ridge[alpha=0.1,gamma_mult=1.0]",obs_FC+obs_SC,age,0.49862091482775,0.85,False,False,True,ok
4S456Parcels,6,kernel_ridge,"kernel_ridge[alpha=1.0,gamma_mult=2.0]",obs_FC+bv+demo,age,0.498325520313877,0.85,False,True,False,ok
4S456Parcels,3,kernel_ridge,"kernel_ridge[alpha=0.1,gamma_mult=1.0]",obs_FC,age,0.4982711404110002,0.85,False,False,True,ok
Glasser,1,pca_pls,pca_pls,obs_FC+obs_SC,age,0.4977379409749512,0.85,False,False,True,ok
Glasser,3,kernel_ridge,"kernel_ridge[alpha=0.1,gamma_mult=0.5]",obs_FC+obs_SC,age,0.4976197888112957,0.85,False,False,True,ok
4S456Parcels,0,kernel_ridge,"kernel_ridge[alpha=1.0,gamma_mult=0.5]",obs_FC+obs_SC,age,0.4960634258200961,0.85,False,False,True,ok
4S456Parcels,0,kernel_ridge,"kernel_ridge[alpha=1.0,gamma_mult=2.0]",obs_FC+bv+demo,age,0.4960504564672893,0.85,False,True,False,ok
4S456Parcels,6,kernel_ridge,"kernel_ridge[alpha=0.1,gamma_mult=0.5]",obs_FC+obs_SC,age,0.4947589372250999,0.85,False,False,True,ok
4S456Parcels,4,kernel_ridge,"kernel_ridge[alpha=0.1,gamma_mult=0.5]",obs_FC+obs_SC,age,0.4935687619711221,0.85,False,False,True,ok
4S456Parcels,1,bayesian_ridge,bayesian_ridge,obs_FC+obs_SC,age,0.4933324967611636,0.85,False,False,True,ok
4S456Parcels,1,kernel_ridge,"kernel_ridge[alpha=1.0,gamma_mult=2.0]",pred_SC+bv+demo,age,0.4914891286216125,0.85,False,True,False,ok
Glasser,0,kernel_ridge,"kernel_ridge[alpha=1.0,gamma_mult=2.0]",obs_FC+bv+demo,age,0.4899593339681715,0.85,False,True,False,ok
4S456Parcels,5,kernel_ridge,"kernel_ridge[alpha=0.1,gamma_mult=0.5]",obs_FC+obs_SC,age,0.4897600964857496,0.85,False,False,True,ok
4S456Parcels,4,bayesian_ridge,bayesian_ridge,obs_FC+obs_SC,age,0.4892107047880616,0.85,False,False,True,ok
4S456Parcels,1,kernel_ridge,"kernel_ridge[alpha=0.1,gamma_mult=0.5]",obs_FC+obs_SC,age,0.487831205825284,0.85,False,False,True,ok
4S456Parcels,5,bayesian_ridge,bayesian_ridge,obs_FC+obs_SC,age,0.4876452673115336,0.85,False,False,True,ok
4S456Parcels,3,kernel_ridge,"kernel_ridge[alpha=1.0,gamma_mult=0.5]",obs_FC,age,0.4867987594349581,0.85,False,False,True,ok
4S456Parcels,9,kernel_ridge,"kernel_ridge[alpha=10.0,gamma_mult=1.0]",bv+demo,age,0.486192837287201,0.85,False,True,False,ok
Glasser,9,kernel_ridge,"kernel_ridge[alpha=10.0,gamma_mult=1.0]",bv+demo,age,0.486192837287201,0.85,False,True,False,ok
4S456Parcels,7,pca_pls,pca_pls,obs_FC+obs_SC,age,0.4856305653837146,0.85,False,False,True,ok
Glasser,2,kernel_ridge,"kernel_ridge[alpha=1.0,gamma_mult=2.0]",pred_SC+bv+demo,age,0.483755281272667,0.85,False,True,False,ok
Glasser,0,bayesian_ridge,bayesian_ridge,obs_FC+obs_SC,age,0.4826532115702641,0.85,False,False,True,ok
4S456Parcels,8,kernel_ridge,"kernel_ridge[alpha=1.0,gamma_mult=2.0]",pred_FC+bv+demo,age,0.4817179525731588,0.85,False,True,False,ok
4S456Parcels,6,kernel_ridge,"kernel_ridge[alpha=1.0,gamma_mult=0.5]",obs_FC+obs_SC,age,0.4806291574578674,0.85,False,False,True,ok
4S456Parcels,0,kernel_ridge,"kernel_ridge[alpha=1.0,gamma_mult=0.5]",obs_FC,age,0.4793231814104197,0.85,False,False,True,ok
4S456Parcels,7,kernel_ridge,"kernel_ridge[alpha=0.1,gamma_mult=0.5]",obs_FC+obs_SC,age,0.4791980706182426,0.85,False,False,True,ok
4S456Parcels,7,kernel_ridge,"kernel_ridge[alpha=10.0,gamma_mult=0.5]",bv+demo,age,0.4787741909905351,0.85,False,True,False,ok
Glasser,7,kernel_ridge,"kernel_ridge[alpha=10.0,gamma_mult=0.5]",bv+demo,age,0.4787741909905351,0.85,False,True,False,ok
4S456Parcels,4,kernel_ridge,"kernel_ridge[alpha=10.0,gamma_mult=1.0]",bv+demo,age,0.4772021887054679,0.85,False,True,False,ok
Glasser,4,kernel_ridge,"kernel_ridge[alpha=10.0,gamma_mult=1.0]",bv+demo,age,0.4772021887054679,0.85,False,True,False,ok
4S456Parcels,5,pca_pls,pca_pls,obs_FC,age,0.4763456651788834,0.85,False,False,True,ok
Glasser,4,pca_pls,pca_pls,obs_FC+obs_SC,age,0.4756128844498347,0.85,False,False,True,ok
4S456Parcels,4,kernel_ridge,"kernel_ridge[alpha=0.1,gamma_mult=1.0]",obs_FC+obs_SC,age,0.4749909598761245,0.85,False,False,True,ok
4S456Parcels,5,kernel_ridge,"kernel_ridge[alpha=1.0,gamma_mult=0.5]",obs_FC+obs_SC,age,0.4748704938755342,0.85,False,False,True,ok
4S456Parcels,8,kernel_ridge,"kernel_ridge[alpha=0.1,gamma_mult=0.5]",obs_FC,age,0.4742774500161876,0.85,False,False,True,ok
4S456Parcels,3,kernel_ridge,"kernel_ridge[alpha=1.0,gamma_mult=1.0]",obs_FC+obs_SC,age,0.4734428351755338,0.85,False,False,True,ok
4S456Parcels,7,bayesian_ridge,bayesian_ridge,obs_FC+obs_SC,age,0.4726493299702873,0.85,False,False,True,ok
4S456Parcels,2,kernel_ridge,"kernel_ridge[alpha=10.0,gamma_mult=0.5]",bv+demo,age,0.472600086295428,0.85,False,True,False,ok
Glasser,2,kernel_ridge,"kernel_ridge[alpha=10.0,gamma_mult=0.5]",bv+demo,age,0.472600086295428,0.85,False,True,False,ok
4S456Parcels,8,kernel_ridge,"kernel_ridge[alpha=0.1,gamma_mult=1.0]",obs_FC+obs_SC,age,0.4717468006703439,0.85,False,False,True,ok
4S456Parcels,9,kernel_ridge,"kernel_ridge[alpha=1.0,gamma_mult=0.5]",obs_FC,age,0.4706164138838905,0.85,False,False,True,ok
Glasser,1,kernel_ridge,"kernel_ridge[alpha=1.0,gamma_mult=2.0]",pred_FC+bv+demo,age,0.4693901316672024,0.85,False,True,False,ok
4S456Parcels,4,kernel_ridge,"kernel_ridge[alpha=1.0,gamma_mult=0.5]",obs_FC+obs_SC,age,0.4693052464838362,0.85,False,False,True,ok
Glasser,3,kernel_ridge,"kernel_ridge[alpha=0.1,gamma_mult=0.5]",obs_FC,age,0.4691291871604345,0.85,False,False,True,ok
Glasser,1,bayesian_ridge,bayesian_ridge,obs_FC+obs_SC,age,0.4689156384858545,0.85,False,False,True,ok
Glasser,5,pca_pls,pca_pls,obs_FC+obs_SC,age,0.468557446945719,0.85,False,False,True,ok
4S456Parcels,9,kernel_ridge,"kernel_ridge[alpha=0.1,gamma_mult=0.5]",pred_SC,age,0.4671080803219606,0.85,False,False,True,ok
Glasser,4,bayesian_ridge,bayesian_ridge,obs_FC+obs_SC,age,0.4665645019954292,0.85,False,False,True,ok
4S456Parcels,5,kernel_ridge,"kernel_ridge[alpha=0.1,gamma_mult=1.0]",obs_FC+obs_SC,age,0.4660399863388231,0.85,False,False,True,ok
Glasser,8,pca_pls,pca_pls,obs_FC,age,0.465670033345349,0.85,False,False,True,ok
Glasser,3,kernel_ridge,"kernel_ridge[alpha=1.0,gamma_mult=0.5]",obs_FC+obs_SC,age,0.4653865485342576,0.85,False,False,True,ok
4S456Parcels,1,kernel_ridge,"kernel_ridge[alpha=1.0,gamma_mult=0.5]",obs_FC+obs_SC,age,0.4650066841099448,0.85,False,False,True,ok
4S456Parcels,5,kernel_ridge,"kernel_ridge[alpha=0.1,gamma_mult=0.5]",obs_FC,age,0.4643947585962981,0.85,False,False,True,ok
Glasser,3,kernel_ridge,"kernel_ridge[alpha=0.1,gamma_mult=1.0]",obs_FC+obs_SC,age,0.4643631722268067,0.85,False,False,True,ok
4S456Parcels,7,kernel_ridge,"kernel_ridge[alpha=1.0,gamma_mult=0.5]",obs_FC+obs_SC,age,0.4627470196916293,0.85,False,False,True,ok
4S456Parcels,7,kernel_ridge,"kernel_ridge[alpha=0.1,gamma_mult=1.0]",obs_FC+obs_SC,age,0.4626661172314382,0.85,False,False,True,ok
Glasser,9,kernel_ridge,"kernel_ridge[alpha=1.0,gamma_mult=0.5]",obs_FC,age,0.4619590769787994,0.85,False,False,True,ok
4S456Parcels,6,pca_pls,pca_pls,obs_FC,age,0.4612531899680421,0.85,False,False,True,ok
Glasser,1,kernel_ridge,"kernel_ridge[alpha=0.1,gamma_mult=0.5]",obs_FC+obs_SC,age,0.4609379633568706,0.85,False,False,True,ok
4S456Parcels,9,kernel_ridge,"kernel_ridge[alpha=1.0,gamma_mult=0.5]",pred_SC,age,0.4609347199607481,0.85,False,False,True,ok
Glasser,4,kernel_ridge,"kernel_ridge[alpha=0.1,gamma_mult=0.5]",obs_FC+obs_SC,age,0.4597367334592735,0.85,False,False,True,ok
Glasser,0,pca_pls,pca_pls,obs_FC+obs_SC,age,0.459262877411832,0.85,False,False,True,ok
4S456Parcels,9,kernel_ridge,"kernel_ridge[alpha=1.0,gamma_mult=1.0]",obs_FC+obs_SC,age,0.4586069967446537,0.85,False,False,True,ok
Glasser,8,bayesian_ridge,bayesian_ridge,obs_FC,age,0.4576882341297898,0.85,False,False,True,ok
4S456Parcels,6,kernel_ridge,"kernel_ridge[alpha=10.0,gamma_mult=2.0]",bv+demo,age,0.4576258197046423,0.85,False,True,False,ok
Glasser,6,kernel_ridge,"kernel_ridge[alpha=10.0,gamma_mult=2.0]",bv+demo,age,0.4576258197046423,0.85,False,True,False,ok
4S456Parcels,5,kernel_ridge,"kernel_ridge[alpha=10.0,gamma_mult=2.0]",bv+demo,age,0.4574973671692468,0.85,False,True,False,ok
Glasser,5,kernel_ridge,"kernel_ridge[alpha=10.0,gamma_mult=2.0]",bv+demo,age,0.4574973671692468,0.85,False,True,False,ok
4S456Parcels,9,kernel_ridge,"kernel_ridge[alpha=0.1,gamma_mult=1.0]",obs_FC,age,0.4574269971025057,0.85,False,False,True,ok
Glasser,8,kernel_ridge,"kernel_ridge[alpha=1.0,gamma_mult=2.0]",obs_FC+bv+demo,age,0.4571865473074205,0.85,False,True,False,ok
Glasser,2,kernel_ridge,"kernel_ridge[alpha=1.0,gamma_mult=2.0]",obs_FC+bv+demo,age,0.4569526393854309,0.85,False,True,False,ok
Glasser,0,bayesian_ridge,bayesian_ridge,obs_FC,age,0.4559877492400074,0.85,False,False,True,ok
4S456Parcels,0,kernel_ridge,"kernel_ridge[alpha=0.1,gamma_mult=1.0]",obs_FC,age,0.4552115987263487,0.85,False,False,True,ok
Glasser,9,kernel_ridge,"kernel_ridge[alpha=1.0,gamma_mult=1.0]",obs_FC+obs_SC,age,0.4551522660288468,0.85,False,False,True,ok
4S456Parcels,5,bayesian_ridge,bayesian_ridge,obs_FC,age,0.4547930104119673,0.85,False,False,True,ok
4S456Parcels,7,kernel_ridge,"kernel_ridge[alpha=1.0,gamma_mult=2.0]",pred_FC+bv+demo,age,0.4545708160152997,0.85,False,True,False,ok
Glasser,5,pca_pls,pca_pls,obs_FC,age,0.4525727021956698,0.85,False,False,True,ok
4S456Parcels,6,kernel_ridge,"kernel_ridge[alpha=0.1,gamma_mult=1.0]",obs_FC+obs_SC,age,0.4517780106255955,0.85,False,False,True,ok
Glasser,5,kernel_ridge,"kernel_ridge[alpha=0.1,gamma_mult=0.5]",obs_FC+obs_SC,age,0.4517614264783632,0.85,False,False,True,ok
Glasser,5,bayesian_ridge,bayesian_ridge,obs_FC+obs_SC,age,0.4506809199064449,0.85,False,False,True,ok
4S456Parcels,1,kernel_ridge,"kernel_ridge[alpha=0.1,gamma_mult=1.0]",obs_FC+obs_SC,age,0.4506568119592522,0.85,False,False,True,ok
4S456Parcels,0,kernel_ridge,"kernel_ridge[alpha=0.1,gamma_mult=1.0]",obs_SC,age,0.4500634991698345,0.85,False,False,True,ok
4S456Parcels,0,kernel_ridge,"kernel_ridge[alpha=1.0,gamma_mult=1.0]",obs_FC+obs_SC,age,0.4494591234452079,0.85,False,False,True,ok
4S456Parcels,4,kernel_ridge,"kernel_ridge[alpha=0.1,gamma_mult=0.5]",obs_FC,age,0.4493085274201664,0.85,False,False,True,ok
4S456Parcels,1,pca_pls,pca_pls,obs_FC,age,0.4490981502194417,0.85,False,False,True,ok
4S456Parcels,8,kernel_ridge,"kernel_ridge[alpha=1.0,gamma_mult=0.5]",obs_FC+obs_SC,age,0.4487336581844103,0.85,False,False,True,ok
Glasser,3,kernel_ridge,"kernel_ridge[alpha=10.0,gamma_mult=0.5]",obs_SC+bv+demo,age,0.4483112950774332,0.85,False,True,False,ok
Glasser,5,kernel_ridge,"kernel_ridge[alpha=1.0,gamma_mult=0.5]",obs_FC+obs_SC,age,0.4475347573521416,0.85,False,False,True,ok
4S456Parcels,5,kernel_ridge,"kernel_ridge[alpha=1.0,gamma_mult=1.0]",obs_FC+obs_SC,age,0.4469553052887877,0.85,False,False,True,ok
4S456Parcels,5,kernel_ridge,"kernel_ridge[alpha=1.0,gamma_mult=0.5]",obs_FC,age,0.4465395093959822,0.85,False,False,True,ok
4S456Parcels,9,kernel_ridge,"kernel_ridge[alpha=0.1,gamma_mult=1.0]",pred_SC,age,0.4463221038440357,0.85,False,False,True,ok
Glasser,9,kernel_ridge,"kernel_ridge[alpha=0.1,gamma_mult=1.0]",obs_FC,age,0.4453589947392255,0.85,False,False,True,ok
4S456Parcels,6,bayesian_ridge,bayesian_ridge,obs_FC,age,0.4439166408285149,0.85,False,False,True,ok
4S456Parcels,9,bayesian_ridge,bayesian_ridge,pred_SC,age,0.4436482851805843,0.85,False,False,True,ok
4S456Parcels,7,kernel_ridge,"kernel_ridge[alpha=10.0,gamma_mult=1.0]",bv+demo,age,0.4435759245185127,0.85,False,True,False,ok
Glasser,7,kernel_ridge,"kernel_ridge[alpha=10.0,gamma_mult=1.0]",bv+demo,age,0.4435759245185127,0.85,False,True,False,ok
4S456Parcels,4,bayesian_ridge,bayesian_ridge,obs_FC,age,0.4432977935912986,0.85,False,False,True,ok
4S456Parcels,4,pca_pls,pca_pls,obs_FC,age,0.4432311313664914,0.85,False,False,True,ok
4S456Parcels,2,pca_pls,pca_pls,obs_FC+obs_SC,age,0.4419788232614566,0.85,False,False,True,ok
4S456Parcels,6,bayesian_ridge,bayesian_ridge,obs_SC,age,0.4419545733777334,0.85,False,False,True,ok
4S456Parcels,1,bayesian_ridge,bayesian_ridge,obs_FC,age,0.4415753921526946,0.85,False,False,True,ok
4S456Parcels,4,kernel_ridge,"kernel_ridge[alpha=1.0,gamma_mult=1.0]",obs_FC+obs_SC,age,0.4407935024501099,0.85,False,False,True,ok
4S456Parcels,8,kernel_ridge,"kernel_ridge[alpha=10.0,gamma_mult=0.5]",bv+demo,age,0.4403712421525777,0.85,False,True,False,ok
Glasser,8,kernel_ridge,"kernel_ridge[alpha=10.0,gamma_mult=0.5]",bv+demo,age,0.4403712421525777,0.85,False,True,False,ok
4S456Parcels,2,kernel_ridge,"kernel_ridge[alpha=1.0,gamma_mult=2.0]",pred_SC+bv+demo,age,0.4399082911611323,0.85,False,True,False,ok
Glasser,0,kernel_ridge,"kernel_ridge[alpha=0.1,gamma_mult=0.5]",obs_FC+obs_SC,age,0.4399004449333859,0.85,False,False,True,ok
4S456Parcels,2,kernel_ridge,"kernel_ridge[alpha=1.0,gamma_mult=2.0]",obs_FC+bv+demo,age,0.4392543313335481,0.85,False,True,False,ok
Glasser,7,kernel_ridge,"kernel_ridge[alpha=0.1,gamma_mult=1.0]",obs_FC+obs_SC,age,0.4387209013945935,0.85,False,False,True,ok
4S456Parcels,0,kernel_ridge,"kernel_ridge[alpha=0.1,gamma_mult=2.0]",obs_SC,age,0.4384487707387012,0.85,False,False,True,ok
Glasser,4,kernel_ridge,"kernel_ridge[alpha=0.1,gamma_mult=1.0]",obs_FC+obs_SC,age,0.4383256288989607,0.85,False,False,True,ok
4S456Parcels,5,kernel_ridge,"kernel_ridge[alpha=0.1,gamma_mult=1.0]",obs_FC,age,0.4382559947185341,0.85,False,False,True,ok
4S456Parcels,9,kernel_ridge,"kernel_ridge[alpha=1.0,gamma_mult=1.0]",pred_SC,age,0.4378343436617838,0.85,False,False,True,ok
4S456Parcels,2,bayesian_ridge,bayesian_ridge,obs_FC+obs_SC,age,0.437561280503895,0.85,False,False,True,ok
4S456Parcels,8,kernel_ridge,"kernel_ridge[alpha=10.0,gamma_mult=1.0]",bv+demo,age,0.4373317550695403,0.85,False,True,False,ok
Glasser,8,kernel_ridge,"kernel_ridge[alpha=10.0,gamma_mult=1.0]",bv+demo,age,0.4373317550695403,0.85,False,True,False,ok
4S456Parcels,0,kernel_ridge,"kernel_ridge[alpha=0.1,gamma_mult=0.5]",obs_SC,age,0.435856574321553,0.85,False,False,True,ok
4S456Parcels,7,kernel_ridge,"kernel_ridge[alpha=1.0,gamma_mult=1.0]",obs_FC+obs_SC,age,0.435735584447962,0.85,False,False,True,ok
4S456Parcels,6,pca_pls,pca_pls,obs_SC,age,0.4354205190353614,0.85,False,False,True,ok
4S456Parcels,6,kernel_ridge,"kernel_ridge[alpha=1.0,gamma_mult=0.5]",obs_SC,age,0.4344878883683249,0.85,False,False,True,ok
Glasser,0,pca_pls,pca_pls,obs_FC,age,0.4337435626903876,0.85,False,False,True,ok
Glasser,5,kernel_ridge,"kernel_ridge[alpha=0.1,gamma_mult=0.5]",obs_FC,age,0.433634492487136,0.85,False,False,True,ok
Glasser,6,pca_pls,pca_pls,obs_FC+obs_SC,age,0.4329179791509322,0.85,False,False,True,ok
4S456Parcels,3,kernel_ridge,"kernel_ridge[alpha=0.1,gamma_mult=2.0]",obs_FC+obs_SC,age,0.4325208433684057,0.85,False,False,True,ok
4S456Parcels,0,bayesian_ridge,bayesian_ridge,obs_SC,age,0.432075477418346,0.85,False,False,True,ok
Glasser,7,kernel_ridge,"kernel_ridge[alpha=0.1,gamma_mult=0.5]",obs_FC+obs_SC,age,0.4317271588836436,0.85,False,False,True,ok
4S456Parcels,6,kernel_ridge,"kernel_ridge[alpha=1.0,gamma_mult=1.0]",obs_FC+obs_SC,age,0.4310268287333463,0.85,False,False,True,ok
4S456Parcels,3,kernel_ridge,"kernel_ridge[alpha=10.0,gamma_mult=0.5]",pred_FC+bv+demo,age,0.4303362707969748,0.85,False,True,False,ok
Glasser,4,kernel_ridge,"kernel_ridge[alpha=1.0,gamma_mult=0.5]",obs_FC+obs_SC,age,0.4303167519709722,0.85,False,False,True,ok
4S456Parcels,6,kernel_ridge,"kernel_ridge[alpha=0.1,gamma_mult=0.5]",obs_SC,age,0.4293266144131555,0.85,False,False,True,ok
Glasser,5,bayesian_ridge,bayesian_ridge,obs_FC,age,0.4284471514382345,0.85,False,False,True,ok
4S456Parcels,9,bayesian_ridge,bayesian_ridge,obs_SC,age,0.4272764850185379,0.85,False,False,True,ok
Glasser,5,kernel_ridge,"kernel_ridge[alpha=1.0,gamma_mult=0.5]",obs_FC,age,0.4272522545273947,0.85,False,False,True,ok
Glasser,5,kernel_ridge,"kernel_ridge[alpha=0.1,gamma_mult=1.0]",obs_FC+obs_SC,age,0.4268971408059036,0.85,False,False,True,ok
4S456Parcels,1,kernel_ridge,"kernel_ridge[alpha=10.0,gamma_mult=1.0]",bv+demo,age,0.4259025920437316,0.85,False,True,False,ok
Glasser,1,kernel_ridge,"kernel_ridge[alpha=10.0,gamma_mult=1.0]",bv+demo,age,0.4259025920437316,0.85,False,True,False,ok
4S456Parcels,3,kernel_ridge,"kernel_ridge[alpha=1.0,gamma_mult=1.0]",obs_FC,age,0.4248236772353605,0.85,False,False,True,ok
Glasser,1,kernel_ridge,"kernel_ridge[alpha=1.0,gamma_mult=0.5]",obs_FC+obs_SC,age,0.4244849351840581,0.85,False,False,True,ok
4S456Parcels,6,kernel_ridge,"kernel_ridge[alpha=0.1,gamma_mult=0.5]",obs_FC,age,0.4235248065422489,0.85,False,False,True,ok
4S456Parcels,0,kernel_ridge,"kernel_ridge[alpha=1.0,gamma_mult=1.0]",obs_FC,age,0.4233320959412117,0.85,False,False,True,ok
Glasser,7,kernel_ridge,"kernel_ridge[alpha=1.0,gamma_mult=0.5]",obs_FC+obs_SC,age,0.4231671185562112,0.85,False,False,True,ok
4S456Parcels,0,kernel_ridge,"kernel_ridge[alpha=0.1,gamma_mult=2.0]",obs_FC+obs_SC,age,0.422874901920083,0.85,False,False,True,ok
4S456Parcels,4,kernel_ridge,"kernel_ridge[alpha=0.1,gamma_mult=2.0]",obs_FC+obs_SC,age,0.4228279386720509,0.85,False,False,True,ok
4S456Parcels,4,kernel_ridge,"kernel_ridge[alpha=1.0,gamma_mult=0.5]",obs_FC,age,0.4220816053625539,0.85,False,False,True,ok
4S456Parcels,6,kernel_ridge,"kernel_ridge[alpha=1.0,gamma_mult=1.0]",obs_SC,age,0.4219272257445789,0.85,False,False,True,ok
Glasser,8,bayesian_ridge,bayesian_ridge,obs_FC+obs_SC,age,0.4218080849988692,0.85,False,False,True,ok
Glasser,7,kernel_ridge,"kernel_ridge[alpha=0.1,gamma_mult=2.0]",obs_FC+obs_SC,age,0.4212784939342138,0.85,False,False,True,ok
4S456Parcels,2,kernel_ridge,"kernel_ridge[alpha=0.1,gamma_mult=0.5]",obs_FC+obs_SC,age,0.42109416001326,0.85,False,False,True,ok
Glasser,3,pca_pls,pca_pls,obs_SC,age,0.4209805501752117,0.85,False,False,True,ok
Glasser,7,kernel_ridge,"kernel_ridge[alpha=1.0,gamma_mult=1.0]",obs_FC+obs_SC,age,0.4202658571446821,0.85,False,False,True,ok
4S456Parcels,8,kernel_ridge,"kernel_ridge[alpha=0.1,gamma_mult=1.0]",obs_FC,age,0.420054174496704,0.85,False,False,True,ok
4S456Parcels,8,kernel_ridge,"kernel_ridge[alpha=1.0,gamma_mult=2.0]",pred_SC+bv+demo,age,0.4195111134425812,0.85,False,True,False,ok
4S456Parcels,3,kernel_ridge,"kernel_ridge[alpha=10.0,gamma_mult=0.5]",obs_SC+bv+demo,age,0.4190937552848875,0.85,False,True,False,ok
4S456Parcels,8,kernel_ridge,"kernel_ridge[alpha=1.0,gamma_mult=2.0]",obs_FC+bv+demo,age,0.4186341660389876,0.85,False,True,False,ok
Glasser,3,kernel_ridge,"kernel_ridge[alpha=1.0,gamma_mult=1.0]",obs_FC+obs_SC,age,0.4184410348493379,0.85,False,False,True,ok
4S456Parcels,3,kernel_ridge,"kernel_ridge[alpha=10.0,gamma_mult=2.0]",bv+demo,age,0.4181758716868807,0.85,False,True,False,ok
Glasser,3,kernel_ridge,"kernel_ridge[alpha=10.0,gamma_mult=2.0]",bv+demo,age,0.4181758716868807,0.85,False,True,False,ok
Glasser,6,kernel_ridge,"kernel_ridge[alpha=0.1,gamma_mult=0.5]",obs_FC+obs_SC,age,0.4180686192829276,0.85,False,False,True,ok
4S456Parcels,1,kernel_ridge,"kernel_ridge[alpha=0.1,gamma_mult=0.5]",obs_SC,age,0.417794880791852,0.85,False,False,True,ok
Glasser,3,kernel_ridge,"kernel_ridge[alpha=1.0,gamma_mult=0.5]",obs_SC,age,0.4176076098701057,0.85,False,False,True,ok
4S456Parcels,4,kernel_ridge,"kernel_ridge[alpha=0.1,gamma_mult=1.0]",obs_FC,age,0.4174399050596091,0.85,False,False,True,ok
4S456Parcels,1,kernel_ridge,"kernel_ridge[alpha=0.1,gamma_mult=0.5]",obs_FC,age,0.4172008813495397,0.85,False,False,True,ok
4S456Parcels,9,kernel_ridge,"kernel_ridge[alpha=0.1,gamma_mult=2.0]",obs_FC+obs_SC,age,0.4169628212492202,0.85,False,False,True,ok
Glasser,5,kernel_ridge,"kernel_ridge[alpha=1.0,gamma_mult=1.0]",obs_FC+obs_SC,age,0.4163173477176856,0.85,False,False,True,ok
4S456Parcels,1,kernel_ridge,"kernel_ridge[alpha=1.0,gamma_mult=1.0]",obs_FC+obs_SC,age,0.4161617361024888,0.85,False,False,True,ok
Glasser,9,kernel_ridge,"kernel_ridge[alpha=0.1,gamma_mult=2.0]",obs_FC+obs_SC,age,0.4157270027686248,0.85,False,False,True,ok
4S456Parcels,5,kernel_ridge,"kernel_ridge[alpha=1.0,gamma_mult=1.0]",obs_FC,age,0.4144460915597148,0.85,False,False,True,ok
Glasser,5,kernel_ridge,"kernel_ridge[alpha=10.0,gamma_mult=0.5]",obs_FC+bv+demo,age,0.4142472763336713,0.85,False,True,False,ok
Glasser,6,kernel_ridge,"kernel_ridge[alpha=10.0,gamma_mult=0.5]",pred_FC+bv+demo,age,0.4138320643098531,0.85,False,True,False,ok
Glasser,8,pca_pls,pca_pls,obs_FC+obs_SC,age,0.4137902325843577,0.85,False,False,True,ok
4S456Parcels,1,kernel_ridge,"kernel_ridge[alpha=1.0,gamma_mult=0.5]",obs_SC,age,0.4134338557765801,0.85,False,False,True,ok
Glasser,0,kernel_ridge,"kernel_ridge[alpha=0.1,gamma_mult=1.0]",obs_FC+obs_SC,age,0.4133972535304129,0.85,False,False,True,ok
Glasser,1,kernel_ridge,"kernel_ridge[alpha=0.1,gamma_mult=1.0]",obs_FC+obs_SC,age,0.4131636152413511,0.85,False,False,True,ok
4S456Parcels,9,pca_pls,pca_pls,obs_SC,age,0.4128671708301751,0.85,False,False,True,ok
4S456Parcels,6,kernel_ridge,"kernel_ridge[alpha=1.0,gamma_mult=0.5]",obs_FC,age,0.4117166717151904,0.85,False,False,True,ok
4S456Parcels,6,kernel_ridge,"kernel_ridge[alpha=0.1,gamma_mult=1.0]",obs_SC,age,0.4106789733331551,0.85,False,False,True,ok
Glasser,7,pca_pls,pca_pls,obs_FC+obs_SC,age,0.4106712940160641,0.85,False,False,True,ok
Glasser,3,kernel_ridge,"kernel_ridge[alpha=1.0,gamma_mult=0.5]",obs_FC,age,0.4102871183164587,0.85,False,False,True,ok
Glasser,2,bayesian_ridge,bayesian_ridge,obs_FC+obs_SC,age,0.4094472340346022,0.85,False,False,True,ok
Glasser,8,kernel_ridge,"kernel_ridge[alpha=0.1,gamma_mult=0.5]",obs_FC,age,0.4093142453851009,0.85,False,False,True,ok
Glasser,3,kernel_ridge,"kernel_ridge[alpha=0.1,gamma_mult=0.5]",obs_SC,age,0.4093097293591187,0.85,False,False,True,ok
Glasser,6,bayesian_ridge,bayesian_ridge,obs_FC+obs_SC,age,0.4090203632243685,0.85,False,False,True,ok
4S456Parcels,7,kernel_ridge,"kernel_ridge[alpha=0.1,gamma_mult=2.0]",obs_FC+obs_SC,age,0.4084587038809645,0.85,False,False,True,ok
4S456Parcels,7,pca_pls,pca_pls,obs_FC,age,0.4083719273575467,0.85,False,False,True,ok
4S456Parcels,6,kernel_ridge,"kernel_ridge[alpha=10.0,gamma_mult=0.5]",obs_SC+bv+demo,age,0.4077962718655671,0.85,False,True,False,ok
Glasser,3,kernel_ridge,"kernel_ridge[alpha=0.1,gamma_mult=1.0]",obs_FC,age,0.4074564443270442,0.85,False,False,True,ok
4S456Parcels,3,bayesian_ridge,bayesian_ridge,pred_SC,age,0.4074483386510491,0.85,False,False,True,ok
4S456Parcels,5,kernel_ridge,"kernel_ridge[alpha=0.1,gamma_mult=2.0]",obs_FC+obs_SC,age,0.407241008910977,0.85,False,False,True,ok
4S456Parcels,9,kernel_ridge,"kernel_ridge[alpha=1.0,gamma_mult=1.0]",obs_FC,age,0.4053278693547281,0.85,False,False,True,ok
Glasser,5,kernel_ridge,"kernel_ridge[alpha=0.1,gamma_mult=1.0]",obs_FC,age,0.4053104918085506,0.85,False,False,True,ok
4S456Parcels,1,bayesian_ridge,bayesian_ridge,obs_SC,age,0.4050371668171474,0.85,False,False,True,ok
Glasser,6,pca_pls,pca_pls,obs_FC,age,0.4040991891014678,0.85,False,False,True,ok
Glasser,6,kernel_ridge,"kernel_ridge[alpha=10.0,gamma_mult=0.5]",obs_SC+bv+demo,age,0.4039339246786786,0.85,False,True,False,ok
Glasser,2,pca_pls,pca_pls,obs_FC+obs_SC,age,0.4037564326838865,0.85,False,False,True,ok
Glasser,4,bayesian_ridge,bayesian_ridge,obs_FC,age,0.4035729773953769,0.85,False,False,True,ok
Glasser,0,kernel_ridge,"kernel_ridge[alpha=0.1,gamma_mult=1.0]",obs_SC,age,0.402167260027104,0.85,False,False,True,ok
Glasser,7,bayesian_ridge,bayesian_ridge,obs_FC+obs_SC,age,0.4021324199453615,0.85,False,False,True,ok
4S456Parcels,7,bayesian_ridge,bayesian_ridge,obs_FC,age,0.4013261206549012,0.85,False,False,True,ok
4S456Parcels,9,kernel_ridge,"kernel_ridge[alpha=0.1,gamma_mult=0.5]",obs_SC,age,0.4011315607494737,0.85,False,False,True,ok
Glasser,6,kernel_ridge,"kernel_ridge[alpha=1.0,gamma_mult=0.5]",obs_FC+obs_SC,age,0.4005267823117597,0.85,False,False,True,ok
4S456Parcels,0,pca_pls,pca_pls,obs_SC,age,0.3989439645209965,0.85,False,False,True,ok
4S456Parcels,9,kernel_ridge,"kernel_ridge[alpha=0.1,gamma_mult=2.0]",pred_SC,age,0.3963646819048437,0.85,False,False,True,ok
Glasser,9,bayesian_ridge,bayesian_ridge,pred_SC,age,0.3960876875714567,0.85,False,False,True,ok
Glasser,0,kernel_ridge,"kernel_ridge[alpha=0.1,gamma_mult=2.0]",obs_SC,age,0.3958174481220345,0.85,False,False,True,ok
Glasser,4,kernel_ridge,"kernel_ridge[alpha=1.0,gamma_mult=1.0]",obs_FC+obs_SC,age,0.3953164269448277,0.85,False,False,True,ok
4S456Parcels,2,kernel_ridge,"kernel_ridge[alpha=10.0,gamma_mult=1.0]",bv+demo,age,0.3950058889703082,0.85,False,True,False,ok
Glasser,2,kernel_ridge,"kernel_ridge[alpha=10.0,gamma_mult=1.0]",bv+demo,age,0.3950058889703082,0.85,False,True,False,ok
Glasser,8,kernel_ridge,"kernel_ridge[alpha=1.0,gamma_mult=2.0]",pred_SC+bv+demo,age,0.3944038599624611,0.85,False,True,False,ok
4S456Parcels,1,kernel_ridge,"kernel_ridge[alpha=0.1,gamma_mult=1.0]",obs_SC,age,0.3940746997662502,0.85,False,False,True,ok
Glasser,1,bayesian_ridge,bayesian_ridge,obs_FC,age,0.3936223028591563,0.85,False,False,True,ok
Glasser,3,kernel_ridge,"kernel_ridge[alpha=1.0,gamma_mult=1.0]",obs_SC,age,0.3933414164408265,0.85,False,False,True,ok
4S456Parcels,0,bayesian_ridge,bayesian_ridge,pred_SC,age,0.3931191452471708,0.85,False,False,True,ok
Glasser,6,kernel_ridge,"kernel_ridge[alpha=0.1,gamma_mult=1.0]",obs_FC+obs_SC,age,0.3928634110319346,0.85,False,False,True,ok
Glasser,6,bayesian_ridge,bayesian_ridge,obs_FC,age,0.3928611698212633,0.85,False,False,True,ok
Glasser,0,kernel_ridge,"kernel_ridge[alpha=1.0,gamma_mult=0.5]",obs_FC+obs_SC,age,0.3928269380286946,0.85,False,False,True,ok
4S456Parcels,2,kernel_ridge,"kernel_ridge[alpha=0.1,gamma_mult=1.0]",obs_FC+obs_SC,age,0.3923191441829273,0.85,False,False,True,ok
4S456Parcels,7,kernel_ridge,"kernel_ridge[alpha=0.1,gamma_mult=0.5]",obs_FC,age,0.3921250618949696,0.85,False,False,True,ok
Glasser,5,kernel_ridge,"kernel_ridge[alpha=1.0,gamma_mult=1.0]",obs_FC,age,0.3920425230732736,0.85,False,False,True,ok
Glasser,9,kernel_ridge,"kernel_ridge[alpha=1.0,gamma_mult=1.0]",obs_FC,age,0.3914927259802319,0.85,False,False,True,ok
4S456Parcels,1,kernel_ridge,"kernel_ridge[alpha=1.0,gamma_mult=1.0]",obs_SC,age,0.3910040415076173,0.85,False,False,True,ok
4S456Parcels,9,kernel_ridge,"kernel_ridge[alpha=10.0,gamma_mult=2.0]",bv+demo,age,0.3908874088852014,0.85,False,True,False,ok
Glasser,9,kernel_ridge,"kernel_ridge[alpha=10.0,gamma_mult=2.0]",bv+demo,age,0.3908874088852014,0.85,False,True,False,ok
Glasser,3,bayesian_ridge,bayesian_ridge,obs_SC,age,0.390301115810291,0.85,False,False,True,ok
Glasser,9,kernel_ridge,"kernel_ridge[alpha=10.0,gamma_mult=0.5]",obs_SC+bv+demo,age,0.3896361349883084,0.85,False,True,False,ok
4S456Parcels,8,kernel_ridge,"kernel_ridge[alpha=1.0,gamma_mult=1.0]",obs_FC+obs_SC,age,0.3893640314978623,0.85,False,False,True,ok
Glasser,3,kernel_ridge,"kernel_ridge[alpha=0.1,gamma_mult=1.0]",obs_SC,age,0.3891852070817685,0.85,False,False,True,ok
4S456Parcels,5,bayesian_ridge,bayesian_ridge,pred_SC,age,0.3877708433652517,0.85,False,False,True,ok
Glasser,0,kernel_ridge,"kernel_ridge[alpha=0.1,gamma_mult=0.5]",obs_FC,age,0.3861768285939946,0.85,False,False,True,ok
4S456Parcels,1,kernel_ridge,"kernel_ridge[alpha=1.0,gamma_mult=0.5]",obs_FC,age,0.3859673449806458,0.85,False,False,True,ok
4S456Parcels,7,kernel_ridge,"kernel_ridge[alpha=10.0,gamma_mult=2.0]",bv+demo,age,0.3854554964465732,0.85,False,True,False,ok
Glasser,7,kernel_ridge,"kernel_ridge[alpha=10.0,gamma_mult=2.0]",bv+demo,age,0.3854554964465732,0.85,False,True,False,ok
4S456Parcels,2,bayesian_ridge,bayesian_ridge,obs_FC,age,0.3853415077010602,0.85,False,False,True,ok
4S456Parcels,2,kernel_ridge,"kernel_ridge[alpha=1.0,gamma_mult=0.5]",obs_FC+obs_SC,age,0.3851211453418283,0.85,False,False,True,ok
4S456Parcels,7,bayesian_ridge,bayesian_ridge,obs_SC,age,0.3848859605994885,0.85,False,False,True,ok
Glasser,8,kernel_ridge,"kernel_ridge[alpha=10.0,gamma_mult=0.5]",obs_SC+bv+demo,age,0.3846706930039629,0.85,False,True,False,ok
Glasser,0,kernel_ridge,"kernel_ridge[alpha=0.1,gamma_mult=0.5]",obs_SC,age,0.3846335105171766,0.85,False,False,True,ok
4S456Parcels,8,kernel_ridge,"kernel_ridge[alpha=1.0,gamma_mult=0.5]",obs_FC,age,0.3837352227329366,0.85,False,False,True,ok
4S456Parcels,3,kernel_ridge,"kernel_ridge[alpha=0.1,gamma_mult=2.0]",obs_FC,age,0.3835182257947327,0.85,False,False,True,ok
4S456Parcels,0,kernel_ridge,"kernel_ridge[alpha=1.0,gamma_mult=1.0]",obs_SC,age,0.3834056835259838,0.85,False,False,True,ok
Glasser,8,kernel_ridge,"kernel_ridge[alpha=0.1,gamma_mult=0.5]",obs_FC+obs_SC,age,0.3828714637066551,0.85,False,False,True,ok
4S456Parcels,8,kernel_ridge,"kernel_ridge[alpha=10.0,gamma_mult=2.0]",bv+demo,age,0.3827878069139498,0.85,False,True,False,ok
Glasser,8,kernel_ridge,"kernel_ridge[alpha=10.0,gamma_mult=2.0]",bv+demo,age,0.3827878069139498,0.85,False,True,False,ok
4S456Parcels,9,kernel_ridge,"kernel_ridge[alpha=1.0,gamma_mult=0.5]",obs_SC,age,0.3824365360634212,0.85,False,False,True,ok
Glasser,4,kernel_ridge,"kernel_ridge[alpha=0.1,gamma_mult=2.0]",obs_FC+obs_SC,age,0.3823749250849589,0.85,False,False,True,ok
4S456Parcels,9,kernel_ridge,"kernel_ridge[alpha=10.0,gamma_mult=0.5]",pred_FC+bv+demo,age,0.3820082055728853,0.85,False,True,False,ok
Glasser,3,kernel_ridge,"kernel_ridge[alpha=0.1,gamma_mult=2.0]",obs_FC+obs_SC,age,0.3812320730692685,0.85,False,False,True,ok
4S456Parcels,9,kernel_ridge,"kernel_ridge[alpha=1.0,gamma_mult=2.0]",pred_SC,age,0.3811741173316257,0.85,False,False,True,ok
4S456Parcels,7,kernel_ridge,"kernel_ridge[alpha=0.1,gamma_mult=0.5]",obs_SC,age,0.3810003768751622,0.85,False,False,True,ok
4S456Parcels,9,kernel_ridge,"kernel_ridge[alpha=0.1,gamma_mult=1.0]",obs_SC,age,0.3807374579268213,0.85,False,False,True,ok
Glasser,7,kernel_ridge,"kernel_ridge[alpha=1.0,gamma_mult=2.0]",obs_FC+obs_SC,age,0.3801640463812267,0.85,False,False,True,ok
4S456Parcels,6,kernel_ridge,"kernel_ridge[alpha=1.0,gamma_mult=2.0]",obs_SC,age,0.3799229787169429,0.85,False,False,True,ok
Glasser,4,kernel_ridge,"kernel_ridge[alpha=0.1,gamma_mult=0.5]",obs_FC,age,0.3799056575733973,0.85,False,False,True,ok
Glasser,6,kernel_ridge,"kernel_ridge[alpha=10.0,gamma_mult=1.0]",pred_FC+bv+demo,age,0.3796803733306024,0.85,False,True,False,ok
Glasser,2,pca_pls,pca_pls,obs_FC,age,0.3793476822741345,0.85,False,False,True,ok
Glasser,2,kernel_ridge,"kernel_ridge[alpha=0.1,gamma_mult=0.5]",obs_FC+obs_SC,age,0.3788764612245386,0.85,False,False,True,ok
Glasser,0,bayesian_ridge,bayesian_ridge,obs_SC,age,0.3784038984385713,0.85,False,False,True,ok
4S456Parcels,4,kernel_ridge,"kernel_ridge[alpha=1.0,gamma_mult=1.0]",obs_FC,age,0.377653853444962,0.85,False,False,True,ok
4S456Parcels,7,kernel_ridge,"kernel_ridge[alpha=1.0,gamma_mult=0.5]",obs_SC,age,0.3772876102646637,0.85,False,False,True,ok
4S456Parcels,5,kernel_ridge,"kernel_ridge[alpha=10.0,gamma_mult=0.5]",pred_FC+bv+demo,age,0.375226087076658,0.85,False,True,False,ok
4S456Parcels,0,kernel_ridge,"kernel_ridge[alpha=1.0,gamma_mult=0.5]",obs_SC,age,0.3747190039335629,0.85,False,False,True,ok
4S456Parcels,7,kernel_ridge,"kernel_ridge[alpha=1.0,gamma_mult=0.5]",obs_FC,age,0.3743296054876029,0.85,False,False,True,ok
Glasser,0,bayesian_ridge,bayesian_ridge,pred_SC,age,0.3743091712314862,0.85,False,False,True,ok
4S456Parcels,6,kernel_ridge,"kernel_ridge[alpha=0.1,gamma_mult=2.0]",obs_SC,age,0.3742958647579019,0.85,False,False,True,ok
4S456Parcels,5,kernel_ridge,"kernel_ridge[alpha=1.0,gamma_mult=2.0]",obs_FC+obs_SC,age,0.3739125845342355,0.85,False,False,True,ok
Glasser,2,bayesian_ridge,bayesian_ridge,obs_FC,age,0.3736465781803147,0.85,False,False,True,ok
4S456Parcels,9,pca_pls,pca_pls,pred_FC,age,0.3734500711875721,0.85,False,False,True,ok
Glasser,6,kernel_ridge,"kernel_ridge[alpha=0.1,gamma_mult=0.5]",obs_FC,age,0.3729151014340007,0.85,False,False,True,ok
4S456Parcels,5,kernel_ridge,"kernel_ridge[alpha=0.1,gamma_mult=2.0]",obs_FC,age,0.3727748845422629,0.85,False,False,True,ok
4S456Parcels,8,kernel_ridge,"kernel_ridge[alpha=10.0,gamma_mult=0.5]",obs_SC+bv+demo,age,0.3719599599641142,0.85,False,True,False,ok
4S456Parcels,0,kernel_ridge,"kernel_ridge[alpha=0.1,gamma_mult=1.0]",pred_SC,age,0.3714983965568358,0.85,False,False,True,ok
4S456Parcels,6,kernel_ridge,"kernel_ridge[alpha=0.1,gamma_mult=1.0]",obs_FC,age,0.3710620024186109,0.85,False,False,True,ok
Glasser,3,kernel_ridge,"kernel_ridge[alpha=10.0,gamma_mult=1.0]",obs_SC+bv+demo,age,0.3707943393546185,0.85,False,True,False,ok
4S456Parcels,3,kernel_ridge,"kernel_ridge[alpha=10.0,gamma_mult=1.0]",pred_FC+bv+demo,age,0.3705382554380969,0.85,False,True,False,ok
4S456Parcels,7,kernel_ridge,"kernel_ridge[alpha=1.0,gamma_mult=1.0]",obs_SC,age,0.3704703637677546,0.85,False,False,True,ok
4S456Parcels,7,kernel_ridge,"kernel_ridge[alpha=0.1,gamma_mult=1.0]",obs_SC,age,0.3702451244788879,0.85,False,False,True,ok
4S456Parcels,3,bayesian_ridge,bayesian_ridge,obs_SC,age,0.3696088374857914,0.85,False,False,True,ok
4S456Parcels,9,kernel_ridge,"kernel_ridge[alpha=10.0,gamma_mult=0.5]",obs_SC+bv+demo,age,0.3688476195937561,0.85,False,True,False,ok
Glasser,5,kernel_ridge,"kernel_ridge[alpha=0.1,gamma_mult=2.0]",obs_FC+obs_SC,age,0.3683123268100737,0.85,False,False,True,ok
4S456Parcels,3,kernel_ridge,"kernel_ridge[alpha=1.0,gamma_mult=0.5]",obs_SC,age,0.3682683094164081,0.85,False,False,True,ok
4S456Parcels,2,kernel_ridge,"kernel_ridge[alpha=0.1,gamma_mult=0.5]",obs_SC,age,0.3679451362399989,0.85,False,False,True,ok
4S456Parcels,0,kernel_ridge,"kernel_ridge[alpha=0.1,gamma_mult=0.5]",pred_SC,age,0.3677079218263792,0.85,False,False,True,ok
4S456Parcels,0,kernel_ridge,"kernel_ridge[alpha=1.0,gamma_mult=1.0]",pred_SC,age,0.367593650596471,0.85,False,False,True,ok
4S456Parcels,3,kernel_ridge,"kernel_ridge[alpha=1.0,gamma_mult=2.0]",obs_FC+obs_SC,age,0.3665794820276057,0.85,False,False,True,ok
4S456Parcels,8,kernel_ridge,"kernel_ridge[alpha=0.1,gamma_mult=0.5]",pred_SC,age,0.3661376224074577,0.85,False,False,True,ok
Glasser,1,kernel_ridge,"kernel_ridge[alpha=1.0,gamma_mult=1.0]",obs_FC+obs_SC,age,0.3653513547828744,0.85,False,False,True,ok
4S456Parcels,1,kernel_ridge,"kernel_ridge[alpha=0.1,gamma_mult=1.0]",obs_FC,age,0.3646936808347,0.85,False,False,True,ok
4S456Parcels,4,kernel_ridge,"kernel_ridge[alpha=10.0,gamma_mult=2.0]",bv+demo,age,0.364508966608551,0.85,False,True,False,ok
Glasser,4,kernel_ridge,"kernel_ridge[alpha=10.0,gamma_mult=2.0]",bv+demo,age,0.364508966608551,0.85,False,True,False,ok
4S456Parcels,0,kernel_ridge,"kernel_ridge[alpha=0.1,gamma_mult=2.0]",pred_SC,age,0.3634536779495279,0.85,False,False,True,ok
4S456Parcels,7,kernel_ridge,"kernel_ridge[alpha=0.1,gamma_mult=1.0]",obs_FC,age,0.3628583911572989,0.85,False,False,True,ok
Glasser,0,kernel_ridge,"kernel_ridge[alpha=0.1,gamma_mult=0.5]",pred_FC,age,0.3627966704145221,0.85,False,False,True,ok
4S456Parcels,8,kernel_ridge,"kernel_ridge[alpha=0.1,gamma_mult=2.0]",obs_FC+obs_SC,age,0.362586452853858,0.85,False,False,True,ok
4S456Parcels,4,kernel_ridge,"kernel_ridge[alpha=1.0,gamma_mult=2.0]",obs_FC+obs_SC,age,0.362241327284456,0.85,False,False,True,ok
Glasser,6,kernel_ridge,"kernel_ridge[alpha=1.0,gamma_mult=1.0]",obs_FC+obs_SC,age,0.3620413541118052,0.85,False,False,True,ok
4S456Parcels,0,kernel_ridge,"kernel_ridge[alpha=1.0,gamma_mult=0.5]",pred_SC,age,0.3618890669690327,0.85,False,False,True,ok
4S456Parcels,2,pca_pls,pca_pls,obs_SC,age,0.3618549037010234,0.85,False,False,True,ok
Glasser,4,kernel_ridge,"kernel_ridge[alpha=10.0,gamma_mult=0.5]",obs_SC+bv+demo,age,0.3616023874808522,0.85,False,True,False,ok
Glasser,9,kernel_ridge,"kernel_ridge[alpha=10.0,gamma_mult=0.5]",obs_FC+bv+demo,age,0.3614818848729273,0.85,False,True,False,ok
4S456Parcels,7,kernel_ridge,"kernel_ridge[alpha=1.0,gamma_mult=2.0]",obs_FC+obs_SC,age,0.3604457346001709,0.85,False,False,True,ok
4S456Parcels,2,bayesian_ridge,bayesian_ridge,obs_SC,age,0.3604401998625444,0.85,False,False,True,ok
Glasser,4,bayesian_ridge,bayesian_ridge,obs_SC,age,0.3598983079068055,0.85,False,False,True,ok
Glasser,1,kernel_ridge,"kernel_ridge[alpha=0.1,gamma_mult=0.5]",obs_FC,age,0.3598625330751696,0.85,False,False,True,ok
Glasser,1,bayesian_ridge,bayesian_ridge,obs_SC,age,0.3597357622657677,0.85,False,False,True,ok
4S456Parcels,1,kernel_ridge,"kernel_ridge[alpha=0.1,gamma_mult=2.0]",obs_FC+obs_SC,age,0.3592096962321738,0.85,False,False,True,ok
4S456Parcels,9,bayesian_ridge,bayesian_ridge,pred_FC,age,0.3588067887274438,0.85,False,False,True,ok
4S456Parcels,2,kernel_ridge,"kernel_ridge[alpha=0.1,gamma_mult=1.0]",obs_SC,age,0.3585910630145205,0.85,False,False,True,ok
4S456Parcels,9,kernel_ridge,"kernel_ridge[alpha=1.0,gamma_mult=1.0]",obs_SC,age,0.3585681831982566,0.85,False,False,True,ok
4S456Parcels,3,kernel_ridge,"kernel_ridge[alpha=0.1,gamma_mult=0.5]",obs_SC,age,0.3583221944464401,0.85,False,False,True,ok
Glasser,9,kernel_ridge,"kernel_ridge[alpha=1.0,gamma_mult=2.0]",obs_FC+obs_SC,age,0.357985541332509,0.85,False,False,True,ok
4S456Parcels,5,bayesian_ridge,bayesian_ridge,obs_SC,age,0.3571305356068018,0.85,False,False,True,ok
4S456Parcels,8,kernel_ridge,"kernel_ridge[alpha=0.1,gamma_mult=1.0]",pred_SC,age,0.356614505641086,0.85,False,False,True,ok
4S456Parcels,6,kernel_ridge,"kernel_ridge[alpha=0.1,gamma_mult=2.0]",obs_FC+obs_SC,age,0.3563755748874874,0.85,False,False,True,ok
Glasser,7,kernel_ridge,"kernel_ridge[alpha=0.1,gamma_mult=0.5]",obs_SC,age,0.3562852907515075,0.85,False,False,True,ok
Glasser,5,kernel_ridge,"kernel_ridge[alpha=10.0,gamma_mult=1.0]",obs_FC+bv+demo,age,0.3561858223866552,0.85,False,True,False,ok
4S456Parcels,6,kernel_ridge,"kernel_ridge[alpha=1.0,gamma_mult=1.0]",obs_FC,age,0.355440370391386,0.85,False,False,True,ok
Glasser,0,bayesian_ridge,bayesian_ridge,pred_FC,age,0.3551021893316197,0.85,False,False,True,ok
4S456Parcels,9,kernel_ridge,"kernel_ridge[alpha=1.0,gamma_mult=2.0]",obs_FC+obs_SC,age,0.353818511075011,0.85,False,False,True,ok
Glasser,7,kernel_ridge,"kernel_ridge[alpha=0.1,gamma_mult=1.0]",obs_SC,age,0.3536969103612451,0.85,False,False,True,ok
4S456Parcels,0,kernel_ridge,"kernel_ridge[alpha=1.0,gamma_mult=2.0]",pred_SC,age,0.3536814454605833,0.85,False,False,True,ok
4S456Parcels,2,kernel_ridge,"kernel_ridge[alpha=0.1,gamma_mult=0.5]",obs_FC,age,0.3536186607674468,0.85,False,False,True,ok
4S456Parcels,6,bayesian_ridge,bayesian_ridge,pred_FC,age,0.3527825297246814,0.85,False,False,True,ok
Glasser,0,kernel_ridge,"kernel_ridge[alpha=1.0,gamma_mult=0.5]",obs_FC,age,0.3518486213160436,0.85,False,False,True,ok
4S456Parcels,5,kernel_ridge,"kernel_ridge[alpha=10.0,gamma_mult=0.5]",obs_FC+bv+demo,age,0.3516559593219643,0.85,False,True,False,ok
Glasser,0,pca_pls,pca_pls,obs_SC,age,0.3507174390484478,0.85,False,False,True,ok
Glasser,4,kernel_ridge,"kernel_ridge[alpha=0.1,gamma_mult=1.0]",obs_SC,age,0.3504382820499861,0.85,False,False,True,ok
4S456Parcels,5,kernel_ridge,"kernel_ridge[alpha=0.1,gamma_mult=0.5]",obs_SC,age,0.3502087171005146,0.85,False,False,True,ok
Glasser,0,kernel_ridge,"kernel_ridge[alpha=0.1,gamma_mult=2.0]",pred_SC,age,0.3501777485553393,0.85,False,False,True,ok
Glasser,0,kernel_ridge,"kernel_ridge[alpha=1.0,gamma_mult=1.0]",obs_FC+obs_SC,age,0.350105448300777,0.85,False,False,True,ok
Glasser,0,kernel_ridge,"kernel_ridge[alpha=1.0,gamma_mult=0.5]",pred_FC,age,0.3500662585390018,0.85,False,False,True,ok
Glasser,9,bayesian_ridge,bayesian_ridge,obs_SC,age,0.3499044149084089,0.85,False,False,True,ok
Glasser,3,kernel_ridge,"kernel_ridge[alpha=10.0,gamma_mult=0.5]",pred_SC+bv+demo,age,0.3498068903996877,0.85,False,True,False,ok
Glasser,2,kernel_ridge,"kernel_ridge[alpha=0.1,gamma_mult=1.0]",pred_FC,age,0.3494163492342514,0.85,False,False,True,ok
Glasser,4,kernel_ridge,"kernel_ridge[alpha=0.1,gamma_mult=0.5]",obs_SC,age,0.3492703379333595,0.85,False,False,True,ok
Glasser,7,bayesian_ridge,bayesian_ridge,obs_SC,age,0.3489267063242883,0.85,False,False,True,ok
4S456Parcels,5,kernel_ridge,"kernel_ridge[alpha=0.1,gamma_mult=1.0]",obs_SC,age,0.3487778311877745,0.85,False,False,True,ok
Glasser,4,kernel_ridge,"kernel_ridge[alpha=1.0,gamma_mult=0.5]",obs_FC,age,0.3484482833405111,0.85,False,False,True,ok
Glasser,6,kernel_ridge,"kernel_ridge[alpha=1.0,gamma_mult=0.5]",obs_FC,age,0.3476050945312495,0.85,False,False,True,ok
4S456Parcels,3,kernel_ridge,"kernel_ridge[alpha=10.0,gamma_mult=1.0]",obs_SC+bv+demo,age,0.3473239065170729,0.85,False,True,False,ok
4S456Parcels,1,kernel_ridge,"kernel_ridge[alpha=0.1,gamma_mult=2.0]",obs_SC,age,0.3472731256013571,0.85,False,False,True,ok
Glasser,6,kernel_ridge,"kernel_ridge[alpha=10.0,gamma_mult=0.5]",pred_SC+bv+demo,age,0.3472657757533791,0.85,False,True,False,ok
Glasser,8,bayesian_ridge,bayesian_ridge,pred_SC,age,0.3467491304951134,0.85,False,False,True,ok
Glasser,2,kernel_ridge,"kernel_ridge[alpha=0.1,gamma_mult=1.0]",obs_FC+obs_SC,age,0.3462634998194611,0.85,False,False,True,ok
Glasser,8,kernel_ridge,"kernel_ridge[alpha=0.1,gamma_mult=1.0]",obs_FC+obs_SC,age,0.3457852692034469,0.85,False,False,True,ok
4S456Parcels,0,kernel_ridge,"kernel_ridge[alpha=0.1,gamma_mult=2.0]",obs_FC,age,0.3452138918491932,0.85,False,False,True,ok
Glasser,1,kernel_ridge,"kernel_ridge[alpha=0.1,gamma_mult=0.5]",obs_SC,age,0.3450308596528152,0.85,False,False,True,ok
4S456Parcels,2,kernel_ridge,"kernel_ridge[alpha=1.0,gamma_mult=1.0]",obs_FC+obs_SC,age,0.3448324193207747,0.85,False,False,True,ok
Glasser,9,kernel_ridge,"kernel_ridge[alpha=0.1,gamma_mult=0.5]",obs_SC,age,0.3444003375921621,0.85,False,False,True,ok
Glasser,2,kernel_ridge,"kernel_ridge[alpha=0.1,gamma_mult=0.5]",pred_FC,age,0.3439864183646219,0.85,False,False,True,ok
Glasser,7,pca_pls,pca_pls,obs_SC,age,0.3438391802150953,0.85,False,False,True,ok
Glasser,0,kernel_ridge,"kernel_ridge[alpha=0.1,gamma_mult=1.0]",pred_SC,age,0.3428255411119137,0.85,False,False,True,ok
4S456Parcels,6,kernel_ridge,"kernel_ridge[alpha=10.0,gamma_mult=1.0]",obs_SC+bv+demo,age,0.3427325137615239,0.85,False,True,False,ok
Glasser,9,kernel_ridge,"kernel_ridge[alpha=0.1,gamma_mult=1.0]",obs_SC,age,0.3425701503905379,0.85,False,False,True,ok
4S456Parcels,7,kernel_ridge,"kernel_ridge[alpha=0.1,gamma_mult=2.0]",obs_SC,age,0.342297915205684,0.85,False,False,True,ok
4S456Parcels,4,kernel_ridge,"kernel_ridge[alpha=0.1,gamma_mult=2.0]",obs_FC,age,0.3422896781824789,0.85,False,False,True,ok
4S456Parcels,8,pca_pls,pca_pls,obs_SC,age,0.3420050369239079,0.85,False,False,True,ok
4S456Parcels,8,kernel_ridge,"kernel_ridge[alpha=0.1,gamma_mult=0.5]",obs_SC,age,0.3419420702030078,0.85,False,False,True,ok
Glasser,5,kernel_ridge,"kernel_ridge[alpha=1.0,gamma_mult=2.0]",obs_FC+obs_SC,age,0.3413185044175689,0.85,False,False,True,ok
Glasser,5,kernel_ridge,"kernel_ridge[alpha=0.1,gamma_mult=2.0]",obs_FC,age,0.3412003279454313,0.85,False,False,True,ok
Glasser,4,kernel_ridge,"kernel_ridge[alpha=1.0,gamma_mult=0.5]",obs_SC,age,0.3411047456795561,0.85,False,False,True,ok
4S456Parcels,5,pca_pls,pca_pls,obs_SC,age,0.3409188605101407,0.85,False,False,True,ok
Glasser,3,kernel_ridge,"kernel_ridge[alpha=0.1,gamma_mult=2.0]",obs_SC,age,0.3407571687375765,0.85,False,False,True,ok
4S456Parcels,8,bayesian_ridge,bayesian_ridge,obs_SC,age,0.3407463115496226,0.85,False,False,True,ok
4S456Parcels,3,kernel_ridge,"kernel_ridge[alpha=1.0,gamma_mult=1.0]",obs_SC,age,0.3405282819060339,0.85,False,False,True,ok
Glasser,2,kernel_ridge,"kernel_ridge[alpha=1.0,gamma_mult=1.0]",pred_FC,age,0.3405065842417893,0.85,False,False,True,ok
Glasser,8,kernel_ridge,"kernel_ridge[alpha=0.1,gamma_mult=1.0]",obs_FC,age,0.3401870632521735,0.85,False,False,True,ok
4S456Parcels,0,kernel_ridge,"kernel_ridge[alpha=1.0,gamma_mult=2.0]",obs_FC+obs_SC,age,0.3396397463888513,0.85,False,False,True,ok
4S456Parcels,8,kernel_ridge,"kernel_ridge[alpha=1.0,gamma_mult=0.5]",pred_SC,age,0.3395163303775104,0.85,False,False,True,ok
Glasser,6,kernel_ridge,"kernel_ridge[alpha=10.0,gamma_mult=1.0]",obs_SC+bv+demo,age,0.3392937244994828,0.85,False,True,False,ok
Glasser,2,kernel_ridge,"kernel_ridge[alpha=1.0,gamma_mult=0.5]",obs_FC+obs_SC,age,0.3392642571265736,0.85,False,False,True,ok
Glasser,0,kernel_ridge,"kernel_ridge[alpha=1.0,gamma_mult=1.0]",pred_SC,age,0.338868700902358,0.85,False,False,True,ok
Glasser,0,kernel_ridge,"kernel_ridge[alpha=0.1,gamma_mult=2.0]",obs_FC+obs_SC,age,0.3387048335707422,0.85,False,False,True,ok
Glasser,4,kernel_ridge,"kernel_ridge[alpha=1.0,gamma_mult=1.0]",obs_SC,age,0.3385121341731819,0.85,False,False,True,ok
Glasser,6,kernel_ridge,"kernel_ridge[alpha=1.0,gamma_mult=1.0]",obs_SC,age,0.3383776165458234,0.85,False,False,True,ok
4S456Parcels,8,kernel_ridge,"kernel_ridge[alpha=1.0,gamma_mult=0.5]",obs_SC,age,0.3380270970755061,0.85,False,False,True,ok
Glasser,0,kernel_ridge,"kernel_ridge[alpha=1.0,gamma_mult=2.0]",pred_SC,age,0.3375146314769785,0.85,False,False,True,ok
Glasser,2,kernel_ridge,"kernel_ridge[alpha=1.0,gamma_mult=0.5]",pred_FC,age,0.3372056805019721,0.85,False,False,True,ok
Glasser,7,kernel_ridge,"kernel_ridge[alpha=1.0,gamma_mult=0.5]",obs_SC,age,0.3371156473992648,0.85,False,False,True,ok
Glasser,7,bayesian_ridge,bayesian_ridge,obs_FC,age,0.3369824275966782,0.85,False,False,True,ok
4S456Parcels,9,kernel_ridge,"kernel_ridge[alpha=0.1,gamma_mult=2.0]",obs_FC,age,0.3366336318450963,0.85,False,False,True,ok
4S456Parcels,7,kernel_ridge,"kernel_ridge[alpha=1.0,gamma_mult=1.0]",obs_FC,age,0.3357647713801465,0.85,False,False,True,ok
Glasser,4,pca_pls,pca_pls,obs_SC,age,0.3356401772780529,0.85,False,False,True,ok
Glasser,3,kernel_ridge,"kernel_ridge[alpha=1.0,gamma_mult=1.0]",obs_FC,age,0.3351172245304775,0.85,False,False,True,ok
Glasser,1,kernel_ridge,"kernel_ridge[alpha=0.1,gamma_mult=1.0]",obs_SC,age,0.3349020215482287,0.85,False,False,True,ok
Glasser,6,kernel_ridge,"kernel_ridge[alpha=0.1,gamma_mult=1.0]",obs_SC,age,0.3348633573353735,0.85,False,False,True,ok
Glasser,6,kernel_ridge,"kernel_ridge[alpha=0.1,gamma_mult=2.0]",obs_SC,age,0.3344701100954012,0.85,False,False,True,ok
Glasser,3,kernel_ridge,"kernel_ridge[alpha=10.0,gamma_mult=0.5]",pred_FC+bv+demo,age,0.3342118689200103,0.85,False,True,False,ok
4S456Parcels,5,kernel_ridge,"kernel_ridge[alpha=1.0,gamma_mult=2.0]",obs_FC,age,0.334176024133326,0.85,False,False,True,ok
4S456Parcels,4,kernel_ridge,"kernel_ridge[alpha=0.1,gamma_mult=0.5]",obs_SC,age,0.3340742964741101,0.85,False,False,True,ok
4S456Parcels,0,kernel_ridge,"kernel_ridge[alpha=1.0,gamma_mult=2.0]",obs_SC,age,0.3338245009516601,0.85,False,False,True,ok
4S456Parcels,9,kernel_ridge,"kernel_ridge[alpha=0.1,gamma_mult=2.0]",obs_SC,age,0.3335418292606946,0.85,False,False,True,ok
Glasser,7,pca_pls,pca_pls,obs_FC,age,0.3334823790668457,0.85,False,False,True,ok
Glasser,5,kernel_ridge,"kernel_ridge[alpha=10.0,gamma_mult=0.5]",pred_FC+bv+demo,age,0.3334029111290794,0.85,False,True,False,ok
Glasser,4,kernel_ridge,"kernel_ridge[alpha=0.1,gamma_mult=1.0]",obs_FC,age,0.3333102195497476,0.85,False,False,True,ok
Glasser,0,pca_pls,pca_pls,pred_FC,age,0.3331236460717629,0.85,False,False,True,ok
Glasser,4,kernel_ridge,"kernel_ridge[alpha=0.1,gamma_mult=2.0]",obs_SC,age,0.33254195970769,0.85,False,False,True,ok
4S456Parcels,3,kernel_ridge,"kernel_ridge[alpha=0.1,gamma_mult=1.0]",obs_SC,age,0.3319273377314334,0.85,False,False,True,ok
Glasser,7,kernel_ridge,"kernel_ridge[alpha=1.0,gamma_mult=1.0]",obs_SC,age,0.3318500374138171,0.85,False,False,True,ok
4S456Parcels,3,pca_pls,pca_pls,pred_SC,age,0.3318160372937254,0.85,False,False,True,ok
4S456Parcels,8,kernel_ridge,"kernel_ridge[alpha=0.1,gamma_mult=1.0]",obs_SC,age,0.3315371364287868,0.85,False,False,True,ok
Glasser,6,kernel_ridge,"kernel_ridge[alpha=1.0,gamma_mult=0.5]",obs_SC,age,0.3314364425498952,0.85,False,False,True,ok
Glasser,1,kernel_ridge,"kernel_ridge[alpha=10.0,gamma_mult=0.5]",obs_SC+bv+demo,age,0.3314011319233257,0.85,False,True,False,ok
Glasser,3,kernel_ridge,"kernel_ridge[alpha=1.0,gamma_mult=2.0]",obs_SC,age,0.3310183048714194,0.85,False,False,True,ok
4S456Parcels,5,kernel_ridge,"kernel_ridge[alpha=0.1,gamma_mult=2.0]",obs_SC,age,0.3310103804408268,0.85,False,False,True,ok
Glasser,0,kernel_ridge,"kernel_ridge[alpha=10.0,gamma_mult=0.5]",pred_SC+bv+demo,age,0.3307688949603141,0.85,False,True,False,ok
4S456Parcels,7,kernel_ridge,"kernel_ridge[alpha=1.0,gamma_mult=2.0]",obs_SC,age,0.3305858996756713,0.85,False,False,True,ok
Glasser,0,kernel_ridge,"kernel_ridge[alpha=0.1,gamma_mult=1.0]",pred_FC,age,0.3301943148509805,0.85,False,False,True,ok
Glasser,0,kernel_ridge,"kernel_ridge[alpha=0.1,gamma_mult=1.0]",obs_FC,age,0.3300675100406031,0.85,False,False,True,ok
4S456Parcels,2,kernel_ridge,"kernel_ridge[alpha=1.0,gamma_mult=0.5]",obs_SC,age,0.3299786561560959,0.85,False,False,True,ok
4S456Parcels,5,kernel_ridge,"kernel_ridge[alpha=1.0,gamma_mult=0.5]",obs_SC,age,0.3299047687704765,0.85,False,False,True,ok
4S456Parcels,6,kernel_ridge,"kernel_ridge[alpha=0.1,gamma_mult=0.5]",pred_FC,age,0.3298313230446865,0.85,False,False,True,ok
Glasser,0,kernel_ridge,"kernel_ridge[alpha=1.0,gamma_mult=1.0]",obs_SC,age,0.3296112782042931,0.85,False,False,True,ok
Glasser,6,kernel_ridge,"kernel_ridge[alpha=0.1,gamma_mult=1.0]",obs_FC,age,0.3291297408601634,0.85,False,False,True,ok
Glasser,7,kernel_ridge,"kernel_ridge[alpha=0.1,gamma_mult=0.5]",obs_FC,age,0.3290244198997417,0.85,False,False,True,ok
Glasser,6,kernel_ridge,"kernel_ridge[alpha=10.0,gamma_mult=0.5]",obs_FC+bv+demo,age,0.3289360907545612,0.85,False,True,False,ok
4S456Parcels,4,kernel_ridge,"kernel_ridge[alpha=1.0,gamma_mult=1.0]",pred_FC,age,0.3289325437497317,0.85,False,False,True,ok
Glasser,8,kernel_ridge,"kernel_ridge[alpha=1.0,gamma_mult=0.5]",obs_FC,age,0.3285747483679347,0.85,False,False,True,ok
4S456Parcels,3,kernel_ridge,"kernel_ridge[alpha=0.1,gamma_mult=0.5]",pred_SC,age,0.3285649755720084,0.85,False,False,True,ok
Glasser,7,kernel_ridge,"kernel_ridge[alpha=0.1,gamma_mult=2.0]",obs_SC,age,0.3283190511466108,0.85,False,False,True,ok
4S456Parcels,4,bayesian_ridge,bayesian_ridge,obs_SC,age,0.3282322860868316,0.85,False,False,True,ok
4S456Parcels,1,kernel_ridge,"kernel_ridge[alpha=1.0,gamma_mult=2.0]",obs_SC,age,0.3281496839202887,0.85,False,False,True,ok
4S456Parcels,2,kernel_ridge,"kernel_ridge[alpha=0.1,gamma_mult=1.0]",pred_FC,age,0.3279455937465424,0.85,False,False,True,ok
Glasser,6,kernel_ridge,"kernel_ridge[alpha=0.1,gamma_mult=0.5]",obs_SC,age,0.327800466911307,0.85,False,False,True,ok
4S456Parcels,7,kernel_ridge,"kernel_ridge[alpha=10.0,gamma_mult=0.5]",obs_SC+bv+demo,age,0.327396036735824,0.85,False,True,False,ok
4S456Parcels,1,kernel_ridge,"kernel_ridge[alpha=10.0,gamma_mult=0.5]",obs_SC+bv+demo,age,0.3272803537093138,0.85,False,True,False,ok
Glasser,1,kernel_ridge,"kernel_ridge[alpha=1.0,gamma_mult=0.5]",obs_FC,age,0.3272017562473845,0.85,False,False,True,ok
Glasser,4,pca_pls,pca_pls,pred_FC,age,0.3271658057201545,0.85,False,False,True,ok
4S456Parcels,5,kernel_ridge,"kernel_ridge[alpha=1.0,gamma_mult=1.0]",obs_SC,age,0.3267573801728981,0.85,False,False,True,ok
4S456Parcels,4,kernel_ridge,"kernel_ridge[alpha=0.1,gamma_mult=1.0]",obs_SC,age,0.3265051914687026,0.85,False,False,True,ok
4S456Parcels,8,kernel_ridge,"kernel_ridge[alpha=1.0,gamma_mult=1.0]",obs_SC,age,0.3264964449601339,0.85,False,False,True,ok
Glasser,6,kernel_ridge,"kernel_ridge[alpha=10.0,gamma_mult=2.0]",pred_FC+bv+demo,age,0.3261812264085803,0.85,False,True,False,ok
Glasser,6,kernel_ridge,"kernel_ridge[alpha=1.0,gamma_mult=2.0]",obs_SC,age,0.3259902813156526,0.85,False,False,True,ok
4S456Parcels,4,kernel_ridge,"kernel_ridge[alpha=1.0,gamma_mult=0.5]",pred_FC,age,0.325954754350047,0.85,False,False,True,ok
4S456Parcels,5,kernel_ridge,"kernel_ridge[alpha=10.0,gamma_mult=0.5]",obs_SC+bv+demo,age,0.3259270451015786,0.85,False,True,False,ok
Glasser,8,kernel_ridge,"kernel_ridge[alpha=1.0,gamma_mult=0.5]",obs_FC+obs_SC,age,0.3257983990397222,0.85,False,False,True,ok
4S456Parcels,4,kernel_ridge,"kernel_ridge[alpha=1.0,gamma_mult=0.5]",obs_SC,age,0.3257763196061938,0.85,False,False,True,ok
4S456Parcels,8,kernel_ridge,"kernel_ridge[alpha=1.0,gamma_mult=1.0]",pred_SC,age,0.3256530806877619,0.85,False,False,True,ok
Glasser,0,kernel_ridge,"kernel_ridge[alpha=0.1,gamma_mult=0.5]",pred_SC,age,0.3255912935728002,0.85,False,False,True,ok
Glasser,7,kernel_ridge,"kernel_ridge[alpha=10.0,gamma_mult=0.5]",obs_FC+bv+demo,age,0.325580672631461,0.85,False,True,False,ok
Glasser,7,kernel_ridge,"kernel_ridge[alpha=10.0,gamma_mult=0.5]",obs_SC+bv+demo,age,0.325284234294109,0.85,False,True,False,ok
4S456Parcels,6,kernel_ridge,"kernel_ridge[alpha=1.0,gamma_mult=0.5]",pred_FC,age,0.3251202219696582,0.85,False,False,True,ok
Glasser,0,kernel_ridge,"kernel_ridge[alpha=1.0,gamma_mult=0.5]",obs_SC,age,0.3248966326787288,0.85,False,False,True,ok
4S456Parcels,3,kernel_ridge,"kernel_ridge[alpha=1.0,gamma_mult=0.5]",pred_SC,age,0.3236714414711726,0.85,False,False,True,ok
4S456Parcels,4,kernel_ridge,"kernel_ridge[alpha=1.0,gamma_mult=2.0]",pred_FC,age,0.3236520605345306,0.85,False,False,True,ok
4S456Parcels,6,kernel_ridge,"kernel_ridge[alpha=10.0,gamma_mult=0.5]",obs_FC+bv+demo,age,0.323586596007113,0.85,False,True,False,ok
4S456Parcels,1,kernel_ridge,"kernel_ridge[alpha=1.0,gamma_mult=1.0]",obs_FC,age,0.3231540958423512,0.85,False,False,True,ok
4S456Parcels,4,kernel_ridge,"kernel_ridge[alpha=0.1,gamma_mult=1.0]",pred_FC,age,0.3218247714637662,0.85,False,False,True,ok
Glasser,2,kernel_ridge,"kernel_ridge[alpha=0.1,gamma_mult=0.5]",obs_FC,age,0.3217553053966402,0.85,False,False,True,ok
4S456Parcels,6,kernel_ridge,"kernel_ridge[alpha=1.0,gamma_mult=2.0]",obs_FC+obs_SC,age,0.3214803192115419,0.85,False,False,True,ok
Glasser,0,kernel_ridge,"kernel_ridge[alpha=1.0,gamma_mult=0.5]",pred_SC,age,0.3212198826919531,0.85,False,False,True,ok
4S456Parcels,9,kernel_ridge,"kernel_ridge[alpha=10.0,gamma_mult=1.0]",pred_FC+bv+demo,age,0.3208547027519145,0.85,False,True,False,ok
4S456Parcels,8,bayesian_ridge,bayesian_ridge,pred_SC,age,0.3202329177915314,0.85,False,False,True,ok
4S456Parcels,2,kernel_ridge,"kernel_ridge[alpha=1.0,gamma_mult=0.5]",obs_FC,age,0.3202328398872562,0.85,False,False,True,ok
4S456Parcels,5,kernel_ridge,"kernel_ridge[alpha=10.0,gamma_mult=0.5]",pred_SC+bv+demo,age,0.3199000369295628,0.85,False,True,False,ok
4S456Parcels,4,kernel_ridge,"kernel_ridge[alpha=0.1,gamma_mult=0.5]",pred_FC,age,0.3197845261464058,0.85,False,False,True,ok
Glasser,8,kernel_ridge,"kernel_ridge[alpha=10.0,gamma_mult=1.0]",obs_SC+bv+demo,age,0.3196255395486426,0.85,False,True,False,ok
4S456Parcels,8,kernel_ridge,"kernel_ridge[alpha=0.1,gamma_mult=2.0]",pred_SC,age,0.3193936611354541,0.85,False,False,True,ok
Glasser,9,kernel_ridge,"kernel_ridge[alpha=1.0,gamma_mult=0.5]",obs_SC,age,0.3192783140653596,0.85,False,False,True,ok
Glasser,6,kernel_ridge,"kernel_ridge[alpha=0.1,gamma_mult=2.0]",obs_FC+obs_SC,age,0.3190520786211804,0.85,False,False,True,ok
4S456Parcels,2,kernel_ridge,"kernel_ridge[alpha=0.1,gamma_mult=2.0]",obs_FC+obs_SC,age,0.3187555323754374,0.85,False,False,True,ok
Glasser,9,kernel_ridge,"kernel_ridge[alpha=0.1,gamma_mult=2.0]",obs_SC,age,0.3187066250279187,0.85,False,False,True,ok
Glasser,7,kernel_ridge,"kernel_ridge[alpha=1.0,gamma_mult=0.5]",obs_FC,age,0.318497386121418,0.85,False,False,True,ok
Glasser,2,bayesian_ridge,bayesian_ridge,obs_SC,age,0.3184811335506217,0.85,False,False,True,ok
4S456Parcels,2,kernel_ridge,"kernel_ridge[alpha=0.1,gamma_mult=2.0]",obs_SC,age,0.3179316887388977,0.85,False,False,True,ok
4S456Parcels,2,kernel_ridge,"kernel_ridge[alpha=1.0,gamma_mult=1.0]",obs_SC,age,0.3179284177807345,0.85,False,False,True,ok
4S456Parcels,1,kernel_ridge,"kernel_ridge[alpha=10.0,gamma_mult=2.0]",bv+demo,age,0.3178101365214918,0.85,False,True,False,ok
Glasser,1,kernel_ridge,"kernel_ridge[alpha=10.0,gamma_mult=2.0]",bv+demo,age,0.3178101365214918,0.85,False,True,False,ok
4S456Parcels,5,kernel_ridge,"kernel_ridge[alpha=10.0,gamma_mult=1.0]",pred_FC+bv+demo,age,0.3177733996775893,0.85,False,True,False,ok
4S456Parcels,4,kernel_ridge,"kernel_ridge[alpha=1.0,gamma_mult=1.0]",obs_SC,age,0.3177285348861628,0.85,False,False,True,ok
4S456Parcels,4,kernel_ridge,"kernel_ridge[alpha=10.0,gamma_mult=0.5]",obs_SC+bv+demo,age,0.3169801278736867,0.85,False,True,False,ok
4S456Parcels,2,kernel_ridge,"kernel_ridge[alpha=1.0,gamma_mult=1.0]",pred_FC,age,0.3165417532201148,0.85,False,False,True,ok
4S456Parcels,4,kernel_ridge,"kernel_ridge[alpha=0.1,gamma_mult=2.0]",pred_FC,age,0.3162673866883084,0.85,False,False,True,ok
Glasser,1,kernel_ridge,"kernel_ridge[alpha=1.0,gamma_mult=0.5]",obs_SC,age,0.3147559855516388,0.85,False,False,True,ok
Glasser,5,kernel_ridge,"kernel_ridge[alpha=1.0,gamma_mult=2.0]",obs_FC,age,0.3146623105904484,0.85,False,False,True,ok
Glasser,9,kernel_ridge,"kernel_ridge[alpha=10.0,gamma_mult=1.0]",obs_SC+bv+demo,age,0.314628087532867,0.85,False,True,False,ok
4S456Parcels,3,kernel_ridge,"kernel_ridge[alpha=0.1,gamma_mult=1.0]",pred_SC,age,0.3145912209333652,0.85,False,False,True,ok
4S456Parcels,2,kernel_ridge,"kernel_ridge[alpha=10.0,gamma_mult=2.0]",bv+demo,age,0.3145643185757157,0.85,False,True,False,ok
Glasser,2,kernel_ridge,"kernel_ridge[alpha=10.0,gamma_mult=2.0]",bv+demo,age,0.3145643185757157,0.85,False,True,False,ok
4S456Parcels,2,kernel_ridge,"kernel_ridge[alpha=0.1,gamma_mult=0.5]",pred_FC,age,0.3145019081571096,0.85,False,False,True,ok
Glasser,0,kernel_ridge,"kernel_ridge[alpha=1.0,gamma_mult=1.0]",pred_FC,age,0.3133890018657503,0.85,False,False,True,ok
4S456Parcels,2,kernel_ridge,"kernel_ridge[alpha=0.1,gamma_mult=1.0]",obs_FC,age,0.3133716655469982,0.85,False,False,True,ok
Glasser,3,kernel_ridge,"kernel_ridge[alpha=1.0,gamma_mult=2.0]",obs_FC+obs_SC,age,0.3126482657805432,0.85,False,False,True,ok
Glasser,4,kernel_ridge,"kernel_ridge[alpha=1.0,gamma_mult=2.0]",obs_FC+obs_SC,age,0.3120357188015924,0.85,False,False,True,ok
Glasser,6,bayesian_ridge,bayesian_ridge,obs_SC,age,0.3119586577896672,0.85,False,False,True,ok
Glasser,9,kernel_ridge,"kernel_ridge[alpha=1.0,gamma_mult=1.0]",obs_SC,age,0.3113185694944066,0.85,False,False,True,ok
Glasser,7,kernel_ridge,"kernel_ridge[alpha=0.1,gamma_mult=1.0]",obs_FC,age,0.3111382430443589,0.85,False,False,True,ok
4S456Parcels,3,kernel_ridge,"kernel_ridge[alpha=1.0,gamma_mult=1.0]",pred_SC,age,0.3101422864173468,0.85,False,False,True,ok
4S456Parcels,8,kernel_ridge,"kernel_ridge[alpha=10.0,gamma_mult=1.0]",obs_SC+bv+demo,age,0.3093875301606886,0.85,False,True,False,ok
Glasser,9,kernel_ridge,"kernel_ridge[alpha=0.1,gamma_mult=2.0]",obs_FC,age,0.309320079294234,0.85,False,False,True,ok
Glasser,1,kernel_ridge,"kernel_ridge[alpha=0.1,gamma_mult=2.0]",obs_FC+obs_SC,age,0.3092370234511633,0.85,False,False,True,ok
Glasser,6,pca_pls,pca_pls,obs_SC,age,0.3086560714739004,0.85,False,False,True,ok
4S456Parcels,3,bayesian_ridge,bayesian_ridge,pred_FC,age,0.3084561093859402,0.85,False,False,True,ok
4S456Parcels,1,kernel_ridge,"kernel_ridge[alpha=10.0,gamma_mult=0.5]",pred_FC+bv+demo,age,0.308329329902633,0.85,False,True,False,ok
4S456Parcels,2,kernel_ridge,"kernel_ridge[alpha=0.1,gamma_mult=2.0]",pred_FC,age,0.3076987319368839,0.85,False,False,True,ok
Glasser,2,kernel_ridge,"kernel_ridge[alpha=0.1,gamma_mult=2.0]",pred_FC,age,0.307416618453468,0.85,False,False,True,ok
Glasser,4,kernel_ridge,"kernel_ridge[alpha=1.0,gamma_mult=2.0]",obs_SC,age,0.3065299568731442,0.85,False,False,True,ok
Glasser,1,kernel_ridge,"kernel_ridge[alpha=0.1,gamma_mult=1.0]",obs_FC,age,0.3064970480104836,0.85,False,False,True,ok
4S456Parcels,2,kernel_ridge,"kernel_ridge[alpha=1.0,gamma_mult=0.5]",pred_FC,age,0.306469862238956,0.85,False,False,True,ok
Glasser,2,kernel_ridge,"kernel_ridge[alpha=0.1,gamma_mult=1.0]",obs_SC,age,0.3064098744869592,0.85,False,False,True,ok
Glasser,5,bayesian_ridge,bayesian_ridge,pred_SC,age,0.3060848882738292,0.85,False,False,True,ok
Glasser,7,kernel_ridge,"kernel_ridge[alpha=10.0,gamma_mult=0.5]",pred_FC+bv+demo,age,0.3060114830176769,0.85,False,True,False,ok
Glasser,9,kernel_ridge,"kernel_ridge[alpha=0.1,gamma_mult=0.5]",pred_SC,age,0.3056482771512303,0.85,False,False,True,ok
Glasser,9,kernel_ridge,"kernel_ridge[alpha=0.1,gamma_mult=1.0]",pred_SC,age,0.3046915814855413,0.85,False,False,True,ok
4S456Parcels,9,kernel_ridge,"kernel_ridge[alpha=10.0,gamma_mult=0.5]",obs_FC+bv+demo,age,0.3046772250813777,0.85,False,True,False,ok
4S456Parcels,8,kernel_ridge,"kernel_ridge[alpha=1.0,gamma_mult=1.0]",obs_FC,age,0.3037957321082606,0.85,False,False,True,ok
4S456Parcels,6,kernel_ridge,"kernel_ridge[alpha=0.1,gamma_mult=1.0]",pred_FC,age,0.3024176371405219,0.85,False,False,True,ok
Glasser,2,kernel_ridge,"kernel_ridge[alpha=0.1,gamma_mult=0.5]",obs_SC,age,0.3024109769196276,0.85,False,False,True,ok
Glasser,6,kernel_ridge,"kernel_ridge[alpha=10.0,gamma_mult=1.0]",pred_SC+bv+demo,age,0.3014583480722633,0.85,False,True,False,ok
4S456Parcels,8,kernel_ridge,"kernel_ridge[alpha=0.1,gamma_mult=2.0]",obs_SC,age,0.3000368417821474,0.85,False,False,True,ok
4S456Parcels,6,bayesian_ridge,bayesian_ridge,pred_SC,age,0.2995477838958464,0.85,False,False,True,ok
4S456Parcels,0,kernel_ridge,"kernel_ridge[alpha=1.0,gamma_mult=2.0]",obs_FC,age,0.2984610867555288,0.85,False,False,True,ok
Glasser,5,kernel_ridge,"kernel_ridge[alpha=0.1,gamma_mult=1.0]",pred_SC,age,0.2978961088475193,0.85,False,False,True,ok
4S456Parcels,9,kernel_ridge,"kernel_ridge[alpha=0.1,gamma_mult=0.5]",pred_FC,age,0.2975329372918756,0.85,False,False,True,ok
Glasser,9,kernel_ridge,"kernel_ridge[alpha=10.0,gamma_mult=1.0]",obs_FC+bv+demo,age,0.2974217499898707,0.85,False,True,False,ok
4S456Parcels,5,kernel_ridge,"kernel_ridge[alpha=10.0,gamma_mult=1.0]",obs_FC+bv+demo,age,0.2972602903641725,0.85,False,True,False,ok
4S456Parcels,2,kernel_ridge,"kernel_ridge[alpha=0.1,gamma_mult=1.0]",pred_SC,age,0.2967759543024294,0.85,False,False,True,ok
Glasser,1,kernel_ridge,"kernel_ridge[alpha=1.0,gamma_mult=1.0]",obs_SC,age,0.2965919381547167,0.85,False,False,True,ok
4S456Parcels,0,kernel_ridge,"kernel_ridge[alpha=10.0,gamma_mult=0.5]",pred_SC+bv+demo,age,0.2965894872546563,0.85,False,True,False,ok
Glasser,3,kernel_ridge,"kernel_ridge[alpha=10.0,gamma_mult=0.5]",obs_FC+bv+demo,age,0.296476558041692,0.85,False,True,False,ok
Glasser,1,kernel_ridge,"kernel_ridge[alpha=0.1,gamma_mult=2.0]",obs_SC,age,0.2964683734717263,0.85,False,False,True,ok
4S456Parcels,6,kernel_ridge,"kernel_ridge[alpha=1.0,gamma_mult=1.0]",pred_FC,age,0.2964619798475188,0.85,False,False,True,ok
4S456Parcels,6,kernel_ridge,"kernel_ridge[alpha=10.0,gamma_mult=0.5]",pred_SC+bv+demo,age,0.2964309121329638,0.85,False,True,False,ok
Glasser,2,kernel_ridge,"kernel_ridge[alpha=1.0,gamma_mult=1.0]",obs_FC+obs_SC,age,0.2964182934620669,0.85,False,False,True,ok
4S456Parcels,4,kernel_ridge,"kernel_ridge[alpha=0.1,gamma_mult=2.0]",obs_SC,age,0.2960008879140773,0.85,False,False,True,ok
4S456Parcels,3,pca_pls,pca_pls,pred_FC,age,0.2958615286852981,0.85,False,False,True,ok
Glasser,9,pca_pls,pca_pls,pred_FC,age,0.2950422180806931,0.85,False,False,True,ok
Glasser,9,kernel_ridge,"kernel_ridge[alpha=1.0,gamma_mult=0.5]",pred_SC,age,0.2950054655545825,0.85,False,False,True,ok
Glasser,2,kernel_ridge,"kernel_ridge[alpha=1.0,gamma_mult=2.0]",pred_FC,age,0.2949226419498079,0.85,False,False,True,ok
Glasser,5,kernel_ridge,"kernel_ridge[alpha=0.1,gamma_mult=2.0]",pred_SC,age,0.2947356038981325,0.85,False,False,True,ok
4S456Parcels,1,kernel_ridge,"kernel_ridge[alpha=1.0,gamma_mult=2.0]",obs_FC+obs_SC,age,0.2940887415002658,0.85,False,False,True,ok
4S456Parcels,0,bayesian_ridge,bayesian_ridge,pred_FC,age,0.293536473345918,0.85,False,False,True,ok
Glasser,6,kernel_ridge,"kernel_ridge[alpha=1.0,gamma_mult=1.0]",obs_FC,age,0.2932530032765525,0.85,False,False,True,ok
Glasser,4,kernel_ridge,"kernel_ridge[alpha=1.0,gamma_mult=1.0]",obs_FC,age,0.2932075257566327,0.85,False,False,True,ok
Glasser,4,kernel_ridge,"kernel_ridge[alpha=10.0,gamma_mult=1.0]",obs_SC+bv+demo,age,0.2930299104934121,0.85,False,True,False,ok
4S456Parcels,2,kernel_ridge,"kernel_ridge[alpha=1.0,gamma_mult=2.0]",pred_FC,age,0.2930009436988776,0.85,False,False,True,ok
4S456Parcels,5,kernel_ridge,"kernel_ridge[alpha=1.0,gamma_mult=2.0]",obs_SC,age,0.2927952937517761,0.85,False,False,True,ok
Glasser,5,kernel_ridge,"kernel_ridge[alpha=10.0,gamma_mult=0.5]",pred_SC+bv+demo,age,0.2927228146626169,0.85,False,True,False,ok
Glasser,7,kernel_ridge,"kernel_ridge[alpha=1.0,gamma_mult=1.0]",obs_FC,age,0.2924683779813249,0.85,False,False,True,ok
4S456Parcels,6,kernel_ridge,"kernel_ridge[alpha=0.1,gamma_mult=0.5]",pred_SC,age,0.2920776392239277,0.85,False,False,True,ok
Glasser,9,pca_pls,pca_pls,pred_SC,age,0.2916852587161725,0.85,False,False,True,ok
Glasser,2,kernel_ridge,"kernel_ridge[alpha=10.0,gamma_mult=0.5]",pred_FC+bv+demo,age,0.2916183199795044,0.85,False,True,False,ok
4S456Parcels,9,kernel_ridge,"kernel_ridge[alpha=1.0,gamma_mult=2.0]",obs_SC,age,0.2916140132984338,0.85,False,False,True,ok
4S456Parcels,2,kernel_ridge,"kernel_ridge[alpha=0.1,gamma_mult=0.5]",pred_SC,age,0.2915646451706686,0.85,False,False,True,ok
4S456Parcels,5,kernel_ridge,"kernel_ridge[alpha=0.1,gamma_mult=0.5]",pred_SC,age,0.2913401933265688,0.85,False,False,True,ok
Glasser,2,kernel_ridge,"kernel_ridge[alpha=0.1,gamma_mult=2.0]",obs_SC,age,0.2907285722274629,0.85,False,False,True,ok
4S456Parcels,6,kernel_ridge,"kernel_ridge[alpha=1.0,gamma_mult=0.5]",pred_SC,age,0.2903396626164667,0.85,False,False,True,ok
4S456Parcels,2,kernel_ridge,"kernel_ridge[alpha=1.0,gamma_mult=1.0]",pred_SC,age,0.2903364407104359,0.85,False,False,True,ok
Glasser,9,bayesian_ridge,bayesian_ridge,pred_FC,age,0.2903222953982151,0.85,False,False,True,ok
4S456Parcels,7,kernel_ridge,"kernel_ridge[alpha=0.1,gamma_mult=2.0]",obs_FC,age,0.290307688221758,0.85,False,False,True,ok
4S456Parcels,5,kernel_ridge,"kernel_ridge[alpha=1.0,gamma_mult=0.5]",pred_SC,age,0.2897319509489267,0.85,False,False,True,ok
Glasser,3,kernel_ridge,"kernel_ridge[alpha=10.0,gamma_mult=1.0]",pred_SC+bv+demo,age,0.2896988497732445,0.85,False,True,False,ok
Glasser,0,kernel_ridge,"kernel_ridge[alpha=1.0,gamma_mult=1.0]",obs_FC,age,0.289490090165485,0.85,False,False,True,ok
Glasser,5,kernel_ridge,"kernel_ridge[alpha=1.0,gamma_mult=1.0]",pred_SC,age,0.2891593375581221,0.85,False,False,True,ok
Glasser,9,kernel_ridge,"kernel_ridge[alpha=1.0,gamma_mult=1.0]",pred_SC,age,0.2890859990789753,0.85,False,False,True,ok
4S456Parcels,6,kernel_ridge,"kernel_ridge[alpha=0.1,gamma_mult=1.0]",pred_SC,age,0.2889890495297331,0.85,False,False,True,ok
4S456Parcels,2,kernel_ridge,"kernel_ridge[alpha=0.1,gamma_mult=2.0]",pred_SC,age,0.2886615830405161,0.85,False,False,True,ok
4S456Parcels,0,kernel_ridge,"kernel_ridge[alpha=10.0,gamma_mult=0.5]",pred_FC+bv+demo,age,0.2884626965448621,0.85,False,True,False,ok
4S456Parcels,3,kernel_ridge,"kernel_ridge[alpha=1.0,gamma_mult=2.0]",obs_FC,age,0.2878587668540379,0.85,False,False,True,ok
4S456Parcels,3,kernel_ridge,"kernel_ridge[alpha=10.0,gamma_mult=0.5]",obs_FC+bv+demo,age,0.2872188603490955,0.85,False,True,False,ok
4S456Parcels,3,kernel_ridge,"kernel_ridge[alpha=10.0,gamma_mult=2.0]",pred_FC+bv+demo,age,0.2859839854779103,0.85,False,True,False,ok
4S456Parcels,6,kernel_ridge,"kernel_ridge[alpha=1.0,gamma_mult=1.0]",pred_SC,age,0.2859679410494337,0.85,False,False,True,ok
4S456Parcels,2,bayesian_ridge,bayesian_ridge,pred_SC,age,0.2859499156792799,0.85,False,False,True,ok
Glasser,2,pca_pls,pca_pls,obs_SC,age,0.2857850969351846,0.85,False,False,True,ok
Glasser,2,kernel_ridge,"kernel_ridge[alpha=10.0,gamma_mult=0.5]",obs_SC+bv+demo,age,0.2857734249384286,0.85,False,True,False,ok
Glasser,5,bayesian_ridge,bayesian_ridge,obs_SC,age,0.2856897564029256,0.85,False,False,True,ok
4S456Parcels,1,bayesian_ridge,bayesian_ridge,pred_FC,age,0.2855761202130438,0.85,False,False,True,ok
Glasser,5,kernel_ridge,"kernel_ridge[alpha=0.1,gamma_mult=0.5]",pred_SC,age,0.2854436984986526,0.85,False,False,True,ok
4S456Parcels,9,kernel_ridge,"kernel_ridge[alpha=10.0,gamma_mult=1.0]",obs_SC+bv+demo,age,0.2849619031355679,0.85,False,True,False,ok
4S456Parcels,2,kernel_ridge,"kernel_ridge[alpha=1.0,gamma_mult=0.5]",pred_SC,age,0.2847213102463239,0.85,False,False,True,ok
4S456Parcels,3,kernel_ridge,"kernel_ridge[alpha=0.1,gamma_mult=2.0]",pred_SC,age,0.2840479930575947,0.85,False,False,True,ok
Glasser,7,kernel_ridge,"kernel_ridge[alpha=1.0,gamma_mult=2.0]",obs_SC,age,0.2839151470483899,0.85,False,False,True,ok
4S456Parcels,8,kernel_ridge,"kernel_ridge[alpha=1.0,gamma_mult=2.0]",obs_SC,age,0.2837141273211574,0.85,False,False,True,ok
4S456Parcels,5,kernel_ridge,"kernel_ridge[alpha=0.1,gamma_mult=1.0]",pred_SC,age,0.2833886499604171,0.85,False,False,True,ok
4S456Parcels,5,kernel_ridge,"kernel_ridge[alpha=1.0,gamma_mult=1.0]",pred_SC,age,0.2825276898424582,0.85,False,False,True,ok
Glasser,1,bayesian_ridge,bayesian_ridge,pred_SC,age,0.2823112290756576,0.85,False,False,True,ok
4S456Parcels,6,pca_pls,pca_pls,pred_SC,age,0.2821456629570302,0.85,False,False,True,ok
4S456Parcels,0,kernel_ridge,"kernel_ridge[alpha=10.0,gamma_mult=0.5]",obs_FC+bv+demo,age,0.2820673274631378,0.85,False,True,False,ok
Glasser,9,kernel_ridge,"kernel_ridge[alpha=0.1,gamma_mult=2.0]",pred_SC,age,0.2819612373363866,0.85,False,False,True,ok
Glasser,2,kernel_ridge,"kernel_ridge[alpha=1.0,gamma_mult=0.5]",obs_FC,age,0.2818265630139413,0.85,False,False,True,ok
Glasser,5,kernel_ridge,"kernel_ridge[alpha=1.0,gamma_mult=0.5]",pred_SC,age,0.2814385386786684,0.85,False,False,True,ok
4S456Parcels,3,kernel_ridge,"kernel_ridge[alpha=1.0,gamma_mult=2.0]",obs_SC,age,0.2813911858598173,0.85,False,False,True,ok
Glasser,5,kernel_ridge,"kernel_ridge[alpha=10.0,gamma_mult=0.5]",obs_SC+bv+demo,age,0.2811854841043294,0.85,False,True,False,ok
4S456Parcels,8,kernel_ridge,"kernel_ridge[alpha=1.0,gamma_mult=2.0]",pred_SC,age,0.280501096908556,0.85,False,False,True,ok
4S456Parcels,3,kernel_ridge,"kernel_ridge[alpha=1.0,gamma_mult=0.5]",pred_FC,age,0.2799807105978051,0.85,False,False,True,ok
4S456Parcels,3,kernel_ridge,"kernel_ridge[alpha=0.1,gamma_mult=0.5]",pred_FC,age,0.2799204716431328,0.85,False,False,True,ok
Glasser,1,kernel_ridge,"kernel_ridge[alpha=10.0,gamma_mult=0.5]",obs_FC+bv+demo,age,0.2799174934452864,0.85,False,True,False,ok
Glasser,9,kernel_ridge,"kernel_ridge[alpha=10.0,gamma_mult=0.5]",pred_FC+bv+demo,age,0.2798964650733832,0.85,False,True,False,ok
4S456Parcels,4,kernel_ridge,"kernel_ridge[alpha=1.0,gamma_mult=2.0]",obs_FC,age,0.2792841979752844,0.85,False,False,True,ok
4S456Parcels,2,kernel_ridge,"kernel_ridge[alpha=1.0,gamma_mult=2.0]",pred_SC,age,0.2792606694993555,0.85,False,False,True,ok
Glasser,4,kernel_ridge,"kernel_ridge[alpha=1.0,gamma_mult=0.5]",pred_FC,age,0.2785391976086245,0.85,False,False,True,ok
Glasser,0,kernel_ridge,"kernel_ridge[alpha=1.0,gamma_mult=2.0]",obs_SC,age,0.2783616117803755,0.85,False,False,True,ok
4S456Parcels,9,kernel_ridge,"kernel_ridge[alpha=1.0,gamma_mult=0.5]",pred_FC,age,0.2781882424263069,0.85,False,False,True,ok
4S456Parcels,3,kernel_ridge,"kernel_ridge[alpha=0.1,gamma_mult=2.0]",obs_SC,age,0.2781557282528766,0.85,False,False,True,ok
Glasser,4,kernel_ridge,"kernel_ridge[alpha=0.1,gamma_mult=0.5]",pred_FC,age,0.2778111714919923,0.85,False,False,True,ok
Glasser,3,kernel_ridge,"kernel_ridge[alpha=10.0,gamma_mult=1.0]",pred_FC+bv+demo,age,0.2774506006688544,0.85,False,True,False,ok
Glasser,0,kernel_ridge,"kernel_ridge[alpha=10.0,gamma_mult=1.0]",pred_SC+bv+demo,age,0.2774050311133911,0.85,False,True,False,ok
4S456Parcels,8,bayesian_ridge,bayesian_ridge,pred_FC,age,0.2771750882064693,0.85,False,False,True,ok
4S456Parcels,4,bayesian_ridge,bayesian_ridge,pred_FC,age,0.2769622543313579,0.85,False,False,True,ok
4S456Parcels,7,kernel_ridge,"kernel_ridge[alpha=10.0,gamma_mult=0.5]",obs_FC+bv+demo,age,0.276880394914362,0.85,False,True,False,ok
Glasser,4,kernel_ridge,"kernel_ridge[alpha=0.1,gamma_mult=1.0]",pred_SC,age,0.2761434015148319,0.85,False,False,True,ok
Glasser,5,kernel_ridge,"kernel_ridge[alpha=1.0,gamma_mult=2.0]",pred_SC,age,0.2760629600068382,0.85,False,False,True,ok
4S456Parcels,4,kernel_ridge,"kernel_ridge[alpha=1.0,gamma_mult=2.0]",obs_SC,age,0.276043360957329,0.85,False,False,True,ok
4S456Parcels,8,kernel_ridge,"kernel_ridge[alpha=0.1,gamma_mult=2.0]",obs_FC,age,0.2754120673811569,0.85,False,False,True,ok
4S456Parcels,3,kernel_ridge,"kernel_ridge[alpha=1.0,gamma_mult=2.0]",pred_SC,age,0.2740271772970765,0.85,False,False,True,ok
4S456Parcels,0,kernel_ridge,"kernel_ridge[alpha=0.1,gamma_mult=0.5]",pred_FC,age,0.273775481306253,0.85,False,False,True,ok
4S456Parcels,9,kernel_ridge,"kernel_ridge[alpha=1.0,gamma_mult=2.0]",obs_FC,age,0.2736496182477062,0.85,False,False,True,ok
Glasser,8,kernel_ridge,"kernel_ridge[alpha=1.0,gamma_mult=1.0]",obs_FC+obs_SC,age,0.2734010883599561,0.85,False,False,True,ok
Glasser,7,kernel_ridge,"kernel_ridge[alpha=10.0,gamma_mult=1.0]",obs_FC+bv+demo,age,0.2726106480951585,0.85,False,True,False,ok
4S456Parcels,6,kernel_ridge,"kernel_ridge[alpha=0.1,gamma_mult=2.0]",pred_SC,age,0.2725840779908837,0.85,False,False,True,ok
Glasser,5,kernel_ridge,"kernel_ridge[alpha=10.0,gamma_mult=1.0]",pred_FC+bv+demo,age,0.2718293605821452,0.85,False,True,False,ok
4S456Parcels,2,kernel_ridge,"kernel_ridge[alpha=1.0,gamma_mult=1.0]",obs_FC,age,0.2716948147151954,0.85,False,False,True,ok
Glasser,3,kernel_ridge,"kernel_ridge[alpha=1.0,gamma_mult=0.5]",pred_FC,age,0.2715170093092829,0.85,False,False,True,ok
4S456Parcels,7,pca_pls,pca_pls,pred_FC,age,0.2715037641821144,0.85,False,False,True,ok
Glasser,4,kernel_ridge,"kernel_ridge[alpha=0.1,gamma_mult=2.0]",pred_SC,age,0.2712713683052658,0.85,False,False,True,ok
Glasser,4,bayesian_ridge,bayesian_ridge,pred_FC,age,0.2708004168185922,0.85,False,False,True,ok
Glasser,3,kernel_ridge,"kernel_ridge[alpha=0.1,gamma_mult=2.0]",obs_FC,age,0.2705693180159194,0.85,False,False,True,ok
Glasser,4,kernel_ridge,"kernel_ridge[alpha=0.1,gamma_mult=0.5]",pred_SC,age,0.2704717235873001,0.85,False,False,True,ok
Glasser,7,kernel_ridge,"kernel_ridge[alpha=10.0,gamma_mult=1.0]",pred_FC+bv+demo,age,0.2704681916127296,0.85,False,True,False,ok
Glasser,3,kernel_ridge,"kernel_ridge[alpha=0.1,gamma_mult=0.5]",pred_FC,age,0.2702948868017784,0.85,False,False,True,ok
Glasser,6,kernel_ridge,"kernel_ridge[alpha=1.0,gamma_mult=2.0]",obs_FC+obs_SC,age,0.2688555899493787,0.85,False,False,True,ok
4S456Parcels,7,bayesian_ridge,bayesian_ridge,pred_FC,age,0.2683952456118825,0.85,False,False,True,ok
Glasser,0,kernel_ridge,"kernel_ridge[alpha=0.1,gamma_mult=2.0]",pred_FC,age,0.2678690982257857,0.85,False,False,True,ok
Glasser,7,bayesian_ridge,bayesian_ridge,pred_SC,age,0.2676626775535035,0.85,False,False,True,ok
Glasser,5,kernel_ridge,"kernel_ridge[alpha=10.0,gamma_mult=2.0]",obs_FC+bv+demo,age,0.2673107659688617,0.85,False,True,False,ok
Glasser,1,kernel_ridge,"kernel_ridge[alpha=1.0,gamma_mult=1.0]",obs_FC,age,0.2672463091813795,0.85,False,False,True,ok
Glasser,2,kernel_ridge,"kernel_ridge[alpha=0.1,gamma_mult=2.0]",obs_FC+obs_SC,age,0.267112124468449,0.85,False,False,True,ok
4S456Parcels,0,pca_pls,pca_pls,pred_FC,age,0.2670341964447172,0.85,False,False,True,ok
Glasser,4,kernel_ridge,"kernel_ridge[alpha=1.0,gamma_mult=1.0]",pred_SC,age,0.2667651117599295,0.85,False,False,True,ok
4S456Parcels,6,kernel_ridge,"kernel_ridge[alpha=1.0,gamma_mult=2.0]",pred_SC,age,0.2662499969401036,0.85,False,False,True,ok
4S456Parcels,8,pca_pls,pca_pls,pred_FC,age,0.2662353097654229,0.85,False,False,True,ok
Glasser,4,kernel_ridge,"kernel_ridge[alpha=1.0,gamma_mult=0.5]",pred_SC,age,0.2643427101360158,0.85,False,False,True,ok
Glasser,9,kernel_ridge,"kernel_ridge[alpha=1.0,gamma_mult=2.0]",obs_SC,age,0.2642852677403158,0.85,False,False,True,ok
Glasser,2,kernel_ridge,"kernel_ridge[alpha=1.0,gamma_mult=0.5]",obs_SC,age,0.2642339358664897,0.85,False,False,True,ok
4S456Parcels,4,kernel_ridge,"kernel_ridge[alpha=10.0,gamma_mult=0.5]",pred_FC+bv+demo,age,0.2637919587674326,0.85,False,True,False,ok
Glasser,0,kernel_ridge,"kernel_ridge[alpha=10.0,gamma_mult=0.5]",obs_FC+bv+demo,age,0.2637087032134494,0.85,False,True,False,ok
Glasser,5,kernel_ridge,"kernel_ridge[alpha=0.1,gamma_mult=0.5]",obs_SC,age,0.2636145594619294,0.85,False,False,True,ok
4S456Parcels,5,kernel_ridge,"kernel_ridge[alpha=0.1,gamma_mult=2.0]",pred_SC,age,0.2633247175960645,0.85,False,False,True,ok
Glasser,9,kernel_ridge,"kernel_ridge[alpha=10.0,gamma_mult=0.5]",pred_SC+bv+demo,age,0.2631678525886777,0.85,False,True,False,ok
4S456Parcels,7,kernel_ridge,"kernel_ridge[alpha=0.1,gamma_mult=0.5]",pred_FC,age,0.2627732279129773,0.85,False,False,True,ok
Glasser,2,kernel_ridge,"kernel_ridge[alpha=1.0,gamma_mult=1.0]",obs_SC,age,0.2627187076562308,0.85,False,False,True,ok
4S456Parcels,7,kernel_ridge,"kernel_ridge[alpha=1.0,gamma_mult=0.5]",pred_FC,age,0.2617680434593011,0.85,False,False,True,ok
4S456Parcels,1,kernel_ridge,"kernel_ridge[alpha=10.0,gamma_mult=1.0]",obs_SC+bv+demo,age,0.2615900177427883,0.85,False,True,False,ok
Glasser,6,kernel_ridge,"kernel_ridge[alpha=10.0,gamma_mult=1.0]",obs_FC+bv+demo,age,0.2615818878055257,0.85,False,True,False,ok
4S456Parcels,0,kernel_ridge,"kernel_ridge[alpha=1.0,gamma_mult=0.5]",pred_FC,age,0.2612068537096508,0.85,False,False,True,ok
Glasser,0,kernel_ridge,"kernel_ridge[alpha=10.0,gamma_mult=0.5]",pred_FC+bv+demo,age,0.261093602461294,0.85,False,True,False,ok
Glasser,1,kernel_ridge,"kernel_ridge[alpha=10.0,gamma_mult=1.0]",obs_SC+bv+demo,age,0.2610619068422049,0.85,False,True,False,ok
4S456Parcels,3,kernel_ridge,"kernel_ridge[alpha=10.0,gamma_mult=0.5]",pred_SC+bv+demo,age,0.2601558520004225,0.85,False,True,False,ok
4S456Parcels,7,kernel_ridge,"kernel_ridge[alpha=10.0,gamma_mult=1.0]",obs_SC+bv+demo,age,0.2601157014739353,0.85,False,True,False,ok
Glasser,4,kernel_ridge,"kernel_ridge[alpha=10.0,gamma_mult=0.5]",pred_FC+bv+demo,age,0.2598128111634112,0.85,False,True,False,ok
4S456Parcels,5,kernel_ridge,"kernel_ridge[alpha=1.0,gamma_mult=2.0]",pred_SC,age,0.2595702807063526,0.85,False,False,True,ok
Glasser,9,kernel_ridge,"kernel_ridge[alpha=1.0,gamma_mult=2.0]",pred_SC,age,0.2595305981111952,0.85,False,False,True,ok
Glasser,9,kernel_ridge,"kernel_ridge[alpha=1.0,gamma_mult=2.0]",obs_FC,age,0.2593157812982646,0.85,False,False,True,ok
4S456Parcels,4,kernel_ridge,"kernel_ridge[alpha=10.0,gamma_mult=1.0]",pred_FC,age,0.2589857883105765,0.85,False,False,True,ok
4S456Parcels,6,kernel_ridge,"kernel_ridge[alpha=0.1,gamma_mult=2.0]",obs_FC,age,0.2588196876902975,0.85,False,False,True,ok
Glasser,2,kernel_ridge,"kernel_ridge[alpha=0.1,gamma_mult=1.0]",obs_FC,age,0.258713518838743,0.85,False,False,True,ok
4S456Parcels,5,kernel_ridge,"kernel_ridge[alpha=10.0,gamma_mult=1.0]",obs_SC+bv+demo,age,0.2586960267774785,0.85,False,True,False,ok
Glasser,4,kernel_ridge,"kernel_ridge[alpha=10.0,gamma_mult=0.5]",obs_FC+bv+demo,age,0.2584373677845477,0.85,False,True,False,ok
Glasser,8,bayesian_ridge,bayesian_ridge,obs_SC,age,0.258426008961171,0.85,False,False,True,ok
Glasser,8,kernel_ridge,"kernel_ridge[alpha=0.1,gamma_mult=2.0]",obs_FC+obs_SC,age,0.2583609043649048,0.85,False,False,True,ok
4S456Parcels,6,kernel_ridge,"kernel_ridge[alpha=10.0,gamma_mult=1.0]",obs_FC+bv+demo,age,0.2582960017699918,0.85,False,True,False,ok
Glasser,7,kernel_ridge,"kernel_ridge[alpha=10.0,gamma_mult=1.0]",obs_SC+bv+demo,age,0.2578718746146322,0.85,False,True,False,ok
Glasser,5,pca_pls,pca_pls,pred_SC,age,0.2572845584329917,0.85,False,False,True,ok
4S456Parcels,6,kernel_ridge,"kernel_ridge[alpha=0.1,gamma_mult=2.0]",pred_FC,age,0.2571062811116538,0.85,False,False,True,ok
4S456Parcels,4,kernel_ridge,"kernel_ridge[alpha=10.0,gamma_mult=0.5]",pred_FC,age,0.2570995169832163,0.85,False,False,True,ok
4S456Parcels,2,kernel_ridge,"kernel_ridge[alpha=10.0,gamma_mult=0.5]",pred_FC+bv+demo,age,0.2570974847904675,0.85,False,True,False,ok
4S456Parcels,2,kernel_ridge,"kernel_ridge[alpha=1.0,gamma_mult=2.0]",obs_SC,age,0.2568140491834991,0.85,False,False,True,ok
Glasser,1,kernel_ridge,"kernel_ridge[alpha=0.1,gamma_mult=0.5]",pred_SC,age,0.2566721544351593,0.85,False,False,True,ok
Glasser,1,kernel_ridge,"kernel_ridge[alpha=0.1,gamma_mult=1.0]",pred_SC,age,0.2554931867247343,0.85,False,False,True,ok
Glasser,7,kernel_ridge,"kernel_ridge[alpha=0.1,gamma_mult=2.0]",obs_FC,age,0.2549891996805468,0.85,False,False,True,ok
Glasser,5,kernel_ridge,"kernel_ridge[alpha=0.1,gamma_mult=1.0]",obs_SC,age,0.2549704830555744,0.85,False,False,True,ok
Glasser,2,pca_pls,pca_pls,pred_FC,age,0.2549498058132121,0.85,False,False,True,ok
Glasser,1,kernel_ridge,"kernel_ridge[alpha=1.0,gamma_mult=0.5]",pred_SC,age,0.254623242298592,0.85,False,False,True,ok
Glasser,2,bayesian_ridge,bayesian_ridge,pred_FC,age,0.2546084462616154,0.85,False,False,True,ok
Glasser,4,pca_pls,pca_pls,pred_SC,age,0.2534437193718519,0.85,False,False,True,ok
Glasser,4,kernel_ridge,"kernel_ridge[alpha=1.0,gamma_mult=2.0]",pred_SC,age,0.2528653853496122,0.85,False,False,True,ok
Glasser,6,bayesian_ridge,bayesian_ridge,pred_SC,age,0.2527682405114489,0.85,False,False,True,ok
Glasser,7,kernel_ridge,"kernel_ridge[alpha=1.0,gamma_mult=1.0]",pred_SC,age,0.2522471833831134,0.85,False,False,True,ok
Glasser,1,kernel_ridge,"kernel_ridge[alpha=1.0,gamma_mult=1.0]",pred_SC,age,0.2518285880204441,0.85,False,False,True,ok
4S456Parcels,4,kernel_ridge,"kernel_ridge[alpha=10.0,gamma_mult=0.5]",pred_SC+bv+demo,age,0.2516911616333852,0.85,False,True,False,ok
Glasser,1,bayesian_ridge,bayesian_ridge,pred_FC,age,0.2516577110837804,0.85,False,False,True,ok
4S456Parcels,5,kernel_ridge,"kernel_ridge[alpha=10.0,gamma_mult=1.0]",pred_SC+bv+demo,age,0.2510725118508282,0.85,False,True,False,ok
Glasser,7,kernel_ridge,"kernel_ridge[alpha=0.1,gamma_mult=1.0]",pred_SC,age,0.2508930373541113,0.85,False,False,True,ok
Glasser,7,kernel_ridge,"kernel_ridge[alpha=0.1,gamma_mult=2.0]",pred_SC,age,0.2505959575734865,0.85,False,False,True,ok
4S456Parcels,4,kernel_ridge,"kernel_ridge[alpha=10.0,gamma_mult=1.0]",obs_SC+bv+demo,age,0.250296190537709,0.85,False,True,False,ok
4S456Parcels,4,kernel_ridge,"kernel_ridge[alpha=10.0,gamma_mult=0.5]",obs_FC+bv+demo,age,0.2488973537408768,0.85,False,True,False,ok
4S456Parcels,1,kernel_ridge,"kernel_ridge[alpha=10.0,gamma_mult=1.0]",pred_FC+bv+demo,age,0.2485562759482891,0.85,False,True,False,ok
4S456Parcels,2,kernel_ridge,"kernel_ridge[alpha=1.0,gamma_mult=2.0]",obs_FC+obs_SC,age,0.2484058573822662,0.85,False,False,True,ok
4S456Parcels,8,kernel_ridge,"kernel_ridge[alpha=1.0,gamma_mult=2.0]",obs_FC+obs_SC,age,0.2480457945804036,0.85,False,False,True,ok
4S456Parcels,1,pca_pls,pca_pls,pred_FC,age,0.2475633831772662,0.85,False,False,True,ok
Glasser,0,kernel_ridge,"kernel_ridge[alpha=1.0,gamma_mult=2.0]",obs_FC+obs_SC,age,0.2473182636492618,0.85,False,False,True,ok
Glasser,7,kernel_ridge,"kernel_ridge[alpha=1.0,gamma_mult=0.5]",pred_SC,age,0.2470950422905853,0.85,False,False,True,ok
Glasser,0,kernel_ridge,"kernel_ridge[alpha=1.0,gamma_mult=2.0]",pred_FC,age,0.2466767729272326,0.85,False,False,True,ok
4S456Parcels,8,pca_pls,pca_pls,obs_FC,age,0.2465938486887795,0.85,False,False,True,ok
4S456Parcels,6,kernel_ridge,"kernel_ridge[alpha=1.0,gamma_mult=2.0]",pred_FC,age,0.2464242724803833,0.85,False,False,True,ok
Glasser,7,kernel_ridge,"kernel_ridge[alpha=1.0,gamma_mult=2.0]",pred_SC,age,0.245686822384511,0.85,False,False,True,ok
4S456Parcels,7,kernel_ridge,"kernel_ridge[alpha=1.0,gamma_mult=2.0]",obs_FC,age,0.245645346621453,0.85,False,False,True,ok
Glasser,3,kernel_ridge,"kernel_ridge[alpha=10.0,gamma_mult=2.0]",obs_SC+bv+demo,age,0.2455228002802683,0.85,False,True,False,ok
Glasser,4,kernel_ridge,"kernel_ridge[alpha=1.0,gamma_mult=1.0]",pred_FC,age,0.2452169739924364,0.85,False,False,True,ok
Glasser,2,kernel_ridge,"kernel_ridge[alpha=10.0,gamma_mult=1.0]",pred_FC+bv+demo,age,0.2449851954650598,0.85,False,True,False,ok
Glasser,1,kernel_ridge,"kernel_ridge[alpha=10.0,gamma_mult=0.5]",pred_SC+bv+demo,age,0.2448881621886642,0.85,False,True,False,ok
Glasser,4,kernel_ridge,"kernel_ridge[alpha=0.1,gamma_mult=1.0]",pred_FC,age,0.2442893712769172,0.85,False,False,True,ok
Glasser,8,kernel_ridge,"kernel_ridge[alpha=1.0,gamma_mult=1.0]",obs_FC,age,0.2439890394693643,0.85,False,False,True,ok
Glasser,6,pca_pls,pca_pls,pred_SC,age,0.2437243193463356,0.85,False,False,True,ok
4S456Parcels,6,kernel_ridge,"kernel_ridge[alpha=10.0,gamma_mult=1.0]",pred_SC+bv+demo,age,0.2434638200623784,0.85,False,True,False,ok
Glasser,7,kernel_ridge,"kernel_ridge[alpha=0.1,gamma_mult=0.5]",pred_SC,age,0.2433177467919765,0.85,False,False,True,ok
4S456Parcels,2,kernel_ridge,"kernel_ridge[alpha=10.0,gamma_mult=0.5]",obs_SC+bv+demo,age,0.2429828184570125,0.85,False,True,False,ok
Glasser,3,bayesian_ridge,bayesian_ridge,pred_FC,age,0.242699826144373,0.85,False,False,True,ok
Glasser,1,kernel_ridge,"kernel_ridge[alpha=0.1,gamma_mult=2.0]",pred_SC,age,0.2415539259286511,0.85,False,False,True,ok
4S456Parcels,2,bayesian_ridge,bayesian_ridge,pred_FC,age,0.2415108771481915,0.85,False,False,True,ok
4S456Parcels,1,kernel_ridge,"kernel_ridge[alpha=0.1,gamma_mult=2.0]",obs_FC,age,0.2412672977866076,0.85,False,False,True,ok
Glasser,6,kernel_ridge,"kernel_ridge[alpha=0.1,gamma_mult=0.5]",pred_SC,age,0.2412337399876852,0.85,False,False,True,ok
4S456Parcels,3,kernel_ridge,"kernel_ridge[alpha=0.1,gamma_mult=1.0]",pred_FC,age,0.2410046078970889,0.85,False,False,True,ok
Glasser,1,kernel_ridge,"kernel_ridge[alpha=1.0,gamma_mult=2.0]",obs_FC+obs_SC,age,0.2408719962126642,0.85,False,False,True,ok
Glasser,6,kernel_ridge,"kernel_ridge[alpha=1.0,gamma_mult=0.5]",pred_SC,age,0.2401458766098246,0.85,False,False,True,ok
Glasser,4,kernel_ridge,"kernel_ridge[alpha=0.1,gamma_mult=2.0]",obs_FC,age,0.2387910221788379,0.85,False,False,True,ok
4S456Parcels,0,kernel_ridge,"kernel_ridge[alpha=10.0,gamma_mult=1.0]",pred_SC+bv+demo,age,0.2384666408513423,0.85,False,True,False,ok
4S456Parcels,5,kernel_ridge,"kernel_ridge[alpha=10.0,gamma_mult=2.0]",pred_FC+bv+demo,age,0.2383854882078838,0.85,False,True,False,ok
4S456Parcels,9,kernel_ridge,"kernel_ridge[alpha=10.0,gamma_mult=1.0]",obs_FC+bv+demo,age,0.2381462577670486,0.85,False,True,False,ok
Glasser,8,kernel_ridge,"kernel_ridge[alpha=0.1,gamma_mult=0.5]",obs_SC,age,0.2379576991698841,0.85,False,False,True,ok
4S456Parcels,3,kernel_ridge,"kernel_ridge[alpha=1.0,gamma_mult=1.0]",pred_FC,age,0.2377469524410714,0.85,False,False,True,ok
4S456Parcels,6,kernel_ridge,"kernel_ridge[alpha=1.0,gamma_mult=2.0]",obs_FC,age,0.2375688616109715,0.85,False,False,True,ok
Glasser,6,kernel_ridge,"kernel_ridge[alpha=0.1,gamma_mult=1.0]",pred_SC,age,0.2372672723014533,0.85,False,False,True,ok
Glasser,1,kernel_ridge,"kernel_ridge[alpha=1.0,gamma_mult=2.0]",obs_SC,age,0.2371250647902253,0.85,False,False,True,ok
4S456Parcels,4,kernel_ridge,"kernel_ridge[alpha=10.0,gamma_mult=2.0]",pred_FC,age,0.2370155068122228,0.85,False,False,True,ok
4S456Parcels,0,kernel_ridge,"kernel_ridge[alpha=0.1,gamma_mult=1.0]",pred_FC,age,0.2365913950796168,0.85,False,False,True,ok
4S456Parcels,9,kernel_ridge,"kernel_ridge[alpha=10.0,gamma_mult=2.0]",pred_FC+bv+demo,age,0.2357922473886029,0.85,False,True,False,ok
Glasser,6,kernel_ridge,"kernel_ridge[alpha=1.0,gamma_mult=1.0]",pred_SC,age,0.2357436465144914,0.85,False,False,True,ok
Glasser,5,bayesian_ridge,bayesian_ridge,pred_FC,age,0.235358679320677,0.85,False,False,True,ok
Glasser,3,kernel_ridge,"kernel_ridge[alpha=1.0,gamma_mult=1.0]",pred_FC,age,0.2353188412546864,0.85,False,False,True,ok
Glasser,3,kernel_ridge,"kernel_ridge[alpha=0.1,gamma_mult=1.0]",pred_FC,age,0.2344949234519099,0.85,False,False,True,ok
Glasser,6,kernel_ridge,"kernel_ridge[alpha=10.0,gamma_mult=2.0]",pred_SC+bv+demo,age,0.2342735638291167,0.85,False,True,False,ok
Glasser,8,kernel_ridge,"kernel_ridge[alpha=0.1,gamma_mult=2.0]",pred_SC,age,0.2339791633033439,0.85,False,False,True,ok
Glasser,8,kernel_ridge,"kernel_ridge[alpha=0.1,gamma_mult=1.0]",pred_SC,age,0.2339686909411152,0.85,False,False,True,ok
Glasser,1,kernel_ridge,"kernel_ridge[alpha=1.0,gamma_mult=2.0]",pred_SC,age,0.2332074011710776,0.85,False,False,True,ok
Glasser,8,kernel_ridge,"kernel_ridge[alpha=0.1,gamma_mult=1.0]",obs_SC,age,0.232619172994463,0.85,False,False,True,ok
Glasser,4,bayesian_ridge,bayesian_ridge,pred_SC,age,0.2322364664153334,0.85,False,False,True,ok
Glasser,6,kernel_ridge,"kernel_ridge[alpha=10.0,gamma_mult=2.0]",obs_SC+bv+demo,age,0.2317455465914353,0.85,False,True,False,ok
4S456Parcels,3,kernel_ridge,"kernel_ridge[alpha=10.0,gamma_mult=2.0]",obs_SC+bv+demo,age,0.2311221982096463,0.85,False,True,False,ok
4S456Parcels,5,kernel_ridge,"kernel_ridge[alpha=10.0,gamma_mult=0.5]",obs_FC+obs_SC,age,0.2294304345429004,0.85,False,False,True,ok
Glasser,5,kernel_ridge,"kernel_ridge[alpha=0.1,gamma_mult=2.0]",obs_SC,age,0.2289131619854147,0.85,False,False,True,ok
4S456Parcels,1,kernel_ridge,"kernel_ridge[alpha=10.0,gamma_mult=0.5]",obs_FC+bv+demo,age,0.2288730133761528,0.85,False,True,False,ok
4S456Parcels,0,kernel_ridge,"kernel_ridge[alpha=1.0,gamma_mult=1.0]",pred_FC,age,0.2284992420004479,0.85,False,False,True,ok
4S456Parcels,6,kernel_ridge,"kernel_ridge[alpha=10.0,gamma_mult=2.0]",obs_SC+bv+demo,age,0.2279079465887288,0.85,False,True,False,ok
Glasser,5,kernel_ridge,"kernel_ridge[alpha=1.0,gamma_mult=0.5]",obs_SC,age,0.2278613750894307,0.85,False,False,True,ok
Glasser,6,kernel_ridge,"kernel_ridge[alpha=0.1,gamma_mult=2.0]",obs_FC,age,0.2275159331359672,0.85,False,False,True,ok
Glasser,5,kernel_ridge,"kernel_ridge[alpha=10.0,gamma_mult=1.0]",pred_SC+bv+demo,age,0.2274890689078363,0.85,False,True,False,ok
4S456Parcels,9,kernel_ridge,"kernel_ridge[alpha=10.0,gamma_mult=0.5]",pred_SC,age,0.22728090306776,0.85,False,False,True,ok
4S456Parcels,2,kernel_ridge,"kernel_ridge[alpha=0.1,gamma_mult=2.0]",obs_FC,age,0.2267749102947454,0.85,False,False,True,ok
Glasser,5,kernel_ridge,"kernel_ridge[alpha=10.0,gamma_mult=0.5]",obs_FC,age,0.2265403716369999,0.85,False,False,True,ok
4S456Parcels,0,kernel_ridge,"kernel_ridge[alpha=10.0,gamma_mult=1.0]",pred_FC+bv+demo,age,0.2261144670102421,0.85,False,True,False,ok
Glasser,6,kernel_ridge,"kernel_ridge[alpha=0.1,gamma_mult=2.0]",pred_SC,age,0.2258044186002428,0.85,False,False,True,ok
Glasser,5,kernel_ridge,"kernel_ridge[alpha=10.0,gamma_mult=0.5]",obs_FC+obs_SC,age,0.2254662317809282,0.85,False,False,True,ok
Glasser,8,kernel_ridge,"kernel_ridge[alpha=1.0,gamma_mult=0.5]",obs_SC,age,0.2254444483389107,0.85,False,False,True,ok
Glasser,3,kernel_ridge,"kernel_ridge[alpha=10.0,gamma_mult=1.0]",obs_FC+bv+demo,age,0.2251332206333173,0.85,False,True,False,ok
Glasser,7,kernel_ridge,"kernel_ridge[alpha=1.0,gamma_mult=2.0]",obs_FC,age,0.2242516213891416,0.85,False,False,True,ok
4S456Parcels,7,kernel_ridge,"kernel_ridge[alpha=10.0,gamma_mult=1.0]",obs_FC+bv+demo,age,0.2234067112192514,0.85,False,True,False,ok
4S456Parcels,1,bayesian_ridge,bayesian_ridge,pred_SC,age,0.2229347984472486,0.85,False,False,True,ok
Glasser,8,kernel_ridge,"kernel_ridge[alpha=0.1,gamma_mult=0.5]",pred_SC,age,0.2224235722432337,0.85,False,False,True,ok
Glasser,2,kernel_ridge,"kernel_ridge[alpha=1.0,gamma_mult=2.0]",obs_SC,age,0.2220826974177224,0.85,False,False,True,ok
Glasser,6,kernel_ridge,"kernel_ridge[alpha=1.0,gamma_mult=2.0]",pred_SC,age,0.2219155334775096,0.85,False,False,True,ok
4S456Parcels,6,kernel_ridge,"kernel_ridge[alpha=10.0,gamma_mult=0.5]",obs_FC+obs_SC,age,0.2215791038807617,0.85,False,False,True,ok
Glasser,7,kernel_ridge,"kernel_ridge[alpha=10.0,gamma_mult=0.5]",pred_SC+bv+demo,age,0.2207743283789551,0.85,False,True,False,ok
4S456Parcels,9,kernel_ridge,"kernel_ridge[alpha=0.1,gamma_mult=1.0]",pred_FC,age,0.2201839863967766,0.85,False,False,True,ok
Glasser,9,kernel_ridge,"kernel_ridge[alpha=10.0,gamma_mult=1.0]",pred_FC+bv+demo,age,0.2197722165455269,0.85,False,True,False,ok
4S456Parcels,1,kernel_ridge,"kernel_ridge[alpha=1.0,gamma_mult=0.5]",pred_FC,age,0.2196912736681632,0.85,False,False,True,ok
4S456Parcels,7,kernel_ridge,"kernel_ridge[alpha=0.1,gamma_mult=1.0]",pred_FC,age,0.219497048664778,0.85,False,False,True,ok
4S456Parcels,7,kernel_ridge,"kernel_ridge[alpha=1.0,gamma_mult=1.0]",pred_FC,age,0.2192977658059085,0.85,False,False,True,ok
4S456Parcels,0,kernel_ridge,"kernel_ridge[alpha=10.0,gamma_mult=1.0]",obs_FC+bv+demo,age,0.2188231593037743,0.85,False,True,False,ok
Glasser,7,kernel_ridge,"kernel_ridge[alpha=10.0,gamma_mult=2.0]",pred_FC+bv+demo,age,0.2186805169403875,0.85,False,True,False,ok
4S456Parcels,1,kernel_ridge,"kernel_ridge[alpha=0.1,gamma_mult=0.5]",pred_FC,age,0.2185675761954862,0.85,False,False,True,ok
Glasser,9,kernel_ridge,"kernel_ridge[alpha=10.0,gamma_mult=0.5]",obs_FC+obs_SC,age,0.2177634091353544,0.85,False,False,True,ok
Glasser,8,kernel_ridge,"kernel_ridge[alpha=10.0,gamma_mult=2.0]",obs_SC+bv+demo,age,0.2170301658864018,0.85,False,True,False,ok
Glasser,9,kernel_ridge,"kernel_ridge[alpha=0.1,gamma_mult=0.5]",pred_FC,age,0.2168999459498584,0.85,False,False,True,ok
Glasser,0,kernel_ridge,"kernel_ridge[alpha=0.1,gamma_mult=2.0]",obs_FC,age,0.2167791525776698,0.85,False,False,True,ok
Glasser,7,kernel_ridge,"kernel_ridge[alpha=10.0,gamma_mult=0.5]",obs_FC+obs_SC,age,0.216374184942507,0.85,False,False,True,ok
Glasser,2,kernel_ridge,"kernel_ridge[alpha=1.0,gamma_mult=1.0]",obs_FC,age,0.2156503542079805,0.85,False,False,True,ok
Glasser,0,kernel_ridge,"kernel_ridge[alpha=10.0,gamma_mult=0.5]",obs_SC+bv+demo,age,0.2156479952507326,0.85,False,True,False,ok
4S456Parcels,3,kernel_ridge,"kernel_ridge[alpha=10.0,gamma_mult=1.0]",obs_FC+bv+demo,age,0.2150491506630826,0.85,False,True,False,ok
Glasser,8,kernel_ridge,"kernel_ridge[alpha=1.0,gamma_mult=1.0]",obs_SC,age,0.2140923021018305,0.85,False,False,True,ok
Glasser,7,bayesian_ridge,bayesian_ridge,pred_FC,age,0.213231648540492,0.85,False,False,True,ok
Glasser,5,pca_pls,pca_pls,pred_FC,age,0.2130089113197295,0.85,False,False,True,ok
Glasser,2,kernel_ridge,"kernel_ridge[alpha=10.0,gamma_mult=1.0]",obs_SC+bv+demo,age,0.2124583811131404,0.85,False,True,False,ok
4S456Parcels,5,kernel_ridge,"kernel_ridge[alpha=10.0,gamma_mult=2.0]",obs_FC+bv+demo,age,0.2121428971736016,0.85,False,True,False,ok
Glasser,8,bayesian_ridge,bayesian_ridge,pred_FC,age,0.2120437827936658,0.85,False,False,True,ok
Glasser,5,kernel_ridge,"kernel_ridge[alpha=1.0,gamma_mult=1.0]",obs_SC,age,0.2116407087740892,0.85,False,False,True,ok
4S456Parcels,7,kernel_ridge,"kernel_ridge[alpha=10.0,gamma_mult=0.5]",pred_SC+bv+demo,age,0.2112842643637459,0.85,False,True,False,ok
4S456Parcels,6,kernel_ridge,"kernel_ridge[alpha=10.0,gamma_mult=0.5]",pred_FC+bv+demo,age,0.2111526877807657,0.85,False,True,False,ok
Glasser,8,kernel_ridge,"kernel_ridge[alpha=1.0,gamma_mult=1.0]",pred_SC,age,0.2107515781806509,0.85,False,False,True,ok
Glasser,8,kernel_ridge,"kernel_ridge[alpha=0.1,gamma_mult=2.0]",obs_SC,age,0.2101972741011831,0.85,False,False,True,ok
Glasser,2,kernel_ridge,"kernel_ridge[alpha=10.0,gamma_mult=0.5]",obs_FC+bv+demo,age,0.2101459753047965,0.85,False,True,False,ok
4S456Parcels,1,kernel_ridge,"kernel_ridge[alpha=0.1,gamma_mult=0.5]",pred_SC,age,0.210002372531476,0.85,False,False,True,ok
4S456Parcels,9,kernel_ridge,"kernel_ridge[alpha=10.0,gamma_mult=0.5]",pred_SC+bv+demo,age,0.2090733589346515,0.85,False,True,False,ok
Glasser,9,kernel_ridge,"kernel_ridge[alpha=10.0,gamma_mult=2.0]",obs_FC+bv+demo,age,0.2080519908696217,0.85,False,True,False,ok
Glasser,3,kernel_ridge,"kernel_ridge[alpha=10.0,gamma_mult=2.0]",pred_SC+bv+demo,age,0.2075237805280727,0.85,False,True,False,ok
4S456Parcels,8,kernel_ridge,"kernel_ridge[alpha=10.0,gamma_mult=2.0]",obs_SC+bv+demo,age,0.206111294402391,0.85,False,True,False,ok
Glasser,1,kernel_ridge,"kernel_ridge[alpha=10.0,gamma_mult=1.0]",obs_FC+bv+demo,age,0.2057562708757295,0.85,False,True,False,ok
Glasser,5,kernel_ridge,"kernel_ridge[alpha=10.0,gamma_mult=1.0]",obs_SC+bv+demo,age,0.2046723595742013,0.85,False,True,False,ok
Glasser,9,kernel_ridge,"kernel_ridge[alpha=1.0,gamma_mult=0.5]",pred_FC,age,0.2045597297783621,0.85,False,False,True,ok
4S456Parcels,1,kernel_ridge,"kernel_ridge[alpha=1.0,gamma_mult=0.5]",pred_SC,age,0.2044176894880176,0.85,False,False,True,ok
Glasser,8,kernel_ridge,"kernel_ridge[alpha=1.0,gamma_mult=0.5]",pred_SC,age,0.2040107997465934,0.85,False,False,True,ok
4S456Parcels,3,kernel_ridge,"kernel_ridge[alpha=10.0,gamma_mult=0.5]",pred_FC,age,0.2038473784236636,0.85,False,False,True,ok
4S456Parcels,1,kernel_ridge,"kernel_ridge[alpha=0.1,gamma_mult=1.0]",pred_SC,age,0.2037224510166134,0.85,False,False,True,ok
Glasser,0,kernel_ridge,"kernel_ridge[alpha=10.0,gamma_mult=1.0]",obs_FC+bv+demo,age,0.2032673384912801,0.85,False,True,False,ok
4S456Parcels,5,kernel_ridge,"kernel_ridge[alpha=10.0,gamma_mult=0.5]",obs_FC,age,0.2030819192312815,0.85,False,False,True,ok
Glasser,0,kernel_ridge,"kernel_ridge[alpha=10.0,gamma_mult=2.0]",pred_SC+bv+demo,age,0.2028639217016595,0.85,False,True,False,ok
Glasser,6,kernel_ridge,"kernel_ridge[alpha=1.0,gamma_mult=0.5]",pred_FC,age,0.2026269774182629,0.85,False,False,True,ok
4S456Parcels,1,kernel_ridge,"kernel_ridge[alpha=1.0,gamma_mult=1.0]",pred_SC,age,0.2014646540625125,0.85,False,False,True,ok
Glasser,9,kernel_ridge,"kernel_ridge[alpha=10.0,gamma_mult=1.0]",pred_SC+bv+demo,age,0.2009309286397851,0.85,False,True,False,ok
Glasser,2,kernel_ridge,"kernel_ridge[alpha=1.0,gamma_mult=2.0]",obs_FC+obs_SC,age,0.2006520687346336,0.85,False,False,True,ok
4S456Parcels,2,kernel_ridge,"kernel_ridge[alpha=10.0,gamma_mult=1.0]",pred_FC+bv+demo,age,0.2003515089873013,0.85,False,True,False,ok
4S456Parcels,4,kernel_ridge,"kernel_ridge[alpha=10.0,gamma_mult=1.0]",pred_FC+bv+demo,age,0.2002343608944562,0.85,False,True,False,ok
Glasser,4,kernel_ridge,"kernel_ridge[alpha=10.0,gamma_mult=1.0]",obs_FC+bv+demo,age,0.2000750468142706,0.85,False,True,False,ok
Glasser,6,bayesian_ridge,bayesian_ridge,pred_FC,age,0.2000146748977151,0.85,False,False,True,ok
Glasser,8,pca_pls,pca_pls,pred_SC,age,0.1997659263259519,0.85,False,False,True,ok
Glasser,8,kernel_ridge,"kernel_ridge[alpha=1.0,gamma_mult=2.0]",pred_SC,age,0.1995176575682332,0.85,False,False,True,ok
Glasser,3,kernel_ridge,"kernel_ridge[alpha=10.0,gamma_mult=2.0]",pred_FC+bv+demo,age,0.1980914122336766,0.85,False,True,False,ok
Glasser,5,kernel_ridge,"kernel_ridge[alpha=10.0,gamma_mult=1.0]",obs_FC,age,0.1979337325588969,0.85,False,False,True,ok
Glasser,3,kernel_ridge,"kernel_ridge[alpha=1.0,gamma_mult=2.0]",obs_FC,age,0.1979255165075054,0.85,False,False,True,ok
4S456Parcels,2,kernel_ridge,"kernel_ridge[alpha=10.0,gamma_mult=0.5]",obs_FC+bv+demo,age,0.1969379740669654,0.85,False,True,False,ok
4S456Parcels,7,bayesian_ridge,bayesian_ridge,pred_SC,age,0.1968830882679866,0.85,False,False,True,ok
Glasser,6,kernel_ridge,"kernel_ridge[alpha=0.1,gamma_mult=0.5]",pred_FC,age,0.1963605134380846,0.85,False,False,True,ok
Glasser,7,kernel_ridge,"kernel_ridge[alpha=10.0,gamma_mult=2.0]",obs_FC+bv+demo,age,0.1956713108527654,0.85,False,True,False,ok
Glasser,3,bayesian_ridge,bayesian_ridge,pred_SC,age,0.1950199165097863,0.85,False,False,True,ok
Glasser,0,kernel_ridge,"kernel_ridge[alpha=10.0,gamma_mult=1.0]",pred_FC+bv+demo,age,0.1946541846632087,0.85,False,True,False,ok
Glasser,8,kernel_ridge,"kernel_ridge[alpha=0.1,gamma_mult=2.0]",obs_FC,age,0.1936226170970162,0.85,False,False,True,ok
Glasser,4,kernel_ridge,"kernel_ridge[alpha=10.0,gamma_mult=1.0]",pred_FC+bv+demo,age,0.1932449992372464,0.85,False,True,False,ok
4S456Parcels,5,kernel_ridge,"kernel_ridge[alpha=10.0,gamma_mult=1.0]",obs_FC+obs_SC,age,0.1931937374756304,0.85,False,False,True,ok
4S456Parcels,9,kernel_ridge,"kernel_ridge[alpha=1.0,gamma_mult=1.0]",pred_FC,age,0.1931560361415619,0.85,False,False,True,ok
4S456Parcels,4,bayesian_ridge,bayesian_ridge,pred_SC,age,0.1927831780941795,0.85,False,False,True,ok
4S456Parcels,3,kernel_ridge,"kernel_ridge[alpha=10.0,gamma_mult=1.0]",pred_SC+bv+demo,age,0.192759456583512,0.85,False,True,False,ok
4S456Parcels,7,kernel_ridge,"kernel_ridge[alpha=10.0,gamma_mult=0.5]",obs_FC+obs_SC,age,0.1923931917296621,0.85,False,False,True,ok
Glasser,4,kernel_ridge,"kernel_ridge[alpha=1.0,gamma_mult=2.0]",pred_FC,age,0.1918602138000021,0.85,False,False,True,ok
4S456Parcels,5,kernel_ridge,"kernel_ridge[alpha=0.1,gamma_mult=0.5]",pred_FC,age,0.1917450937834434,0.85,False,False,True,ok
4S456Parcels,3,kernel_ridge,"kernel_ridge[alpha=10.0,gamma_mult=0.5]",obs_FC+obs_SC,age,0.1916887448805543,0.85,False,False,True,ok
Glasser,9,kernel_ridge,"kernel_ridge[alpha=10.0,gamma_mult=2.0]",obs_SC+bv+demo,age,0.1916829864472446,0.85,False,True,False,ok
Glasser,1,kernel_ridge,"kernel_ridge[alpha=0.1,gamma_mult=2.0]",obs_FC,age,0.1915819418989556,0.85,False,False,True,ok
4S456Parcels,1,kernel_ridge,"kernel_ridge[alpha=0.1,gamma_mult=2.0]",pred_SC,age,0.1914277648171434,0.85,False,False,True,ok
4S456Parcels,7,kernel_ridge,"kernel_ridge[alpha=0.1,gamma_mult=1.0]",pred_SC,age,0.1912059698259134,0.85,False,False,True,ok
4S456Parcels,4,kernel_ridge,"kernel_ridge[alpha=10.0,gamma_mult=1.0]",obs_FC+bv+demo,age,0.1910544149431186,0.85,False,True,False,ok
Glasser,2,kernel_ridge,"kernel_ridge[alpha=0.1,gamma_mult=2.0]",pred_SC,age,0.1909853523965181,0.85,False,False,True,ok
Glasser,7,kernel_ridge,"kernel_ridge[alpha=10.0,gamma_mult=1.0]",obs_FC+obs_SC,age,0.190916660659372,0.85,False,False,True,ok
Glasser,8,kernel_ridge,"kernel_ridge[alpha=10.0,gamma_mult=1.0]",pred_FC+bv+demo,age,0.1908580433093637,0.85,False,True,False,ok
Glasser,4,kernel_ridge,"kernel_ridge[alpha=0.1,gamma_mult=2.0]",pred_FC,age,0.1901396508050684,0.85,False,False,True,ok
Glasser,1,kernel_ridge,"kernel_ridge[alpha=10.0,gamma_mult=1.0]",pred_SC+bv+demo,age,0.1900307316010628,0.85,False,True,False,ok
4S456Parcels,7,kernel_ridge,"kernel_ridge[alpha=0.1,gamma_mult=2.0]",pred_SC,age,0.1900288292771801,0.85,False,False,True,ok
Glasser,4,kernel_ridge,"kernel_ridge[alpha=1.0,gamma_mult=2.0]",obs_FC,age,0.1887556954376999,0.85,False,False,True,ok
4S456Parcels,9,kernel_ridge,"kernel_ridge[alpha=10.0,gamma_mult=1.0]",pred_SC,age,0.1885902561178681,0.85,False,False,True,ok
4S456Parcels,5,kernel_ridge,"kernel_ridge[alpha=1.0,gamma_mult=0.5]",pred_FC,age,0.1885827580995616,0.85,False,False,True,ok
Glasser,8,kernel_ridge,"kernel_ridge[alpha=10.0,gamma_mult=2.0]",pred_FC+bv+demo,age,0.188266198421217,0.85,False,True,False,ok
Glasser,8,kernel_ridge,"kernel_ridge[alpha=10.0,gamma_mult=0.5]",pred_FC+bv+demo,age,0.1882391401165325,0.85,False,True,False,ok
Glasser,5,kernel_ridge,"kernel_ridge[alpha=10.0,gamma_mult=1.0]",obs_FC+obs_SC,age,0.1882078881822215,0.85,False,False,True,ok
4S456Parcels,8,kernel_ridge,"kernel_ridge[alpha=0.1,gamma_mult=0.5]",pred_FC,age,0.1881917217657644,0.85,False,False,True,ok
Glasser,5,kernel_ridge,"kernel_ridge[alpha=10.0,gamma_mult=2.0]",pred_FC+bv+demo,age,0.1875190826809412,0.85,False,True,False,ok
4S456Parcels,5,bayesian_ridge,bayesian_ridge,pred_FC,age,0.1874411611984923,0.85,False,False,True,ok
Glasser,9,kernel_ridge,"kernel_ridge[alpha=10.0,gamma_mult=0.5]",obs_FC,age,0.1867643831318812,0.85,False,False,True,ok
4S456Parcels,7,kernel_ridge,"kernel_ridge[alpha=1.0,gamma_mult=1.0]",pred_SC,age,0.1865292552603074,0.85,False,False,True,ok
4S456Parcels,7,kernel_ridge,"kernel_ridge[alpha=0.1,gamma_mult=0.5]",pred_SC,age,0.1857918985331861,0.85,False,False,True,ok
4S456Parcels,1,kernel_ridge,"kernel_ridge[alpha=1.0,gamma_mult=2.0]",pred_SC,age,0.1857250046837935,0.85,False,False,True,ok
Glasser,6,kernel_ridge,"kernel_ridge[alpha=1.0,gamma_mult=1.0]",pred_FC,age,0.1843715223560001,0.85,False,False,True,ok
4S456Parcels,1,kernel_ridge,"kernel_ridge[alpha=1.0,gamma_mult=2.0]",obs_FC,age,0.1839861434121262,0.85,False,False,True,ok
4S456Parcels,3,kernel_ridge,"kernel_ridge[alpha=0.1,gamma_mult=2.0]",pred_FC,age,0.1839034600210648,0.85,False,False,True,ok
4S456Parcels,1,kernel_ridge,"kernel_ridge[alpha=0.1,gamma_mult=1.0]",pred_FC,age,0.1832645072818736,0.85,False,False,True,ok
Glasser,4,kernel_ridge,"kernel_ridge[alpha=10.0,gamma_mult=0.5]",pred_FC,age,0.1828482051923558,0.85,False,False,True,ok
Glasser,3,kernel_ridge,"kernel_ridge[alpha=0.1,gamma_mult=2.0]",pred_FC,age,0.1828421856793614,0.85,False,False,True,ok
Glasser,6,kernel_ridge,"kernel_ridge[alpha=1.0,gamma_mult=2.0]",obs_FC,age,0.1825675991216414,0.85,False,False,True,ok
Glasser,2,kernel_ridge,"kernel_ridge[alpha=10.0,gamma_mult=2.0]",pred_FC+bv+demo,age,0.1823182631652928,0.85,False,True,False,ok
Glasser,7,kernel_ridge,"kernel_ridge[alpha=0.1,gamma_mult=0.5]",pred_FC,age,0.1822590015461073,0.85,False,False,True,ok
4S456Parcels,0,kernel_ridge,"kernel_ridge[alpha=0.1,gamma_mult=2.0]",pred_FC,age,0.1821137036922914,0.85,False,False,True,ok
4S456Parcels,4,kernel_ridge,"kernel_ridge[alpha=10.0,gamma_mult=1.0]",pred_SC+bv+demo,age,0.1818953332174521,0.85,False,True,False,ok
Glasser,6,kernel_ridge,"kernel_ridge[alpha=10.0,gamma_mult=0.5]",pred_FC,age,0.1818328752697,0.85,False,False,True,ok
4S456Parcels,7,kernel_ridge,"kernel_ridge[alpha=1.0,gamma_mult=0.5]",pred_SC,age,0.1814469118510849,0.85,False,False,True,ok
4S456Parcels,7,kernel_ridge,"kernel_ridge[alpha=1.0,gamma_mult=2.0]",pred_SC,age,0.1810598025493357,0.85,False,False,True,ok
4S456Parcels,3,kernel_ridge,"kernel_ridge[alpha=1.0,gamma_mult=2.0]",pred_FC,age,0.1808331649143076,0.85,False,False,True,ok
Glasser,4,kernel_ridge,"kernel_ridge[alpha=10.0,gamma_mult=2.0]",obs_SC+bv+demo,age,0.180404792555338,0.85,False,True,False,ok
4S456Parcels,4,pca_pls,pca_pls,pred_FC,age,0.1803904575440843,0.85,False,False,True,ok
4S456Parcels,8,kernel_ridge,"kernel_ridge[alpha=1.0,gamma_mult=0.5]",pred_FC,age,0.18037459191143,0.85,False,False,True,ok
4S456Parcels,5,kernel_ridge,"kernel_ridge[alpha=10.0,gamma_mult=0.5]",pred_SC,age,0.1797723688235785,0.85,False,False,True,ok
Glasser,7,kernel_ridge,"kernel_ridge[alpha=1.0,gamma_mult=0.5]",pred_FC,age,0.1797005785510254,0.85,False,False,True,ok
4S456Parcels,1,kernel_ridge,"kernel_ridge[alpha=1.0,gamma_mult=1.0]",pred_FC,age,0.1795373529025745,0.85,False,False,True,ok
Glasser,8,kernel_ridge,"kernel_ridge[alpha=1.0,gamma_mult=2.0]",obs_SC,age,0.1785226780142309,0.85,False,False,True,ok
Glasser,1,kernel_ridge,"kernel_ridge[alpha=10.0,gamma_mult=0.5]",pred_FC+bv+demo,age,0.1784345645753372,0.85,False,True,False,ok
Glasser,3,kernel_ridge,"kernel_ridge[alpha=0.1,gamma_mult=1.0]",pred_SC,age,0.1780306763309657,0.85,False,False,True,ok
Glasser,3,kernel_ridge,"kernel_ridge[alpha=1.0,gamma_mult=2.0]",pred_FC,age,0.1779111580659443,0.85,False,False,True,ok
Glasser,6,kernel_ridge,"kernel_ridge[alpha=0.1,gamma_mult=1.0]",pred_FC,age,0.1778346691051631,0.85,False,False,True,ok
4S456Parcels,6,kernel_ridge,"kernel_ridge[alpha=10.0,gamma_mult=0.5]",pred_FC,age,0.1776452602976057,0.85,False,False,True,ok
Glasser,3,kernel_ridge,"kernel_ridge[alpha=0.1,gamma_mult=0.5]",pred_SC,age,0.1772084972176122,0.85,False,False,True,ok
Glasser,9,kernel_ridge,"kernel_ridge[alpha=10.0,gamma_mult=1.0]",obs_FC+obs_SC,age,0.1768658090834135,0.85,False,False,True,ok
Glasser,7,kernel_ridge,"kernel_ridge[alpha=10.0,gamma_mult=1.0]",pred_SC+bv+demo,age,0.1768299628168072,0.85,False,True,False,ok
4S456Parcels,5,kernel_ridge,"kernel_ridge[alpha=0.1,gamma_mult=1.0]",pred_FC,age,0.1763383817820329,0.85,False,False,True,ok
4S456Parcels,4,kernel_ridge,"kernel_ridge[alpha=0.1,gamma_mult=1.0]",pred_SC,age,0.1762356440774141,0.85,False,False,True,ok
4S456Parcels,2,kernel_ridge,"kernel_ridge[alpha=1.0,gamma_mult=2.0]",obs_FC,age,0.1750419680414959,0.85,False,False,True,ok
Glasser,3,kernel_ridge,"kernel_ridge[alpha=1.0,gamma_mult=0.5]",pred_SC,age,0.1746020596128575,0.85,False,False,True,ok
4S456Parcels,6,kernel_ridge,"kernel_ridge[alpha=10.0,gamma_mult=0.5]",obs_FC,age,0.1740100062994271,0.85,False,False,True,ok
Glasser,1,kernel_ridge,"kernel_ridge[alpha=0.1,gamma_mult=0.5]",pred_FC,age,0.1738910991899862,0.85,False,False,True,ok
Glasser,0,kernel_ridge,"kernel_ridge[alpha=1.0,gamma_mult=2.0]",obs_FC,age,0.1736608463643612,0.85,False,False,True,ok
4S456Parcels,5,kernel_ridge,"kernel_ridge[alpha=10.0,gamma_mult=1.0]",obs_FC,age,0.1733623787756264,0.85,False,False,True,ok
Glasser,2,kernel_ridge,"kernel_ridge[alpha=1.0,gamma_mult=2.0]",pred_SC,age,0.1732003515896124,0.85,False,False,True,ok
Glasser,3,kernel_ridge,"kernel_ridge[alpha=1.0,gamma_mult=1.0]",pred_SC,age,0.1731694254230499,0.85,False,False,True,ok
4S456Parcels,4,kernel_ridge,"kernel_ridge[alpha=0.1,gamma_mult=2.0]",pred_SC,age,0.1719681251191639,0.85,False,False,True,ok
4S456Parcels,7,kernel_ridge,"kernel_ridge[alpha=10.0,gamma_mult=1.0]",pred_SC+bv+demo,age,0.1717289985509047,0.85,False,True,False,ok
Glasser,0,pca_pls,pca_pls,obs_SC+bv+demo,age,0.1711033228709363,0.85,False,True,False,ok
4S456Parcels,5,kernel_ridge,"kernel_ridge[alpha=1.0,gamma_mult=1.0]",pred_FC,age,0.1708434786347799,0.85,False,False,True,ok
4S456Parcels,9,kernel_ridge,"kernel_ridge[alpha=10.0,gamma_mult=0.5]",obs_FC+obs_SC,age,0.1707750215137243,0.85,False,False,True,ok
Glasser,5,kernel_ridge,"kernel_ridge[alpha=0.1,gamma_mult=0.5]",pred_FC,age,0.1706326057220803,0.85,False,False,True,ok
Glasser,1,kernel_ridge,"kernel_ridge[alpha=1.0,gamma_mult=0.5]",pred_FC,age,0.1705088259420258,0.85,False,False,True,ok
Glasser,3,kernel_ridge,"kernel_ridge[alpha=0.1,gamma_mult=2.0]",pred_SC,age,0.1699387897749177,0.85,False,False,True,ok
4S456Parcels,2,kernel_ridge,"kernel_ridge[alpha=10.0,gamma_mult=1.0]",obs_SC+bv+demo,age,0.1698495064039393,0.85,False,True,False,ok
4S456Parcels,7,pca_pls,pca_pls,pred_SC,age,0.1695183793534018,0.85,False,False,True,ok
4S456Parcels,2,kernel_ridge,"kernel_ridge[alpha=10.0,gamma_mult=1.0]",pred_FC,age,0.1688334572468006,0.85,False,False,True,ok
4S456Parcels,5,pca_pls,pca_pls,pred_SC,age,0.168262351785157,0.85,False,False,True,ok
4S456Parcels,6,kernel_ridge,"kernel_ridge[alpha=10.0,gamma_mult=0.5]",pred_SC,age,0.16823065177447,0.85,False,False,True,ok
4S456Parcels,4,kernel_ridge,"kernel_ridge[alpha=0.1,gamma_mult=0.5]",pred_SC,age,0.1681761268778873,0.85,False,False,True,ok
4S456Parcels,3,kernel_ridge,"kernel_ridge[alpha=10.0,gamma_mult=1.0]",pred_FC,age,0.1674364927380712,0.85,False,False,True,ok
Glasser,2,kernel_ridge,"kernel_ridge[alpha=10.0,gamma_mult=0.5]",pred_FC,age,0.1669303662508271,0.85,False,False,True,ok
4S456Parcels,1,kernel_ridge,"kernel_ridge[alpha=10.0,gamma_mult=2.0]",pred_FC+bv+demo,age,0.1668774274397586,0.85,False,True,False,ok
4S456Parcels,6,kernel_ridge,"kernel_ridge[alpha=10.0,gamma_mult=1.0]",obs_FC+obs_SC,age,0.1665227706850574,0.85,False,False,True,ok
4S456Parcels,6,kernel_ridge,"kernel_ridge[alpha=10.0,gamma_mult=2.0]",pred_SC+bv+demo,age,0.1664143667745113,0.85,False,True,False,ok
4S456Parcels,2,kernel_ridge,"kernel_ridge[alpha=10.0,gamma_mult=0.5]",pred_FC,age,0.1662230902554867,0.85,False,False,True,ok
Glasser,7,kernel_ridge,"kernel_ridge[alpha=10.0,gamma_mult=0.5]",pred_SC,age,0.1661268687736666,0.85,False,False,True,ok
4S456Parcels,5,kernel_ridge,"kernel_ridge[alpha=10.0,gamma_mult=1.0]",pred_SC,age,0.1653122331974971,0.85,False,False,True,ok
Glasser,6,kernel_ridge,"kernel_ridge[alpha=10.0,gamma_mult=2.0]",obs_FC+bv+demo,age,0.165132043301161,0.85,False,True,False,ok
4S456Parcels,6,kernel_ridge,"kernel_ridge[alpha=10.0,gamma_mult=2.0]",obs_FC+bv+demo,age,0.1647335708510189,0.85,False,True,False,ok
4S456Parcels,0,kernel_ridge,"kernel_ridge[alpha=1.0,gamma_mult=2.0]",pred_FC,age,0.1647030793116887,0.85,False,False,True,ok
Glasser,6,kernel_ridge,"kernel_ridge[alpha=10.0,gamma_mult=1.0]",pred_FC,age,0.1635138979205883,0.85,False,False,True,ok
Glasser,2,kernel_ridge,"kernel_ridge[alpha=10.0,gamma_mult=1.0]",pred_FC,age,0.1633625472052796,0.85,False,False,True,ok
Glasser,6,kernel_ridge,"kernel_ridge[alpha=10.0,gamma_mult=0.5]",obs_FC+obs_SC,age,0.162358829714904,0.85,False,False,True,ok
4S456Parcels,7,kernel_ridge,"kernel_ridge[alpha=0.1,gamma_mult=2.0]",pred_FC,age,0.1622353431899216,0.85,False,False,True,ok
Glasser,8,kernel_ridge,"kernel_ridge[alpha=0.1,gamma_mult=0.5]",pred_FC,age,0.1616186583103887,0.85,False,False,True,ok
4S456Parcels,0,kernel_ridge,"kernel_ridge[alpha=10.0,gamma_mult=0.5]",obs_FC,age,0.1612030583053916,0.85,False,False,True,ok
Glasser,5,kernel_ridge,"kernel_ridge[alpha=1.0,gamma_mult=0.5]",pred_FC,age,0.1611950687999545,0.85,False,False,True,ok
4S456Parcels,0,kernel_ridge,"kernel_ridge[alpha=10.0,gamma_mult=0.5]",pred_SC,age,0.1610926279378868,0.85,False,False,True,ok
Glasser,3,kernel_ridge,"kernel_ridge[alpha=1.0,gamma_mult=2.0]",pred_SC,age,0.1604807571349492,0.85,False,False,True,ok
Glasser,8,kernel_ridge,"kernel_ridge[alpha=1.0,gamma_mult=0.5]",pred_FC,age,0.1598559451429032,0.85,False,False,True,ok
Glasser,8,kernel_ridge,"kernel_ridge[alpha=1.0,gamma_mult=2.0]",obs_FC+obs_SC,age,0.1588432485436529,0.85,False,False,True,ok
Glasser,4,kernel_ridge,"kernel_ridge[alpha=10.0,gamma_mult=1.0]",pred_FC,age,0.1583813466115842,0.85,False,False,True,ok
4S456Parcels,7,kernel_ridge,"kernel_ridge[alpha=1.0,gamma_mult=2.0]",pred_FC,age,0.1582083623673429,0.85,False,False,True,ok
4S456Parcels,5,kernel_ridge,"kernel_ridge[alpha=10.0,gamma_mult=2.0]",pred_SC+bv+demo,age,0.1577011654061666,0.85,False,True,False,ok
Glasser,2,kernel_ridge,"kernel_ridge[alpha=10.0,gamma_mult=0.5]",pred_SC+bv+demo,age,0.1575546639527264,0.85,False,True,False,ok
4S456Parcels,1,kernel_ridge,"kernel_ridge[alpha=10.0,gamma_mult=1.0]",obs_FC+bv+demo,age,0.1575201210882763,0.85,False,True,False,ok
4S456Parcels,0,kernel_ridge,"kernel_ridge[alpha=10.0,gamma_mult=2.0]",pred_SC+bv+demo,age,0.1575177116283946,0.85,False,True,False,ok
Glasser,5,kernel_ridge,"kernel_ridge[alpha=10.0,gamma_mult=2.0]",obs_FC,age,0.157338656570578,0.85,False,False,True,ok
4S456Parcels,9,kernel_ridge,"kernel_ridge[alpha=10.0,gamma_mult=0.5]",obs_FC,age,0.1573103400190625,0.85,False,False,True,ok
4S456Parcels,6,kernel_ridge,"kernel_ridge[alpha=10.0,gamma_mult=1.0]",pred_FC+bv+demo,age,0.1568363736591831,0.85,False,True,False,ok
4S456Parcels,4,kernel_ridge,"kernel_ridge[alpha=1.0,gamma_mult=1.0]",pred_SC,age,0.1567405390099731,0.85,False,False,True,ok
4S456Parcels,1,kernel_ridge,"kernel_ridge[alpha=10.0,gamma_mult=2.0]",obs_SC+bv+demo,age,0.1566848751019108,0.85,False,True,False,ok
Glasser,6,kernel_ridge,"kernel_ridge[alpha=1.0,gamma_mult=2.0]",pred_FC,age,0.1565358442934034,0.85,False,False,True,ok
Glasser,6,kernel_ridge,"kernel_ridge[alpha=10.0,gamma_mult=0.5]",pred_SC,age,0.1562093143902518,0.85,False,False,True,ok
4S456Parcels,0,kernel_ridge,"kernel_ridge[alpha=10.0,gamma_mult=0.5]",obs_SC+bv+demo,age,0.1559154540629962,0.85,False,True,False,ok
4S456Parcels,7,kernel_ridge,"kernel_ridge[alpha=10.0,gamma_mult=1.0]",obs_FC+obs_SC,age,0.1556593488440268,0.85,False,False,True,ok
4S456Parcels,8,kernel_ridge,"kernel_ridge[alpha=10.0,gamma_mult=0.5]",pred_FC+bv+demo,age,0.155546982974455,0.85,False,True,False,ok
Glasser,5,kernel_ridge,"kernel_ridge[alpha=1.0,gamma_mult=2.0]",obs_SC,age,0.15523649519759,0.85,False,False,True,ok
Glasser,7,kernel_ridge,"kernel_ridge[alpha=10.0,gamma_mult=1.0]",pred_SC,age,0.1549299429562366,0.85,False,False,True,ok
Glasser,2,kernel_ridge,"kernel_ridge[alpha=0.1,gamma_mult=1.0]",pred_SC,age,0.1535876325838362,0.85,False,False,True,ok
Glasser,3,kernel_ridge,"kernel_ridge[alpha=10.0,gamma_mult=0.5]",obs_SC,age,0.1535329803016258,0.85,False,False,True,ok
4S456Parcels,6,kernel_ridge,"kernel_ridge[alpha=10.0,gamma_mult=1.0]",pred_FC,age,0.1517190863852041,0.85,False,False,True,ok
Glasser,2,kernel_ridge,"kernel_ridge[alpha=10.0,gamma_mult=1.0]",obs_FC+bv+demo,age,0.1515751787601418,0.85,False,True,False,ok
4S456Parcels,4,kernel_ridge,"kernel_ridge[alpha=1.0,gamma_mult=0.5]",pred_SC,age,0.1512360111210409,0.85,False,False,True,ok
Glasser,9,kernel_ridge,"kernel_ridge[alpha=10.0,gamma_mult=1.0]",obs_FC,age,0.1509605255297706,0.85,False,False,True,ok
Glasser,1,kernel_ridge,"kernel_ridge[alpha=10.0,gamma_mult=2.0]",obs_SC+bv+demo,age,0.1507910024740043,0.85,False,True,False,ok
4S456Parcels,0,kernel_ridge,"kernel_ridge[alpha=10.0,gamma_mult=1.0]",pred_SC,age,0.1506354244645949,0.85,False,False,True,ok
Glasser,9,kernel_ridge,"kernel_ridge[alpha=0.1,gamma_mult=1.0]",pred_FC,age,0.1502910095728503,0.85,False,False,True,ok
Glasser,3,kernel_ridge,"kernel_ridge[alpha=10.0,gamma_mult=0.5]",obs_FC+obs_SC,age,0.1499237448206548,0.85,False,False,True,ok
Glasser,7,kernel_ridge,"kernel_ridge[alpha=10.0,gamma_mult=2.0]",obs_SC+bv+demo,age,0.1485865594654025,0.85,False,True,False,ok
Glasser,6,kernel_ridge,"kernel_ridge[alpha=0.1,gamma_mult=2.0]",pred_FC,age,0.1484795755935067,0.85,False,False,True,ok
4S456Parcels,6,kernel_ridge,"kernel_ridge[alpha=10.0,gamma_mult=1.0]",pred_SC,age,0.1478907506926998,0.85,False,False,True,ok
4S456Parcels,1,kernel_ridge,"kernel_ridge[alpha=10.0,gamma_mult=0.5]",pred_SC+bv+demo,age,0.1477838487164918,0.85,False,True,False,ok
4S456Parcels,4,kernel_ridge,"kernel_ridge[alpha=1.0,gamma_mult=2.0]",pred_SC,age,0.1477789363991601,0.85,False,False,True,ok
Glasser,2,kernel_ridge,"kernel_ridge[alpha=0.1,gamma_mult=2.0]",obs_FC,age,0.1474142159333224,0.85,False,False,True,ok
Glasser,7,kernel_ridge,"kernel_ridge[alpha=10.0,gamma_mult=0.5]",obs_FC,age,0.1471020067516484,0.85,False,False,True,ok
Glasser,1,kernel_ridge,"kernel_ridge[alpha=1.0,gamma_mult=2.0]",obs_FC,age,0.1470464146415165,0.85,False,False,True,ok
Glasser,7,kernel_ridge,"kernel_ridge[alpha=10.0,gamma_mult=2.0]",obs_FC+obs_SC,age,0.1469995294595526,0.85,False,False,True,ok
4S456Parcels,7,kernel_ridge,"kernel_ridge[alpha=10.0,gamma_mult=2.0]",obs_SC+bv+demo,age,0.1469438585548079,0.85,False,True,False,ok
4S456Parcels,9,kernel_ridge,"kernel_ridge[alpha=10.0,gamma_mult=2.0]",obs_SC+bv+demo,age,0.1465680065938063,0.85,False,True,False,ok
4S456Parcels,8,kernel_ridge,"kernel_ridge[alpha=10.0,gamma_mult=1.0]",pred_FC+bv+demo,age,0.1462977578025588,0.85,False,True,False,ok
4S456Parcels,5,kernel_ridge,"kernel_ridge[alpha=0.1,gamma_mult=2.0]",pred_FC,age,0.1459503367381538,0.85,False,False,True,ok
4S456Parcels,7,kernel_ridge,"kernel_ridge[alpha=10.0,gamma_mult=2.0]",obs_FC+bv+demo,age,0.1456619693368328,0.85,False,True,False,ok
Glasser,8,kernel_ridge,"kernel_ridge[alpha=10.0,gamma_mult=0.5]",obs_FC+bv+demo,age,0.1454118648462184,0.85,False,True,False,ok
4S456Parcels,9,kernel_ridge,"kernel_ridge[alpha=10.0,gamma_mult=2.0]",obs_FC+bv+demo,age,0.1453884042618345,0.85,False,True,False,ok
4S456Parcels,5,kernel_ridge,"kernel_ridge[alpha=10.0,gamma_mult=2.0]",obs_SC+bv+demo,age,0.1450024450877035,0.85,False,True,False,ok
4S456Parcels,9,kernel_ridge,"kernel_ridge[alpha=10.0,gamma_mult=1.0]",pred_SC+bv+demo,age,0.1443460603912557,0.85,False,True,False,ok
Glasser,5,kernel_ridge,"kernel_ridge[alpha=10.0,gamma_mult=0.5]",pred_SC,age,0.1441620962259627,0.85,False,False,True,ok
Glasser,1,kernel_ridge,"kernel_ridge[alpha=0.1,gamma_mult=1.0]",pred_FC,age,0.1437825756193818,0.85,False,False,True,ok
4S456Parcels,3,kernel_ridge,"kernel_ridge[alpha=10.0,gamma_mult=1.0]",obs_FC+obs_SC,age,0.1429830693945876,0.85,False,False,True,ok
Glasser,6,kernel_ridge,"kernel_ridge[alpha=10.0,gamma_mult=1.0]",pred_SC,age,0.1417462388476372,0.85,False,False,True,ok
4S456Parcels,2,kernel_ridge,"kernel_ridge[alpha=10.0,gamma_mult=2.0]",pred_FC,age,0.1417103555939115,0.85,False,False,True,ok
Glasser,4,kernel_ridge,"kernel_ridge[alpha=10.0,gamma_mult=0.5]",pred_SC+bv+demo,age,0.1416474383498923,0.85,False,True,False,ok
4S456Parcels,1,kernel_ridge,"kernel_ridge[alpha=0.1,gamma_mult=2.0]",pred_FC,age,0.1415175045271355,0.85,False,False,True,ok
4S456Parcels,2,kernel_ridge,"kernel_ridge[alpha=10.0,gamma_mult=1.0]",obs_FC+bv+demo,age,0.1407133026541523,0.85,False,True,False,ok
Glasser,1,kernel_ridge,"kernel_ridge[alpha=1.0,gamma_mult=1.0]",pred_FC,age,0.1404334808782011,0.85,False,False,True,ok
Glasser,4,pca_pls,pca_pls,obs_FC,age,0.1403644975165875,0.85,False,False,True,ok
4S456Parcels,8,kernel_ridge,"kernel_ridge[alpha=1.0,gamma_mult=2.0]",obs_FC,age,0.1399452039812677,0.85,False,False,True,ok
Glasser,5,kernel_ridge,"kernel_ridge[alpha=10.0,gamma_mult=2.0]",pred_SC+bv+demo,age,0.139888546133792,0.85,False,True,False,ok
Glasser,2,kernel_ridge,"kernel_ridge[alpha=1.0,gamma_mult=1.0]",pred_SC,age,0.1397606039809318,0.85,False,False,True,ok
4S456Parcels,4,kernel_ridge,"kernel_ridge[alpha=10.0,gamma_mult=2.0]",obs_SC+bv+demo,age,0.1394902890943096,0.85,False,True,False,ok
4S456Parcels,3,kernel_ridge,"kernel_ridge[alpha=10.0,gamma_mult=0.5]",obs_SC,age,0.1393584535236222,0.85,False,False,True,ok
4S456Parcels,0,kernel_ridge,"kernel_ridge[alpha=10.0,gamma_mult=2.0]",pred_FC+bv+demo,age,0.138699253425286,0.85,False,True,False,ok
4S456Parcels,8,pca_pls,pca_pls,pred_SC,age,0.1383492207602809,0.85,False,False,True,ok
4S456Parcels,4,kernel_ridge,"kernel_ridge[alpha=10.0,gamma_mult=0.5]",obs_FC+obs_SC,age,0.1374879539195618,0.85,False,False,True,ok
Glasser,9,kernel_ridge,"kernel_ridge[alpha=10.0,gamma_mult=2.0]",pred_FC+bv+demo,age,0.136689658590966,0.85,False,True,False,ok
4S456Parcels,5,kernel_ridge,"kernel_ridge[alpha=1.0,gamma_mult=2.0]",pred_FC,age,0.1365823226281333,0.85,False,False,True,ok
4S456Parcels,5,kernel_ridge,"kernel_ridge[alpha=10.0,gamma_mult=2.0]",obs_FC+obs_SC,age,0.1351602216837012,0.85,False,False,True,ok
Glasser,1,kernel_ridge,"kernel_ridge[alpha=10.0,gamma_mult=0.5]",pred_SC,age,0.1351280959562403,0.85,False,False,True,ok
Glasser,9,kernel_ridge,"kernel_ridge[alpha=1.0,gamma_mult=1.0]",pred_FC,age,0.1342371324936087,0.85,False,False,True,ok
Glasser,5,kernel_ridge,"kernel_ridge[alpha=10.0,gamma_mult=2.0]",obs_FC+obs_SC,age,0.133593225150963,0.85,False,False,True,ok
4S456Parcels,7,kernel_ridge,"kernel_ridge[alpha=10.0,gamma_mult=0.5]",pred_FC+bv+demo,age,0.1334718674215221,0.85,False,True,False,ok
4S456Parcels,9,pca_pls,pca_pls,obs_SC+bv+demo,age,0.1332416720490234,0.85,False,True,False,ok
Glasser,6,kernel_ridge,"kernel_ridge[alpha=10.0,gamma_mult=2.0]",pred_FC,age,0.1325692377105632,0.85,False,False,True,ok
4S456Parcels,6,kernel_ridge,"kernel_ridge[alpha=10.0,gamma_mult=1.0]",obs_FC,age,0.1323979174244428,0.85,False,False,True,ok
4S456Parcels,7,kernel_ridge,"kernel_ridge[alpha=10.0,gamma_mult=0.5]",obs_FC,age,0.1322804988989377,0.85,False,False,True,ok
4S456Parcels,7,kernel_ridge,"kernel_ridge[alpha=10.0,gamma_mult=0.5]",pred_FC,age,0.1321390158188416,0.85,False,False,True,ok
Glasser,2,kernel_ridge,"kernel_ridge[alpha=10.0,gamma_mult=2.0]",pred_FC,age,0.1318631968504275,0.85,False,False,True,ok
Glasser,7,kernel_ridge,"kernel_ridge[alpha=0.1,gamma_mult=1.0]",pred_FC,age,0.1306948828733042,0.85,False,False,True,ok
4S456Parcels,0,kernel_ridge,"kernel_ridge[alpha=10.0,gamma_mult=2.0]",obs_FC+bv+demo,age,0.1304982942469663,0.85,False,True,False,ok
Glasser,0,kernel_ridge,"kernel_ridge[alpha=10.0,gamma_mult=1.0]",obs_SC+bv+demo,age,0.1303700263532599,0.85,False,True,False,ok
4S456Parcels,5,kernel_ridge,"kernel_ridge[alpha=10.0,gamma_mult=2.0]",pred_SC,age,0.1303061442131479,0.85,False,False,True,ok
Glasser,7,kernel_ridge,"kernel_ridge[alpha=1.0,gamma_mult=1.0]",pred_FC,age,0.1301514958215601,0.85,False,False,True,ok
4S456Parcels,1,kernel_ridge,"kernel_ridge[alpha=1.0,gamma_mult=2.0]",pred_FC,age,0.1295626994974407,0.85,False,False,True,ok
Glasser,7,kernel_ridge,"kernel_ridge[alpha=10.0,gamma_mult=2.0]",pred_SC,age,0.1291277597825491,0.85,False,False,True,ok
Glasser,5,kernel_ridge,"kernel_ridge[alpha=10.0,gamma_mult=1.0]",pred_SC,age,0.1280256296612105,0.85,False,False,True,ok
4S456Parcels,5,kernel_ridge,"kernel_ridge[alpha=10.0,gamma_mult=2.0]",obs_FC,age,0.1272247275390258,0.85,False,False,True,ok
Glasser,3,kernel_ridge,"kernel_ridge[alpha=10.0,gamma_mult=0.5]",pred_FC,age,0.1267092641608579,0.85,False,False,True,ok
Glasser,1,pca_pls,pca_pls,obs_FC,age,0.1259878441123292,0.85,False,False,True,ok
4S456Parcels,9,kernel_ridge,"kernel_ridge[alpha=10.0,gamma_mult=1.0]",obs_FC+obs_SC,age,0.1249446978433538,0.85,False,False,True,ok
Glasser,4,kernel_ridge,"kernel_ridge[alpha=10.0,gamma_mult=0.5]",obs_FC+obs_SC,age,0.1249188984495348,0.85,False,False,True,ok
4S456Parcels,2,kernel_ridge,"kernel_ridge[alpha=10.0,gamma_mult=2.0]",pred_FC+bv+demo,age,0.1248542117316103,0.85,False,True,False,ok
Glasser,0,kernel_ridge,"kernel_ridge[alpha=10.0,gamma_mult=0.5]",pred_SC,age,0.1248324248033791,0.85,False,False,True,ok
Glasser,7,kernel_ridge,"kernel_ridge[alpha=10.0,gamma_mult=1.0]",obs_FC,age,0.1248097251884644,0.85,False,False,True,ok
Glasser,3,kernel_ridge,"kernel_ridge[alpha=10.0,gamma_mult=2.0]",obs_FC+bv+demo,age,0.1247460456692816,0.85,False,True,False,ok
Glasser,2,bayesian_ridge,bayesian_ridge,pred_SC,age,0.124226025432364,0.85,False,False,True,ok
4S456Parcels,8,kernel_ridge,"kernel_ridge[alpha=10.0,gamma_mult=2.0]",pred_FC+bv+demo,age,0.1242194410638073,0.85,False,True,False,ok
Glasser,5,kernel_ridge,"kernel_ridge[alpha=0.1,gamma_mult=1.0]",pred_FC,age,0.1237354331633613,0.85,False,False,True,ok
Glasser,1,kernel_ridge,"kernel_ridge[alpha=10.0,gamma_mult=1.0]",pred_FC+bv+demo,age,0.1236327782373324,0.85,False,True,False,ok
4S456Parcels,0,kernel_ridge,"kernel_ridge[alpha=10.0,gamma_mult=1.0]",obs_FC,age,0.1227917522761656,0.85,False,False,True,ok
Glasser,9,kernel_ridge,"kernel_ridge[alpha=10.0,gamma_mult=0.5]",pred_SC,age,0.1217862437701427,0.85,False,False,True,ok
Glasser,6,kernel_ridge,"kernel_ridge[alpha=10.0,gamma_mult=1.0]",obs_FC+obs_SC,age,0.1217232098891461,0.85,False,False,True,ok
Glasser,6,kernel_ridge,"kernel_ridge[alpha=10.0,gamma_mult=0.5]",obs_FC,age,0.1214618357522065,0.85,False,False,True,ok
Glasser,0,kernel_ridge,"kernel_ridge[alpha=10.0,gamma_mult=2.0]",obs_FC+bv+demo,age,0.1202771878146624,0.85,False,True,False,ok
Glasser,3,kernel_ridge,"kernel_ridge[alpha=10.0,gamma_mult=1.0]",obs_SC,age,0.1198241505798702,0.85,False,False,True,ok
Glasser,4,kernel_ridge,"kernel_ridge[alpha=10.0,gamma_mult=2.0]",pred_FC,age,0.1189539034897402,0.85,False,False,True,ok
Glasser,4,kernel_ridge,"kernel_ridge[alpha=10.0,gamma_mult=2.0]",obs_FC+bv+demo,age,0.1185887887164373,0.85,False,True,False,ok
4S456Parcels,2,kernel_ridge,"kernel_ridge[alpha=10.0,gamma_mult=0.5]",pred_SC+bv+demo,age,0.1181827722379925,0.85,False,True,False,ok
Glasser,9,kernel_ridge,"kernel_ridge[alpha=10.0,gamma_mult=2.0]",obs_FC+obs_SC,age,0.1179059851011865,0.85,False,False,True,ok
Glasser,1,kernel_ridge,"kernel_ridge[alpha=10.0,gamma_mult=1.0]",pred_SC,age,0.1178973396878438,0.85,False,False,True,ok
4S456Parcels,3,kernel_ridge,"kernel_ridge[alpha=10.0,gamma_mult=2.0]",pred_FC,age,0.1169183899711009,0.85,False,False,True,ok
4S456Parcels,9,kernel_ridge,"kernel_ridge[alpha=0.1,gamma_mult=2.0]",pred_FC,age,0.1168639753933591,0.85,False,False,True,ok
4S456Parcels,9,kernel_ridge,"kernel_ridge[alpha=10.0,gamma_mult=1.0]",obs_FC,age,0.1166817420733409,0.85,False,False,True,ok
4S456Parcels,3,kernel_ridge,"kernel_ridge[alpha=10.0,gamma_mult=0.5]",obs_FC,age,0.116550035431509,0.85,False,False,True,ok
4S456Parcels,8,kernel_ridge,"kernel_ridge[alpha=0.1,gamma_mult=1.0]",pred_FC,age,0.1164081766376077,0.85,False,False,True,ok
4S456Parcels,4,kernel_ridge,"kernel_ridge[alpha=10.0,gamma_mult=2.0]",pred_FC+bv+demo,age,0.1161978020187626,0.85,False,True,False,ok
Glasser,7,kernel_ridge,"kernel_ridge[alpha=10.0,gamma_mult=2.0]",pred_SC+bv+demo,age,0.1160490681793253,0.85,False,True,False,ok
4S456Parcels,8,kernel_ridge,"kernel_ridge[alpha=10.0,gamma_mult=0.5]",pred_FC,age,0.1155855451609997,0.85,False,False,True,ok
Glasser,9,kernel_ridge,"kernel_ridge[alpha=10.0,gamma_mult=2.0]",pred_SC+bv+demo,age,0.1154090513412984,0.85,False,True,False,ok
Glasser,1,kernel_ridge,"kernel_ridge[alpha=10.0,gamma_mult=2.0]",pred_SC+bv+demo,age,0.1153800211544218,0.85,False,True,False,ok
4S456Parcels,9,kernel_ridge,"kernel_ridge[alpha=10.0,gamma_mult=2.0]",pred_SC,age,0.1151204604615089,0.85,False,False,True,ok
Glasser,2,kernel_ridge,"kernel_ridge[alpha=0.1,gamma_mult=0.5]",pred_SC,age,0.1150007354744378,0.85,False,False,True,ok
4S456Parcels,3,kernel_ridge,"kernel_ridge[alpha=10.0,gamma_mult=0.5]",pred_SC,age,0.1141993205921525,0.85,False,False,True,ok
4S456Parcels,7,kernel_ridge,"kernel_ridge[alpha=10.0,gamma_mult=2.0]",pred_SC+bv+demo,age,0.1141089219037338,0.85,False,True,False,ok
Glasser,5,kernel_ridge,"kernel_ridge[alpha=1.0,gamma_mult=1.0]",pred_FC,age,0.1140117020881436,0.85,False,False,True,ok
Glasser,1,pca_pls,pca_pls,pred_SC,age,0.1125857127073068,0.85,False,False,True,ok
4S456Parcels,4,kernel_ridge,"kernel_ridge[alpha=10.0,gamma_mult=0.5]",obs_FC,age,0.1121384992853711,0.85,False,False,True,ok
Glasser,6,kernel_ridge,"kernel_ridge[alpha=10.0,gamma_mult=2.0]",pred_SC,age,0.1120422458689548,0.85,False,False,True,ok
4S456Parcels,0,kernel_ridge,"kernel_ridge[alpha=10.0,gamma_mult=0.5]",obs_FC+obs_SC,age,0.111529395571044,0.85,False,False,True,ok
Glasser,0,kernel_ridge,"kernel_ridge[alpha=10.0,gamma_mult=1.0]",pred_SC,age,0.1113813292568352,0.85,False,False,True,ok
4S456Parcels,0,kernel_ridge,"kernel_ridge[alpha=10.0,gamma_mult=2.0]",pred_SC,age,0.1095973886256799,0.85,False,False,True,ok
Glasser,3,kernel_ridge,"kernel_ridge[alpha=10.0,gamma_mult=1.0]",obs_FC+obs_SC,age,0.1090976571944408,0.85,False,False,True,ok
Glasser,8,kernel_ridge,"kernel_ridge[alpha=0.1,gamma_mult=1.0]",pred_FC,age,0.108973129167317,0.85,False,False,True,ok
4S456Parcels,3,kernel_ridge,"kernel_ridge[alpha=10.0,gamma_mult=1.0]",obs_SC,age,0.1086274007312754,0.85,False,False,True,ok
4S456Parcels,3,kernel_ridge,"kernel_ridge[alpha=10.0,gamma_mult=2.0]",obs_FC+bv+demo,age,0.1083970534246658,0.85,False,True,False,ok
Glasser,2,kernel_ridge,"kernel_ridge[alpha=1.0,gamma_mult=2.0]",obs_FC,age,0.107511631636308,0.85,False,False,True,ok
4S456Parcels,6,kernel_ridge,"kernel_ridge[alpha=10.0,gamma_mult=0.5]",obs_SC,age,0.1073666770908242,0.85,False,False,True,ok
4S456Parcels,4,kernel_ridge,"kernel_ridge[alpha=10.0,gamma_mult=2.0]",obs_FC+bv+demo,age,0.1071484245816433,0.85,False,True,False,ok
4S456Parcels,8,kernel_ridge,"kernel_ridge[alpha=10.0,gamma_mult=0.5]",obs_FC+bv+demo,age,0.1067772303154255,0.85,False,True,False,ok
Glasser,2,kernel_ridge,"kernel_ridge[alpha=1.0,gamma_mult=0.5]",pred_SC,age,0.1057116526792334,0.85,False,False,True,ok
Glasser,4,kernel_ridge,"kernel_ridge[alpha=10.0,gamma_mult=2.0]",pred_FC+bv+demo,age,0.1051677943185152,0.85,False,True,False,ok
Glasser,8,kernel_ridge,"kernel_ridge[alpha=10.0,gamma_mult=0.5]",pred_FC,age,0.1050596196215158,0.85,False,False,True,ok
Glasser,9,kernel_ridge,"kernel_ridge[alpha=10.0,gamma_mult=2.0]",obs_FC,age,0.105009149099067,0.85,False,False,True,ok
4S456Parcels,2,kernel_ridge,"kernel_ridge[alpha=10.0,gamma_mult=0.5]",pred_SC,age,0.104387576272706,0.85,False,False,True,ok
Glasser,3,kernel_ridge,"kernel_ridge[alpha=10.0,gamma_mult=1.0]",pred_FC,age,0.1042360241762744,0.85,False,False,True,ok
Glasser,8,kernel_ridge,"kernel_ridge[alpha=1.0,gamma_mult=1.0]",pred_FC,age,0.1042251215891093,0.85,False,False,True,ok
Glasser,0,kernel_ridge,"kernel_ridge[alpha=10.0,gamma_mult=2.0]",pred_FC+bv+demo,age,0.104063013926926,0.85,False,True,False,ok
Glasser,0,kernel_ridge,"kernel_ridge[alpha=10.0,gamma_mult=0.5]",obs_FC,age,0.1036087675410664,0.85,False,False,True,ok
Glasser,4,kernel_ridge,"kernel_ridge[alpha=10.0,gamma_mult=0.5]",pred_SC,age,0.1035518944368065,0.85,False,False,True,ok
4S456Parcels,7,kernel_ridge,"kernel_ridge[alpha=10.0,gamma_mult=1.0]",obs_FC,age,0.1035082852279831,0.85,False,False,True,ok
4S456Parcels,8,kernel_ridge,"kernel_ridge[alpha=1.0,gamma_mult=1.0]",pred_FC,age,0.1030978295664465,0.85,False,False,True,ok
4S456Parcels,1,kernel_ridge,"kernel_ridge[alpha=10.0,gamma_mult=0.5]",pred_FC,age,0.1029130868325309,0.85,False,False,True,ok
4S456Parcels,7,kernel_ridge,"kernel_ridge[alpha=10.0,gamma_mult=1.0]",pred_FC,age,0.1022079390873173,0.85,False,False,True,ok
Glasser,9,kernel_ridge,"kernel_ridge[alpha=10.0,gamma_mult=1.0]",pred_SC,age,0.1020739550533052,0.85,False,False,True,ok
4S456Parcels,4,kernel_ridge,"kernel_ridge[alpha=10.0,gamma_mult=1.0]",obs_FC+obs_SC,age,0.1016791786387514,0.85,False,False,True,ok
4S456Parcels,3,kernel_ridge,"kernel_ridge[alpha=10.0,gamma_mult=2.0]",pred_SC+bv+demo,age,0.1014019528338471,0.85,False,True,False,ok
Glasser,1,kernel_ridge,"kernel_ridge[alpha=0.1,gamma_mult=2.0]",pred_FC,age,0.1008667731722566,0.85,False,False,True,ok
Glasser,1,kernel_ridge,"kernel_ridge[alpha=10.0,gamma_mult=2.0]",obs_FC+bv+demo,age,0.1005291594955534,0.85,False,True,False,ok
4S456Parcels,7,kernel_ridge,"kernel_ridge[alpha=10.0,gamma_mult=2.0]",obs_FC+obs_SC,age,0.1001567408365658,0.85,False,False,True,ok
4S456Parcels,6,kernel_ridge,"kernel_ridge[alpha=10.0,gamma_mult=2.0]",pred_SC,age,0.1000604095292803,0.85,False,False,True,ok
Glasser,0,kernel_ridge,"kernel_ridge[alpha=10.0,gamma_mult=0.5]",pred_FC,age,0.098889785629831,0.85,False,False,True,ok
4S456Parcels,1,kernel_ridge,"kernel_ridge[alpha=10.0,gamma_mult=0.5]",obs_FC+obs_SC,age,0.0978393457067425,0.85,False,False,True,ok
4S456Parcels,5,kernel_ridge,"kernel_ridge[alpha=10.0,gamma_mult=0.5]",pred_FC,age,0.0966463741921028,0.85,False,False,True,ok
Glasser,2,kernel_ridge,"kernel_ridge[alpha=10.0,gamma_mult=1.0]",pred_SC+bv+demo,age,0.0962853038494036,0.85,False,True,False,ok
Glasser,1,kernel_ridge,"kernel_ridge[alpha=1.0,gamma_mult=2.0]",pred_FC,age,0.0961163116651447,0.85,False,False,True,ok
4S456Parcels,6,kernel_ridge,"kernel_ridge[alpha=10.0,gamma_mult=2.0]",pred_FC,age,0.0960254821543795,0.85,False,False,True,ok
4S456Parcels,2,kernel_ridge,"kernel_ridge[alpha=10.0,gamma_mult=1.0]",pred_SC,age,0.0947624253128382,0.85,False,False,True,ok
Glasser,2,kernel_ridge,"kernel_ridge[alpha=10.0,gamma_mult=2.0]",obs_SC+bv+demo,age,0.0947473007699655,0.85,False,True,False,ok
Glasser,4,kernel_ridge,"kernel_ridge[alpha=10.0,gamma_mult=0.5]",obs_FC,age,0.0937712613656565,0.85,False,False,True,ok
Glasser,7,kernel_ridge,"kernel_ridge[alpha=10.0,gamma_mult=2.0]",obs_FC,age,0.0935398473073393,0.85,False,False,True,ok
4S456Parcels,0,pca_pls,pca_pls,pred_SC,age,0.0928259974961,0.85,False,False,True,ok
Glasser,5,kernel_ridge,"kernel_ridge[alpha=10.0,gamma_mult=2.0]",pred_SC,age,0.0924262334381538,0.85,False,False,True,ok
4S456Parcels,8,kernel_ridge,"kernel_ridge[alpha=10.0,gamma_mult=0.5]",obs_SC,age,0.0916685061479709,0.85,False,False,True,ok
Glasser,4,kernel_ridge,"kernel_ridge[alpha=10.0,gamma_mult=1.0]",obs_FC+obs_SC,age,0.0914924124964136,0.85,False,False,True,ok
Glasser,8,kernel_ridge,"kernel_ridge[alpha=1.0,gamma_mult=2.0]",obs_FC,age,0.0911413193421694,0.85,False,False,True,ok
4S456Parcels,1,pca_pls,pca_pls,pred_SC,age,0.0902949298880521,0.85,False,False,True,ok
4S456Parcels,3,kernel_ridge,"kernel_ridge[alpha=10.0,gamma_mult=1.0]",pred_SC,age,0.0890193811376477,0.85,False,False,True,ok
4S456Parcels,6,kernel_ridge,"kernel_ridge[alpha=10.0,gamma_mult=2.0]",obs_FC+obs_SC,age,0.0889858957219972,0.85,False,False,True,ok
4S456Parcels,4,kernel_ridge,"kernel_ridge[alpha=10.0,gamma_mult=2.0]",pred_SC+bv+demo,age,0.0886885226496784,0.85,False,True,False,ok
Glasser,4,kernel_ridge,"kernel_ridge[alpha=10.0,gamma_mult=1.0]",pred_SC,age,0.0885896615453977,0.85,False,False,True,ok
4S456Parcels,9,kernel_ridge,"kernel_ridge[alpha=1.0,gamma_mult=2.0]",pred_FC,age,0.0881023816230925,0.85,False,False,True,ok
Glasser,6,kernel_ridge,"kernel_ridge[alpha=10.0,gamma_mult=1.0]",obs_FC,age,0.0874318806426672,0.85,False,False,True,ok
Glasser,4,kernel_ridge,"kernel_ridge[alpha=10.0,gamma_mult=0.5]",obs_SC,age,0.0873443866119963,0.85,False,False,True,ok
Glasser,3,kernel_ridge,"kernel_ridge[alpha=10.0,gamma_mult=0.5]",obs_FC,age,0.0872336641274014,0.85,False,False,True,ok
4S456Parcels,7,kernel_ridge,"kernel_ridge[alpha=10.0,gamma_mult=1.0]",pred_FC+bv+demo,age,0.087082627694802,0.85,False,True,False,ok
4S456Parcels,1,kernel_ridge,"kernel_ridge[alpha=10.0,gamma_mult=1.0]",pred_SC+bv+demo,age,0.0869675221439458,0.85,False,True,False,ok
4S456Parcels,9,pca_pls,pca_pls,pred_SC,age,0.0865018402752321,0.85,False,False,True,ok
Glasser,5,kernel_ridge,"kernel_ridge[alpha=10.0,gamma_mult=2.0]",obs_SC+bv+demo,age,0.0858570129405982,0.85,False,True,False,ok
Glasser,8,kernel_ridge,"kernel_ridge[alpha=10.0,gamma_mult=1.0]",obs_FC+bv+demo,age,0.0836095775224455,0.85,False,True,False,ok
Glasser,1,pca_pls,pca_pls,obs_SC,age,0.0834523500279652,0.85,False,False,True,ok
4S456Parcels,6,pca_pls,pca_pls,pred_FC,age,0.0833951119228465,0.85,False,False,True,ok
Glasser,1,kernel_ridge,"kernel_ridge[alpha=10.0,gamma_mult=0.5]",obs_FC+obs_SC,age,0.0819313452317348,0.85,False,False,True,ok
Glasser,1,kernel_ridge,"kernel_ridge[alpha=10.0,gamma_mult=2.0]",pred_SC,age,0.081918793372087,0.85,False,False,True,ok
4S456Parcels,5,kernel_ridge,"kernel_ridge[alpha=10.0,gamma_mult=1.0]",pred_FC,age,0.0815402847894933,0.85,False,False,True,ok
4S456Parcels,6,kernel_ridge,"kernel_ridge[alpha=10.0,gamma_mult=1.0]",obs_SC,age,0.0806842427055668,0.85,False,False,True,ok
4S456Parcels,8,kernel_ridge,"kernel_ridge[alpha=10.0,gamma_mult=0.5]",pred_SC+bv+demo,age,0.0804747144694083,0.85,False,True,False,ok
4S456Parcels,4,kernel_ridge,"kernel_ridge[alpha=10.0,gamma_mult=1.0]",obs_FC,age,0.0801121756578314,0.85,False,False,True,ok
4S456Parcels,7,kernel_ridge,"kernel_ridge[alpha=10.0,gamma_mult=0.5]",pred_SC,age,0.079345885234023,0.85,False,False,True,ok
Glasser,0,pca_pls,pca_pls,pred_SC,age,0.0785083799266148,0.85,False,False,True,ok
Glasser,3,kernel_ridge,"kernel_ridge[alpha=10.0,gamma_mult=0.5]",pred_SC,age,0.0774291856598345,0.85,False,False,True,ok
4S456Parcels,6,kernel_ridge,"kernel_ridge[alpha=10.0,gamma_mult=2.0]",obs_FC,age,0.0767720450525218,0.85,False,False,True,ok
4S456Parcels,0,kernel_ridge,"kernel_ridge[alpha=10.0,gamma_mult=1.0]",obs_SC+bv+demo,age,0.07599898086372,0.85,False,True,False,ok
4S456Parcels,1,kernel_ridge,"kernel_ridge[alpha=10.0,gamma_mult=1.0]",pred_FC,age,0.0758266829838797,0.85,False,False,True,ok
Glasser,7,kernel_ridge,"kernel_ridge[alpha=10.0,gamma_mult=0.5]",pred_FC,age,0.0755727760073276,0.85,False,False,True,ok
Glasser,0,kernel_ridge,"kernel_ridge[alpha=10.0,gamma_mult=1.0]",pred_FC,age,0.0754597865159984,0.85,False,False,True,ok
Glasser,9,kernel_ridge,"kernel_ridge[alpha=0.1,gamma_mult=2.0]",pred_FC,age,0.0751355493850271,0.85,False,False,True,ok
4S456Parcels,6,kernel_ridge,"kernel_ridge[alpha=10.0,gamma_mult=2.0]",pred_FC+bv+demo,age,0.0751175211496988,0.85,False,True,False,ok
4S456Parcels,7,kernel_ridge,"kernel_ridge[alpha=10.0,gamma_mult=1.0]",pred_SC,age,0.0743414101234967,0.85,False,False,True,ok
4S456Parcels,9,kernel_ridge,"kernel_ridge[alpha=10.0,gamma_mult=0.5]",pred_FC,age,0.0740887903917065,0.85,False,False,True,ok
Glasser,0,kernel_ridge,"kernel_ridge[alpha=10.0,gamma_mult=1.0]",obs_FC,age,0.0739443195040014,0.85,False,False,True,ok
Glasser,2,kernel_ridge,"kernel_ridge[alpha=10.0,gamma_mult=2.0]",obs_FC+bv+demo,age,0.0727024628201219,0.85,False,True,False,ok
4S456Parcels,3,kernel_ridge,"kernel_ridge[alpha=10.0,gamma_mult=1.0]",obs_FC,age,0.0722778828428623,0.85,False,False,True,ok
4S456Parcels,3,kernel_ridge,"kernel_ridge[alpha=10.0,gamma_mult=2.0]",obs_FC+obs_SC,age,0.070595002941082,0.85,False,False,True,ok
Glasser,0,kernel_ridge,"kernel_ridge[alpha=10.0,gamma_mult=2.0]",pred_SC,age,0.0705530290692974,0.85,False,False,True,ok
Glasser,4,kernel_ridge,"kernel_ridge[alpha=10.0,gamma_mult=1.0]",pred_SC+bv+demo,age,0.070050188453855,0.85,False,True,False,ok
Glasser,7,kernel_ridge,"kernel_ridge[alpha=1.0,gamma_mult=2.0]",pred_FC,age,0.0700301698245917,0.85,False,False,True,ok
Glasser,4,kernel_ridge,"kernel_ridge[alpha=10.0,gamma_mult=1.0]",obs_SC,age,0.0698308483505962,0.85,False,False,True,ok
4S456Parcels,8,kernel_ridge,"kernel_ridge[alpha=10.0,gamma_mult=1.0]",obs_SC,age,0.0698250280480892,0.85,False,False,True,ok
Glasser,3,kernel_ridge,"kernel_ridge[alpha=10.0,gamma_mult=2.0]",obs_SC,age,0.069705777193397,0.85,False,False,True,ok
4S456Parcels,0,kernel_ridge,"kernel_ridge[alpha=10.0,gamma_mult=2.0]",obs_FC,age,0.0694213574352904,0.85,False,False,True,ok
Glasser,7,kernel_ridge,"kernel_ridge[alpha=0.1,gamma_mult=2.0]",pred_FC,age,0.0691216214107847,0.85,False,False,True,ok
Glasser,1,kernel_ridge,"kernel_ridge[alpha=10.0,gamma_mult=0.5]",pred_FC,age,0.0688935113858875,0.85,False,False,True,ok
4S456Parcels,0,kernel_ridge,"kernel_ridge[alpha=10.0,gamma_mult=1.0]",obs_FC+obs_SC,age,0.0680282595796126,0.85,False,False,True,ok
Glasser,8,kernel_ridge,"kernel_ridge[alpha=10.0,gamma_mult=1.0]",pred_FC,age,0.0680203635399427,0.85,False,False,True,ok
Glasser,3,kernel_ridge,"kernel_ridge[alpha=10.0,gamma_mult=1.0]",pred_SC,age,0.0674481216119977,0.85,False,False,True,ok
4S456Parcels,1,kernel_ridge,"kernel_ridge[alpha=10.0,gamma_mult=0.5]",obs_SC,age,0.0672046300958466,0.85,False,False,True,ok
Glasser,8,kernel_ridge,"kernel_ridge[alpha=10.0,gamma_mult=0.5]",pred_SC+bv+demo,age,0.0671610002576644,0.85,False,True,False,ok
Glasser,5,kernel_ridge,"kernel_ridge[alpha=0.1,gamma_mult=2.0]",pred_FC,age,0.0670109953900462,0.85,False,False,True,ok
Glasser,4,kernel_ridge,"kernel_ridge[alpha=10.0,gamma_mult=1.0]",obs_FC,age,0.0670004257391193,0.85,False,False,True,ok
Glasser,6,kernel_ridge,"kernel_ridge[alpha=10.0,gamma_mult=2.0]",obs_FC+obs_SC,age,0.0662018669679554,0.85,False,False,True,ok
Glasser,3,kernel_ridge,"kernel_ridge[alpha=10.0,gamma_mult=2.0]",pred_FC,age,0.0654142172998882,0.85,False,False,True,ok
Glasser,7,pca_pls,pca_pls,obs_FC+bv+demo,age,0.0647775329469452,0.85,False,True,False,ok
4S456Parcels,2,kernel_ridge,"kernel_ridge[alpha=10.0,gamma_mult=0.5]",obs_FC+obs_SC,age,0.0643704729904634,0.85,False,False,True,ok
Glasser,6,kernel_ridge,"kernel_ridge[alpha=10.0,gamma_mult=0.5]",obs_SC,age,0.0640328156722191,0.85,False,False,True,ok
4S456Parcels,9,kernel_ridge,"kernel_ridge[alpha=10.0,gamma_mult=2.0]",obs_FC,age,0.0630994453701187,0.85,False,False,True,ok
4S456Parcels,2,kernel_ridge,"kernel_ridge[alpha=10.0,gamma_mult=2.0]",pred_SC,age,0.0630505328900244,0.85,False,False,True,ok
4S456Parcels,7,kernel_ridge,"kernel_ridge[alpha=10.0,gamma_mult=2.0]",obs_FC,age,0.0628348392095782,0.85,False,False,True,ok
4S456Parcels,3,kernel_ridge,"kernel_ridge[alpha=10.0,gamma_mult=2.0]",obs_SC,age,0.0627986030025818,0.85,False,False,True,ok
Glasser,9,kernel_ridge,"kernel_ridge[alpha=10.0,gamma_mult=2.0]",pred_SC,age,0.0622337312402585,0.85,False,False,True,ok
4S456Parcels,8,kernel_ridge,"kernel_ridge[alpha=10.0,gamma_mult=1.0]",pred_FC,age,0.0620787691324734,0.85,False,False,True,ok
4S456Parcels,2,kernel_ridge,"kernel_ridge[alpha=10.0,gamma_mult=0.5]",obs_FC,age,0.0620174157050054,0.85,False,False,True,ok
4S456Parcels,2,kernel_ridge,"kernel_ridge[alpha=10.0,gamma_mult=2.0]",obs_FC+bv+demo,age,0.0618047081946201,0.85,False,True,False,ok
Glasser,2,pca_pls,pca_pls,pred_SC,age,0.0613409197939858,0.85,False,False,True,ok
4S456Parcels,8,kernel_ridge,"kernel_ridge[alpha=10.0,gamma_mult=1.0]",pred_SC+bv+demo,age,0.0611464976892841,0.85,False,True,False,ok
4S456Parcels,2,kernel_ridge,"kernel_ridge[alpha=10.0,gamma_mult=1.0]",pred_SC+bv+demo,age,0.0598706391698381,0.85,False,True,False,ok
4S456Parcels,9,kernel_ridge,"kernel_ridge[alpha=10.0,gamma_mult=2.0]",obs_FC+obs_SC,age,0.058962518230123,0.85,False,False,True,ok
4S456Parcels,7,kernel_ridge,"kernel_ridge[alpha=10.0,gamma_mult=0.5]",obs_SC,age,0.0586195973872543,0.85,False,False,True,ok
Glasser,0,kernel_ridge,"kernel_ridge[alpha=10.0,gamma_mult=0.5]",obs_FC+obs_SC,age,0.0576215673322835,0.85,False,False,True,ok
4S456Parcels,3,pca_pls,pca_pls,obs_SC,age,0.0570193364932238,0.85,False,False,True,ok
4S456Parcels,1,kernel_ridge,"kernel_ridge[alpha=10.0,gamma_mult=2.0]",obs_FC+bv+demo,age,0.0568273027380797,0.85,False,True,False,ok
4S456Parcels,1,kernel_ridge,"kernel_ridge[alpha=10.0,gamma_mult=0.5]",obs_FC,age,0.0563934460202366,0.85,False,False,True,ok
Glasser,1,pca_pls,pca_pls,pred_FC,age,0.0551327378200692,0.85,False,False,True,ok
4S456Parcels,9,kernel_ridge,"kernel_ridge[alpha=10.0,gamma_mult=2.0]",pred_SC+bv+demo,age,0.0547583090623585,0.85,False,True,False,ok
4S456Parcels,7,kernel_ridge,"kernel_ridge[alpha=10.0,gamma_mult=2.0]",pred_FC,age,0.0546401100360166,0.85,False,False,True,ok
4S456Parcels,2,kernel_ridge,"kernel_ridge[alpha=10.0,gamma_mult=2.0]",obs_SC+bv+demo,age,0.0546181163751245,0.85,False,True,False,ok
Glasser,2,kernel_ridge,"kernel_ridge[alpha=10.0,gamma_mult=0.5]",obs_FC+obs_SC,age,0.0545487007278155,0.85,False,False,True,ok
Glasser,5,kernel_ridge,"kernel_ridge[alpha=1.0,gamma_mult=2.0]",pred_FC,age,0.054506150035048,0.85,False,False,True,ok
Glasser,4,kernel_ridge,"kernel_ridge[alpha=10.0,gamma_mult=2.0]",pred_SC,age,0.054490676712515,0.85,False,False,True,ok
Glasser,7,pca_pls,pca_pls,pred_SC,age,0.0543247753608957,0.85,False,False,True,ok
4S456Parcels,7,kernel_ridge,"kernel_ridge[alpha=10.0,gamma_mult=2.0]",pred_SC,age,0.0542181759829327,0.85,False,False,True,ok
Glasser,3,kernel_ridge,"kernel_ridge[alpha=10.0,gamma_mult=1.0]",obs_FC,age,0.0541274701071434,0.85,False,False,True,ok
Glasser,9,kernel_ridge,"kernel_ridge[alpha=1.0,gamma_mult=2.0]",pred_FC,age,0.0540631370579438,0.85,False,False,True,ok
Glasser,1,kernel_ridge,"kernel_ridge[alpha=10.0,gamma_mult=0.5]",obs_FC,age,0.0534415695047682,0.85,False,False,True,ok
Glasser,1,kernel_ridge,"kernel_ridge[alpha=10.0,gamma_mult=2.0]",pred_FC+bv+demo,age,0.0523939561911789,0.85,False,True,False,ok
Glasser,3,kernel_ridge,"kernel_ridge[alpha=10.0,gamma_mult=2.0]",obs_FC+obs_SC,age,0.0514210051943796,0.85,False,False,True,ok
Glasser,8,kernel_ridge,"kernel_ridge[alpha=0.1,gamma_mult=2.0]",pred_FC,age,0.0511812869241153,0.85,False,False,True,ok
Glasser,6,kernel_ridge,"kernel_ridge[alpha=10.0,gamma_mult=1.0]",obs_SC,age,0.0504252823109052,0.85,False,False,True,ok
4S456Parcels,8,kernel_ridge,"kernel_ridge[alpha=10.0,gamma_mult=1.0]",obs_FC+bv+demo,age,0.0491690854044356,0.85,False,True,False,ok
Glasser,8,kernel_ridge,"kernel_ridge[alpha=10.0,gamma_mult=0.5]",obs_SC,age,0.0488899548139034,0.85,False,False,True,ok
Glasser,9,kernel_ridge,"kernel_ridge[alpha=10.0,gamma_mult=0.5]",pred_FC,age,0.0487736214407476,0.85,False,False,True,ok
4S456Parcels,4,kernel_ridge,"kernel_ridge[alpha=10.0,gamma_mult=0.5]",obs_SC,age,0.0484248355896309,0.85,False,False,True,ok
4S456Parcels,1,kernel_ridge,"kernel_ridge[alpha=10.0,gamma_mult=1.0]",obs_FC+obs_SC,age,0.0471787666055604,0.85,False,False,True,ok
Glasser,3,kernel_ridge,"kernel_ridge[alpha=10.0,gamma_mult=2.0]",pred_SC,age,0.0467448145084825,0.85,False,False,True,ok
4S456Parcels,5,kernel_ridge,"kernel_ridge[alpha=10.0,gamma_mult=2.0]",pred_FC,age,0.0465656968904573,0.85,False,False,True,ok
4S456Parcels,4,kernel_ridge,"kernel_ridge[alpha=10.0,gamma_mult=2.0]",obs_FC+obs_SC,age,0.045850979784313,0.85,False,False,True,ok
Glasser,1,kernel_ridge,"kernel_ridge[alpha=10.0,gamma_mult=1.0]",pred_FC,age,0.0455215916208834,0.85,False,False,True,ok
Glasser,8,kernel_ridge,"kernel_ridge[alpha=1.0,gamma_mult=2.0]",pred_FC,age,0.0450629474909798,0.85,False,False,True,ok
Glasser,8,kernel_ridge,"kernel_ridge[alpha=10.0,gamma_mult=1.0]",pred_SC+bv+demo,age,0.0448680616350365,0.85,False,True,False,ok
Glasser,6,kernel_ridge,"kernel_ridge[alpha=10.0,gamma_mult=2.0]",obs_FC,age,0.0438019420747872,0.85,False,False,True,ok
Glasser,7,kernel_ridge,"kernel_ridge[alpha=10.0,gamma_mult=1.0]",pred_FC,age,0.0436578139875931,0.85,False,False,True,ok
Glasser,2,kernel_ridge,"kernel_ridge[alpha=10.0,gamma_mult=1.0]",pred_SC,age,0.0434124936514298,0.85,False,False,True,ok
4S456Parcels,1,kernel_ridge,"kernel_ridge[alpha=10.0,gamma_mult=1.0]",obs_SC,age,0.0432192322002696,0.85,False,False,True,ok
Glasser,2,kernel_ridge,"kernel_ridge[alpha=10.0,gamma_mult=2.0]",pred_SC,age,0.0432028177069413,0.85,False,False,True,ok
Glasser,4,kernel_ridge,"kernel_ridge[alpha=10.0,gamma_mult=2.0]",obs_FC+obs_SC,age,0.0429779341352974,0.85,False,False,True,ok
Glasser,7,kernel_ridge,"kernel_ridge[alpha=10.0,gamma_mult=0.5]",obs_SC,age,0.041802733003124,0.85,False,False,True,ok
Glasser,1,kernel_ridge,"kernel_ridge[alpha=10.0,gamma_mult=1.0]",obs_FC+obs_SC,age,0.0415245568613043,0.85,False,False,True,ok
Glasser,2,kernel_ridge,"kernel_ridge[alpha=10.0,gamma_mult=0.5]",obs_FC,age,0.0413165497181693,0.85,False,False,True,ok
4S456Parcels,1,kernel_ridge,"kernel_ridge[alpha=10.0,gamma_mult=0.5]",pred_SC,age,0.037523002241152,0.85,False,False,True,ok
Glasser,4,kernel_ridge,"kernel_ridge[alpha=10.0,gamma_mult=2.0]",obs_SC,age,0.0374811402190084,0.85,False,False,True,ok
Glasser,0,kernel_ridge,"kernel_ridge[alpha=10.0,gamma_mult=2.0]",obs_FC,age,0.036009980226636,0.85,False,False,True,ok
Glasser,8,kernel_ridge,"kernel_ridge[alpha=10.0,gamma_mult=1.0]",obs_SC,age,0.0352611544400623,0.85,False,False,True,ok
Glasser,3,pca_pls,pca_pls,pred_SC,age,0.0346181521764871,0.85,False,False,True,ok
4S456Parcels,4,kernel_ridge,"kernel_ridge[alpha=10.0,gamma_mult=2.0]",obs_FC,age,0.0345859356220305,0.85,False,False,True,ok
4S456Parcels,1,kernel_ridge,"kernel_ridge[alpha=10.0,gamma_mult=2.0]",pred_FC,age,0.03447079734969,0.85,False,False,True,ok
4S456Parcels,6,kernel_ridge,"kernel_ridge[alpha=10.0,gamma_mult=2.0]",obs_SC,age,0.0343643771029707,0.85,False,False,True,ok
4S456Parcels,2,kernel_ridge,"kernel_ridge[alpha=10.0,gamma_mult=1.0]",obs_FC,age,0.0343554333085451,0.85,False,False,True,ok
4S456Parcels,8,kernel_ridge,"kernel_ridge[alpha=10.0,gamma_mult=2.0]",obs_SC,age,0.0332950627626446,0.85,False,False,True,ok
4S456Parcels,3,kernel_ridge,"kernel_ridge[alpha=10.0,gamma_mult=2.0]",pred_SC,age,0.0332256810715333,0.85,False,False,True,ok
Glasser,2,kernel_ridge,"kernel_ridge[alpha=10.0,gamma_mult=0.5]",pred_SC,age,0.0330737967550711,0.85,False,False,True,ok
4S456Parcels,8,kernel_ridge,"kernel_ridge[alpha=0.1,gamma_mult=2.0]",pred_FC,age,0.0326438796226995,0.85,False,False,True,ok
Glasser,4,kernel_ridge,"kernel_ridge[alpha=10.0,gamma_mult=2.0]",obs_FC,age,0.0325477953614467,0.85,False,False,True,ok
4S456Parcels,7,kernel_ridge,"kernel_ridge[alpha=10.0,gamma_mult=1.0]",obs_SC,age,0.032541121697051,0.85,False,False,True,ok
4S456Parcels,4,kernel_ridge,"kernel_ridge[alpha=10.0,gamma_mult=1.0]",obs_SC,age,0.028212340309873,0.85,False,False,True,ok
4S456Parcels,1,kernel_ridge,"kernel_ridge[alpha=10.0,gamma_mult=1.0]",pred_SC,age,0.0274170111399611,0.85,False,False,True,ok
4S456Parcels,2,kernel_ridge,"kernel_ridge[alpha=10.0,gamma_mult=1.0]",obs_FC+obs_SC,age,0.0271601019903199,0.85,False,False,True,ok
Glasser,8,kernel_ridge,"kernel_ridge[alpha=10.0,gamma_mult=2.0]",pred_FC,age,0.0268820070312214,0.85,False,False,True,ok
4S456Parcels,4,pca_pls,pca_pls,obs_SC,age,0.0260980094943975,0.85,False,False,True,ok
Glasser,2,pca_pls,pca_pls,obs_SC+bv+demo,age,0.0249207922176791,0.85,False,True,False,ok
Glasser,2,kernel_ridge,"kernel_ridge[alpha=10.0,gamma_mult=1.0]",obs_FC+obs_SC,age,0.0244003823302009,0.85,False,False,True,ok
Glasser,6,kernel_ridge,"kernel_ridge[alpha=10.0,gamma_mult=2.0]",obs_SC,age,0.0239580628868432,0.85,False,False,True,ok
4S456Parcels,8,kernel_ridge,"kernel_ridge[alpha=1.0,gamma_mult=2.0]",pred_FC,age,0.0235779118089182,0.85,False,False,True,ok
4S456Parcels,8,kernel_ridge,"kernel_ridge[alpha=10.0,gamma_mult=2.0]",pred_SC+bv+demo,age,0.0229715687618883,0.85,False,True,False,ok
Glasser,7,kernel_ridge,"kernel_ridge[alpha=10.0,gamma_mult=1.0]",obs_SC,age,0.0221852643431204,0.85,False,False,True,ok
4S456Parcels,7,kernel_ridge,"kernel_ridge[alpha=10.0,gamma_mult=2.0]",pred_FC+bv+demo,age,0.0221594008205277,0.85,False,True,False,ok
Glasser,0,kernel_ridge,"kernel_ridge[alpha=10.0,gamma_mult=1.0]",obs_FC+obs_SC,age,0.0216408997225493,0.85,False,False,True,ok
Glasser,1,kernel_ridge,"kernel_ridge[alpha=10.0,gamma_mult=1.0]",obs_FC,age,0.0211646619350306,0.85,False,False,True,ok
4S456Parcels,8,kernel_ridge,"kernel_ridge[alpha=10.0,gamma_mult=0.5]",obs_FC+obs_SC,age,0.0211261068159967,0.85,False,False,True,ok
4S456Parcels,4,pca_pls,pca_pls,obs_FC+bv+demo,age,0.0203796638288697,0.85,False,True,False,ok
Glasser,0,kernel_ridge,"kernel_ridge[alpha=10.0,gamma_mult=2.0]",pred_FC,age,0.0198567200072225,0.85,False,False,True,ok
Glasser,1,kernel_ridge,"kernel_ridge[alpha=10.0,gamma_mult=0.5]",obs_SC,age,0.0188021559340471,0.85,False,False,True,ok
4S456Parcels,1,kernel_ridge,"kernel_ridge[alpha=10.0,gamma_mult=1.0]",obs_FC,age,0.0174015888898526,0.85,False,False,True,ok
Glasser,2,kernel_ridge,"kernel_ridge[alpha=10.0,gamma_mult=1.0]",obs_FC,age,0.0165970713704871,0.85,False,False,True,ok
4S456Parcels,8,kernel_ridge,"kernel_ridge[alpha=10.0,gamma_mult=0.5]",pred_SC,age,0.0159045200010039,0.85,False,False,True,ok
4S456Parcels,5,kernel_ridge,"kernel_ridge[alpha=10.0,gamma_mult=0.5]",obs_SC,age,0.0158399235306099,0.85,False,False,True,ok
Glasser,2,kernel_ridge,"kernel_ridge[alpha=10.0,gamma_mult=2.0]",pred_SC+bv+demo,age,0.0156989716268728,0.85,False,True,False,ok
Glasser,8,kernel_ridge,"kernel_ridge[alpha=10.0,gamma_mult=2.0]",obs_SC,age,0.0132003663612366,0.85,False,False,True,ok
Glasser,8,kernel_ridge,"kernel_ridge[alpha=10.0,gamma_mult=0.5]",pred_SC,age,0.0120011194847828,0.85,False,False,True,ok
Glasser,3,kernel_ridge,"kernel_ridge[alpha=10.0,gamma_mult=2.0]",obs_FC,age,0.0108443384789077,0.85,False,False,True,ok
4S456Parcels,3,kernel_ridge,"kernel_ridge[alpha=10.0,gamma_mult=2.0]",obs_FC,age,0.0104160518815124,0.85,False,False,True,ok
Glasser,5,kernel_ridge,"kernel_ridge[alpha=10.0,gamma_mult=0.5]",pred_FC,age,0.0094716531602119,0.85,False,False,True,ok
Glasser,3,pca_pls,pca_pls,pred_FC,age,0.009196303100594,0.85,False,False,True,ok
Glasser,1,kernel_ridge,"kernel_ridge[alpha=10.0,gamma_mult=2.0]",pred_FC,age,0.0086179911279488,0.85,False,False,True,ok
4S456Parcels,8,kernel_ridge,"kernel_ridge[alpha=10.0,gamma_mult=2.0]",pred_FC,age,0.0079477378485892,0.85,False,False,True,ok
4S456Parcels,1,kernel_ridge,"kernel_ridge[alpha=10.0,gamma_mult=2.0]",pred_SC+bv+demo,age,0.0056205558226012,0.85,False,True,False,ok
4S456Parcels,1,kernel_ridge,"kernel_ridge[alpha=10.0,gamma_mult=2.0]",obs_SC,age,0.0049241266203689,0.85,False,False,True,ok
Glasser,7,kernel_ridge,"kernel_ridge[alpha=10.0,gamma_mult=2.0]",pred_FC,age,0.0044081929570779,0.85,False,False,True,ok
4S456Parcels,0,kernel_ridge,"kernel_ridge[alpha=10.0,gamma_mult=2.0]",obs_FC+obs_SC,age,0.0042336469764593,0.85,False,False,True,ok
Glasser,8,kernel_ridge,"kernel_ridge[alpha=10.0,gamma_mult=1.0]",pred_SC,age,0.0034800432831279,0.85,False,False,True,ok
Glasser,8,kernel_ridge,"kernel_ridge[alpha=10.0,gamma_mult=2.0]",pred_SC+bv+demo,age,0.0034280084963497,0.85,False,True,False,ok
4S456Parcels,9,kernel_ridge,"kernel_ridge[alpha=10.0,gamma_mult=1.0]",pred_FC,age,0.0033420803553447,0.85,False,False,True,ok
Glasser,9,kernel_ridge,"kernel_ridge[alpha=10.0,gamma_mult=1.0]",pred_FC,age,0.0022310653087486,0.85,False,False,True,ok
Glasser,9,kernel_ridge,"kernel_ridge[alpha=10.0,gamma_mult=0.5]",obs_SC,age,0.0011681005138722,0.85,False,False,True,ok
Glasser,1,kernel_ridge,"kernel_ridge[alpha=10.0,gamma_mult=1.0]",obs_SC,age,0.0009426406576068,0.85,False,False,True,ok
Glasser,3,pca_pls,pca_pls,obs_FC+bv+demo,age,0.0008042950505661,0.85,False,True,False,ok
Glasser,8,kernel_ridge,"kernel_ridge[alpha=10.0,gamma_mult=2.0]",obs_FC+bv+demo,age,-0.0001479431487431,0.85,False,True,False,ok
4S456Parcels,1,kernel_ridge,"kernel_ridge[alpha=10.0,gamma_mult=2.0]",pred_SC,age,-0.0007506952004325,0.85,False,False,True,ok
4S456Parcels,9,kernel_ridge,"kernel_ridge[alpha=10.0,gamma_mult=0.5]",obs_SC,age,-0.0008333702693894,0.85,False,False,True,ok
4S456Parcels,2,kernel_ridge,"kernel_ridge[alpha=10.0,gamma_mult=2.0]",obs_FC,age,-0.0027530032330547,0.85,False,False,True,ok
Glasser,9,pca_pls,pca_pls,obs_SC,age,-0.0029296817990849,0.85,False,False,True,ok
4S456Parcels,2,pca_pls,pca_pls,obs_FC,age,-0.0051933576533972,0.85,False,False,True,ok
Glasser,0,kernel_ridge,"kernel_ridge[alpha=10.0,gamma_mult=2.0]",obs_SC+bv+demo,age,-0.0052953118024315,0.85,False,True,False,ok
4S456Parcels,5,kernel_ridge,"kernel_ridge[alpha=10.0,gamma_mult=1.0]",obs_SC,age,-0.0061073391776895,0.85,False,False,True,ok
4S456Parcels,4,kernel_ridge,"kernel_ridge[alpha=10.0,gamma_mult=2.0]",obs_SC,age,-0.0067454779769708,0.85,False,False,True,ok
4S456Parcels,8,kernel_ridge,"kernel_ridge[alpha=10.0,gamma_mult=1.0]",pred_SC,age,-0.0072451372295441,0.85,False,False,True,ok
Glasser,7,pca_pls,pca_pls,obs_SC+bv+demo,age,-0.0090431171625267,0.85,False,True,False,ok
4S456Parcels,7,kernel_ridge,"kernel_ridge[alpha=10.0,gamma_mult=2.0]",obs_SC,age,-0.0115323300715347,0.85,False,False,True,ok
Glasser,7,kernel_ridge,"kernel_ridge[alpha=10.0,gamma_mult=2.0]",obs_SC,age,-0.0116122407868055,0.85,False,False,True,ok
Glasser,2,kernel_ridge,"kernel_ridge[alpha=10.0,gamma_mult=2.0]",obs_FC,age,-0.0128456845268088,0.85,False,False,True,ok
Glasser,1,kernel_ridge,"kernel_ridge[alpha=10.0,gamma_mult=2.0]",obs_FC+obs_SC,age,-0.013787637465961,0.85,False,False,True,ok
4S456Parcels,2,kernel_ridge,"kernel_ridge[alpha=10.0,gamma_mult=2.0]",pred_SC+bv+demo,age,-0.0167148470402043,0.85,False,True,False,ok
Glasser,2,kernel_ridge,"kernel_ridge[alpha=10.0,gamma_mult=2.0]",obs_FC+obs_SC,age,-0.0168393606906774,0.85,False,False,True,ok
Glasser,9,kernel_ridge,"kernel_ridge[alpha=10.0,gamma_mult=1.0]",obs_SC,age,-0.01743202959812,0.85,False,False,True,ok
Glasser,2,kernel_ridge,"kernel_ridge[alpha=10.0,gamma_mult=0.5]",obs_SC,age,-0.0177004395687189,0.85,False,False,True,ok
Glasser,8,kernel_ridge,"kernel_ridge[alpha=10.0,gamma_mult=2.0]",pred_SC,age,-0.0190280968387056,0.85,False,False,True,ok
4S456Parcels,2,kernel_ridge,"kernel_ridge[alpha=10.0,gamma_mult=0.5]",obs_SC,age,-0.0194845237104722,0.85,False,False,True,ok
Glasser,1,kernel_ridge,"kernel_ridge[alpha=10.0,gamma_mult=2.0]",obs_FC,age,-0.0201737286536969,0.85,False,False,True,ok
Glasser,8,pca_pls,pca_pls,obs_SC,age,-0.0208019887337576,0.85,False,False,True,ok
4S456Parcels,8,kernel_ridge,"kernel_ridge[alpha=10.0,gamma_mult=1.0]",obs_FC+obs_SC,age,-0.0208567182334837,0.85,False,False,True,ok
4S456Parcels,1,kernel_ridge,"kernel_ridge[alpha=10.0,gamma_mult=2.0]",obs_FC+obs_SC,age,-0.0210644109042431,0.85,False,False,True,ok
4S456Parcels,4,kernel_ridge,"kernel_ridge[alpha=10.0,gamma_mult=0.5]",pred_SC,age,-0.0213642616831216,0.85,False,False,True,ok
Glasser,4,kernel_ridge,"kernel_ridge[alpha=10.0,gamma_mult=2.0]",pred_SC+bv+demo,age,-0.0239579891952883,0.85,False,True,False,ok
Glasser,5,kernel_ridge,"kernel_ridge[alpha=10.0,gamma_mult=1.0]",pred_FC,age,-0.0250790444333295,0.85,False,False,True,ok
4S456Parcels,2,kernel_ridge,"kernel_ridge[alpha=10.0,gamma_mult=2.0]",obs_FC+obs_SC,age,-0.0256590943285994,0.85,False,False,True,ok
4S456Parcels,1,pca_pls,pca_pls,obs_SC,age,-0.0264305628666819,0.85,False,False,True,ok
Glasser,1,kernel_ridge,"kernel_ridge[alpha=10.0,gamma_mult=2.0]",obs_SC,age,-0.026539026508465,0.85,False,False,True,ok
4S456Parcels,4,kernel_ridge,"kernel_ridge[alpha=10.0,gamma_mult=1.0]",pred_SC,age,-0.0271011051204594,0.85,False,False,True,ok
Glasser,6,pca_pls,pca_pls,pred_FC,age,-0.0271347208817733,0.85,False,False,True,ok
4S456Parcels,0,kernel_ridge,"kernel_ridge[alpha=10.0,gamma_mult=0.5]",pred_FC,age,-0.0276397243382518,0.85,False,False,True,ok
Glasser,8,kernel_ridge,"kernel_ridge[alpha=10.0,gamma_mult=0.5]",obs_FC+obs_SC,age,-0.0286257523107611,0.85,False,False,True,ok
Glasser,0,kernel_ridge,"kernel_ridge[alpha=10.0,gamma_mult=2.0]",obs_FC+obs_SC,age,-0.0296103208902907,0.85,False,False,True,ok
4S456Parcels,8,kernel_ridge,"kernel_ridge[alpha=10.0,gamma_mult=0.5]",obs_FC,age,-0.0297976030215615,0.85,False,False,True,ok
4S456Parcels,8,kernel_ridge,"kernel_ridge[alpha=10.0,gamma_mult=2.0]",obs_FC+bv+demo,age,-0.0300904827196037,0.85,False,True,False,ok
4S456Parcels,2,pca_pls,pca_pls,pred_SC,age,-0.0313975530628234,0.85,False,False,True,ok
4S456Parcels,1,kernel_ridge,"kernel_ridge[alpha=10.0,gamma_mult=2.0]",obs_FC,age,-0.0334373693822432,0.85,False,False,True,ok
4S456Parcels,9,kernel_ridge,"kernel_ridge[alpha=10.0,gamma_mult=1.0]",obs_SC,age,-0.0336456953722752,0.85,False,False,True,ok
4S456Parcels,3,pca_pls,pca_pls,obs_FC,age,-0.0345029642815639,0.85,False,False,True,ok
Glasser,2,kernel_ridge,"kernel_ridge[alpha=10.0,gamma_mult=1.0]",obs_SC,age,-0.0350701248624789,0.85,False,False,True,ok
Glasser,8,kernel_ridge,"kernel_ridge[alpha=10.0,gamma_mult=0.5]",obs_FC,age,-0.0400139435302497,0.85,False,False,True,ok
4S456Parcels,5,kernel_ridge,"kernel_ridge[alpha=10.0,gamma_mult=2.0]",obs_SC,age,-0.0447630073997774,0.85,False,False,True,ok
4S456Parcels,2,kernel_ridge,"kernel_ridge[alpha=10.0,gamma_mult=1.0]",obs_SC,age,-0.0451682580998839,0.85,False,False,True,ok
4S456Parcels,0,kernel_ridge,"kernel_ridge[alpha=10.0,gamma_mult=1.0]",pred_FC,age,-0.046803737165873,0.85,False,False,True,ok
Glasser,9,kernel_ridge,"kernel_ridge[alpha=10.0,gamma_mult=2.0]",obs_SC,age,-0.0493151405962036,0.85,False,False,True,ok
4S456Parcels,4,kernel_ridge,"kernel_ridge[alpha=10.0,gamma_mult=2.0]",pred_SC,age,-0.050300293206492,0.85,False,False,True,ok
Glasser,9,kernel_ridge,"kernel_ridge[alpha=10.0,gamma_mult=2.0]",pred_FC,age,-0.0542810974388094,0.85,False,False,True,ok
Glasser,5,pca_pls,pca_pls,obs_SC,age,-0.0561535407128222,0.85,False,False,True,ok
4S456Parcels,0,kernel_ridge,"kernel_ridge[alpha=10.0,gamma_mult=2.0]",obs_SC+bv+demo,age,-0.0561796753899291,0.85,False,True,False,ok
4S456Parcels,8,kernel_ridge,"kernel_ridge[alpha=10.0,gamma_mult=2.0]",pred_SC,age,-0.0585295599481409,0.85,False,False,True,ok
Glasser,8,kernel_ridge,"kernel_ridge[alpha=10.0,gamma_mult=1.0]",obs_FC+obs_SC,age,-0.0597483954604293,0.85,False,False,True,ok
4S456Parcels,8,kernel_ridge,"kernel_ridge[alpha=10.0,gamma_mult=1.0]",obs_FC,age,-0.0646548973774487,0.85,False,False,True,ok
Glasser,2,kernel_ridge,"kernel_ridge[alpha=10.0,gamma_mult=2.0]",obs_SC,age,-0.0668719704534392,0.85,False,False,True,ok
Glasser,8,kernel_ridge,"kernel_ridge[alpha=10.0,gamma_mult=1.0]",obs_FC,age,-0.0700988835272115,0.85,False,False,True,ok
Glasser,5,kernel_ridge,"kernel_ridge[alpha=10.0,gamma_mult=2.0]",pred_FC,age,-0.0702394382175565,0.85,False,False,True,ok
4S456Parcels,2,pca_pls,pca_pls,pred_FC,age,-0.0770420567684843,0.85,False,False,True,ok
4S456Parcels,8,kernel_ridge,"kernel_ridge[alpha=10.0,gamma_mult=2.0]",obs_FC+obs_SC,age,-0.07910135770375,0.85,False,False,True,ok
4S456Parcels,9,kernel_ridge,"kernel_ridge[alpha=10.0,gamma_mult=2.0]",obs_SC,age,-0.0849378524314151,0.85,False,False,True,ok
4S456Parcels,9,kernel_ridge,"kernel_ridge[alpha=10.0,gamma_mult=2.0]",pred_FC,age,-0.085502466386167,0.85,False,False,True,ok
4S456Parcels,2,kernel_ridge,"kernel_ridge[alpha=10.0,gamma_mult=2.0]",obs_SC,age,-0.0884074227566775,0.85,False,False,True,ok
4S456Parcels,4,pca_pls,pca_pls,pred_SC,age,-0.0893815740580045,0.85,False,False,True,ok
4S456Parcels,0,kernel_ridge,"kernel_ridge[alpha=10.0,gamma_mult=2.0]",pred_FC,age,-0.0948533018448814,0.85,False,False,True,ok
Glasser,5,kernel_ridge,"kernel_ridge[alpha=10.0,gamma_mult=0.5]",obs_SC,age,-0.0972927640845107,0.85,False,False,True,ok
Glasser,8,kernel_ridge,"kernel_ridge[alpha=10.0,gamma_mult=2.0]",obs_FC+obs_SC,age,-0.1023282714852009,0.85,False,False,True,ok
4S456Parcels,7,pca_pls,pca_pls,obs_SC,age,-0.1065378221102513,0.85,False,False,True,ok
Glasser,8,kernel_ridge,"kernel_ridge[alpha=10.0,gamma_mult=2.0]",obs_FC,age,-0.1073352374379108,0.85,False,False,True,ok
4S456Parcels,8,kernel_ridge,"kernel_ridge[alpha=10.0,gamma_mult=2.0]",obs_FC,age,-0.1096117034186056,0.85,False,False,True,ok
4S456Parcels,5,pca_pls,pca_pls,pred_FC,age,-0.1098274442586295,0.85,False,False,True,ok
Glasser,5,kernel_ridge,"kernel_ridge[alpha=10.0,gamma_mult=1.0]",obs_SC,age,-0.1155805753669025,0.85,False,False,True,ok
Glasser,5,pca_pls,pca_pls,obs_FC+bv+demo,age,-0.1256391259771336,0.85,False,True,False,ok
Glasser,8,pca_pls,pca_pls,pred_FC,age,-0.1377524097884742,0.85,False,False,True,ok
Glasser,5,kernel_ridge,"kernel_ridge[alpha=10.0,gamma_mult=2.0]",obs_SC,age,-0.1420665875260609,0.85,False,False,True,ok
Glasser,7,pca_pls,pca_pls,pred_FC,age,-0.1455544187857169,0.85,False,False,True,ok
Glasser,0,kernel_ridge,"kernel_ridge[alpha=10.0,gamma_mult=0.5]",obs_SC,age,-0.1677228639209757,0.85,False,False,True,ok
4S456Parcels,0,kernel_ridge,"kernel_ridge[alpha=10.0,gamma_mult=0.5]",obs_SC,age,-0.1682619596109608,0.85,False,False,True,ok
Glasser,0,kernel_ridge,"kernel_ridge[alpha=10.0,gamma_mult=1.0]",obs_SC,age,-0.187718078225692,0.85,False,False,True,ok
4S456Parcels,0,kernel_ridge,"kernel_ridge[alpha=10.0,gamma_mult=1.0]",obs_SC,age,-0.1886411647387094,0.85,False,False,True,ok
Glasser,0,kernel_ridge,"kernel_ridge[alpha=10.0,gamma_mult=2.0]",obs_SC,age,-0.222461831375135,0.85,False,False,True,ok
4S456Parcels,0,kernel_ridge,"kernel_ridge[alpha=10.0,gamma_mult=2.0]",obs_SC,age,-0.2261953666488645,0.85,False,False,True,ok
4S456Parcels,0,pca_pls,pca_pls,bv+demo,sex,1.0,0.99,True,True,False,EXEMPT_FLAGGED
4S456Parcels,0,pca_pls,pca_pls,obs_SC+bv+demo,sex,1.0,0.99,True,True,False,EXEMPT_FLAGGED
4S456Parcels,0,pca_pls,pca_pls,pred_SC+bv+demo,sex,1.0,0.99,True,True,False,EXEMPT_FLAGGED
4S456Parcels,0,pca_pls,pca_pls,pred_FC+bv+demo,sex,1.0,0.99,True,True,False,EXEMPT_FLAGGED
4S456Parcels,0,bayesian_ridge,bayesian_ridge,bv+demo,sex,1.0,0.99,True,True,False,EXEMPT_FLAGGED
4S456Parcels,0,bayesian_ridge,bayesian_ridge,pred_SC+bv+demo,sex,1.0,0.99,True,True,False,EXEMPT_FLAGGED
4S456Parcels,0,bayesian_ridge,bayesian_ridge,pred_FC+bv+demo,sex,1.0,0.99,True,True,False,EXEMPT_FLAGGED
4S456Parcels,0,kernel_ridge,"kernel_ridge[alpha=0.1,gamma_mult=0.5]",bv+demo,sex,1.0,0.99,True,True,False,EXEMPT_FLAGGED
4S456Parcels,0,kernel_ridge,"kernel_ridge[alpha=0.1,gamma_mult=0.5]",pred_SC+bv+demo,sex,1.0,0.99,True,True,False,EXEMPT_FLAGGED
4S456Parcels,0,kernel_ridge,"kernel_ridge[alpha=0.1,gamma_mult=0.5]",pred_FC+bv+demo,sex,1.0,0.99,True,True,False,EXEMPT_FLAGGED
4S456Parcels,0,kernel_ridge,"kernel_ridge[alpha=1.0,gamma_mult=0.5]",bv+demo,sex,1.0,0.99,True,True,False,EXEMPT_FLAGGED
4S456Parcels,0,kernel_ridge,"kernel_ridge[alpha=1.0,gamma_mult=0.5]",pred_SC+bv+demo,sex,1.0,0.99,True,True,False,EXEMPT_FLAGGED
4S456Parcels,0,kernel_ridge,"kernel_ridge[alpha=1.0,gamma_mult=0.5]",pred_FC+bv+demo,sex,1.0,0.99,True,True,False,EXEMPT_FLAGGED
4S456Parcels,0,kernel_ridge,"kernel_ridge[alpha=0.1,gamma_mult=1.0]",bv+demo,sex,1.0,0.99,True,True,False,EXEMPT_FLAGGED
4S456Parcels,0,kernel_ridge,"kernel_ridge[alpha=0.1,gamma_mult=1.0]",pred_SC+bv+demo,sex,1.0,0.99,True,True,False,EXEMPT_FLAGGED
4S456Parcels,0,kernel_ridge,"kernel_ridge[alpha=0.1,gamma_mult=1.0]",pred_FC+bv+demo,sex,1.0,0.99,True,True,False,EXEMPT_FLAGGED
4S456Parcels,0,kernel_ridge,"kernel_ridge[alpha=1.0,gamma_mult=1.0]",bv+demo,sex,1.0,0.99,True,True,False,EXEMPT_FLAGGED
4S456Parcels,0,kernel_ridge,"kernel_ridge[alpha=1.0,gamma_mult=1.0]",pred_SC+bv+demo,sex,1.0,0.99,True,True,False,EXEMPT_FLAGGED
4S456Parcels,0,kernel_ridge,"kernel_ridge[alpha=1.0,gamma_mult=1.0]",pred_FC+bv+demo,sex,1.0,0.99,True,True,False,EXEMPT_FLAGGED
4S456Parcels,0,kernel_ridge,"kernel_ridge[alpha=0.1,gamma_mult=2.0]",pred_SC+bv+demo,sex,1.0,0.99,True,True,False,EXEMPT_FLAGGED
4S456Parcels,0,kernel_ridge,"kernel_ridge[alpha=0.1,gamma_mult=2.0]",pred_FC+bv+demo,sex,1.0,0.99,True,True,False,EXEMPT_FLAGGED
4S456Parcels,1,pca_pls,pca_pls,bv+demo,sex,1.0,0.99,True,True,False,EXEMPT_FLAGGED
4S456Parcels,1,pca_pls,pca_pls,obs_FC+bv+demo,sex,1.0,0.99,True,True,False,EXEMPT_FLAGGED
4S456Parcels,1,pca_pls,pca_pls,pred_SC+bv+demo,sex,1.0,0.99,True,True,False,EXEMPT_FLAGGED
4S456Parcels,1,pca_pls,pca_pls,pred_FC+bv+demo,sex,1.0,0.99,True,True,False,EXEMPT_FLAGGED
4S456Parcels,1,bayesian_ridge,bayesian_ridge,bv+demo,sex,1.0,0.99,True,True,False,EXEMPT_FLAGGED
4S456Parcels,1,bayesian_ridge,bayesian_ridge,obs_FC+bv+demo,sex,1.0,0.99,True,True,False,EXEMPT_FLAGGED
4S456Parcels,1,bayesian_ridge,bayesian_ridge,pred_SC+bv+demo,sex,1.0,0.99,True,True,False,EXEMPT_FLAGGED
4S456Parcels,1,bayesian_ridge,bayesian_ridge,pred_FC+bv+demo,sex,1.0,0.99,True,True,False,EXEMPT_FLAGGED
4S456Parcels,1,kernel_ridge,"kernel_ridge[alpha=0.1,gamma_mult=0.5]",bv+demo,sex,1.0,0.99,True,True,False,EXEMPT_FLAGGED
4S456Parcels,1,kernel_ridge,"kernel_ridge[alpha=0.1,gamma_mult=0.5]",pred_SC+bv+demo,sex,1.0,0.99,True,True,False,EXEMPT_FLAGGED
4S456Parcels,1,kernel_ridge,"kernel_ridge[alpha=0.1,gamma_mult=0.5]",pred_FC+bv+demo,sex,1.0,0.99,True,True,False,EXEMPT_FLAGGED
4S456Parcels,1,kernel_ridge,"kernel_ridge[alpha=1.0,gamma_mult=0.5]",bv+demo,sex,1.0,0.99,True,True,False,EXEMPT_FLAGGED
4S456Parcels,1,kernel_ridge,"kernel_ridge[alpha=1.0,gamma_mult=0.5]",pred_SC+bv+demo,sex,1.0,0.99,True,True,False,EXEMPT_FLAGGED
4S456Parcels,1,kernel_ridge,"kernel_ridge[alpha=1.0,gamma_mult=0.5]",pred_FC+bv+demo,sex,1.0,0.99,True,True,False,EXEMPT_FLAGGED
4S456Parcels,1,kernel_ridge,"kernel_ridge[alpha=10.0,gamma_mult=0.5]",bv+demo,sex,1.0,0.99,True,True,False,EXEMPT_FLAGGED
4S456Parcels,1,kernel_ridge,"kernel_ridge[alpha=0.1,gamma_mult=1.0]",bv+demo,sex,1.0,0.99,True,True,False,EXEMPT_FLAGGED
4S456Parcels,1,kernel_ridge,"kernel_ridge[alpha=0.1,gamma_mult=1.0]",pred_SC+bv+demo,sex,1.0,0.99,True,True,False,EXEMPT_FLAGGED
4S456Parcels,1,kernel_ridge,"kernel_ridge[alpha=0.1,gamma_mult=1.0]",pred_FC+bv+demo,sex,1.0,0.99,True,True,False,EXEMPT_FLAGGED
4S456Parcels,1,kernel_ridge,"kernel_ridge[alpha=1.0,gamma_mult=1.0]",bv+demo,sex,1.0,0.99,True,True,False,EXEMPT_FLAGGED
4S456Parcels,1,kernel_ridge,"kernel_ridge[alpha=1.0,gamma_mult=1.0]",pred_SC+bv+demo,sex,1.0,0.99,True,True,False,EXEMPT_FLAGGED
4S456Parcels,1,kernel_ridge,"kernel_ridge[alpha=1.0,gamma_mult=1.0]",pred_FC+bv+demo,sex,1.0,0.99,True,True,False,EXEMPT_FLAGGED
4S456Parcels,1,kernel_ridge,"kernel_ridge[alpha=0.1,gamma_mult=2.0]",bv+demo,sex,1.0,0.99,True,True,False,EXEMPT_FLAGGED
4S456Parcels,1,kernel_ridge,"kernel_ridge[alpha=0.1,gamma_mult=2.0]",pred_SC+bv+demo,sex,1.0,0.99,True,True,False,EXEMPT_FLAGGED
4S456Parcels,1,kernel_ridge,"kernel_ridge[alpha=0.1,gamma_mult=2.0]",pred_FC+bv+demo,sex,1.0,0.99,True,True,False,EXEMPT_FLAGGED
4S456Parcels,1,kernel_ridge,"kernel_ridge[alpha=1.0,gamma_mult=2.0]",pred_SC+bv+demo,sex,1.0,0.99,True,True,False,EXEMPT_FLAGGED
4S456Parcels,1,kernel_ridge,"kernel_ridge[alpha=1.0,gamma_mult=2.0]",pred_FC+bv+demo,sex,1.0,0.99,True,True,False,EXEMPT_FLAGGED
4S456Parcels,2,pca_pls,pca_pls,bv+demo,sex,1.0,0.99,True,True,False,EXEMPT_FLAGGED
4S456Parcels,2,pca_pls,pca_pls,pred_SC+bv+demo,sex,1.0,0.99,True,True,False,EXEMPT_FLAGGED
4S456Parcels,2,pca_pls,pca_pls,pred_FC+bv+demo,sex,1.0,0.99,True,True,False,EXEMPT_FLAGGED
4S456Parcels,2,bayesian_ridge,bayesian_ridge,bv+demo,sex,1.0,0.99,True,True,False,EXEMPT_FLAGGED
4S456Parcels,2,bayesian_ridge,bayesian_ridge,pred_SC+bv+demo,sex,1.0,0.99,True,True,False,EXEMPT_FLAGGED
4S456Parcels,2,bayesian_ridge,bayesian_ridge,pred_FC+bv+demo,sex,1.0,0.99,True,True,False,EXEMPT_FLAGGED
4S456Parcels,2,kernel_ridge,"kernel_ridge[alpha=0.1,gamma_mult=0.5]",bv+demo,sex,1.0,0.99,True,True,False,EXEMPT_FLAGGED
4S456Parcels,2,kernel_ridge,"kernel_ridge[alpha=0.1,gamma_mult=0.5]",pred_SC+bv+demo,sex,1.0,0.99,True,True,False,EXEMPT_FLAGGED
4S456Parcels,2,kernel_ridge,"kernel_ridge[alpha=0.1,gamma_mult=0.5]",pred_FC+bv+demo,sex,1.0,0.99,True,True,False,EXEMPT_FLAGGED
4S456Parcels,2,kernel_ridge,"kernel_ridge[alpha=1.0,gamma_mult=0.5]",bv+demo,sex,1.0,0.99,True,True,False,EXEMPT_FLAGGED
4S456Parcels,2,kernel_ridge,"kernel_ridge[alpha=1.0,gamma_mult=0.5]",pred_SC+bv+demo,sex,1.0,0.99,True,True,False,EXEMPT_FLAGGED
4S456Parcels,2,kernel_ridge,"kernel_ridge[alpha=1.0,gamma_mult=0.5]",pred_FC+bv+demo,sex,1.0,0.99,True,True,False,EXEMPT_FLAGGED
4S456Parcels,2,kernel_ridge,"kernel_ridge[alpha=10.0,gamma_mult=0.5]",bv+demo,sex,1.0,0.99,True,True,False,EXEMPT_FLAGGED
4S456Parcels,2,kernel_ridge,"kernel_ridge[alpha=0.1,gamma_mult=1.0]",bv+demo,sex,1.0,0.99,True,True,False,EXEMPT_FLAGGED
4S456Parcels,2,kernel_ridge,"kernel_ridge[alpha=0.1,gamma_mult=1.0]",pred_SC+bv+demo,sex,1.0,0.99,True,True,False,EXEMPT_FLAGGED
4S456Parcels,2,kernel_ridge,"kernel_ridge[alpha=0.1,gamma_mult=1.0]",pred_FC+bv+demo,sex,1.0,0.99,True,True,False,EXEMPT_FLAGGED
4S456Parcels,2,kernel_ridge,"kernel_ridge[alpha=1.0,gamma_mult=1.0]",bv+demo,sex,1.0,0.99,True,True,False,EXEMPT_FLAGGED
4S456Parcels,2,kernel_ridge,"kernel_ridge[alpha=1.0,gamma_mult=1.0]",pred_SC+bv+demo,sex,1.0,0.99,True,True,False,EXEMPT_FLAGGED
4S456Parcels,2,kernel_ridge,"kernel_ridge[alpha=1.0,gamma_mult=1.0]",pred_FC+bv+demo,sex,1.0,0.99,True,True,False,EXEMPT_FLAGGED
4S456Parcels,2,kernel_ridge,"kernel_ridge[alpha=0.1,gamma_mult=2.0]",bv+demo,sex,1.0,0.99,True,True,False,EXEMPT_FLAGGED
4S456Parcels,2,kernel_ridge,"kernel_ridge[alpha=0.1,gamma_mult=2.0]",pred_SC+bv+demo,sex,1.0,0.99,True,True,False,EXEMPT_FLAGGED
4S456Parcels,2,kernel_ridge,"kernel_ridge[alpha=0.1,gamma_mult=2.0]",pred_FC+bv+demo,sex,1.0,0.99,True,True,False,EXEMPT_FLAGGED
4S456Parcels,2,kernel_ridge,"kernel_ridge[alpha=1.0,gamma_mult=2.0]",pred_SC+bv+demo,sex,1.0,0.99,True,True,False,EXEMPT_FLAGGED
4S456Parcels,2,kernel_ridge,"kernel_ridge[alpha=1.0,gamma_mult=2.0]",pred_FC+bv+demo,sex,1.0,0.99,True,True,False,EXEMPT_FLAGGED
4S456Parcels,3,pca_pls,pca_pls,bv+demo,sex,1.0,0.99,True,True,False,EXEMPT_FLAGGED
4S456Parcels,3,pca_pls,pca_pls,pred_SC+bv+demo,sex,1.0,0.99,True,True,False,EXEMPT_FLAGGED
4S456Parcels,3,pca_pls,pca_pls,pred_FC+bv+demo,sex,1.0,0.99,True,True,False,EXEMPT_FLAGGED
4S456Parcels,3,bayesian_ridge,bayesian_ridge,bv+demo,sex,1.0,0.99,True,True,False,EXEMPT_FLAGGED
4S456Parcels,3,bayesian_ridge,bayesian_ridge,pred_SC+bv+demo,sex,1.0,0.99,True,True,False,EXEMPT_FLAGGED
4S456Parcels,3,bayesian_ridge,bayesian_ridge,pred_FC+bv+demo,sex,1.0,0.99,True,True,False,EXEMPT_FLAGGED
4S456Parcels,3,kernel_ridge,"kernel_ridge[alpha=0.1,gamma_mult=0.5]",pred_SC+bv+demo,sex,1.0,0.99,True,True,False,EXEMPT_FLAGGED
4S456Parcels,3,kernel_ridge,"kernel_ridge[alpha=0.1,gamma_mult=0.5]",pred_FC+bv+demo,sex,1.0,0.99,True,True,False,EXEMPT_FLAGGED
4S456Parcels,3,kernel_ridge,"kernel_ridge[alpha=1.0,gamma_mult=0.5]",pred_SC+bv+demo,sex,1.0,0.99,True,True,False,EXEMPT_FLAGGED
4S456Parcels,3,kernel_ridge,"kernel_ridge[alpha=1.0,gamma_mult=0.5]",pred_FC+bv+demo,sex,1.0,0.99,True,True,False,EXEMPT_FLAGGED
4S456Parcels,3,kernel_ridge,"kernel_ridge[alpha=0.1,gamma_mult=1.0]",pred_SC+bv+demo,sex,1.0,0.99,True,True,False,EXEMPT_FLAGGED
4S456Parcels,3,kernel_ridge,"kernel_ridge[alpha=0.1,gamma_mult=1.0]",pred_FC+bv+demo,sex,1.0,0.99,True,True,False,EXEMPT_FLAGGED
4S456Parcels,3,kernel_ridge,"kernel_ridge[alpha=1.0,gamma_mult=1.0]",pred_SC+bv+demo,sex,1.0,0.99,True,True,False,EXEMPT_FLAGGED
4S456Parcels,3,kernel_ridge,"kernel_ridge[alpha=1.0,gamma_mult=1.0]",pred_FC+bv+demo,sex,1.0,0.99,True,True,False,EXEMPT_FLAGGED
4S456Parcels,3,kernel_ridge,"kernel_ridge[alpha=0.1,gamma_mult=2.0]",pred_SC+bv+demo,sex,1.0,0.99,True,True,False,EXEMPT_FLAGGED
4S456Parcels,3,kernel_ridge,"kernel_ridge[alpha=0.1,gamma_mult=2.0]",pred_FC+bv+demo,sex,1.0,0.99,True,True,False,EXEMPT_FLAGGED
4S456Parcels,4,pca_pls,pca_pls,bv+demo,sex,1.0,0.99,True,True,False,EXEMPT_FLAGGED
4S456Parcels,4,pca_pls,pca_pls,obs_SC+bv+demo,sex,1.0,0.99,True,True,False,EXEMPT_FLAGGED
4S456Parcels,4,pca_pls,pca_pls,pred_SC+bv+demo,sex,1.0,0.99,True,True,False,EXEMPT_FLAGGED
4S456Parcels,4,pca_pls,pca_pls,pred_FC+bv+demo,sex,1.0,0.99,True,True,False,EXEMPT_FLAGGED
4S456Parcels,4,bayesian_ridge,bayesian_ridge,bv+demo,sex,1.0,0.99,True,True,False,EXEMPT_FLAGGED
4S456Parcels,4,bayesian_ridge,bayesian_ridge,obs_SC+bv+demo,sex,1.0,0.99,True,True,False,EXEMPT_FLAGGED
4S456Parcels,4,bayesian_ridge,bayesian_ridge,pred_SC+bv+demo,sex,1.0,0.99,True,True,False,EXEMPT_FLAGGED
4S456Parcels,4,bayesian_ridge,bayesian_ridge,pred_FC+bv+demo,sex,1.0,0.99,True,True,False,EXEMPT_FLAGGED
4S456Parcels,4,kernel_ridge,"kernel_ridge[alpha=0.1,gamma_mult=0.5]",bv+demo,sex,1.0,0.99,True,True,False,EXEMPT_FLAGGED
4S456Parcels,4,kernel_ridge,"kernel_ridge[alpha=0.1,gamma_mult=0.5]",pred_SC+bv+demo,sex,1.0,0.99,True,True,False,EXEMPT_FLAGGED
4S456Parcels,4,kernel_ridge,"kernel_ridge[alpha=0.1,gamma_mult=0.5]",pred_FC+bv+demo,sex,1.0,0.99,True,True,False,EXEMPT_FLAGGED
4S456Parcels,4,kernel_ridge,"kernel_ridge[alpha=1.0,gamma_mult=0.5]",bv+demo,sex,1.0,0.99,True,True,False,EXEMPT_FLAGGED
4S456Parcels,4,kernel_ridge,"kernel_ridge[alpha=1.0,gamma_mult=0.5]",pred_SC+bv+demo,sex,1.0,0.99,True,True,False,EXEMPT_FLAGGED
4S456Parcels,4,kernel_ridge,"kernel_ridge[alpha=1.0,gamma_mult=0.5]",pred_FC+bv+demo,sex,1.0,0.99,True,True,False,EXEMPT_FLAGGED
4S456Parcels,4,kernel_ridge,"kernel_ridge[alpha=10.0,gamma_mult=0.5]",bv+demo,sex,1.0,0.99,True,True,False,EXEMPT_FLAGGED
4S456Parcels,4,kernel_ridge,"kernel_ridge[alpha=0.1,gamma_mult=1.0]",bv+demo,sex,1.0,0.99,True,True,False,EXEMPT_FLAGGED
4S456Parcels,4,kernel_ridge,"kernel_ridge[alpha=0.1,gamma_mult=1.0]",pred_SC+bv+demo,sex,1.0,0.99,True,True,False,EXEMPT_FLAGGED
4S456Parcels,4,kernel_ridge,"kernel_ridge[alpha=0.1,gamma_mult=1.0]",pred_FC+bv+demo,sex,1.0,0.99,True,True,False,EXEMPT_FLAGGED
4S456Parcels,4,kernel_ridge,"kernel_ridge[alpha=1.0,gamma_mult=1.0]",bv+demo,sex,1.0,0.99,True,True,False,EXEMPT_FLAGGED
4S456Parcels,4,kernel_ridge,"kernel_ridge[alpha=1.0,gamma_mult=1.0]",pred_SC+bv+demo,sex,1.0,0.99,True,True,False,EXEMPT_FLAGGED
4S456Parcels,4,kernel_ridge,"kernel_ridge[alpha=1.0,gamma_mult=1.0]",pred_FC+bv+demo,sex,1.0,0.99,True,True,False,EXEMPT_FLAGGED
4S456Parcels,4,kernel_ridge,"kernel_ridge[alpha=0.1,gamma_mult=2.0]",bv+demo,sex,1.0,0.99,True,True,False,EXEMPT_FLAGGED
4S456Parcels,4,kernel_ridge,"kernel_ridge[alpha=0.1,gamma_mult=2.0]",pred_SC+bv+demo,sex,1.0,0.99,True,True,False,EXEMPT_FLAGGED
4S456Parcels,4,kernel_ridge,"kernel_ridge[alpha=0.1,gamma_mult=2.0]",pred_FC+bv+demo,sex,1.0,0.99,True,True,False,EXEMPT_FLAGGED
4S456Parcels,4,kernel_ridge,"kernel_ridge[alpha=1.0,gamma_mult=2.0]",pred_SC+bv+demo,sex,1.0,0.99,True,True,False,EXEMPT_FLAGGED
4S456Parcels,4,kernel_ridge,"kernel_ridge[alpha=1.0,gamma_mult=2.0]",pred_FC+bv+demo,sex,1.0,0.99,True,True,False,EXEMPT_FLAGGED
4S456Parcels,5,pca_pls,pca_pls,bv+demo,sex,1.0,0.99,True,True,False,EXEMPT_FLAGGED
4S456Parcels,5,pca_pls,pca_pls,pred_SC+bv+demo,sex,1.0,0.99,True,True,False,EXEMPT_FLAGGED
4S456Parcels,5,pca_pls,pca_pls,pred_FC+bv+demo,sex,1.0,0.99,True,True,False,EXEMPT_FLAGGED
4S456Parcels,5,bayesian_ridge,bayesian_ridge,bv+demo,sex,1.0,0.99,True,True,False,EXEMPT_FLAGGED
4S456Parcels,5,bayesian_ridge,bayesian_ridge,pred_SC+bv+demo,sex,1.0,0.99,True,True,False,EXEMPT_FLAGGED
4S456Parcels,5,bayesian_ridge,bayesian_ridge,pred_FC+bv+demo,sex,1.0,0.99,True,True,False,EXEMPT_FLAGGED
4S456Parcels,5,kernel_ridge,"kernel_ridge[alpha=0.1,gamma_mult=0.5]",bv+demo,sex,1.0,0.99,True,True,False,EXEMPT_FLAGGED
4S456Parcels,5,kernel_ridge,"kernel_ridge[alpha=0.1,gamma_mult=0.5]",pred_SC+bv+demo,sex,1.0,0.99,True,True,False,EXEMPT_FLAGGED
4S456Parcels,5,kernel_ridge,"kernel_ridge[alpha=0.1,gamma_mult=0.5]",pred_FC+bv+demo,sex,1.0,0.99,True,True,False,EXEMPT_FLAGGED
4S456Parcels,5,kernel_ridge,"kernel_ridge[alpha=1.0,gamma_mult=0.5]",bv+demo,sex,1.0,0.99,True,True,False,EXEMPT_FLAGGED
4S456Parcels,5,kernel_ridge,"kernel_ridge[alpha=1.0,gamma_mult=0.5]",pred_SC+bv+demo,sex,1.0,0.99,True,True,False,EXEMPT_FLAGGED
4S456Parcels,5,kernel_ridge,"kernel_ridge[alpha=1.0,gamma_mult=0.5]",pred_FC+bv+demo,sex,1.0,0.99,True,True,False,EXEMPT_FLAGGED
4S456Parcels,5,kernel_ridge,"kernel_ridge[alpha=0.1,gamma_mult=1.0]",bv+demo,sex,1.0,0.99,True,True,False,EXEMPT_FLAGGED
4S456Parcels,5,kernel_ridge,"kernel_ridge[alpha=0.1,gamma_mult=1.0]",pred_SC+bv+demo,sex,1.0,0.99,True,True,False,EXEMPT_FLAGGED
4S456Parcels,5,kernel_ridge,"kernel_ridge[alpha=0.1,gamma_mult=1.0]",pred_FC+bv+demo,sex,1.0,0.99,True,True,False,EXEMPT_FLAGGED
4S456Parcels,5,kernel_ridge,"kernel_ridge[alpha=1.0,gamma_mult=1.0]",bv+demo,sex,1.0,0.99,True,True,False,EXEMPT_FLAGGED
4S456Parcels,5,kernel_ridge,"kernel_ridge[alpha=1.0,gamma_mult=1.0]",pred_SC+bv+demo,sex,1.0,0.99,True,True,False,EXEMPT_FLAGGED
4S456Parcels,5,kernel_ridge,"kernel_ridge[alpha=1.0,gamma_mult=1.0]",pred_FC+bv+demo,sex,1.0,0.99,True,True,False,EXEMPT_FLAGGED
4S456Parcels,5,kernel_ridge,"kernel_ridge[alpha=0.1,gamma_mult=2.0]",bv+demo,sex,1.0,0.99,True,True,False,EXEMPT_FLAGGED
4S456Parcels,5,kernel_ridge,"kernel_ridge[alpha=0.1,gamma_mult=2.0]",pred_SC+bv+demo,sex,1.0,0.99,True,True,False,EXEMPT_FLAGGED
4S456Parcels,5,kernel_ridge,"kernel_ridge[alpha=0.1,gamma_mult=2.0]",pred_FC+bv+demo,sex,1.0,0.99,True,True,False,EXEMPT_FLAGGED
4S456Parcels,5,kernel_ridge,"kernel_ridge[alpha=1.0,gamma_mult=2.0]",pred_SC+bv+demo,sex,1.0,0.99,True,True,False,EXEMPT_FLAGGED
4S456Parcels,6,pca_pls,pca_pls,bv+demo,sex,1.0,0.99,True,True,False,EXEMPT_FLAGGED
4S456Parcels,6,pca_pls,pca_pls,pred_SC+bv+demo,sex,1.0,0.99,True,True,False,EXEMPT_FLAGGED
4S456Parcels,6,pca_pls,pca_pls,pred_FC+bv+demo,sex,1.0,0.99,True,True,False,EXEMPT_FLAGGED
4S456Parcels,6,bayesian_ridge,bayesian_ridge,bv+demo,sex,1.0,0.99,True,True,False,EXEMPT_FLAGGED
4S456Parcels,6,bayesian_ridge,bayesian_ridge,pred_SC+bv+demo,sex,1.0,0.99,True,True,False,EXEMPT_FLAGGED
4S456Parcels,6,bayesian_ridge,bayesian_ridge,pred_FC+bv+demo,sex,1.0,0.99,True,True,False,EXEMPT_FLAGGED
4S456Parcels,6,kernel_ridge,"kernel_ridge[alpha=0.1,gamma_mult=0.5]",bv+demo,sex,1.0,0.99,True,True,False,EXEMPT_FLAGGED
4S456Parcels,6,kernel_ridge,"kernel_ridge[alpha=0.1,gamma_mult=0.5]",obs_SC+bv+demo,sex,1.0,0.99,True,True,False,EXEMPT_FLAGGED
4S456Parcels,6,kernel_ridge,"kernel_ridge[alpha=0.1,gamma_mult=0.5]",pred_SC+bv+demo,sex,1.0,0.99,True,True,False,EXEMPT_FLAGGED
4S456Parcels,6,kernel_ridge,"kernel_ridge[alpha=0.1,gamma_mult=0.5]",pred_FC+bv+demo,sex,1.0,0.99,True,True,False,EXEMPT_FLAGGED
4S456Parcels,6,kernel_ridge,"kernel_ridge[alpha=1.0,gamma_mult=0.5]",obs_SC+bv+demo,sex,1.0,0.99,True,True,False,EXEMPT_FLAGGED
4S456Parcels,6,kernel_ridge,"kernel_ridge[alpha=1.0,gamma_mult=0.5]",pred_SC+bv+demo,sex,1.0,0.99,True,True,False,EXEMPT_FLAGGED
4S456Parcels,6,kernel_ridge,"kernel_ridge[alpha=1.0,gamma_mult=0.5]",pred_FC+bv+demo,sex,1.0,0.99,True,True,False,EXEMPT_FLAGGED
4S456Parcels,6,kernel_ridge,"kernel_ridge[alpha=0.1,gamma_mult=1.0]",bv+demo,sex,1.0,0.99,True,True,False,EXEMPT_FLAGGED
4S456Parcels,6,kernel_ridge,"kernel_ridge[alpha=0.1,gamma_mult=1.0]",pred_SC+bv+demo,sex,1.0,0.99,True,True,False,EXEMPT_FLAGGED
4S456Parcels,6,kernel_ridge,"kernel_ridge[alpha=0.1,gamma_mult=1.0]",pred_FC+bv+demo,sex,1.0,0.99,True,True,False,EXEMPT_FLAGGED
4S456Parcels,7,pca_pls,pca_pls,bv+demo,sex,1.0,0.99,True,True,False,EXEMPT_FLAGGED
4S456Parcels,7,pca_pls,pca_pls,pred_SC+bv+demo,sex,1.0,0.99,True,True,False,EXEMPT_FLAGGED
4S456Parcels,7,pca_pls,pca_pls,pred_FC+bv+demo,sex,1.0,0.99,True,True,False,EXEMPT_FLAGGED
4S456Parcels,7,bayesian_ridge,bayesian_ridge,bv+demo,sex,1.0,0.99,True,True,False,EXEMPT_FLAGGED
4S456Parcels,7,bayesian_ridge,bayesian_ridge,obs_SC+bv+demo,sex,1.0,0.99,True,True,False,EXEMPT_FLAGGED
4S456Parcels,7,bayesian_ridge,bayesian_ridge,pred_SC+bv+demo,sex,1.0,0.99,True,True,False,EXEMPT_FLAGGED
4S456Parcels,7,bayesian_ridge,bayesian_ridge,pred_FC+bv+demo,sex,1.0,0.99,True,True,False,EXEMPT_FLAGGED
4S456Parcels,7,kernel_ridge,"kernel_ridge[alpha=0.1,gamma_mult=0.5]",obs_SC+bv+demo,sex,1.0,0.99,True,True,False,EXEMPT_FLAGGED
4S456Parcels,7,kernel_ridge,"kernel_ridge[alpha=0.1,gamma_mult=0.5]",pred_SC+bv+demo,sex,1.0,0.99,True,True,False,EXEMPT_FLAGGED
4S456Parcels,7,kernel_ridge,"kernel_ridge[alpha=0.1,gamma_mult=0.5]",pred_FC+bv+demo,sex,1.0,0.99,True,True,False,EXEMPT_FLAGGED
4S456Parcels,7,kernel_ridge,"kernel_ridge[alpha=1.0,gamma_mult=0.5]",obs_SC+bv+demo,sex,1.0,0.99,True,True,False,EXEMPT_FLAGGED
4S456Parcels,7,kernel_ridge,"kernel_ridge[alpha=1.0,gamma_mult=0.5]",pred_SC+bv+demo,sex,1.0,0.99,True,True,False,EXEMPT_FLAGGED
4S456Parcels,7,kernel_ridge,"kernel_ridge[alpha=1.0,gamma_mult=0.5]",pred_FC+bv+demo,sex,1.0,0.99,True,True,False,EXEMPT_FLAGGED
4S456Parcels,7,kernel_ridge,"kernel_ridge[alpha=0.1,gamma_mult=1.0]",obs_SC+bv+demo,sex,1.0,0.99,True,True,False,EXEMPT_FLAGGED
4S456Parcels,7,kernel_ridge,"kernel_ridge[alpha=0.1,gamma_mult=1.0]",pred_SC+bv+demo,sex,1.0,0.99,True,True,False,EXEMPT_FLAGGED
4S456Parcels,7,kernel_ridge,"kernel_ridge[alpha=0.1,gamma_mult=1.0]",pred_FC+bv+demo,sex,1.0,0.99,True,True,False,EXEMPT_FLAGGED
4S456Parcels,7,kernel_ridge,"kernel_ridge[alpha=1.0,gamma_mult=1.0]",obs_SC+bv+demo,sex,1.0,0.99,True,True,False,EXEMPT_FLAGGED
4S456Parcels,7,kernel_ridge,"kernel_ridge[alpha=1.0,gamma_mult=1.0]",pred_SC+bv+demo,sex,1.0,0.99,True,True,False,EXEMPT_FLAGGED
4S456Parcels,7,kernel_ridge,"kernel_ridge[alpha=1.0,gamma_mult=1.0]",pred_FC+bv+demo,sex,1.0,0.99,True,True,False,EXEMPT_FLAGGED
4S456Parcels,7,kernel_ridge,"kernel_ridge[alpha=0.1,gamma_mult=2.0]",pred_SC+bv+demo,sex,1.0,0.99,True,True,False,EXEMPT_FLAGGED
4S456Parcels,8,pca_pls,pca_pls,bv+demo,sex,1.0,0.99,True,True,False,EXEMPT_FLAGGED
4S456Parcels,8,pca_pls,pca_pls,pred_SC+bv+demo,sex,1.0,0.99,True,True,False,EXEMPT_FLAGGED
4S456Parcels,8,pca_pls,pca_pls,pred_FC+bv+demo,sex,1.0,0.99,True,True,False,EXEMPT_FLAGGED
4S456Parcels,8,bayesian_ridge,bayesian_ridge,bv+demo,sex,1.0,0.99,True,True,False,EXEMPT_FLAGGED
4S456Parcels,8,bayesian_ridge,bayesian_ridge,pred_SC+bv+demo,sex,1.0,0.99,True,True,False,EXEMPT_FLAGGED
4S456Parcels,8,bayesian_ridge,bayesian_ridge,pred_FC+bv+demo,sex,1.0,0.99,True,True,False,EXEMPT_FLAGGED
4S456Parcels,8,kernel_ridge,"kernel_ridge[alpha=0.1,gamma_mult=0.5]",pred_SC+bv+demo,sex,1.0,0.99,True,True,False,EXEMPT_FLAGGED
4S456Parcels,8,kernel_ridge,"kernel_ridge[alpha=0.1,gamma_mult=0.5]",pred_FC+bv+demo,sex,1.0,0.99,True,True,False,EXEMPT_FLAGGED
4S456Parcels,9,pca_pls,pca_pls,bv+demo,sex,1.0,0.99,True,True,False,EXEMPT_FLAGGED
4S456Parcels,9,pca_pls,pca_pls,obs_SC+bv+demo,sex,1.0,0.99,True,True,False,EXEMPT_FLAGGED
4S456Parcels,9,pca_pls,pca_pls,pred_SC+bv+demo,sex,1.0,0.99,True,True,False,EXEMPT_FLAGGED
4S456Parcels,9,pca_pls,pca_pls,pred_FC+bv+demo,sex,1.0,0.99,True,True,False,EXEMPT_FLAGGED
4S456Parcels,9,bayesian_ridge,bayesian_ridge,bv+demo,sex,1.0,0.99,True,True,False,EXEMPT_FLAGGED
4S456Parcels,9,bayesian_ridge,bayesian_ridge,obs_SC+bv+demo,sex,1.0,0.99,True,True,False,EXEMPT_FLAGGED
4S456Parcels,9,bayesian_ridge,bayesian_ridge,pred_SC+bv+demo,sex,1.0,0.99,True,True,False,EXEMPT_FLAGGED
4S456Parcels,9,bayesian_ridge,bayesian_ridge,pred_FC+bv+demo,sex,1.0,0.99,True,True,False,EXEMPT_FLAGGED
4S456Parcels,9,kernel_ridge,"kernel_ridge[alpha=0.1,gamma_mult=0.5]",bv+demo,sex,1.0,0.99,True,True,False,EXEMPT_FLAGGED
4S456Parcels,9,kernel_ridge,"kernel_ridge[alpha=0.1,gamma_mult=0.5]",obs_SC+bv+demo,sex,1.0,0.99,True,True,False,EXEMPT_FLAGGED
4S456Parcels,9,kernel_ridge,"kernel_ridge[alpha=0.1,gamma_mult=0.5]",pred_SC+bv+demo,sex,1.0,0.99,True,True,False,EXEMPT_FLAGGED
4S456Parcels,9,kernel_ridge,"kernel_ridge[alpha=0.1,gamma_mult=0.5]",pred_FC+bv+demo,sex,1.0,0.99,True,True,False,EXEMPT_FLAGGED
4S456Parcels,9,kernel_ridge,"kernel_ridge[alpha=1.0,gamma_mult=0.5]",bv+demo,sex,1.0,0.99,True,True,False,EXEMPT_FLAGGED
4S456Parcels,9,kernel_ridge,"kernel_ridge[alpha=1.0,gamma_mult=0.5]",obs_SC+bv+demo,sex,1.0,0.99,True,True,False,EXEMPT_FLAGGED
4S456Parcels,9,kernel_ridge,"kernel_ridge[alpha=1.0,gamma_mult=0.5]",pred_SC+bv+demo,sex,1.0,0.99,True,True,False,EXEMPT_FLAGGED
4S456Parcels,9,kernel_ridge,"kernel_ridge[alpha=1.0,gamma_mult=0.5]",pred_FC+bv+demo,sex,1.0,0.99,True,True,False,EXEMPT_FLAGGED
4S456Parcels,9,kernel_ridge,"kernel_ridge[alpha=0.1,gamma_mult=1.0]",bv+demo,sex,1.0,0.99,True,True,False,EXEMPT_FLAGGED
4S456Parcels,9,kernel_ridge,"kernel_ridge[alpha=0.1,gamma_mult=1.0]",pred_SC+bv+demo,sex,1.0,0.99,True,True,False,EXEMPT_FLAGGED
4S456Parcels,9,kernel_ridge,"kernel_ridge[alpha=0.1,gamma_mult=1.0]",pred_FC+bv+demo,sex,1.0,0.99,True,True,False,EXEMPT_FLAGGED
4S456Parcels,9,kernel_ridge,"kernel_ridge[alpha=1.0,gamma_mult=1.0]",bv+demo,sex,1.0,0.99,True,True,False,EXEMPT_FLAGGED
4S456Parcels,9,kernel_ridge,"kernel_ridge[alpha=1.0,gamma_mult=1.0]",pred_SC+bv+demo,sex,1.0,0.99,True,True,False,EXEMPT_FLAGGED
4S456Parcels,9,kernel_ridge,"kernel_ridge[alpha=1.0,gamma_mult=1.0]",pred_FC+bv+demo,sex,1.0,0.99,True,True,False,EXEMPT_FLAGGED
4S456Parcels,9,kernel_ridge,"kernel_ridge[alpha=0.1,gamma_mult=2.0]",pred_SC+bv+demo,sex,1.0,0.99,True,True,False,EXEMPT_FLAGGED
4S456Parcels,9,kernel_ridge,"kernel_ridge[alpha=0.1,gamma_mult=2.0]",pred_FC+bv+demo,sex,1.0,0.99,True,True,False,EXEMPT_FLAGGED
4S456Parcels,9,kernel_ridge,"kernel_ridge[alpha=1.0,gamma_mult=2.0]",pred_SC+bv+demo,sex,1.0,0.99,True,True,False,EXEMPT_FLAGGED
Glasser,0,pca_pls,pca_pls,bv+demo,sex,1.0,0.99,True,True,False,EXEMPT_FLAGGED
Glasser,0,pca_pls,pca_pls,obs_SC+bv+demo,sex,1.0,0.99,True,True,False,EXEMPT_FLAGGED
Glasser,0,pca_pls,pca_pls,pred_SC+bv+demo,sex,1.0,0.99,True,True,False,EXEMPT_FLAGGED
Glasser,0,pca_pls,pca_pls,pred_FC+bv+demo,sex,1.0,0.99,True,True,False,EXEMPT_FLAGGED
Glasser,0,bayesian_ridge,bayesian_ridge,bv+demo,sex,1.0,0.99,True,True,False,EXEMPT_FLAGGED
Glasser,0,bayesian_ridge,bayesian_ridge,pred_SC+bv+demo,sex,1.0,0.99,True,True,False,EXEMPT_FLAGGED
Glasser,0,bayesian_ridge,bayesian_ridge,pred_FC+bv+demo,sex,1.0,0.99,True,True,False,EXEMPT_FLAGGED
Glasser,0,kernel_ridge,"kernel_ridge[alpha=0.1,gamma_mult=0.5]",bv+demo,sex,1.0,0.99,True,True,False,EXEMPT_FLAGGED
Glasser,0,kernel_ridge,"kernel_ridge[alpha=0.1,gamma_mult=0.5]",obs_SC+bv+demo,sex,1.0,0.99,True,True,False,EXEMPT_FLAGGED
Glasser,0,kernel_ridge,"kernel_ridge[alpha=0.1,gamma_mult=0.5]",pred_SC+bv+demo,sex,1.0,0.99,True,True,False,EXEMPT_FLAGGED
Glasser,0,kernel_ridge,"kernel_ridge[alpha=0.1,gamma_mult=0.5]",pred_FC+bv+demo,sex,1.0,0.99,True,True,False,EXEMPT_FLAGGED
Glasser,0,kernel_ridge,"kernel_ridge[alpha=1.0,gamma_mult=0.5]",bv+demo,sex,1.0,0.99,True,True,False,EXEMPT_FLAGGED
Glasser,0,kernel_ridge,"kernel_ridge[alpha=1.0,gamma_mult=0.5]",obs_SC+bv+demo,sex,1.0,0.99,True,True,False,EXEMPT_FLAGGED
Glasser,0,kernel_ridge,"kernel_ridge[alpha=1.0,gamma_mult=0.5]",pred_SC+bv+demo,sex,1.0,0.99,True,True,False,EXEMPT_FLAGGED
Glasser,0,kernel_ridge,"kernel_ridge[alpha=1.0,gamma_mult=0.5]",pred_FC+bv+demo,sex,1.0,0.99,True,True,False,EXEMPT_FLAGGED
Glasser,0,kernel_ridge,"kernel_ridge[alpha=0.1,gamma_mult=1.0]",bv+demo,sex,1.0,0.99,True,True,False,EXEMPT_FLAGGED
Glasser,0,kernel_ridge,"kernel_ridge[alpha=0.1,gamma_mult=1.0]",obs_SC+bv+demo,sex,1.0,0.99,True,True,False,EXEMPT_FLAGGED
Glasser,0,kernel_ridge,"kernel_ridge[alpha=0.1,gamma_mult=1.0]",pred_SC+bv+demo,sex,1.0,0.99,True,True,False,EXEMPT_FLAGGED
Glasser,0,kernel_ridge,"kernel_ridge[alpha=0.1,gamma_mult=1.0]",pred_FC+bv+demo,sex,1.0,0.99,True,True,False,EXEMPT_FLAGGED
Glasser,0,kernel_ridge,"kernel_ridge[alpha=1.0,gamma_mult=1.0]",bv+demo,sex,1.0,0.99,True,True,False,EXEMPT_FLAGGED
Glasser,0,kernel_ridge,"kernel_ridge[alpha=1.0,gamma_mult=1.0]",pred_SC+bv+demo,sex,1.0,0.99,True,True,False,EXEMPT_FLAGGED
Glasser,0,kernel_ridge,"kernel_ridge[alpha=1.0,gamma_mult=1.0]",pred_FC+bv+demo,sex,1.0,0.99,True,True,False,EXEMPT_FLAGGED
Glasser,0,kernel_ridge,"kernel_ridge[alpha=0.1,gamma_mult=2.0]",pred_SC+bv+demo,sex,1.0,0.99,True,True,False,EXEMPT_FLAGGED
Glasser,0,kernel_ridge,"kernel_ridge[alpha=0.1,gamma_mult=2.0]",pred_FC+bv+demo,sex,1.0,0.99,True,True,False,EXEMPT_FLAGGED
Glasser,0,kernel_ridge,"kernel_ridge[alpha=1.0,gamma_mult=2.0]",pred_FC+bv+demo,sex,1.0,0.99,True,True,False,EXEMPT_FLAGGED
Glasser,1,pca_pls,pca_pls,bv+demo,sex,1.0,0.99,True,True,False,EXEMPT_FLAGGED
Glasser,1,pca_pls,pca_pls,obs_FC+bv+demo,sex,1.0,0.99,True,True,False,EXEMPT_FLAGGED
Glasser,1,pca_pls,pca_pls,obs_SC+bv+demo,sex,1.0,0.99,True,True,False,EXEMPT_FLAGGED
Glasser,1,pca_pls,pca_pls,pred_SC+bv+demo,sex,1.0,0.99,True,True,False,EXEMPT_FLAGGED
Glasser,1,pca_pls,pca_pls,pred_FC+bv+demo,sex,1.0,0.99,True,True,False,EXEMPT_FLAGGED
Glasser,1,bayesian_ridge,bayesian_ridge,bv+demo,sex,1.0,0.99,True,True,False,EXEMPT_FLAGGED
Glasser,1,bayesian_ridge,bayesian_ridge,obs_FC+bv+demo,sex,1.0,0.99,True,True,False,EXEMPT_FLAGGED
Glasser,1,bayesian_ridge,bayesian_ridge,obs_SC+bv+demo,sex,1.0,0.99,True,True,False,EXEMPT_FLAGGED
Glasser,1,bayesian_ridge,bayesian_ridge,pred_SC+bv+demo,sex,1.0,0.99,True,True,False,EXEMPT_FLAGGED
Glasser,1,bayesian_ridge,bayesian_ridge,pred_FC+bv+demo,sex,1.0,0.99,True,True,False,EXEMPT_FLAGGED
Glasser,1,kernel_ridge,"kernel_ridge[alpha=0.1,gamma_mult=0.5]",bv+demo,sex,1.0,0.99,True,True,False,EXEMPT_FLAGGED
Glasser,1,kernel_ridge,"kernel_ridge[alpha=0.1,gamma_mult=0.5]",obs_FC+bv+demo,sex,1.0,0.99,True,True,False,EXEMPT_FLAGGED
Glasser,1,kernel_ridge,"kernel_ridge[alpha=0.1,gamma_mult=0.5]",obs_SC+bv+demo,sex,1.0,0.99,True,True,False,EXEMPT_FLAGGED
Glasser,1,kernel_ridge,"kernel_ridge[alpha=0.1,gamma_mult=0.5]",pred_SC+bv+demo,sex,1.0,0.99,True,True,False,EXEMPT_FLAGGED
Glasser,1,kernel_ridge,"kernel_ridge[alpha=0.1,gamma_mult=0.5]",pred_FC+bv+demo,sex,1.0,0.99,True,True,False,EXEMPT_FLAGGED
Glasser,1,kernel_ridge,"kernel_ridge[alpha=1.0,gamma_mult=0.5]",bv+demo,sex,1.0,0.99,True,True,False,EXEMPT_FLAGGED
Glasser,1,kernel_ridge,"kernel_ridge[alpha=1.0,gamma_mult=0.5]",obs_FC+bv+demo,sex,1.0,0.99,True,True,False,EXEMPT_FLAGGED
Glasser,1,kernel_ridge,"kernel_ridge[alpha=1.0,gamma_mult=0.5]",obs_SC+bv+demo,sex,1.0,0.99,True,True,False,EXEMPT_FLAGGED
Glasser,1,kernel_ridge,"kernel_ridge[alpha=1.0,gamma_mult=0.5]",pred_SC+bv+demo,sex,1.0,0.99,True,True,False,EXEMPT_FLAGGED
Glasser,1,kernel_ridge,"kernel_ridge[alpha=1.0,gamma_mult=0.5]",pred_FC+bv+demo,sex,1.0,0.99,True,True,False,EXEMPT_FLAGGED
Glasser,1,kernel_ridge,"kernel_ridge[alpha=10.0,gamma_mult=0.5]",bv+demo,sex,1.0,0.99,True,True,False,EXEMPT_FLAGGED
Glasser,1,kernel_ridge,"kernel_ridge[alpha=10.0,gamma_mult=0.5]",obs_FC+bv+demo,sex,1.0,0.99,True,True,False,EXEMPT_FLAGGED
Glasser,1,kernel_ridge,"kernel_ridge[alpha=0.1,gamma_mult=1.0]",bv+demo,sex,1.0,0.99,True,True,False,EXEMPT_FLAGGED
Glasser,1,kernel_ridge,"kernel_ridge[alpha=0.1,gamma_mult=1.0]",obs_FC+bv+demo,sex,1.0,0.99,True,True,False,EXEMPT_FLAGGED
Glasser,1,kernel_ridge,"kernel_ridge[alpha=0.1,gamma_mult=1.0]",obs_SC+bv+demo,sex,1.0,0.99,True,True,False,EXEMPT_FLAGGED
Glasser,1,kernel_ridge,"kernel_ridge[alpha=0.1,gamma_mult=1.0]",pred_SC+bv+demo,sex,1.0,0.99,True,True,False,EXEMPT_FLAGGED
Glasser,1,kernel_ridge,"kernel_ridge[alpha=0.1,gamma_mult=1.0]",pred_FC+bv+demo,sex,1.0,0.99,True,True,False,EXEMPT_FLAGGED
Glasser,1,kernel_ridge,"kernel_ridge[alpha=1.0,gamma_mult=1.0]",bv+demo,sex,1.0,0.99,True,True,False,EXEMPT_FLAGGED
Glasser,1,kernel_ridge,"kernel_ridge[alpha=1.0,gamma_mult=1.0]",obs_SC+bv+demo,sex,1.0,0.99,True,True,False,EXEMPT_FLAGGED
Glasser,1,kernel_ridge,"kernel_ridge[alpha=1.0,gamma_mult=1.0]",pred_SC+bv+demo,sex,1.0,0.99,True,True,False,EXEMPT_FLAGGED
Glasser,1,kernel_ridge,"kernel_ridge[alpha=1.0,gamma_mult=1.0]",pred_FC+bv+demo,sex,1.0,0.99,True,True,False,EXEMPT_FLAGGED
Glasser,1,kernel_ridge,"kernel_ridge[alpha=0.1,gamma_mult=2.0]",bv+demo,sex,1.0,0.99,True,True,False,EXEMPT_FLAGGED
Glasser,1,kernel_ridge,"kernel_ridge[alpha=0.1,gamma_mult=2.0]",pred_SC+bv+demo,sex,1.0,0.99,True,True,False,EXEMPT_FLAGGED
Glasser,1,kernel_ridge,"kernel_ridge[alpha=0.1,gamma_mult=2.0]",pred_FC+bv+demo,sex,1.0,0.99,True,True,False,EXEMPT_FLAGGED
Glasser,1,kernel_ridge,"kernel_ridge[alpha=1.0,gamma_mult=2.0]",pred_SC+bv+demo,sex,1.0,0.99,True,True,False,EXEMPT_FLAGGED
Glasser,1,kernel_ridge,"kernel_ridge[alpha=1.0,gamma_mult=2.0]",pred_FC+bv+demo,sex,1.0,0.99,True,True,False,EXEMPT_FLAGGED
Glasser,2,pca_pls,pca_pls,bv+demo,sex,1.0,0.99,True,True,False,EXEMPT_FLAGGED
Glasser,2,pca_pls,pca_pls,pred_SC+bv+demo,sex,1.0,0.99,True,True,False,EXEMPT_FLAGGED
Glasser,2,pca_pls,pca_pls,pred_FC+bv+demo,sex,1.0,0.99,True,True,False,EXEMPT_FLAGGED
Glasser,2,bayesian_ridge,bayesian_ridge,bv+demo,sex,1.0,0.99,True,True,False,EXEMPT_FLAGGED
Glasser,2,bayesian_ridge,bayesian_ridge,obs_FC+bv+demo,sex,1.0,0.99,True,True,False,EXEMPT_FLAGGED
Glasser,2,bayesian_ridge,bayesian_ridge,obs_SC+bv+demo,sex,1.0,0.99,True,True,False,EXEMPT_FLAGGED
Glasser,2,bayesian_ridge,bayesian_ridge,pred_SC+bv+demo,sex,1.0,0.99,True,True,False,EXEMPT_FLAGGED
Glasser,2,bayesian_ridge,bayesian_ridge,pred_FC+bv+demo,sex,1.0,0.99,True,True,False,EXEMPT_FLAGGED
Glasser,2,kernel_ridge,"kernel_ridge[alpha=0.1,gamma_mult=0.5]",bv+demo,sex,1.0,0.99,True,True,False,EXEMPT_FLAGGED
Glasser,2,kernel_ridge,"kernel_ridge[alpha=0.1,gamma_mult=0.5]",obs_SC+bv+demo,sex,1.0,0.99,True,True,False,EXEMPT_FLAGGED
Glasser,2,kernel_ridge,"kernel_ridge[alpha=0.1,gamma_mult=0.5]",pred_SC+bv+demo,sex,1.0,0.99,True,True,False,EXEMPT_FLAGGED
Glasser,2,kernel_ridge,"kernel_ridge[alpha=0.1,gamma_mult=0.5]",pred_FC+bv+demo,sex,1.0,0.99,True,True,False,EXEMPT_FLAGGED
Glasser,2,kernel_ridge,"kernel_ridge[alpha=1.0,gamma_mult=0.5]",bv+demo,sex,1.0,0.99,True,True,False,EXEMPT_FLAGGED
Glasser,2,kernel_ridge,"kernel_ridge[alpha=1.0,gamma_mult=0.5]",obs_SC+bv+demo,sex,1.0,0.99,True,True,False,EXEMPT_FLAGGED
Glasser,2,kernel_ridge,"kernel_ridge[alpha=1.0,gamma_mult=0.5]",pred_SC+bv+demo,sex,1.0,0.99,True,True,False,EXEMPT_FLAGGED
Glasser,2,kernel_ridge,"kernel_ridge[alpha=1.0,gamma_mult=0.5]",pred_FC+bv+demo,sex,1.0,0.99,True,True,False,EXEMPT_FLAGGED
Glasser,2,kernel_ridge,"kernel_ridge[alpha=10.0,gamma_mult=0.5]",bv+demo,sex,1.0,0.99,True,True,False,EXEMPT_FLAGGED
Glasser,2,kernel_ridge,"kernel_ridge[alpha=0.1,gamma_mult=1.0]",bv+demo,sex,1.0,0.99,True,True,False,EXEMPT_FLAGGED
Glasser,2,kernel_ridge,"kernel_ridge[alpha=0.1,gamma_mult=1.0]",obs_SC+bv+demo,sex,1.0,0.99,True,True,False,EXEMPT_FLAGGED
Glasser,2,kernel_ridge,"kernel_ridge[alpha=0.1,gamma_mult=1.0]",pred_SC+bv+demo,sex,1.0,0.99,True,True,False,EXEMPT_FLAGGED
Glasser,2,kernel_ridge,"kernel_ridge[alpha=0.1,gamma_mult=1.0]",pred_FC+bv+demo,sex,1.0,0.99,True,True,False,EXEMPT_FLAGGED
Glasser,2,kernel_ridge,"kernel_ridge[alpha=1.0,gamma_mult=1.0]",bv+demo,sex,1.0,0.99,True,True,False,EXEMPT_FLAGGED
Glasser,2,kernel_ridge,"kernel_ridge[alpha=1.0,gamma_mult=1.0]",obs_SC+bv+demo,sex,1.0,0.99,True,True,False,EXEMPT_FLAGGED
Glasser,2,kernel_ridge,"kernel_ridge[alpha=1.0,gamma_mult=1.0]",pred_SC+bv+demo,sex,1.0,0.99,True,True,False,EXEMPT_FLAGGED
Glasser,2,kernel_ridge,"kernel_ridge[alpha=1.0,gamma_mult=1.0]",pred_FC+bv+demo,sex,1.0,0.99,True,True,False,EXEMPT_FLAGGED
Glasser,2,kernel_ridge,"kernel_ridge[alpha=0.1,gamma_mult=2.0]",bv+demo,sex,1.0,0.99,True,True,False,EXEMPT_FLAGGED
Glasser,2,kernel_ridge,"kernel_ridge[alpha=0.1,gamma_mult=2.0]",pred_SC+bv+demo,sex,1.0,0.99,True,True,False,EXEMPT_FLAGGED
Glasser,2,kernel_ridge,"kernel_ridge[alpha=0.1,gamma_mult=2.0]",pred_FC+bv+demo,sex,1.0,0.99,True,True,False,EXEMPT_FLAGGED
Glasser,2,kernel_ridge,"kernel_ridge[alpha=1.0,gamma_mult=2.0]",pred_SC+bv+demo,sex,1.0,0.99,True,True,False,EXEMPT_FLAGGED
Glasser,2,kernel_ridge,"kernel_ridge[alpha=1.0,gamma_mult=2.0]",pred_FC+bv+demo,sex,1.0,0.99,True,True,False,EXEMPT_FLAGGED
Glasser,3,pca_pls,pca_pls,bv+demo,sex,1.0,0.99,True,True,False,EXEMPT_FLAGGED
Glasser,3,pca_pls,pca_pls,obs_FC+bv+demo,sex,1.0,0.99,True,True,False,EXEMPT_FLAGGED
Glasser,3,pca_pls,pca_pls,obs_SC+bv+demo,sex,1.0,0.99,True,True,False,EXEMPT_FLAGGED
Glasser,3,pca_pls,pca_pls,pred_SC+bv+demo,sex,1.0,0.99,True,True,False,EXEMPT_FLAGGED
Glasser,3,pca_pls,pca_pls,pred_FC+bv+demo,sex,1.0,0.99,True,True,False,EXEMPT_FLAGGED
Glasser,3,bayesian_ridge,bayesian_ridge,bv+demo,sex,1.0,0.99,True,True,False,EXEMPT_FLAGGED
Glasser,3,bayesian_ridge,bayesian_ridge,obs_FC+bv+demo,sex,1.0,0.99,True,True,False,EXEMPT_FLAGGED
Glasser,3,bayesian_ridge,bayesian_ridge,obs_SC+bv+demo,sex,1.0,0.99,True,True,False,EXEMPT_FLAGGED
Glasser,3,bayesian_ridge,bayesian_ridge,pred_SC+bv+demo,sex,1.0,0.99,True,True,False,EXEMPT_FLAGGED
Glasser,3,bayesian_ridge,bayesian_ridge,pred_FC+bv+demo,sex,1.0,0.99,True,True,False,EXEMPT_FLAGGED
Glasser,3,kernel_ridge,"kernel_ridge[alpha=0.1,gamma_mult=0.5]",obs_FC+bv+demo,sex,1.0,0.99,True,True,False,EXEMPT_FLAGGED
Glasser,3,kernel_ridge,"kernel_ridge[alpha=0.1,gamma_mult=0.5]",obs_SC+bv+demo,sex,1.0,0.99,True,True,False,EXEMPT_FLAGGED
Glasser,3,kernel_ridge,"kernel_ridge[alpha=0.1,gamma_mult=0.5]",pred_SC+bv+demo,sex,1.0,0.99,True,True,False,EXEMPT_FLAGGED
Glasser,3,kernel_ridge,"kernel_ridge[alpha=0.1,gamma_mult=0.5]",pred_FC+bv+demo,sex,1.0,0.99,True,True,False,EXEMPT_FLAGGED
Glasser,3,kernel_ridge,"kernel_ridge[alpha=1.0,gamma_mult=0.5]",obs_FC+bv+demo,sex,1.0,0.99,True,True,False,EXEMPT_FLAGGED
Glasser,3,kernel_ridge,"kernel_ridge[alpha=1.0,gamma_mult=0.5]",obs_SC+bv+demo,sex,1.0,0.99,True,True,False,EXEMPT_FLAGGED
Glasser,3,kernel_ridge,"kernel_ridge[alpha=1.0,gamma_mult=0.5]",pred_SC+bv+demo,sex,1.0,0.99,True,True,False,EXEMPT_FLAGGED
Glasser,3,kernel_ridge,"kernel_ridge[alpha=1.0,gamma_mult=0.5]",pred_FC+bv+demo,sex,1.0,0.99,True,True,False,EXEMPT_FLAGGED
Glasser,3,kernel_ridge,"kernel_ridge[alpha=0.1,gamma_mult=1.0]",obs_FC+bv+demo,sex,1.0,0.99,True,True,False,EXEMPT_FLAGGED
Glasser,3,kernel_ridge,"kernel_ridge[alpha=0.1,gamma_mult=1.0]",obs_SC+bv+demo,sex,1.0,0.99,True,True,False,EXEMPT_FLAGGED
Glasser,3,kernel_ridge,"kernel_ridge[alpha=0.1,gamma_mult=1.0]",pred_SC+bv+demo,sex,1.0,0.99,True,True,False,EXEMPT_FLAGGED
Glasser,3,kernel_ridge,"kernel_ridge[alpha=0.1,gamma_mult=1.0]",pred_FC+bv+demo,sex,1.0,0.99,True,True,False,EXEMPT_FLAGGED
Glasser,3,kernel_ridge,"kernel_ridge[alpha=1.0,gamma_mult=1.0]",obs_FC+bv+demo,sex,1.0,0.99,True,True,False,EXEMPT_FLAGGED
Glasser,3,kernel_ridge,"kernel_ridge[alpha=1.0,gamma_mult=1.0]",obs_SC+bv+demo,sex,1.0,0.99,True,True,False,EXEMPT_FLAGGED
Glasser,3,kernel_ridge,"kernel_ridge[alpha=1.0,gamma_mult=1.0]",pred_SC+bv+demo,sex,1.0,0.99,True,True,False,EXEMPT_FLAGGED
Glasser,3,kernel_ridge,"kernel_ridge[alpha=1.0,gamma_mult=1.0]",pred_FC+bv+demo,sex,1.0,0.99,True,True,False,EXEMPT_FLAGGED
Glasser,3,kernel_ridge,"kernel_ridge[alpha=0.1,gamma_mult=2.0]",obs_SC+bv+demo,sex,1.0,0.99,True,True,False,EXEMPT_FLAGGED
Glasser,3,kernel_ridge,"kernel_ridge[alpha=1.0,gamma_mult=2.0]",obs_SC+bv+demo,sex,1.0,0.99,True,True,False,EXEMPT_FLAGGED
Glasser,4,pca_pls,pca_pls,bv+demo,sex,1.0,0.99,True,True,False,EXEMPT_FLAGGED
Glasser,4,pca_pls,pca_pls,obs_FC+bv+demo,sex,1.0,0.99,True,True,False,EXEMPT_FLAGGED
Glasser,4,pca_pls,pca_pls,obs_SC+bv+demo,sex,1.0,0.99,True,True,False,EXEMPT_FLAGGED
Glasser,4,pca_pls,pca_pls,pred_SC+bv+demo,sex,1.0,0.99,True,True,False,EXEMPT_FLAGGED
Glasser,4,pca_pls,pca_pls,pred_FC+bv+demo,sex,1.0,0.99,True,True,False,EXEMPT_FLAGGED
Glasser,4,bayesian_ridge,bayesian_ridge,bv+demo,sex,1.0,0.99,True,True,False,EXEMPT_FLAGGED
Glasser,4,bayesian_ridge,bayesian_ridge,obs_FC+bv+demo,sex,1.0,0.99,True,True,False,EXEMPT_FLAGGED
Glasser,4,bayesian_ridge,bayesian_ridge,obs_SC+bv+demo,sex,1.0,0.99,True,True,False,EXEMPT_FLAGGED
Glasser,4,bayesian_ridge,bayesian_ridge,pred_SC+bv+demo,sex,1.0,0.99,True,True,False,EXEMPT_FLAGGED
Glasser,4,bayesian_ridge,bayesian_ridge,pred_FC+bv+demo,sex,1.0,0.99,True,True,False,EXEMPT_FLAGGED
Glasser,4,kernel_ridge,"kernel_ridge[alpha=0.1,gamma_mult=0.5]",bv+demo,sex,1.0,0.99,True,True,False,EXEMPT_FLAGGED
Glasser,4,kernel_ridge,"kernel_ridge[alpha=0.1,gamma_mult=0.5]",obs_FC+bv+demo,sex,1.0,0.99,True,True,False,EXEMPT_FLAGGED
Glasser,4,kernel_ridge,"kernel_ridge[alpha=0.1,gamma_mult=0.5]",obs_SC+bv+demo,sex,1.0,0.99,True,True,False,EXEMPT_FLAGGED
Glasser,4,kernel_ridge,"kernel_ridge[alpha=0.1,gamma_mult=0.5]",pred_SC+bv+demo,sex,1.0,0.99,True,True,False,EXEMPT_FLAGGED
Glasser,4,kernel_ridge,"kernel_ridge[alpha=0.1,gamma_mult=0.5]",pred_FC+bv+demo,sex,1.0,0.99,True,True,False,EXEMPT_FLAGGED
Glasser,4,kernel_ridge,"kernel_ridge[alpha=1.0,gamma_mult=0.5]",bv+demo,sex,1.0,0.99,True,True,False,EXEMPT_FLAGGED
Glasser,4,kernel_ridge,"kernel_ridge[alpha=1.0,gamma_mult=0.5]",obs_FC+bv+demo,sex,1.0,0.99,True,True,False,EXEMPT_FLAGGED
Glasser,4,kernel_ridge,"kernel_ridge[alpha=1.0,gamma_mult=0.5]",obs_SC+bv+demo,sex,1.0,0.99,True,True,False,EXEMPT_FLAGGED
Glasser,4,kernel_ridge,"kernel_ridge[alpha=1.0,gamma_mult=0.5]",pred_SC+bv+demo,sex,1.0,0.99,True,True,False,EXEMPT_FLAGGED
Glasser,4,kernel_ridge,"kernel_ridge[alpha=1.0,gamma_mult=0.5]",pred_FC+bv+demo,sex,1.0,0.99,True,True,False,EXEMPT_FLAGGED
Glasser,4,kernel_ridge,"kernel_ridge[alpha=10.0,gamma_mult=0.5]",bv+demo,sex,1.0,0.99,True,True,False,EXEMPT_FLAGGED
Glasser,4,kernel_ridge,"kernel_ridge[alpha=10.0,gamma_mult=0.5]",obs_SC+bv+demo,sex,1.0,0.99,True,True,False,EXEMPT_FLAGGED
Glasser,4,kernel_ridge,"kernel_ridge[alpha=0.1,gamma_mult=1.0]",bv+demo,sex,1.0,0.99,True,True,False,EXEMPT_FLAGGED
Glasser,4,kernel_ridge,"kernel_ridge[alpha=0.1,gamma_mult=1.0]",obs_SC+bv+demo,sex,1.0,0.99,True,True,False,EXEMPT_FLAGGED
Glasser,4,kernel_ridge,"kernel_ridge[alpha=0.1,gamma_mult=1.0]",pred_SC+bv+demo,sex,1.0,0.99,True,True,False,EXEMPT_FLAGGED
Glasser,4,kernel_ridge,"kernel_ridge[alpha=0.1,gamma_mult=1.0]",pred_FC+bv+demo,sex,1.0,0.99,True,True,False,EXEMPT_FLAGGED
Glasser,4,kernel_ridge,"kernel_ridge[alpha=1.0,gamma_mult=1.0]",bv+demo,sex,1.0,0.99,True,True,False,EXEMPT_FLAGGED
Glasser,4,kernel_ridge,"kernel_ridge[alpha=1.0,gamma_mult=1.0]",obs_SC+bv+demo,sex,1.0,0.99,True,True,False,EXEMPT_FLAGGED
Glasser,4,kernel_ridge,"kernel_ridge[alpha=1.0,gamma_mult=1.0]",pred_SC+bv+demo,sex,1.0,0.99,True,True,False,EXEMPT_FLAGGED
Glasser,4,kernel_ridge,"kernel_ridge[alpha=1.0,gamma_mult=1.0]",pred_FC+bv+demo,sex,1.0,0.99,True,True,False,EXEMPT_FLAGGED
Glasser,4,kernel_ridge,"kernel_ridge[alpha=0.1,gamma_mult=2.0]",bv+demo,sex,1.0,0.99,True,True,False,EXEMPT_FLAGGED
Glasser,4,kernel_ridge,"kernel_ridge[alpha=0.1,gamma_mult=2.0]",obs_SC+bv+demo,sex,1.0,0.99,True,True,False,EXEMPT_FLAGGED
Glasser,4,kernel_ridge,"kernel_ridge[alpha=0.1,gamma_mult=2.0]",pred_SC+bv+demo,sex,1.0,0.99,True,True,False,EXEMPT_FLAGGED
Glasser,4,kernel_ridge,"kernel_ridge[alpha=0.1,gamma_mult=2.0]",pred_FC+bv+demo,sex,1.0,0.99,True,True,False,EXEMPT_FLAGGED
Glasser,4,kernel_ridge,"kernel_ridge[alpha=1.0,gamma_mult=2.0]",pred_FC+bv+demo,sex,1.0,0.99,True,True,False,EXEMPT_FLAGGED
Glasser,5,pca_pls,pca_pls,bv+demo,sex,1.0,0.99,True,True,False,EXEMPT_FLAGGED
Glasser,5,pca_pls,pca_pls,pred_SC+bv+demo,sex,1.0,0.99,True,True,False,EXEMPT_FLAGGED
Glasser,5,pca_pls,pca_pls,pred_FC+bv+demo,sex,1.0,0.99,True,True,False,EXEMPT_FLAGGED
Glasser,5,bayesian_ridge,bayesian_ridge,bv+demo,sex,1.0,0.99,True,True,False,EXEMPT_FLAGGED
Glasser,5,bayesian_ridge,bayesian_ridge,obs_SC+bv+demo,sex,1.0,0.99,True,True,False,EXEMPT_FLAGGED
Glasser,5,bayesian_ridge,bayesian_ridge,pred_SC+bv+demo,sex,1.0,0.99,True,True,False,EXEMPT_FLAGGED
Glasser,5,bayesian_ridge,bayesian_ridge,pred_FC+bv+demo,sex,1.0,0.99,True,True,False,EXEMPT_FLAGGED
Glasser,5,kernel_ridge,"kernel_ridge[alpha=0.1,gamma_mult=0.5]",bv+demo,sex,1.0,0.99,True,True,False,EXEMPT_FLAGGED
Glasser,5,kernel_ridge,"kernel_ridge[alpha=0.1,gamma_mult=0.5]",obs_FC+bv+demo,sex,1.0,0.99,True,True,False,EXEMPT_FLAGGED
Glasser,5,kernel_ridge,"kernel_ridge[alpha=0.1,gamma_mult=0.5]",obs_SC+bv+demo,sex,1.0,0.99,True,True,False,EXEMPT_FLAGGED
Glasser,5,kernel_ridge,"kernel_ridge[alpha=0.1,gamma_mult=0.5]",pred_SC+bv+demo,sex,1.0,0.99,True,True,False,EXEMPT_FLAGGED
Glasser,5,kernel_ridge,"kernel_ridge[alpha=0.1,gamma_mult=0.5]",pred_FC+bv+demo,sex,1.0,0.99,True,True,False,EXEMPT_FLAGGED
Glasser,5,kernel_ridge,"kernel_ridge[alpha=1.0,gamma_mult=0.5]",bv+demo,sex,1.0,0.99,True,True,False,EXEMPT_FLAGGED
Glasser,5,kernel_ridge,"kernel_ridge[alpha=1.0,gamma_mult=0.5]",obs_FC+bv+demo,sex,1.0,0.99,True,True,False,EXEMPT_FLAGGED
Glasser,5,kernel_ridge,"kernel_ridge[alpha=1.0,gamma_mult=0.5]",obs_SC+bv+demo,sex,1.0,0.99,True,True,False,EXEMPT_FLAGGED
Glasser,5,kernel_ridge,"kernel_ridge[alpha=1.0,gamma_mult=0.5]",pred_SC+bv+demo,sex,1.0,0.99,True,True,False,EXEMPT_FLAGGED
Glasser,5,kernel_ridge,"kernel_ridge[alpha=1.0,gamma_mult=0.5]",pred_FC+bv+demo,sex,1.0,0.99,True,True,False,EXEMPT_FLAGGED
Glasser,5,kernel_ridge,"kernel_ridge[alpha=0.1,gamma_mult=1.0]",bv+demo,sex,1.0,0.99,True,True,False,EXEMPT_FLAGGED
Glasser,5,kernel_ridge,"kernel_ridge[alpha=0.1,gamma_mult=1.0]",obs_FC+bv+demo,sex,1.0,0.99,True,True,False,EXEMPT_FLAGGED
Glasser,5,kernel_ridge,"kernel_ridge[alpha=0.1,gamma_mult=1.0]",obs_SC+bv+demo,sex,1.0,0.99,True,True,False,EXEMPT_FLAGGED
Glasser,5,kernel_ridge,"kernel_ridge[alpha=0.1,gamma_mult=1.0]",pred_SC+bv+demo,sex,1.0,0.99,True,True,False,EXEMPT_FLAGGED
Glasser,5,kernel_ridge,"kernel_ridge[alpha=0.1,gamma_mult=1.0]",pred_FC+bv+demo,sex,1.0,0.99,True,True,False,EXEMPT_FLAGGED
Glasser,5,kernel_ridge,"kernel_ridge[alpha=1.0,gamma_mult=1.0]",bv+demo,sex,1.0,0.99,True,True,False,EXEMPT_FLAGGED
Glasser,5,kernel_ridge,"kernel_ridge[alpha=1.0,gamma_mult=1.0]",obs_FC+bv+demo,sex,1.0,0.99,True,True,False,EXEMPT_FLAGGED
Glasser,5,kernel_ridge,"kernel_ridge[alpha=1.0,gamma_mult=1.0]",obs_SC+bv+demo,sex,1.0,0.99,True,True,False,EXEMPT_FLAGGED
Glasser,5,kernel_ridge,"kernel_ridge[alpha=1.0,gamma_mult=1.0]",pred_SC+bv+demo,sex,1.0,0.99,True,True,False,EXEMPT_FLAGGED
Glasser,5,kernel_ridge,"kernel_ridge[alpha=1.0,gamma_mult=1.0]",pred_FC+bv+demo,sex,1.0,0.99,True,True,False,EXEMPT_FLAGGED
Glasser,5,kernel_ridge,"kernel_ridge[alpha=0.1,gamma_mult=2.0]",bv+demo,sex,1.0,0.99,True,True,False,EXEMPT_FLAGGED
Glasser,5,kernel_ridge,"kernel_ridge[alpha=0.1,gamma_mult=2.0]",obs_SC+bv+demo,sex,1.0,0.99,True,True,False,EXEMPT_FLAGGED
Glasser,5,kernel_ridge,"kernel_ridge[alpha=0.1,gamma_mult=2.0]",pred_SC+bv+demo,sex,1.0,0.99,True,True,False,EXEMPT_FLAGGED
Glasser,5,kernel_ridge,"kernel_ridge[alpha=0.1,gamma_mult=2.0]",pred_FC+bv+demo,sex,1.0,0.99,True,True,False,EXEMPT_FLAGGED
Glasser,5,kernel_ridge,"kernel_ridge[alpha=1.0,gamma_mult=2.0]",obs_SC+bv+demo,sex,1.0,0.99,True,True,False,EXEMPT_FLAGGED
Glasser,5,kernel_ridge,"kernel_ridge[alpha=1.0,gamma_mult=2.0]",pred_FC+bv+demo,sex,1.0,0.99,True,True,False,EXEMPT_FLAGGED
Glasser,6,pca_pls,pca_pls,bv+demo,sex,1.0,0.99,True,True,False,EXEMPT_FLAGGED
Glasser,6,pca_pls,pca_pls,obs_SC+bv+demo,sex,1.0,0.99,True,True,False,EXEMPT_FLAGGED
Glasser,6,pca_pls,pca_pls,pred_SC+bv+demo,sex,1.0,0.99,True,True,False,EXEMPT_FLAGGED
Glasser,6,pca_pls,pca_pls,pred_FC+bv+demo,sex,1.0,0.99,True,True,False,EXEMPT_FLAGGED
Glasser,6,bayesian_ridge,bayesian_ridge,bv+demo,sex,1.0,0.99,True,True,False,EXEMPT_FLAGGED
Glasser,6,bayesian_ridge,bayesian_ridge,obs_SC+bv+demo,sex,1.0,0.99,True,True,False,EXEMPT_FLAGGED
Glasser,6,bayesian_ridge,bayesian_ridge,pred_SC+bv+demo,sex,1.0,0.99,True,True,False,EXEMPT_FLAGGED
Glasser,6,bayesian_ridge,bayesian_ridge,pred_FC+bv+demo,sex,1.0,0.99,True,True,False,EXEMPT_FLAGGED
Glasser,6,kernel_ridge,"kernel_ridge[alpha=0.1,gamma_mult=0.5]",bv+demo,sex,1.0,0.99,True,True,False,EXEMPT_FLAGGED
Glasser,6,kernel_ridge,"kernel_ridge[alpha=0.1,gamma_mult=0.5]",obs_SC+bv+demo,sex,1.0,0.99,True,True,False,EXEMPT_FLAGGED
Glasser,6,kernel_ridge,"kernel_ridge[alpha=0.1,gamma_mult=0.5]",pred_SC+bv+demo,sex,1.0,0.99,True,True,False,EXEMPT_FLAGGED
Glasser,6,kernel_ridge,"kernel_ridge[alpha=0.1,gamma_mult=0.5]",pred_FC+bv+demo,sex,1.0,0.99,True,True,False,EXEMPT_FLAGGED
Glasser,6,kernel_ridge,"kernel_ridge[alpha=1.0,gamma_mult=0.5]",obs_SC+bv+demo,sex,1.0,0.99,True,True,False,EXEMPT_FLAGGED
Glasser,6,kernel_ridge,"kernel_ridge[alpha=1.0,gamma_mult=0.5]",pred_SC+bv+demo,sex,1.0,0.99,True,True,False,EXEMPT_FLAGGED
Glasser,6,kernel_ridge,"kernel_ridge[alpha=0.1,gamma_mult=1.0]",bv+demo,sex,1.0,0.99,True,True,False,EXEMPT_FLAGGED
Glasser,6,kernel_ridge,"kernel_ridge[alpha=0.1,gamma_mult=1.0]",obs_SC+bv+demo,sex,1.0,0.99,True,True,False,EXEMPT_FLAGGED
Glasser,6,kernel_ridge,"kernel_ridge[alpha=0.1,gamma_mult=1.0]",pred_SC+bv+demo,sex,1.0,0.99,True,True,False,EXEMPT_FLAGGED
Glasser,6,kernel_ridge,"kernel_ridge[alpha=0.1,gamma_mult=1.0]",pred_FC+bv+demo,sex,1.0,0.99,True,True,False,EXEMPT_FLAGGED
Glasser,6,kernel_ridge,"kernel_ridge[alpha=1.0,gamma_mult=1.0]",obs_SC+bv+demo,sex,1.0,0.99,True,True,False,EXEMPT_FLAGGED
Glasser,6,kernel_ridge,"kernel_ridge[alpha=0.1,gamma_mult=2.0]",obs_SC+bv+demo,sex,1.0,0.99,True,True,False,EXEMPT_FLAGGED
Glasser,7,pca_pls,pca_pls,bv+demo,sex,1.0,0.99,True,True,False,EXEMPT_FLAGGED
Glasser,7,pca_pls,pca_pls,pred_SC+bv+demo,sex,1.0,0.99,True,True,False,EXEMPT_FLAGGED
Glasser,7,pca_pls,pca_pls,pred_FC+bv+demo,sex,1.0,0.99,True,True,False,EXEMPT_FLAGGED
Glasser,7,bayesian_ridge,bayesian_ridge,bv+demo,sex,1.0,0.99,True,True,False,EXEMPT_FLAGGED
Glasser,7,bayesian_ridge,bayesian_ridge,obs_FC+bv+demo,sex,1.0,0.99,True,True,False,EXEMPT_FLAGGED
Glasser,7,bayesian_ridge,bayesian_ridge,obs_SC+bv+demo,sex,1.0,0.99,True,True,False,EXEMPT_FLAGGED
Glasser,7,bayesian_ridge,bayesian_ridge,pred_SC+bv+demo,sex,1.0,0.99,True,True,False,EXEMPT_FLAGGED
Glasser,7,bayesian_ridge,bayesian_ridge,pred_FC+bv+demo,sex,1.0,0.99,True,True,False,EXEMPT_FLAGGED
Glasser,7,kernel_ridge,"kernel_ridge[alpha=0.1,gamma_mult=0.5]",obs_FC+bv+demo,sex,1.0,0.99,True,True,False,EXEMPT_FLAGGED
Glasser,7,kernel_ridge,"kernel_ridge[alpha=0.1,gamma_mult=0.5]",obs_SC+bv+demo,sex,1.0,0.99,True,True,False,EXEMPT_FLAGGED
Glasser,7,kernel_ridge,"kernel_ridge[alpha=0.1,gamma_mult=0.5]",pred_SC+bv+demo,sex,1.0,0.99,True,True,False,EXEMPT_FLAGGED
Glasser,7,kernel_ridge,"kernel_ridge[alpha=0.1,gamma_mult=0.5]",pred_FC+bv+demo,sex,1.0,0.99,True,True,False,EXEMPT_FLAGGED
Glasser,7,kernel_ridge,"kernel_ridge[alpha=1.0,gamma_mult=0.5]",obs_FC+bv+demo,sex,1.0,0.99,True,True,False,EXEMPT_FLAGGED
Glasser,7,kernel_ridge,"kernel_ridge[alpha=1.0,gamma_mult=0.5]",obs_SC+bv+demo,sex,1.0,0.99,True,True,False,EXEMPT_FLAGGED
Glasser,7,kernel_ridge,"kernel_ridge[alpha=1.0,gamma_mult=0.5]",pred_SC+bv+demo,sex,1.0,0.99,True,True,False,EXEMPT_FLAGGED
Glasser,7,kernel_ridge,"kernel_ridge[alpha=1.0,gamma_mult=0.5]",pred_FC+bv+demo,sex,1.0,0.99,True,True,False,EXEMPT_FLAGGED
Glasser,7,kernel_ridge,"kernel_ridge[alpha=0.1,gamma_mult=1.0]",obs_FC+bv+demo,sex,1.0,0.99,True,True,False,EXEMPT_FLAGGED
Glasser,7,kernel_ridge,"kernel_ridge[alpha=0.1,gamma_mult=1.0]",obs_SC+bv+demo,sex,1.0,0.99,True,True,False,EXEMPT_FLAGGED
Glasser,7,kernel_ridge,"kernel_ridge[alpha=0.1,gamma_mult=1.0]",pred_SC+bv+demo,sex,1.0,0.99,True,True,False,EXEMPT_FLAGGED
Glasser,7,kernel_ridge,"kernel_ridge[alpha=0.1,gamma_mult=1.0]",pred_FC+bv+demo,sex,1.0,0.99,True,True,False,EXEMPT_FLAGGED
Glasser,7,kernel_ridge,"kernel_ridge[alpha=1.0,gamma_mult=1.0]",obs_FC+bv+demo,sex,1.0,0.99,True,True,False,EXEMPT_FLAGGED
Glasser,7,kernel_ridge,"kernel_ridge[alpha=1.0,gamma_mult=1.0]",obs_SC+bv+demo,sex,1.0,0.99,True,True,False,EXEMPT_FLAGGED
Glasser,7,kernel_ridge,"kernel_ridge[alpha=1.0,gamma_mult=1.0]",pred_SC+bv+demo,sex,1.0,0.99,True,True,False,EXEMPT_FLAGGED
Glasser,7,kernel_ridge,"kernel_ridge[alpha=1.0,gamma_mult=1.0]",pred_FC+bv+demo,sex,1.0,0.99,True,True,False,EXEMPT_FLAGGED
Glasser,7,kernel_ridge,"kernel_ridge[alpha=10.0,gamma_mult=1.0]",obs_FC+bv+demo,sex,1.0,0.99,True,True,False,EXEMPT_FLAGGED
Glasser,7,kernel_ridge,"kernel_ridge[alpha=0.1,gamma_mult=2.0]",obs_SC+bv+demo,sex,1.0,0.99,True,True,False,EXEMPT_FLAGGED
Glasser,7,kernel_ridge,"kernel_ridge[alpha=0.1,gamma_mult=2.0]",pred_FC+bv+demo,sex,1.0,0.99,True,True,False,EXEMPT_FLAGGED
Glasser,8,pca_pls,pca_pls,bv+demo,sex,1.0,0.99,True,True,False,EXEMPT_FLAGGED
Glasser,8,pca_pls,pca_pls,pred_SC+bv+demo,sex,1.0,0.99,True,True,False,EXEMPT_FLAGGED
Glasser,8,pca_pls,pca_pls,pred_FC+bv+demo,sex,1.0,0.99,True,True,False,EXEMPT_FLAGGED
Glasser,8,bayesian_ridge,bayesian_ridge,bv+demo,sex,1.0,0.99,True,True,False,EXEMPT_FLAGGED
Glasser,8,bayesian_ridge,bayesian_ridge,obs_SC+bv+demo,sex,1.0,0.99,True,True,False,EXEMPT_FLAGGED
Glasser,8,bayesian_ridge,bayesian_ridge,pred_SC+bv+demo,sex,1.0,0.99,True,True,False,EXEMPT_FLAGGED
Glasser,8,bayesian_ridge,bayesian_ridge,pred_FC+bv+demo,sex,1.0,0.99,True,True,False,EXEMPT_FLAGGED
Glasser,8,kernel_ridge,"kernel_ridge[alpha=0.1,gamma_mult=0.5]",obs_FC+bv+demo,sex,1.0,0.99,True,True,False,EXEMPT_FLAGGED
Glasser,8,kernel_ridge,"kernel_ridge[alpha=0.1,gamma_mult=0.5]",obs_SC+bv+demo,sex,1.0,0.99,True,True,False,EXEMPT_FLAGGED
Glasser,8,kernel_ridge,"kernel_ridge[alpha=0.1,gamma_mult=0.5]",pred_FC+bv+demo,sex,1.0,0.99,True,True,False,EXEMPT_FLAGGED
Glasser,8,kernel_ridge,"kernel_ridge[alpha=1.0,gamma_mult=0.5]",obs_FC+bv+demo,sex,1.0,0.99,True,True,False,EXEMPT_FLAGGED
Glasser,8,kernel_ridge,"kernel_ridge[alpha=1.0,gamma_mult=0.5]",obs_SC+bv+demo,sex,1.0,0.99,True,True,False,EXEMPT_FLAGGED
Glasser,8,kernel_ridge,"kernel_ridge[alpha=10.0,gamma_mult=0.5]",obs_SC+bv+demo,sex,1.0,0.99,True,True,False,EXEMPT_FLAGGED
Glasser,8,kernel_ridge,"kernel_ridge[alpha=0.1,gamma_mult=1.0]",obs_FC+bv+demo,sex,1.0,0.99,True,True,False,EXEMPT_FLAGGED
Glasser,8,kernel_ridge,"kernel_ridge[alpha=0.1,gamma_mult=1.0]",obs_SC+bv+demo,sex,1.0,0.99,True,True,False,EXEMPT_FLAGGED
Glasser,8,kernel_ridge,"kernel_ridge[alpha=1.0,gamma_mult=1.0]",obs_FC+bv+demo,sex,1.0,0.99,True,True,False,EXEMPT_FLAGGED
Glasser,9,pca_pls,pca_pls,bv+demo,sex,1.0,0.99,True,True,False,EXEMPT_FLAGGED
Glasser,9,pca_pls,pca_pls,pred_SC+bv+demo,sex,1.0,0.99,True,True,False,EXEMPT_FLAGGED
Glasser,9,pca_pls,pca_pls,pred_FC+bv+demo,sex,1.0,0.99,True,True,False,EXEMPT_FLAGGED
Glasser,9,bayesian_ridge,bayesian_ridge,bv+demo,sex,1.0,0.99,True,True,False,EXEMPT_FLAGGED
Glasser,9,bayesian_ridge,bayesian_ridge,obs_SC+bv+demo,sex,1.0,0.99,True,True,False,EXEMPT_FLAGGED
Glasser,9,bayesian_ridge,bayesian_ridge,pred_SC+bv+demo,sex,1.0,0.99,True,True,False,EXEMPT_FLAGGED
Glasser,9,bayesian_ridge,bayesian_ridge,pred_FC+bv+demo,sex,1.0,0.99,True,True,False,EXEMPT_FLAGGED
Glasser,9,kernel_ridge,"kernel_ridge[alpha=0.1,gamma_mult=0.5]",bv+demo,sex,1.0,0.99,True,True,False,EXEMPT_FLAGGED
Glasser,9,kernel_ridge,"kernel_ridge[alpha=0.1,gamma_mult=0.5]",obs_SC+bv+demo,sex,1.0,0.99,True,True,False,EXEMPT_FLAGGED
Glasser,9,kernel_ridge,"kernel_ridge[alpha=0.1,gamma_mult=0.5]",pred_SC+bv+demo,sex,1.0,0.99,True,True,False,EXEMPT_FLAGGED
Glasser,9,kernel_ridge,"kernel_ridge[alpha=0.1,gamma_mult=0.5]",pred_FC+bv+demo,sex,1.0,0.99,True,True,False,EXEMPT_FLAGGED
Glasser,9,kernel_ridge,"kernel_ridge[alpha=1.0,gamma_mult=0.5]",bv+demo,sex,1.0,0.99,True,True,False,EXEMPT_FLAGGED
Glasser,9,kernel_ridge,"kernel_ridge[alpha=1.0,gamma_mult=0.5]",obs_SC+bv+demo,sex,1.0,0.99,True,True,False,EXEMPT_FLAGGED
Glasser,9,kernel_ridge,"kernel_ridge[alpha=1.0,gamma_mult=0.5]",pred_SC+bv+demo,sex,1.0,0.99,True,True,False,EXEMPT_FLAGGED
Glasser,9,kernel_ridge,"kernel_ridge[alpha=1.0,gamma_mult=0.5]",pred_FC+bv+demo,sex,1.0,0.99,True,True,False,EXEMPT_FLAGGED
Glasser,9,kernel_ridge,"kernel_ridge[alpha=0.1,gamma_mult=1.0]",bv+demo,sex,1.0,0.99,True,True,False,EXEMPT_FLAGGED
Glasser,9,kernel_ridge,"kernel_ridge[alpha=0.1,gamma_mult=1.0]",obs_SC+bv+demo,sex,1.0,0.99,True,True,False,EXEMPT_FLAGGED
Glasser,9,kernel_ridge,"kernel_ridge[alpha=0.1,gamma_mult=1.0]",pred_SC+bv+demo,sex,1.0,0.99,True,True,False,EXEMPT_FLAGGED
Glasser,9,kernel_ridge,"kernel_ridge[alpha=0.1,gamma_mult=1.0]",pred_FC+bv+demo,sex,1.0,0.99,True,True,False,EXEMPT_FLAGGED
Glasser,9,kernel_ridge,"kernel_ridge[alpha=1.0,gamma_mult=1.0]",bv+demo,sex,1.0,0.99,True,True,False,EXEMPT_FLAGGED
Glasser,9,kernel_ridge,"kernel_ridge[alpha=1.0,gamma_mult=1.0]",obs_SC+bv+demo,sex,1.0,0.99,True,True,False,EXEMPT_FLAGGED
Glasser,9,kernel_ridge,"kernel_ridge[alpha=1.0,gamma_mult=1.0]",pred_SC+bv+demo,sex,1.0,0.99,True,True,False,EXEMPT_FLAGGED
Glasser,9,kernel_ridge,"kernel_ridge[alpha=1.0,gamma_mult=1.0]",pred_FC+bv+demo,sex,1.0,0.99,True,True,False,EXEMPT_FLAGGED
Glasser,9,kernel_ridge,"kernel_ridge[alpha=0.1,gamma_mult=2.0]",pred_SC+bv+demo,sex,1.0,0.99,True,True,False,EXEMPT_FLAGGED
Glasser,9,kernel_ridge,"kernel_ridge[alpha=0.1,gamma_mult=2.0]",pred_FC+bv+demo,sex,1.0,0.99,True,True,False,EXEMPT_FLAGGED
Glasser,9,kernel_ridge,"kernel_ridge[alpha=1.0,gamma_mult=2.0]",pred_SC+bv+demo,sex,1.0,0.99,True,True,False,EXEMPT_FLAGGED
Glasser,9,kernel_ridge,"kernel_ridge[alpha=1.0,gamma_mult=2.0]",pred_FC+bv+demo,sex,1.0,0.99,True,True,False,EXEMPT_FLAGGED
4S456Parcels,4,kernel_ridge,"kernel_ridge[alpha=0.1,gamma_mult=0.5]",obs_SC+bv+demo,sex,0.995575221238938,0.99,True,True,False,EXEMPT_FLAGGED
4S456Parcels,4,kernel_ridge,"kernel_ridge[alpha=1.0,gamma_mult=0.5]",obs_SC+bv+demo,sex,0.995575221238938,0.99,True,True,False,EXEMPT_FLAGGED
4S456Parcels,4,kernel_ridge,"kernel_ridge[alpha=10.0,gamma_mult=0.5]",obs_SC+bv+demo,sex,0.995575221238938,0.99,True,True,False,EXEMPT_FLAGGED
4S456Parcels,4,kernel_ridge,"kernel_ridge[alpha=1.0,gamma_mult=1.0]",obs_FC+bv+demo,sex,0.995575221238938,0.99,True,True,False,EXEMPT_FLAGGED
4S456Parcels,9,pca_pls,pca_pls,obs_FC+bv+demo,sex,0.995575221238938,0.99,True,True,False,EXEMPT_FLAGGED
4S456Parcels,9,kernel_ridge,"kernel_ridge[alpha=0.1,gamma_mult=1.0]",obs_SC+bv+demo,sex,0.995575221238938,0.99,True,True,False,EXEMPT_FLAGGED
Glasser,4,kernel_ridge,"kernel_ridge[alpha=0.1,gamma_mult=1.0]",obs_FC+bv+demo,sex,0.995575221238938,0.99,True,True,False,EXEMPT_FLAGGED
Glasser,9,kernel_ridge,"kernel_ridge[alpha=0.1,gamma_mult=2.0]",obs_SC+bv+demo,sex,0.995575221238938,0.99,True,True,False,EXEMPT_FLAGGED
4S456Parcels,2,pca_pls,pca_pls,obs_SC+bv+demo,sex,0.9955357142857144,0.99,True,True,False,EXEMPT_FLAGGED
4S456Parcels,2,bayesian_ridge,bayesian_ridge,obs_SC+bv+demo,sex,0.9955357142857144,0.99,True,True,False,EXEMPT_FLAGGED
4S456Parcels,2,kernel_ridge,"kernel_ridge[alpha=0.1,gamma_mult=0.5]",obs_SC+bv+demo,sex,0.9955357142857144,0.99,True,True,False,EXEMPT_FLAGGED
Glasser,2,kernel_ridge,"kernel_ridge[alpha=0.1,gamma_mult=0.5]",obs_FC+bv+demo,sex,0.9955357142857144,0.99,True,True,False,EXEMPT_FLAGGED
Glasser,2,kernel_ridge,"kernel_ridge[alpha=1.0,gamma_mult=0.5]",obs_FC+bv+demo,sex,0.9955357142857144,0.99,True,True,False,EXEMPT_FLAGGED
Glasser,2,kernel_ridge,"kernel_ridge[alpha=0.1,gamma_mult=1.0]",obs_FC+bv+demo,sex,0.9955357142857144,0.99,True,True,False,EXEMPT_FLAGGED
Glasser,2,kernel_ridge,"kernel_ridge[alpha=0.1,gamma_mult=2.0]",obs_SC+bv+demo,sex,0.9955357142857144,0.99,True,True,False,EXEMPT_FLAGGED
4S456Parcels,1,pca_pls,pca_pls,obs_SC+bv+demo,sex,0.9954545454545456,0.99,True,True,False,EXEMPT_FLAGGED
4S456Parcels,1,bayesian_ridge,bayesian_ridge,obs_SC+bv+demo,sex,0.9954545454545456,0.99,True,True,False,EXEMPT_FLAGGED
4S456Parcels,1,kernel_ridge,"kernel_ridge[alpha=0.1,gamma_mult=0.5]",obs_FC+bv+demo,sex,0.9954545454545456,0.99,True,True,False,EXEMPT_FLAGGED
4S456Parcels,1,kernel_ridge,"kernel_ridge[alpha=0.1,gamma_mult=0.5]",obs_SC+bv+demo,sex,0.9954545454545456,0.99,True,True,False,EXEMPT_FLAGGED
4S456Parcels,1,kernel_ridge,"kernel_ridge[alpha=1.0,gamma_mult=0.5]",obs_FC+bv+demo,sex,0.9954545454545456,0.99,True,True,False,EXEMPT_FLAGGED
4S456Parcels,1,kernel_ridge,"kernel_ridge[alpha=1.0,gamma_mult=0.5]",obs_SC+bv+demo,sex,0.9954545454545456,0.99,True,True,False,EXEMPT_FLAGGED
4S456Parcels,1,kernel_ridge,"kernel_ridge[alpha=10.0,gamma_mult=0.5]",obs_FC+bv+demo,sex,0.9954545454545456,0.99,True,True,False,EXEMPT_FLAGGED
4S456Parcels,1,kernel_ridge,"kernel_ridge[alpha=0.1,gamma_mult=1.0]",obs_FC+bv+demo,sex,0.9954545454545456,0.99,True,True,False,EXEMPT_FLAGGED
4S456Parcels,1,kernel_ridge,"kernel_ridge[alpha=0.1,gamma_mult=1.0]",obs_SC+bv+demo,sex,0.9954545454545456,0.99,True,True,False,EXEMPT_FLAGGED
4S456Parcels,1,kernel_ridge,"kernel_ridge[alpha=1.0,gamma_mult=1.0]",obs_SC+bv+demo,sex,0.9954545454545456,0.99,True,True,False,EXEMPT_FLAGGED
Glasser,1,kernel_ridge,"kernel_ridge[alpha=0.1,gamma_mult=2.0]",obs_SC+bv+demo,sex,0.9954545454545456,0.99,True,True,False,EXEMPT_FLAGGED
4S456Parcels,6,kernel_ridge,"kernel_ridge[alpha=0.1,gamma_mult=1.0]",obs_SC+bv+demo,sex,0.9954128440366972,0.99,True,True,False,EXEMPT_FLAGGED
Glasser,6,kernel_ridge,"kernel_ridge[alpha=0.1,gamma_mult=1.0]",obs_FC+bv+demo,sex,0.9954128440366972,0.99,True,True,False,EXEMPT_FLAGGED
Glasser,6,kernel_ridge,"kernel_ridge[alpha=1.0,gamma_mult=1.0]",obs_FC+bv+demo,sex,0.9954128440366972,0.99,True,True,False,EXEMPT_FLAGGED
4S456Parcels,3,pca_pls,pca_pls,obs_SC+bv+demo,sex,0.9953703703703703,0.99,True,True,False,EXEMPT_FLAGGED
4S456Parcels,3,bayesian_ridge,bayesian_ridge,obs_SC+bv+demo,sex,0.9953703703703703,0.99,True,True,False,EXEMPT_FLAGGED
4S456Parcels,3,kernel_ridge,"kernel_ridge[alpha=0.1,gamma_mult=0.5]",obs_SC+bv+demo,sex,0.9953703703703703,0.99,True,True,False,EXEMPT_FLAGGED
4S456Parcels,3,kernel_ridge,"kernel_ridge[alpha=1.0,gamma_mult=0.5]",obs_SC+bv+demo,sex,0.9953703703703703,0.99,True,True,False,EXEMPT_FLAGGED
4S456Parcels,3,kernel_ridge,"kernel_ridge[alpha=0.1,gamma_mult=1.0]",obs_SC+bv+demo,sex,0.9953703703703703,0.99,True,True,False,EXEMPT_FLAGGED
4S456Parcels,3,kernel_ridge,"kernel_ridge[alpha=1.0,gamma_mult=1.0]",obs_SC+bv+demo,sex,0.9953703703703703,0.99,True,True,False,EXEMPT_FLAGGED
4S456Parcels,0,bayesian_ridge,bayesian_ridge,obs_SC+bv+demo,sex,0.9952830188679244,0.99,True,True,False,EXEMPT_FLAGGED
4S456Parcels,0,kernel_ridge,"kernel_ridge[alpha=0.1,gamma_mult=0.5]",obs_SC+bv+demo,sex,0.9952830188679244,0.99,True,True,False,EXEMPT_FLAGGED
4S456Parcels,8,pca_pls,pca_pls,obs_SC+bv+demo,sex,0.9952830188679244,0.99,True,True,False,EXEMPT_FLAGGED
4S456Parcels,8,bayesian_ridge,bayesian_ridge,obs_SC+bv+demo,sex,0.9952830188679244,0.99,True,True,False,EXEMPT_FLAGGED
Glasser,0,kernel_ridge,"kernel_ridge[alpha=0.1,gamma_mult=0.5]",obs_FC+bv+demo,sex,0.9952830188679244,0.99,True,True,False,EXEMPT_FLAGGED
Glasser,0,kernel_ridge,"kernel_ridge[alpha=1.0,gamma_mult=0.5]",obs_FC+bv+demo,sex,0.9952830188679244,0.99,True,True,False,EXEMPT_FLAGGED
Glasser,0,kernel_ridge,"kernel_ridge[alpha=1.0,gamma_mult=1.0]",obs_SC+bv+demo,sex,0.9952830188679244,0.99,True,True,False,EXEMPT_FLAGGED
Glasser,0,kernel_ridge,"kernel_ridge[alpha=0.1,gamma_mult=2.0]",obs_SC+bv+demo,sex,0.9952830188679244,0.99,True,True,False,EXEMPT_FLAGGED
Glasser,8,kernel_ridge,"kernel_ridge[alpha=1.0,gamma_mult=1.0]",obs_SC+bv+demo,sex,0.9952830188679244,0.99,True,True,False,EXEMPT_FLAGGED
Glasser,8,kernel_ridge,"kernel_ridge[alpha=0.1,gamma_mult=2.0]",obs_SC+bv+demo,sex,0.9952830188679244,0.99,True,True,False,EXEMPT_FLAGGED
4S456Parcels,5,pca_pls,pca_pls,obs_SC+bv+demo,sex,0.995,0.99,True,True,False,EXEMPT_FLAGGED
4S456Parcels,5,bayesian_ridge,bayesian_ridge,obs_SC+bv+demo,sex,0.995,0.99,True,True,False,EXEMPT_FLAGGED
4S456Parcels,5,kernel_ridge,"kernel_ridge[alpha=0.1,gamma_mult=0.5]",obs_SC+bv+demo,sex,0.995,0.99,True,True,False,EXEMPT_FLAGGED
4S456Parcels,5,kernel_ridge,"kernel_ridge[alpha=1.0,gamma_mult=0.5]",obs_SC+bv+demo,sex,0.995,0.99,True,True,False,EXEMPT_FLAGGED
4S456Parcels,5,kernel_ridge,"kernel_ridge[alpha=0.1,gamma_mult=1.0]",obs_SC+bv+demo,sex,0.995,0.99,True,True,False,EXEMPT_FLAGGED
4S456Parcels,5,kernel_ridge,"kernel_ridge[alpha=1.0,gamma_mult=1.0]",obs_SC+bv+demo,sex,0.995,0.99,True,True,False,EXEMPT_FLAGGED
4S456Parcels,7,pca_pls,pca_pls,obs_FC+bv+demo,sex,0.995,0.99,True,True,False,EXEMPT_FLAGGED
4S456Parcels,7,bayesian_ridge,bayesian_ridge,obs_FC+bv+demo,sex,0.995,0.99,True,True,False,EXEMPT_FLAGGED
4S456Parcels,7,kernel_ridge,"kernel_ridge[alpha=0.1,gamma_mult=0.5]",bv+demo,sex,0.995,0.99,True,True,False,EXEMPT_FLAGGED
4S456Parcels,7,kernel_ridge,"kernel_ridge[alpha=0.1,gamma_mult=0.5]",obs_FC+bv+demo,sex,0.995,0.99,True,True,False,EXEMPT_FLAGGED
4S456Parcels,7,kernel_ridge,"kernel_ridge[alpha=1.0,gamma_mult=0.5]",bv+demo,sex,0.995,0.99,True,True,False,EXEMPT_FLAGGED
4S456Parcels,7,kernel_ridge,"kernel_ridge[alpha=1.0,gamma_mult=0.5]",obs_FC+bv+demo,sex,0.995,0.99,True,True,False,EXEMPT_FLAGGED
4S456Parcels,7,kernel_ridge,"kernel_ridge[alpha=0.1,gamma_mult=1.0]",bv+demo,sex,0.995,0.99,True,True,False,EXEMPT_FLAGGED
4S456Parcels,7,kernel_ridge,"kernel_ridge[alpha=0.1,gamma_mult=1.0]",obs_FC+bv+demo,sex,0.995,0.99,True,True,False,EXEMPT_FLAGGED
4S456Parcels,7,kernel_ridge,"kernel_ridge[alpha=1.0,gamma_mult=1.0]",bv+demo,sex,0.995,0.99,True,True,False,EXEMPT_FLAGGED
4S456Parcels,7,kernel_ridge,"kernel_ridge[alpha=1.0,gamma_mult=1.0]",obs_FC+bv+demo,sex,0.995,0.99,True,True,False,EXEMPT_FLAGGED
4S456Parcels,7,kernel_ridge,"kernel_ridge[alpha=0.1,gamma_mult=2.0]",pred_FC+bv+demo,sex,0.995,0.99,True,True,False,EXEMPT_FLAGGED
4S456Parcels,7,kernel_ridge,"kernel_ridge[alpha=1.0,gamma_mult=2.0]",pred_SC+bv+demo,sex,0.995,0.99,True,True,False,EXEMPT_FLAGGED
4S456Parcels,7,kernel_ridge,"kernel_ridge[alpha=1.0,gamma_mult=2.0]",pred_FC+bv+demo,sex,0.995,0.99,True,True,False,EXEMPT_FLAGGED
Glasser,7,pca_pls,pca_pls,obs_FC+bv+demo,sex,0.995,0.99,True,True,False,EXEMPT_FLAGGED
Glasser,7,kernel_ridge,"kernel_ridge[alpha=0.1,gamma_mult=0.5]",bv+demo,sex,0.995,0.99,True,True,False,EXEMPT_FLAGGED
Glasser,7,kernel_ridge,"kernel_ridge[alpha=1.0,gamma_mult=0.5]",bv+demo,sex,0.995,0.99,True,True,False,EXEMPT_FLAGGED
Glasser,7,kernel_ridge,"kernel_ridge[alpha=0.1,gamma_mult=1.0]",bv+demo,sex,0.995,0.99,True,True,False,EXEMPT_FLAGGED
Glasser,7,kernel_ridge,"kernel_ridge[alpha=1.0,gamma_mult=1.0]",bv+demo,sex,0.995,0.99,True,True,False,EXEMPT_FLAGGED
Glasser,7,kernel_ridge,"kernel_ridge[alpha=0.1,gamma_mult=2.0]",pred_SC+bv+demo,sex,0.995,0.99,True,True,False,EXEMPT_FLAGGED
Glasser,7,kernel_ridge,"kernel_ridge[alpha=1.0,gamma_mult=2.0]",pred_SC+bv+demo,sex,0.995,0.99,True,True,False,EXEMPT_FLAGGED
4S456Parcels,5,pca_pls,pca_pls,obs_FC+bv+demo,sex,0.9947368421052633,0.99,True,True,False,EXEMPT_FLAGGED
4S456Parcels,5,kernel_ridge,"kernel_ridge[alpha=0.1,gamma_mult=0.5]",obs_FC+bv+demo,sex,0.9947368421052633,0.99,True,True,False,EXEMPT_FLAGGED
4S456Parcels,5,kernel_ridge,"kernel_ridge[alpha=1.0,gamma_mult=0.5]",obs_FC+bv+demo,sex,0.9947368421052633,0.99,True,True,False,EXEMPT_FLAGGED
4S456Parcels,5,kernel_ridge,"kernel_ridge[alpha=10.0,gamma_mult=0.5]",obs_SC+bv+demo,sex,0.9947368421052633,0.99,True,True,False,EXEMPT_FLAGGED
4S456Parcels,5,kernel_ridge,"kernel_ridge[alpha=1.0,gamma_mult=2.0]",pred_FC+bv+demo,sex,0.9947368421052633,0.99,True,True,False,EXEMPT_FLAGGED
Glasser,5,bayesian_ridge,bayesian_ridge,obs_FC+bv+demo,sex,0.9947368421052633,0.99,True,True,False,EXEMPT_FLAGGED
Glasser,5,kernel_ridge,"kernel_ridge[alpha=1.0,gamma_mult=2.0]",pred_SC+bv+demo,sex,0.9947368421052633,0.99,True,True,False,EXEMPT_FLAGGED
Glasser,7,kernel_ridge,"kernel_ridge[alpha=0.1,gamma_mult=2.0]",obs_FC+bv+demo,sex,0.9947368421052633,0.99,True,True,False,EXEMPT_FLAGGED
Glasser,7,kernel_ridge,"kernel_ridge[alpha=1.0,gamma_mult=2.0]",obs_SC+bv+demo,sex,0.9947368421052633,0.99,True,True,False,EXEMPT_FLAGGED
4S456Parcels,0,kernel_ridge,"kernel_ridge[alpha=1.0,gamma_mult=2.0]",pred_SC+bv+demo,sex,0.99438202247191,0.99,True,True,False,EXEMPT_FLAGGED
4S456Parcels,0,kernel_ridge,"kernel_ridge[alpha=1.0,gamma_mult=2.0]",pred_FC+bv+demo,sex,0.99438202247191,0.99,True,True,False,EXEMPT_FLAGGED
4S456Parcels,8,kernel_ridge,"kernel_ridge[alpha=0.1,gamma_mult=0.5]",bv+demo,sex,0.99438202247191,0.99,True,True,False,EXEMPT_FLAGGED
4S456Parcels,8,kernel_ridge,"kernel_ridge[alpha=1.0,gamma_mult=0.5]",bv+demo,sex,0.99438202247191,0.99,True,True,False,EXEMPT_FLAGGED
4S456Parcels,8,kernel_ridge,"kernel_ridge[alpha=1.0,gamma_mult=0.5]",pred_SC+bv+demo,sex,0.99438202247191,0.99,True,True,False,EXEMPT_FLAGGED
4S456Parcels,8,kernel_ridge,"kernel_ridge[alpha=1.0,gamma_mult=0.5]",pred_FC+bv+demo,sex,0.99438202247191,0.99,True,True,False,EXEMPT_FLAGGED
4S456Parcels,8,kernel_ridge,"kernel_ridge[alpha=0.1,gamma_mult=1.0]",pred_SC+bv+demo,sex,0.99438202247191,0.99,True,True,False,EXEMPT_FLAGGED
4S456Parcels,8,kernel_ridge,"kernel_ridge[alpha=0.1,gamma_mult=1.0]",pred_FC+bv+demo,sex,0.99438202247191,0.99,True,True,False,EXEMPT_FLAGGED
4S456Parcels,8,kernel_ridge,"kernel_ridge[alpha=1.0,gamma_mult=1.0]",pred_SC+bv+demo,sex,0.99438202247191,0.99,True,True,False,EXEMPT_FLAGGED
4S456Parcels,8,kernel_ridge,"kernel_ridge[alpha=1.0,gamma_mult=1.0]",pred_FC+bv+demo,sex,0.99438202247191,0.99,True,True,False,EXEMPT_FLAGGED
4S456Parcels,8,kernel_ridge,"kernel_ridge[alpha=0.1,gamma_mult=2.0]",pred_SC+bv+demo,sex,0.99438202247191,0.99,True,True,False,EXEMPT_FLAGGED
4S456Parcels,8,kernel_ridge,"kernel_ridge[alpha=0.1,gamma_mult=2.0]",pred_FC+bv+demo,sex,0.99438202247191,0.99,True,True,False,EXEMPT_FLAGGED
Glasser,0,bayesian_ridge,bayesian_ridge,obs_SC+bv+demo,sex,0.99438202247191,0.99,True,True,False,EXEMPT_FLAGGED
Glasser,0,kernel_ridge,"kernel_ridge[alpha=1.0,gamma_mult=2.0]",pred_SC+bv+demo,sex,0.99438202247191,0.99,True,True,False,EXEMPT_FLAGGED
Glasser,8,pca_pls,pca_pls,obs_FC+bv+demo,sex,0.99438202247191,0.99,True,True,False,EXEMPT_FLAGGED
Glasser,8,bayesian_ridge,bayesian_ridge,obs_FC+bv+demo,sex,0.99438202247191,0.99,True,True,False,EXEMPT_FLAGGED
Glasser,8,kernel_ridge,"kernel_ridge[alpha=0.1,gamma_mult=0.5]",bv+demo,sex,0.99438202247191,0.99,True,True,False,EXEMPT_FLAGGED
Glasser,8,kernel_ridge,"kernel_ridge[alpha=0.1,gamma_mult=0.5]",pred_SC+bv+demo,sex,0.99438202247191,0.99,True,True,False,EXEMPT_FLAGGED
Glasser,8,kernel_ridge,"kernel_ridge[alpha=1.0,gamma_mult=0.5]",bv+demo,sex,0.99438202247191,0.99,True,True,False,EXEMPT_FLAGGED
Glasser,8,kernel_ridge,"kernel_ridge[alpha=1.0,gamma_mult=0.5]",pred_SC+bv+demo,sex,0.99438202247191,0.99,True,True,False,EXEMPT_FLAGGED
Glasser,8,kernel_ridge,"kernel_ridge[alpha=1.0,gamma_mult=0.5]",pred_FC+bv+demo,sex,0.99438202247191,0.99,True,True,False,EXEMPT_FLAGGED
Glasser,8,kernel_ridge,"kernel_ridge[alpha=0.1,gamma_mult=1.0]",pred_SC+bv+demo,sex,0.99438202247191,0.99,True,True,False,EXEMPT_FLAGGED
Glasser,8,kernel_ridge,"kernel_ridge[alpha=0.1,gamma_mult=1.0]",pred_FC+bv+demo,sex,0.99438202247191,0.99,True,True,False,EXEMPT_FLAGGED
Glasser,8,kernel_ridge,"kernel_ridge[alpha=1.0,gamma_mult=1.0]",pred_SC+bv+demo,sex,0.99438202247191,0.99,True,True,False,EXEMPT_FLAGGED
Glasser,8,kernel_ridge,"kernel_ridge[alpha=1.0,gamma_mult=1.0]",pred_FC+bv+demo,sex,0.99438202247191,0.99,True,True,False,EXEMPT_FLAGGED
Glasser,8,kernel_ridge,"kernel_ridge[alpha=0.1,gamma_mult=2.0]",pred_SC+bv+demo,sex,0.99438202247191,0.99,True,True,False,EXEMPT_FLAGGED
Glasser,8,kernel_ridge,"kernel_ridge[alpha=0.1,gamma_mult=2.0]",pred_FC+bv+demo,sex,0.99438202247191,0.99,True,True,False,EXEMPT_FLAGGED
Glasser,8,kernel_ridge,"kernel_ridge[alpha=1.0,gamma_mult=2.0]",pred_SC+bv+demo,sex,0.99438202247191,0.99,True,True,False,EXEMPT_FLAGGED
Glasser,8,kernel_ridge,"kernel_ridge[alpha=1.0,gamma_mult=2.0]",pred_FC+bv+demo,sex,0.99438202247191,0.99,True,True,False,EXEMPT_FLAGGED
4S456Parcels,3,kernel_ridge,"kernel_ridge[alpha=0.1,gamma_mult=0.5]",bv+demo,sex,0.9942528735632185,0.99,True,True,False,EXEMPT_FLAGGED
4S456Parcels,3,kernel_ridge,"kernel_ridge[alpha=1.0,gamma_mult=0.5]",bv+demo,sex,0.9942528735632185,0.99,True,True,False,EXEMPT_FLAGGED
4S456Parcels,3,kernel_ridge,"kernel_ridge[alpha=0.1,gamma_mult=1.0]",bv+demo,sex,0.9942528735632185,0.99,True,True,False,EXEMPT_FLAGGED
4S456Parcels,3,kernel_ridge,"kernel_ridge[alpha=1.0,gamma_mult=1.0]",bv+demo,sex,0.9942528735632185,0.99,True,True,False,EXEMPT_FLAGGED
4S456Parcels,3,kernel_ridge,"kernel_ridge[alpha=1.0,gamma_mult=2.0]",pred_SC+bv+demo,sex,0.9942528735632185,0.99,True,True,False,EXEMPT_FLAGGED
4S456Parcels,3,kernel_ridge,"kernel_ridge[alpha=1.0,gamma_mult=2.0]",pred_FC+bv+demo,sex,0.9942528735632185,0.99,True,True,False,EXEMPT_FLAGGED
Glasser,3,kernel_ridge,"kernel_ridge[alpha=0.1,gamma_mult=0.5]",bv+demo,sex,0.9942528735632185,0.99,True,True,False,EXEMPT_FLAGGED
Glasser,3,kernel_ridge,"kernel_ridge[alpha=1.0,gamma_mult=0.5]",bv+demo,sex,0.9942528735632185,0.99,True,True,False,EXEMPT_FLAGGED
Glasser,3,kernel_ridge,"kernel_ridge[alpha=0.1,gamma_mult=1.0]",bv+demo,sex,0.9942528735632185,0.99,True,True,False,EXEMPT_FLAGGED
Glasser,3,kernel_ridge,"kernel_ridge[alpha=1.0,gamma_mult=1.0]",bv+demo,sex,0.9942528735632185,0.99,True,True,False,EXEMPT_FLAGGED
Glasser,3,kernel_ridge,"kernel_ridge[alpha=0.1,gamma_mult=2.0]",pred_SC+bv+demo,sex,0.9942528735632185,0.99,True,True,False,EXEMPT_FLAGGED
Glasser,3,kernel_ridge,"kernel_ridge[alpha=0.1,gamma_mult=2.0]",pred_FC+bv+demo,sex,0.9942528735632185,0.99,True,True,False,EXEMPT_FLAGGED
Glasser,3,kernel_ridge,"kernel_ridge[alpha=1.0,gamma_mult=2.0]",pred_SC+bv+demo,sex,0.9942528735632185,0.99,True,True,False,EXEMPT_FLAGGED
4S456Parcels,6,bayesian_ridge,bayesian_ridge,obs_SC+bv+demo,sex,0.994186046511628,0.99,True,True,False,EXEMPT_FLAGGED
4S456Parcels,6,kernel_ridge,"kernel_ridge[alpha=1.0,gamma_mult=0.5]",bv+demo,sex,0.994186046511628,0.99,True,True,False,EXEMPT_FLAGGED
4S456Parcels,6,kernel_ridge,"kernel_ridge[alpha=10.0,gamma_mult=0.5]",obs_SC+bv+demo,sex,0.994186046511628,0.99,True,True,False,EXEMPT_FLAGGED
4S456Parcels,6,kernel_ridge,"kernel_ridge[alpha=0.1,gamma_mult=1.0]",obs_FC+bv+demo,sex,0.994186046511628,0.99,True,True,False,EXEMPT_FLAGGED
4S456Parcels,6,kernel_ridge,"kernel_ridge[alpha=1.0,gamma_mult=1.0]",bv+demo,sex,0.994186046511628,0.99,True,True,False,EXEMPT_FLAGGED
4S456Parcels,6,kernel_ridge,"kernel_ridge[alpha=1.0,gamma_mult=1.0]",pred_SC+bv+demo,sex,0.994186046511628,0.99,True,True,False,EXEMPT_FLAGGED
4S456Parcels,6,kernel_ridge,"kernel_ridge[alpha=1.0,gamma_mult=1.0]",pred_FC+bv+demo,sex,0.994186046511628,0.99,True,True,False,EXEMPT_FLAGGED
4S456Parcels,6,kernel_ridge,"kernel_ridge[alpha=0.1,gamma_mult=2.0]",bv+demo,sex,0.994186046511628,0.99,True,True,False,EXEMPT_FLAGGED
4S456Parcels,6,kernel_ridge,"kernel_ridge[alpha=0.1,gamma_mult=2.0]",pred_SC+bv+demo,sex,0.994186046511628,0.99,True,True,False,EXEMPT_FLAGGED
4S456Parcels,6,kernel_ridge,"kernel_ridge[alpha=0.1,gamma_mult=2.0]",pred_FC+bv+demo,sex,0.994186046511628,0.99,True,True,False,EXEMPT_FLAGGED
4S456Parcels,6,kernel_ridge,"kernel_ridge[alpha=1.0,gamma_mult=2.0]",pred_SC+bv+demo,sex,0.994186046511628,0.99,True,True,False,EXEMPT_FLAGGED
4S456Parcels,6,kernel_ridge,"kernel_ridge[alpha=1.0,gamma_mult=2.0]",pred_FC+bv+demo,sex,0.994186046511628,0.99,True,True,False,EXEMPT_FLAGGED
Glasser,6,kernel_ridge,"kernel_ridge[alpha=0.1,gamma_mult=0.5]",obs_FC+bv+demo,sex,0.994186046511628,0.99,True,True,False,EXEMPT_FLAGGED
Glasser,6,kernel_ridge,"kernel_ridge[alpha=1.0,gamma_mult=0.5]",bv+demo,sex,0.994186046511628,0.99,True,True,False,EXEMPT_FLAGGED
Glasser,6,kernel_ridge,"kernel_ridge[alpha=1.0,gamma_mult=0.5]",obs_FC+bv+demo,sex,0.994186046511628,0.99,True,True,False,EXEMPT_FLAGGED
Glasser,6,kernel_ridge,"kernel_ridge[alpha=1.0,gamma_mult=0.5]",pred_FC+bv+demo,sex,0.994186046511628,0.99,True,True,False,EXEMPT_FLAGGED
Glasser,6,kernel_ridge,"kernel_ridge[alpha=1.0,gamma_mult=1.0]",bv+demo,sex,0.994186046511628,0.99,True,True,False,EXEMPT_FLAGGED
Glasser,6,kernel_ridge,"kernel_ridge[alpha=1.0,gamma_mult=1.0]",pred_SC+bv+demo,sex,0.994186046511628,0.99,True,True,False,EXEMPT_FLAGGED
Glasser,6,kernel_ridge,"kernel_ridge[alpha=1.0,gamma_mult=1.0]",pred_FC+bv+demo,sex,0.994186046511628,0.99,True,True,False,EXEMPT_FLAGGED
Glasser,6,kernel_ridge,"kernel_ridge[alpha=0.1,gamma_mult=2.0]",bv+demo,sex,0.994186046511628,0.99,True,True,False,EXEMPT_FLAGGED
Glasser,6,kernel_ridge,"kernel_ridge[alpha=0.1,gamma_mult=2.0]",pred_SC+bv+demo,sex,0.994186046511628,0.99,True,True,False,EXEMPT_FLAGGED
Glasser,6,kernel_ridge,"kernel_ridge[alpha=0.1,gamma_mult=2.0]",pred_FC+bv+demo,sex,0.994186046511628,0.99,True,True,False,EXEMPT_FLAGGED
Glasser,6,kernel_ridge,"kernel_ridge[alpha=1.0,gamma_mult=2.0]",pred_FC+bv+demo,sex,0.994186046511628,0.99,True,True,False,EXEMPT_FLAGGED
Glasser,1,kernel_ridge,"kernel_ridge[alpha=10.0,gamma_mult=0.5]",obs_SC+bv+demo,sex,0.9941176470588236,0.99,True,True,False,EXEMPT_FLAGGED
4S456Parcels,2,pca_pls,pca_pls,obs_FC+bv+demo,sex,0.9939759036144578,0.99,True,True,False,EXEMPT_FLAGGED
4S456Parcels,2,bayesian_ridge,bayesian_ridge,obs_FC+bv+demo,sex,0.9939759036144578,0.99,True,True,False,EXEMPT_FLAGGED
4S456Parcels,9,kernel_ridge,"kernel_ridge[alpha=10.0,gamma_mult=0.5]",bv+demo,sex,0.9939759036144578,0.99,True,True,False,EXEMPT_FLAGGED
4S456Parcels,9,kernel_ridge,"kernel_ridge[alpha=10.0,gamma_mult=1.0]",bv+demo,sex,0.9939759036144578,0.99,True,True,False,EXEMPT_FLAGGED
4S456Parcels,9,kernel_ridge,"kernel_ridge[alpha=0.1,gamma_mult=2.0]",bv+demo,sex,0.9939759036144578,0.99,True,True,False,EXEMPT_FLAGGED
4S456Parcels,9,kernel_ridge,"kernel_ridge[alpha=1.0,gamma_mult=2.0]",bv+demo,sex,0.9939759036144578,0.99,True,True,False,EXEMPT_FLAGGED
4S456Parcels,9,kernel_ridge,"kernel_ridge[alpha=1.0,gamma_mult=2.0]",pred_FC+bv+demo,sex,0.9939759036144578,0.99,True,True,False,EXEMPT_FLAGGED
Glasser,9,kernel_ridge,"kernel_ridge[alpha=10.0,gamma_mult=0.5]",bv+demo,sex,0.9939759036144578,0.99,True,True,False,EXEMPT_FLAGGED
Glasser,9,kernel_ridge,"kernel_ridge[alpha=10.0,gamma_mult=0.5]",obs_SC+bv+demo,sex,0.9939759036144578,0.99,True,True,False,EXEMPT_FLAGGED
Glasser,9,kernel_ridge,"kernel_ridge[alpha=10.0,gamma_mult=1.0]",bv+demo,sex,0.9939759036144578,0.99,True,True,False,EXEMPT_FLAGGED
Glasser,9,kernel_ridge,"kernel_ridge[alpha=0.1,gamma_mult=2.0]",bv+demo,sex,0.9939759036144578,0.99,True,True,False,EXEMPT_FLAGGED
Glasser,9,kernel_ridge,"kernel_ridge[alpha=1.0,gamma_mult=2.0]",bv+demo,sex,0.9939759036144578,0.99,True,True,False,EXEMPT_FLAGGED
4S456Parcels,4,kernel_ridge,"kernel_ridge[alpha=0.1,gamma_mult=0.5]",obs_FC+bv+demo,sex,0.9939024390243902,0.99,True,True,False,EXEMPT_FLAGGED
4S456Parcels,4,kernel_ridge,"kernel_ridge[alpha=1.0,gamma_mult=0.5]",obs_FC+bv+demo,sex,0.9939024390243902,0.99,True,True,False,EXEMPT_FLAGGED
4S456Parcels,4,kernel_ridge,"kernel_ridge[alpha=0.1,gamma_mult=1.0]",obs_FC+bv+demo,sex,0.9939024390243902,0.99,True,True,False,EXEMPT_FLAGGED
4S456Parcels,4,kernel_ridge,"kernel_ridge[alpha=0.1,gamma_mult=1.0]",obs_SC+bv+demo,sex,0.991150442477876,0.99,True,True,False,EXEMPT_FLAGGED
4S456Parcels,4,kernel_ridge,"kernel_ridge[alpha=1.0,gamma_mult=1.0]",obs_SC+bv+demo,sex,0.991150442477876,0.99,True,True,False,EXEMPT_FLAGGED
4S456Parcels,4,kernel_ridge,"kernel_ridge[alpha=0.1,gamma_mult=2.0]",obs_SC+bv+demo,sex,0.991150442477876,0.99,True,True,False,EXEMPT_FLAGGED
4S456Parcels,9,bayesian_ridge,bayesian_ridge,obs_FC+bv+demo,sex,0.991150442477876,0.99,True,True,False,EXEMPT_FLAGGED
4S456Parcels,9,kernel_ridge,"kernel_ridge[alpha=0.1,gamma_mult=0.5]",obs_FC+bv+demo,sex,0.991150442477876,0.99,True,True,False,EXEMPT_FLAGGED
4S456Parcels,9,kernel_ridge,"kernel_ridge[alpha=1.0,gamma_mult=0.5]",obs_FC+bv+demo,sex,0.991150442477876,0.99,True,True,False,EXEMPT_FLAGGED
4S456Parcels,9,kernel_ridge,"kernel_ridge[alpha=1.0,gamma_mult=1.0]",obs_SC+bv+demo,sex,0.991150442477876,0.99,True,True,False,EXEMPT_FLAGGED
Glasser,4,kernel_ridge,"kernel_ridge[alpha=1.0,gamma_mult=1.0]",obs_FC+bv+demo,sex,0.991150442477876,0.99,True,True,False,EXEMPT_FLAGGED
Glasser,4,kernel_ridge,"kernel_ridge[alpha=1.0,gamma_mult=2.0]",obs_SC+bv+demo,sex,0.991150442477876,0.99,True,True,False,EXEMPT_FLAGGED
Glasser,9,bayesian_ridge,bayesian_ridge,obs_FC+bv+demo,sex,0.991150442477876,0.99,True,True,False,EXEMPT_FLAGGED
Glasser,9,kernel_ridge,"kernel_ridge[alpha=0.1,gamma_mult=0.5]",obs_FC+bv+demo,sex,0.991150442477876,0.99,True,True,False,EXEMPT_FLAGGED
Glasser,9,kernel_ridge,"kernel_ridge[alpha=1.0,gamma_mult=0.5]",obs_FC+bv+demo,sex,0.991150442477876,0.99,True,True,False,EXEMPT_FLAGGED
4S456Parcels,2,kernel_ridge,"kernel_ridge[alpha=0.1,gamma_mult=1.0]",obs_FC+bv+demo,sex,0.9910714285714286,0.99,True,True,False,EXEMPT_FLAGGED
4S456Parcels,1,kernel_ridge,"kernel_ridge[alpha=0.1,gamma_mult=2.0]",obs_SC+bv+demo,sex,0.990909090909091,0.99,True,True,False,EXEMPT_FLAGGED
4S456Parcels,6,kernel_ridge,"kernel_ridge[alpha=1.0,gamma_mult=1.0]",obs_SC+bv+demo,sex,0.9908256880733946,0.99,True,True,False,EXEMPT_FLAGGED
Glasser,6,kernel_ridge,"kernel_ridge[alpha=0.1,gamma_mult=2.0]",obs_FC+bv+demo,sex,0.9908256880733946,0.99,True,True,False,EXEMPT_FLAGGED
4S456Parcels,3,kernel_ridge,"kernel_ridge[alpha=0.1,gamma_mult=1.0]",obs_FC+bv+demo,sex,0.9907407407407408,0.99,True,True,False,EXEMPT_FLAGGED
4S456Parcels,3,kernel_ridge,"kernel_ridge[alpha=1.0,gamma_mult=1.0]",obs_FC+bv+demo,sex,0.9907407407407408,0.99,True,True,False,EXEMPT_FLAGGED
4S456Parcels,0,kernel_ridge,"kernel_ridge[alpha=1.0,gamma_mult=0.5]",obs_SC+bv+demo,sex,0.9905660377358492,0.99,True,True,False,EXEMPT_FLAGGED
4S456Parcels,8,kernel_ridge,"kernel_ridge[alpha=0.1,gamma_mult=0.5]",obs_SC+bv+demo,sex,0.9905660377358492,0.99,True,True,False,EXEMPT_FLAGGED
4S456Parcels,8,kernel_ridge,"kernel_ridge[alpha=1.0,gamma_mult=0.5]",obs_SC+bv+demo,sex,0.9905660377358492,0.99,True,True,False,EXEMPT_FLAGGED
4S456Parcels,8,kernel_ridge,"kernel_ridge[alpha=0.1,gamma_mult=1.0]",obs_SC+bv+demo,sex,0.9905660377358492,0.99,True,True,False,EXEMPT_FLAGGED
Glasser,8,kernel_ridge,"kernel_ridge[alpha=0.1,gamma_mult=2.0]",obs_FC+bv+demo,sex,0.9905660377358492,0.99,True,True,False,EXEMPT_FLAGGED
4S456Parcels,7,kernel_ridge,"kernel_ridge[alpha=0.1,gamma_mult=0.5]",obs_FC+obs_SC,sex,0.995,0.99,True,False,True,EXPECTED_SIGNAL
4S456Parcels,7,kernel_ridge,"kernel_ridge[alpha=0.1,gamma_mult=1.0]",obs_FC+obs_SC,sex,0.995,0.99,True,False,True,EXPECTED_SIGNAL
Glasser,7,pca_pls,pca_pls,obs_FC+obs_SC,sex,0.995,0.99,True,False,True,EXPECTED_SIGNAL
4S456Parcels,1,bayesian_ridge,bayesian_ridge,obs_FC+obs_SC,sex,0.990909090909091,0.99,True,False,True,EXPECTED_SIGNAL
4S456Parcels,7,kernel_ridge,"kernel_ridge[alpha=10.0,gamma_mult=0.5]",bv+demo,sex,0.99,0.99,False,True,False,ok
4S456Parcels,7,kernel_ridge,"kernel_ridge[alpha=10.0,gamma_mult=1.0]",bv+demo,sex,0.99,0.99,False,True,False,ok
4S456Parcels,7,kernel_ridge,"kernel_ridge[alpha=0.1,gamma_mult=2.0]",bv+demo,sex,0.99,0.99,False,True,False,ok
4S456Parcels,7,kernel_ridge,"kernel_ridge[alpha=1.0,gamma_mult=2.0]",bv+demo,sex,0.99,0.99,False,True,False,ok
Glasser,5,kernel_ridge,"kernel_ridge[alpha=0.1,gamma_mult=2.0]",obs_FC+bv+demo,sex,0.99,0.99,False,True,False,ok
Glasser,7,bayesian_ridge,bayesian_ridge,obs_FC+obs_SC,sex,0.99,0.99,False,False,True,ok
Glasser,7,kernel_ridge,"kernel_ridge[alpha=10.0,gamma_mult=0.5]",bv+demo,sex,0.99,0.99,False,True,False,ok
Glasser,7,kernel_ridge,"kernel_ridge[alpha=10.0,gamma_mult=1.0]",bv+demo,sex,0.99,0.99,False,True,False,ok
Glasser,7,kernel_ridge,"kernel_ridge[alpha=0.1,gamma_mult=2.0]",bv+demo,sex,0.99,0.99,False,True,False,ok
Glasser,7,kernel_ridge,"kernel_ridge[alpha=1.0,gamma_mult=2.0]",bv+demo,sex,0.99,0.99,False,True,False,ok
Glasser,7,kernel_ridge,"kernel_ridge[alpha=1.0,gamma_mult=2.0]",pred_FC+bv+demo,sex,0.99,0.99,False,True,False,ok
4S456Parcels,5,pca_pls,pca_pls,obs_FC+obs_SC,sex,0.9897368421052632,0.99,False,False,True,ok
4S456Parcels,5,kernel_ridge,"kernel_ridge[alpha=0.1,gamma_mult=1.0]",obs_FC+bv+demo,sex,0.9897368421052632,0.99,False,True,False,ok
4S456Parcels,5,kernel_ridge,"kernel_ridge[alpha=1.0,gamma_mult=1.0]",obs_FC+bv+demo,sex,0.9897368421052632,0.99,False,True,False,ok
4S456Parcels,7,kernel_ridge,"kernel_ridge[alpha=1.0,gamma_mult=1.0]",obs_FC+obs_SC,sex,0.9897368421052632,0.99,False,False,True,ok
Glasser,7,kernel_ridge,"kernel_ridge[alpha=1.0,gamma_mult=0.5]",obs_FC+obs_SC,sex,0.9897368421052632,0.99,False,False,True,ok
4S456Parcels,0,kernel_ridge,"kernel_ridge[alpha=10.0,gamma_mult=0.5]",obs_SC+bv+demo,sex,0.9896650413398348,0.99,False,True,False,ok
Glasser,0,bayesian_ridge,bayesian_ridge,obs_FC+bv+demo,sex,0.9896650413398348,0.99,False,True,False,ok
4S456Parcels,3,kernel_ridge,"kernel_ridge[alpha=0.1,gamma_mult=0.5]",obs_FC+bv+demo,sex,0.9896232439335888,0.99,False,True,False,ok
4S456Parcels,6,kernel_ridge,"kernel_ridge[alpha=1.0,gamma_mult=1.0]",obs_FC+bv+demo,sex,0.9895988905483252,0.99,False,True,False,ok
4S456Parcels,2,kernel_ridge,"kernel_ridge[alpha=0.1,gamma_mult=0.5]",obs_FC+bv+demo,sex,0.9895116179001722,0.99,False,True,False,ok
4S456Parcels,5,bayesian_ridge,bayesian_ridge,obs_FC+bv+demo,sex,0.9894736842105264,0.99,False,True,False,ok
4S456Parcels,5,kernel_ridge,"kernel_ridge[alpha=10.0,gamma_mult=0.5]",bv+demo,sex,0.9894736842105264,0.99,False,True,False,ok
4S456Parcels,5,kernel_ridge,"kernel_ridge[alpha=1.0,gamma_mult=2.0]",bv+demo,sex,0.9894736842105264,0.99,False,True,False,ok
4S456Parcels,7,kernel_ridge,"kernel_ridge[alpha=0.1,gamma_mult=2.0]",obs_SC+bv+demo,sex,0.9894736842105264,0.99,False,True,False,ok
Glasser,5,kernel_ridge,"kernel_ridge[alpha=10.0,gamma_mult=0.5]",bv+demo,sex,0.9894736842105264,0.99,False,True,False,ok
Glasser,5,kernel_ridge,"kernel_ridge[alpha=10.0,gamma_mult=0.5]",obs_SC+bv+demo,sex,0.9894736842105264,0.99,False,True,False,ok
Glasser,5,kernel_ridge,"kernel_ridge[alpha=1.0,gamma_mult=2.0]",bv+demo,sex,0.9894736842105264,0.99,False,True,False,ok
4S456Parcels,0,bayesian_ridge,bayesian_ridge,obs_FC+bv+demo,sex,0.9887640449438202,0.99,False,True,False,ok
4S456Parcels,0,kernel_ridge,"kernel_ridge[alpha=10.0,gamma_mult=0.5]",bv+demo,sex,0.9887640449438202,0.99,False,True,False,ok
4S456Parcels,0,kernel_ridge,"kernel_ridge[alpha=0.1,gamma_mult=2.0]",bv+demo,sex,0.9887640449438202,0.99,False,True,False,ok
4S456Parcels,0,kernel_ridge,"kernel_ridge[alpha=1.0,gamma_mult=2.0]",bv+demo,sex,0.9887640449438202,0.99,False,True,False,ok
4S456Parcels,8,pca_pls,pca_pls,obs_FC+bv+demo,sex,0.9887640449438202,0.99,False,True,False,ok
4S456Parcels,8,bayesian_ridge,bayesian_ridge,obs_FC+bv+demo,sex,0.9887640449438202,0.99,False,True,False,ok
4S456Parcels,8,kernel_ridge,"kernel_ridge[alpha=0.1,gamma_mult=1.0]",bv+demo,sex,0.9887640449438202,0.99,False,True,False,ok
4S456Parcels,8,kernel_ridge,"kernel_ridge[alpha=1.0,gamma_mult=1.0]",bv+demo,sex,0.9887640449438202,0.99,False,True,False,ok
4S456Parcels,8,kernel_ridge,"kernel_ridge[alpha=0.1,gamma_mult=2.0]",bv+demo,sex,0.9887640449438202,0.99,False,True,False,ok
4S456Parcels,8,kernel_ridge,"kernel_ridge[alpha=1.0,gamma_mult=2.0]",bv+demo,sex,0.9887640449438202,0.99,False,True,False,ok
4S456Parcels,8,kernel_ridge,"kernel_ridge[alpha=1.0,gamma_mult=2.0]",pred_SC+bv+demo,sex,0.9887640449438202,0.99,False,True,False,ok
4S456Parcels,8,kernel_ridge,"kernel_ridge[alpha=1.0,gamma_mult=2.0]",pred_FC+bv+demo,sex,0.9887640449438202,0.99,False,True,False,ok
Glasser,0,kernel_ridge,"kernel_ridge[alpha=10.0,gamma_mult=0.5]",bv+demo,sex,0.9887640449438202,0.99,False,True,False,ok
Glasser,0,kernel_ridge,"kernel_ridge[alpha=10.0,gamma_mult=0.5]",obs_SC+bv+demo,sex,0.9887640449438202,0.99,False,True,False,ok
Glasser,0,kernel_ridge,"kernel_ridge[alpha=0.1,gamma_mult=2.0]",bv+demo,sex,0.9887640449438202,0.99,False,True,False,ok
Glasser,0,kernel_ridge,"kernel_ridge[alpha=1.0,gamma_mult=2.0]",bv+demo,sex,0.9887640449438202,0.99,False,True,False,ok
Glasser,8,kernel_ridge,"kernel_ridge[alpha=0.1,gamma_mult=1.0]",bv+demo,sex,0.9887640449438202,0.99,False,True,False,ok
Glasser,8,kernel_ridge,"kernel_ridge[alpha=1.0,gamma_mult=1.0]",bv+demo,sex,0.9887640449438202,0.99,False,True,False,ok
Glasser,8,kernel_ridge,"kernel_ridge[alpha=0.1,gamma_mult=2.0]",bv+demo,sex,0.9887640449438202,0.99,False,True,False,ok
Glasser,8,kernel_ridge,"kernel_ridge[alpha=1.0,gamma_mult=2.0]",bv+demo,sex,0.9887640449438202,0.99,False,True,False,ok
4S456Parcels,3,pca_pls,pca_pls,obs_FC+bv+demo,sex,0.9885057471264368,0.99,False,True,False,ok
4S456Parcels,3,bayesian_ridge,bayesian_ridge,obs_FC+bv+demo,sex,0.9885057471264368,0.99,False,True,False,ok
4S456Parcels,3,kernel_ridge,"kernel_ridge[alpha=1.0,gamma_mult=0.5]",obs_FC+bv+demo,sex,0.9885057471264368,0.99,False,True,False,ok
Glasser,3,kernel_ridge,"kernel_ridge[alpha=1.0,gamma_mult=2.0]",pred_FC+bv+demo,sex,0.9885057471264368,0.99,False,True,False,ok
4S456Parcels,6,pca_pls,pca_pls,obs_FC+bv+demo,sex,0.9883720930232558,0.99,False,True,False,ok
4S456Parcels,6,kernel_ridge,"kernel_ridge[alpha=0.1,gamma_mult=0.5]",obs_FC+bv+demo,sex,0.9883720930232558,0.99,False,True,False,ok
4S456Parcels,6,kernel_ridge,"kernel_ridge[alpha=1.0,gamma_mult=0.5]",obs_FC+bv+demo,sex,0.9883720930232558,0.99,False,True,False,ok
4S456Parcels,6,kernel_ridge,"kernel_ridge[alpha=10.0,gamma_mult=0.5]",bv+demo,sex,0.9883720930232558,0.99,False,True,False,ok
Glasser,6,pca_pls,pca_pls,obs_FC+bv+demo,sex,0.9883720930232558,0.99,False,True,False,ok
Glasser,6,bayesian_ridge,bayesian_ridge,obs_FC+bv+demo,sex,0.9883720930232558,0.99,False,True,False,ok
Glasser,6,kernel_ridge,"kernel_ridge[alpha=10.0,gamma_mult=0.5]",bv+demo,sex,0.9883720930232558,0.99,False,True,False,ok
Glasser,6,kernel_ridge,"kernel_ridge[alpha=10.0,gamma_mult=0.5]",obs_SC+bv+demo,sex,0.9883720930232558,0.99,False,True,False,ok
Glasser,6,kernel_ridge,"kernel_ridge[alpha=1.0,gamma_mult=2.0]",pred_SC+bv+demo,sex,0.9883720930232558,0.99,False,True,False,ok
4S456Parcels,1,kernel_ridge,"kernel_ridge[alpha=1.0,gamma_mult=2.0]",bv+demo,sex,0.9882352941176472,0.99,False,True,False,ok
Glasser,1,kernel_ridge,"kernel_ridge[alpha=1.0,gamma_mult=2.0]",bv+demo,sex,0.9882352941176472,0.99,False,True,False,ok
4S456Parcels,9,kernel_ridge,"kernel_ridge[alpha=10.0,gamma_mult=0.5]",obs_FC+bv+demo,sex,0.9879518072289156,0.99,False,True,False,ok
4S456Parcels,9,kernel_ridge,"kernel_ridge[alpha=10.0,gamma_mult=0.5]",obs_SC+bv+demo,sex,0.9879518072289156,0.99,False,True,False,ok
4S456Parcels,4,pca_pls,pca_pls,obs_FC+bv+demo,sex,0.9878048780487804,0.99,False,True,False,ok
4S456Parcels,4,bayesian_ridge,bayesian_ridge,obs_FC+bv+demo,sex,0.9878048780487804,0.99,False,True,False,ok
Glasser,4,kernel_ridge,"kernel_ridge[alpha=1.0,gamma_mult=2.0]",pred_SC+bv+demo,sex,0.9878048780487804,0.99,False,True,False,ok
4S456Parcels,9,kernel_ridge,"kernel_ridge[alpha=0.1,gamma_mult=1.0]",obs_FC+bv+demo,sex,0.986725663716814,0.99,False,True,False,ok
4S456Parcels,9,kernel_ridge,"kernel_ridge[alpha=0.1,gamma_mult=2.0]",obs_SC+bv+demo,sex,0.986725663716814,0.99,False,True,False,ok
Glasser,9,kernel_ridge,"kernel_ridge[alpha=0.1,gamma_mult=1.0]",obs_FC+bv+demo,sex,0.986725663716814,0.99,False,True,False,ok
4S456Parcels,2,kernel_ridge,"kernel_ridge[alpha=1.0,gamma_mult=0.5]",obs_FC+bv+demo,sex,0.9866071428571428,0.99,False,True,False,ok
4S456Parcels,2,kernel_ridge,"kernel_ridge[alpha=1.0,gamma_mult=0.5]",obs_SC+bv+demo,sex,0.9866071428571428,0.99,False,True,False,ok
4S456Parcels,2,kernel_ridge,"kernel_ridge[alpha=0.1,gamma_mult=1.0]",obs_SC+bv+demo,sex,0.9866071428571428,0.99,False,True,False,ok
Glasser,1,kernel_ridge,"kernel_ridge[alpha=1.0,gamma_mult=2.0]",obs_SC+bv+demo,sex,0.9863636363636364,0.99,False,True,False,ok
4S456Parcels,3,kernel_ridge,"kernel_ridge[alpha=0.1,gamma_mult=2.0]",obs_SC+bv+demo,sex,0.9861111111111112,0.99,False,True,False,ok
Glasser,3,kernel_ridge,"kernel_ridge[alpha=0.1,gamma_mult=2.0]",obs_FC+bv+demo,sex,0.9861111111111112,0.99,False,True,False,ok
4S456Parcels,0,kernel_ridge,"kernel_ridge[alpha=0.1,gamma_mult=1.0]",obs_FC+bv+demo,sex,0.9858490566037736,0.99,False,True,False,ok
4S456Parcels,0,kernel_ridge,"kernel_ridge[alpha=0.1,gamma_mult=1.0]",obs_SC+bv+demo,sex,0.9858490566037736,0.99,False,True,False,ok
4S456Parcels,8,kernel_ridge,"kernel_ridge[alpha=1.0,gamma_mult=1.0]",obs_SC+bv+demo,sex,0.9858490566037736,0.99,False,True,False,ok
4S456Parcels,8,kernel_ridge,"kernel_ridge[alpha=0.1,gamma_mult=2.0]",obs_SC+bv+demo,sex,0.9858490566037736,0.99,False,True,False,ok
Glasser,0,kernel_ridge,"kernel_ridge[alpha=0.1,gamma_mult=1.0]",obs_FC+bv+demo,sex,0.9858490566037736,0.99,False,True,False,ok
4S456Parcels,1,kernel_ridge,"kernel_ridge[alpha=10.0,gamma_mult=0.5]",obs_SC+bv+demo,sex,0.9850267379679144,0.99,False,True,False,ok
4S456Parcels,5,kernel_ridge,"kernel_ridge[alpha=0.1,gamma_mult=1.0]",obs_FC+obs_SC,sex,0.985,0.99,False,False,True,ok
4S456Parcels,5,kernel_ridge,"kernel_ridge[alpha=0.1,gamma_mult=2.0]",obs_SC+bv+demo,sex,0.985,0.99,False,True,False,ok
4S456Parcels,7,kernel_ridge,"kernel_ridge[alpha=1.0,gamma_mult=0.5]",obs_FC+obs_SC,sex,0.985,0.99,False,False,True,ok
4S456Parcels,0,kernel_ridge,"kernel_ridge[alpha=0.1,gamma_mult=0.5]",obs_FC+bv+demo,sex,0.9849480602077592,0.99,False,True,False,ok
4S456Parcels,0,kernel_ridge,"kernel_ridge[alpha=1.0,gamma_mult=0.5]",obs_FC+bv+demo,sex,0.9849480602077592,0.99,False,True,False,ok
4S456Parcels,8,kernel_ridge,"kernel_ridge[alpha=0.1,gamma_mult=1.0]",obs_FC+bv+demo,sex,0.9849480602077592,0.99,False,True,False,ok
4S456Parcels,5,kernel_ridge,"kernel_ridge[alpha=0.1,gamma_mult=0.5]",obs_FC+obs_SC,sex,0.9847368421052632,0.99,False,False,True,ok
4S456Parcels,5,kernel_ridge,"kernel_ridge[alpha=1.0,gamma_mult=0.5]",obs_FC+obs_SC,sex,0.9847368421052632,0.99,False,False,True,ok
4S456Parcels,5,bayesian_ridge,bayesian_ridge,obs_FC+obs_SC,sex,0.9844736842105264,0.99,False,False,True,ok
Glasser,5,bayesian_ridge,bayesian_ridge,obs_FC+obs_SC,sex,0.9844736842105264,0.99,False,False,True,ok
4S456Parcels,5,kernel_ridge,"kernel_ridge[alpha=10.0,gamma_mult=1.0]",bv+demo,sex,0.9842105263157894,0.99,False,True,False,ok
Glasser,5,kernel_ridge,"kernel_ridge[alpha=10.0,gamma_mult=1.0]",bv+demo,sex,0.9842105263157894,0.99,False,True,False,ok
Glasser,7,kernel_ridge,"kernel_ridge[alpha=10.0,gamma_mult=1.0]",obs_SC+bv+demo,sex,0.9842105263157894,0.99,False,True,False,ok
Glasser,7,kernel_ridge,"kernel_ridge[alpha=1.0,gamma_mult=2.0]",obs_FC+bv+demo,sex,0.9842105263157894,0.99,False,True,False,ok
4S456Parcels,8,kernel_ridge,"kernel_ridge[alpha=0.1,gamma_mult=0.5]",obs_FC+bv+demo,sex,0.9840470638117448,0.99,False,True,False,ok
4S456Parcels,8,kernel_ridge,"kernel_ridge[alpha=1.0,gamma_mult=0.5]",obs_FC+bv+demo,sex,0.9840470638117448,0.99,False,True,False,ok
4S456Parcels,8,kernel_ridge,"kernel_ridge[alpha=10.0,gamma_mult=0.5]",obs_FC+bv+demo,sex,0.9840470638117448,0.99,False,True,False,ok
4S456Parcels,8,kernel_ridge,"kernel_ridge[alpha=10.0,gamma_mult=0.5]",bv+demo,sex,0.9831460674157304,0.99,False,True,False,ok
Glasser,8,kernel_ridge,"kernel_ridge[alpha=10.0,gamma_mult=0.5]",bv+demo,sex,0.9831460674157304,0.99,False,True,False,ok
Glasser,8,kernel_ridge,"kernel_ridge[alpha=10.0,gamma_mult=0.5]",obs_FC+bv+demo,sex,0.9831460674157304,0.99,False,True,False,ok
4S456Parcels,3,kernel_ridge,"kernel_ridge[alpha=0.1,gamma_mult=2.0]",bv+demo,sex,0.9827586206896552,0.99,False,True,False,ok
Glasser,3,kernel_ridge,"kernel_ridge[alpha=0.1,gamma_mult=2.0]",bv+demo,sex,0.9827586206896552,0.99,False,True,False,ok
4S456Parcels,6,bayesian_ridge,bayesian_ridge,obs_FC+bv+demo,sex,0.9825581395348836,0.99,False,True,False,ok
4S456Parcels,1,kernel_ridge,"kernel_ridge[alpha=10.0,gamma_mult=1.0]",bv+demo,sex,0.9823529411764708,0.99,False,True,False,ok
Glasser,1,kernel_ridge,"kernel_ridge[alpha=10.0,gamma_mult=1.0]",bv+demo,sex,0.9823529411764708,0.99,False,True,False,ok
4S456Parcels,9,kernel_ridge,"kernel_ridge[alpha=0.1,gamma_mult=0.5]",obs_FC+obs_SC,sex,0.9823008849557522,0.99,False,False,True,ok
4S456Parcels,9,kernel_ridge,"kernel_ridge[alpha=1.0,gamma_mult=0.5]",obs_FC+obs_SC,sex,0.9823008849557522,0.99,False,False,True,ok
Glasser,9,pca_pls,pca_pls,obs_FC+obs_SC,sex,0.9823008849557522,0.99,False,False,True,ok
Glasser,9,kernel_ridge,"kernel_ridge[alpha=1.0,gamma_mult=1.0]",obs_FC+bv+demo,sex,0.9823008849557522,0.99,False,True,False,ok
Glasser,2,kernel_ridge,"kernel_ridge[alpha=1.0,gamma_mult=1.0]",obs_FC+bv+demo,sex,0.9821428571428572,0.99,False,True,False,ok
4S456Parcels,2,kernel_ridge,"kernel_ridge[alpha=1.0,gamma_mult=2.0]",bv+demo,sex,0.9819277108433736,0.99,False,True,False,ok
Glasser,2,kernel_ridge,"kernel_ridge[alpha=1.0,gamma_mult=2.0]",bv+demo,sex,0.9819277108433736,0.99,False,True,False,ok
4S456Parcels,1,kernel_ridge,"kernel_ridge[alpha=1.0,gamma_mult=1.0]",obs_FC+bv+demo,sex,0.9818181818181818,0.99,False,True,False,ok
4S456Parcels,4,kernel_ridge,"kernel_ridge[alpha=10.0,gamma_mult=0.5]",obs_FC+bv+demo,sex,0.9817073170731708,0.99,False,True,False,ok
4S456Parcels,4,kernel_ridge,"kernel_ridge[alpha=1.0,gamma_mult=2.0]",bv+demo,sex,0.9817073170731708,0.99,False,True,False,ok
Glasser,4,kernel_ridge,"kernel_ridge[alpha=10.0,gamma_mult=0.5]",obs_FC+bv+demo,sex,0.9817073170731708,0.99,False,True,False,ok
Glasser,4,kernel_ridge,"kernel_ridge[alpha=1.0,gamma_mult=2.0]",bv+demo,sex,0.9817073170731708,0.99,False,True,False,ok
4S456Parcels,6,kernel_ridge,"kernel_ridge[alpha=0.1,gamma_mult=2.0]",obs_SC+bv+demo,sex,0.981651376146789,0.99,False,True,False,ok
Glasser,6,kernel_ridge,"kernel_ridge[alpha=1.0,gamma_mult=2.0]",obs_SC+bv+demo,sex,0.981651376146789,0.99,False,True,False,ok
4S456Parcels,0,kernel_ridge,"kernel_ridge[alpha=1.0,gamma_mult=1.0]",obs_FC+bv+demo,sex,0.981132075471698,0.99,False,True,False,ok
4S456Parcels,8,kernel_ridge,"kernel_ridge[alpha=10.0,gamma_mult=0.5]",obs_SC+bv+demo,sex,0.981132075471698,0.99,False,True,False,ok
Glasser,0,kernel_ridge,"kernel_ridge[alpha=1.0,gamma_mult=1.0]",obs_FC+bv+demo,sex,0.981132075471698,0.99,False,True,False,ok
Glasser,0,kernel_ridge,"kernel_ridge[alpha=1.0,gamma_mult=2.0]",obs_SC+bv+demo,sex,0.981132075471698,0.99,False,True,False,ok
Glasser,9,bayesian_ridge,bayesian_ridge,obs_FC+obs_SC,sex,0.980701567331272,0.99,False,False,True,ok
4S456Parcels,4,kernel_ridge,"kernel_ridge[alpha=0.1,gamma_mult=0.5]",obs_FC+obs_SC,sex,0.9806281027412044,0.99,False,False,True,ok
4S456Parcels,4,kernel_ridge,"kernel_ridge[alpha=1.0,gamma_mult=0.5]",obs_FC+obs_SC,sex,0.9806281027412044,0.99,False,False,True,ok
4S456Parcels,1,pca_pls,pca_pls,obs_FC+obs_SC,sex,0.98048128342246,0.99,False,False,True,ok
4S456Parcels,8,kernel_ridge,"kernel_ridge[alpha=1.0,gamma_mult=1.0]",obs_FC+bv+demo,sex,0.9802310790756836,0.99,False,True,False,ok
4S456Parcels,5,kernel_ridge,"kernel_ridge[alpha=0.1,gamma_mult=2.0]",obs_FC+bv+demo,sex,0.98,0.99,False,True,False,ok
4S456Parcels,7,kernel_ridge,"kernel_ridge[alpha=10.0,gamma_mult=1.0]",obs_FC+bv+demo,sex,0.9794736842105264,0.99,False,True,False,ok
Glasser,5,kernel_ridge,"kernel_ridge[alpha=0.1,gamma_mult=0.5]",obs_FC+obs_SC,sex,0.9794736842105264,0.99,False,False,True,ok
Glasser,5,kernel_ridge,"kernel_ridge[alpha=1.0,gamma_mult=0.5]",obs_FC+obs_SC,sex,0.9794736842105264,0.99,False,False,True,ok
Glasser,8,kernel_ridge,"kernel_ridge[alpha=0.1,gamma_mult=0.5]",obs_FC+obs_SC,sex,0.9793300826796691,0.99,False,False,True,ok
4S456Parcels,7,kernel_ridge,"kernel_ridge[alpha=0.1,gamma_mult=2.0]",obs_FC+bv+demo,sex,0.9792105263157896,0.99,False,True,False,ok
Glasser,7,kernel_ridge,"kernel_ridge[alpha=0.1,gamma_mult=0.5]",obs_FC+obs_SC,sex,0.9792105263157896,0.99,False,False,True,ok
Glasser,9,kernel_ridge,"kernel_ridge[alpha=10.0,gamma_mult=0.5]",obs_FC+obs_SC,sex,0.9791022497067918,0.99,False,False,True,ok
Glasser,4,kernel_ridge,"kernel_ridge[alpha=0.1,gamma_mult=0.5]",obs_FC+obs_SC,sex,0.9789553205266566,0.99,False,False,True,ok
Glasser,4,kernel_ridge,"kernel_ridge[alpha=1.0,gamma_mult=0.5]",obs_FC+obs_SC,sex,0.9789553205266566,0.99,False,False,True,ok
4S456Parcels,6,kernel_ridge,"kernel_ridge[alpha=0.1,gamma_mult=1.0]",obs_FC+obs_SC,sex,0.9779709835715812,0.99,False,False,True,ok
4S456Parcels,4,kernel_ridge,"kernel_ridge[alpha=0.1,gamma_mult=2.0]",obs_FC+bv+demo,sex,0.9778761061946905,0.99,False,True,False,ok
4S456Parcels,9,kernel_ridge,"kernel_ridge[alpha=0.1,gamma_mult=1.0]",obs_FC+obs_SC,sex,0.9778761061946905,0.99,False,False,True,ok
Glasser,4,kernel_ridge,"kernel_ridge[alpha=0.1,gamma_mult=2.0]",obs_FC+bv+demo,sex,0.9778761061946905,0.99,False,True,False,ok
Glasser,9,kernel_ridge,"kernel_ridge[alpha=1.0,gamma_mult=2.0]",obs_SC+bv+demo,sex,0.9778761061946905,0.99,False,True,False,ok
4S456Parcels,2,kernel_ridge,"kernel_ridge[alpha=1.0,gamma_mult=1.0]",obs_SC+bv+demo,sex,0.9776785714285714,0.99,False,True,False,ok
4S456Parcels,0,kernel_ridge,"kernel_ridge[alpha=10.0,gamma_mult=1.0]",bv+demo,sex,0.9775280898876404,0.99,False,True,False,ok
4S456Parcels,8,kernel_ridge,"kernel_ridge[alpha=10.0,gamma_mult=1.0]",bv+demo,sex,0.9775280898876404,0.99,False,True,False,ok
Glasser,0,kernel_ridge,"kernel_ridge[alpha=10.0,gamma_mult=1.0]",bv+demo,sex,0.9775280898876404,0.99,False,True,False,ok
Glasser,8,kernel_ridge,"kernel_ridge[alpha=10.0,gamma_mult=1.0]",bv+demo,sex,0.9775280898876404,0.99,False,True,False,ok
Glasser,1,kernel_ridge,"kernel_ridge[alpha=1.0,gamma_mult=1.0]",obs_FC+bv+demo,sex,0.9772727272727272,0.99,False,True,False,ok
Glasser,3,kernel_ridge,"kernel_ridge[alpha=1.0,gamma_mult=2.0]",obs_FC+bv+demo,sex,0.976851851851852,0.99,False,True,False,ok
4S456Parcels,6,kernel_ridge,"kernel_ridge[alpha=0.1,gamma_mult=0.5]",obs_FC+obs_SC,sex,0.9767441860465116,0.99,False,False,True,ok
4S456Parcels,6,kernel_ridge,"kernel_ridge[alpha=1.0,gamma_mult=0.5]",obs_FC+obs_SC,sex,0.9767441860465116,0.99,False,False,True,ok
4S456Parcels,6,kernel_ridge,"kernel_ridge[alpha=1.0,gamma_mult=2.0]",bv+demo,sex,0.9767441860465116,0.99,False,True,False,ok
Glasser,6,kernel_ridge,"kernel_ridge[alpha=1.0,gamma_mult=2.0]",bv+demo,sex,0.9767441860465116,0.99,False,True,False,ok
4S456Parcels,0,kernel_ridge,"kernel_ridge[alpha=1.0,gamma_mult=1.0]",obs_SC+bv+demo,sex,0.9764150943396226,0.99,False,True,False,ok
4S456Parcels,8,kernel_ridge,"kernel_ridge[alpha=0.1,gamma_mult=2.0]",obs_FC+bv+demo,sex,0.9764150943396226,0.99,False,True,False,ok
4S456Parcels,9,pca_pls,pca_pls,obs_FC+obs_SC,sex,0.97627678857021,0.99,False,False,True,ok
4S456Parcels,9,kernel_ridge,"kernel_ridge[alpha=10.0,gamma_mult=0.5]",obs_FC+obs_SC,sex,0.97627678857021,0.99,False,False,True,ok
4S456Parcels,4,kernel_ridge,"kernel_ridge[alpha=0.1,gamma_mult=1.0]",obs_FC+obs_SC,sex,0.9762033239801424,0.99,False,False,True,ok
4S456Parcels,2,kernel_ridge,"kernel_ridge[alpha=10.0,gamma_mult=1.0]",bv+demo,sex,0.9759036144578312,0.99,False,True,False,ok
Glasser,2,kernel_ridge,"kernel_ridge[alpha=10.0,gamma_mult=1.0]",bv+demo,sex,0.9759036144578312,0.99,False,True,False,ok
4S456Parcels,4,kernel_ridge,"kernel_ridge[alpha=10.0,gamma_mult=1.0]",bv+demo,sex,0.975609756097561,0.99,False,True,False,ok
Glasser,4,kernel_ridge,"kernel_ridge[alpha=10.0,gamma_mult=1.0]",bv+demo,sex,0.975609756097561,0.99,False,True,False,ok
Glasser,0,pca_pls,pca_pls,obs_FC+obs_SC,sex,0.9755140979436082,0.99,False,False,True,ok
Glasser,0,bayesian_ridge,bayesian_ridge,obs_FC+obs_SC,sex,0.9755140979436082,0.99,False,False,True,ok
4S456Parcels,5,kernel_ridge,"kernel_ridge[alpha=1.0,gamma_mult=1.0]",obs_FC+obs_SC,sex,0.975,0.99,False,False,True,ok
4S456Parcels,9,bayesian_ridge,bayesian_ridge,obs_FC+obs_SC,sex,0.9746774709457298,0.99,False,False,True,ok
Glasser,5,kernel_ridge,"kernel_ridge[alpha=0.1,gamma_mult=1.0]",obs_FC+obs_SC,sex,0.9744736842105264,0.99,False,False,True,ok
4S456Parcels,5,kernel_ridge,"kernel_ridge[alpha=10.0,gamma_mult=0.5]",obs_FC+obs_SC,sex,0.9739473684210528,0.99,False,False,True,ok
4S456Parcels,7,pca_pls,pca_pls,obs_SC+bv+demo,sex,0.9739473684210528,0.99,False,True,False,ok
4S456Parcels,5,kernel_ridge,"kernel_ridge[alpha=10.0,gamma_mult=0.5]",obs_FC+bv+demo,sex,0.9736842105263156,0.99,False,True,False,ok
Glasser,7,kernel_ridge,"kernel_ridge[alpha=0.1,gamma_mult=1.0]",obs_FC+obs_SC,sex,0.9736842105263156,0.99,False,False,True,ok
4S456Parcels,9,kernel_ridge,"kernel_ridge[alpha=1.0,gamma_mult=1.0]",obs_FC+bv+demo,sex,0.9734513274336284,0.99,False,True,False,ok
Glasser,9,kernel_ridge,"kernel_ridge[alpha=0.1,gamma_mult=0.5]",obs_FC+obs_SC,sex,0.9734513274336284,0.99,False,False,True,ok
Glasser,9,kernel_ridge,"kernel_ridge[alpha=1.0,gamma_mult=0.5]",obs_FC+obs_SC,sex,0.9734513274336284,0.99,False,False,True,ok
Glasser,9,kernel_ridge,"kernel_ridge[alpha=0.1,gamma_mult=2.0]",obs_FC+bv+demo,sex,0.9734513274336284,0.99,False,True,False,ok
4S456Parcels,2,kernel_ridge,"kernel_ridge[alpha=0.1,gamma_mult=2.0]",obs_SC+bv+demo,sex,0.9732142857142856,0.99,False,True,False,ok
Glasser,4,pca_pls,pca_pls,obs_FC+obs_SC,sex,0.9728577595510468,0.99,False,False,True,ok
Glasser,0,kernel_ridge,"kernel_ridge[alpha=10.0,gamma_mult=0.5]",obs_FC+obs_SC,sex,0.972811108755565,0.99,False,False,True,ok
4S456Parcels,1,kernel_ridge,"kernel_ridge[alpha=0.1,gamma_mult=2.0]",obs_FC+bv+demo,sex,0.9727272727272728,0.99,False,True,False,ok
Glasser,1,kernel_ridge,"kernel_ridge[alpha=0.1,gamma_mult=2.0]",obs_FC+bv+demo,sex,0.9727272727272728,0.99,False,True,False,ok
4S456Parcels,6,kernel_ridge,"kernel_ridge[alpha=0.1,gamma_mult=2.0]",obs_FC+bv+demo,sex,0.9724770642201834,0.99,False,True,False,ok
Glasser,4,kernel_ridge,"kernel_ridge[alpha=0.1,gamma_mult=1.0]",obs_FC+obs_SC,sex,0.9717785452190806,0.99,False,False,True,ok
Glasser,8,kernel_ridge,"kernel_ridge[alpha=1.0,gamma_mult=2.0]",obs_SC+bv+demo,sex,0.9716981132075472,0.99,False,True,False,ok
4S456Parcels,2,pca_pls,pca_pls,obs_FC+obs_SC,sex,0.9716544750430292,0.99,False,False,True,ok
4S456Parcels,3,kernel_ridge,"kernel_ridge[alpha=10.0,gamma_mult=0.5]",bv+demo,sex,0.971264367816092,0.99,False,True,False,ok
Glasser,3,kernel_ridge,"kernel_ridge[alpha=10.0,gamma_mult=0.5]",bv+demo,sex,0.971264367816092,0.99,False,True,False,ok
4S456Parcels,6,kernel_ridge,"kernel_ridge[alpha=1.0,gamma_mult=1.0]",obs_FC+obs_SC,sex,0.9712502666951142,0.99,False,False,True,ok
4S456Parcels,4,pca_pls,pca_pls,obs_FC+obs_SC,sex,0.971184977336499,0.99,False,False,True,ok
4S456Parcels,4,bayesian_ridge,bayesian_ridge,obs_FC+obs_SC,sex,0.971184977336499,0.99,False,False,True,ok
4S456Parcels,4,kernel_ridge,"kernel_ridge[alpha=10.0,gamma_mult=0.5]",obs_FC+obs_SC,sex,0.971184977336499,0.99,False,False,True,ok
4S456Parcels,0,kernel_ridge,"kernel_ridge[alpha=0.1,gamma_mult=0.5]",obs_FC+obs_SC,sex,0.9707971168115328,0.99,False,False,True,ok
4S456Parcels,0,kernel_ridge,"kernel_ridge[alpha=1.0,gamma_mult=0.5]",obs_FC+obs_SC,sex,0.9707971168115328,0.99,False,False,True,ok
4S456Parcels,0,kernel_ridge,"kernel_ridge[alpha=0.1,gamma_mult=1.0]",obs_FC+obs_SC,sex,0.9707971168115328,0.99,False,False,True,ok
Glasser,6,kernel_ridge,"kernel_ridge[alpha=0.1,gamma_mult=1.0]",obs_FC+obs_SC,sex,0.9700234691700448,0.99,False,False,True,ok
4S456Parcels,7,pca_pls,pca_pls,obs_FC+obs_SC,sex,0.97,0.99,False,False,True,ok
4S456Parcels,7,bayesian_ridge,bayesian_ridge,obs_FC+obs_SC,sex,0.97,0.99,False,False,True,ok
Glasser,8,kernel_ridge,"kernel_ridge[alpha=10.0,gamma_mult=0.5]",obs_FC+obs_SC,sex,0.9698961204155184,0.99,False,False,True,ok
Glasser,9,kernel_ridge,"kernel_ridge[alpha=10.0,gamma_mult=0.5]",obs_FC+bv+demo,sex,0.9698795180722892,0.99,False,True,False,ok
4S456Parcels,4,kernel_ridge,"kernel_ridge[alpha=1.0,gamma_mult=2.0]",obs_SC+bv+demo,sex,0.9690265486725664,0.99,False,True,False,ok
4S456Parcels,9,kernel_ridge,"kernel_ridge[alpha=0.1,gamma_mult=2.0]",obs_FC+bv+demo,sex,0.9690265486725664,0.99,False,True,False,ok
4S456Parcels,8,pca_pls,pca_pls,obs_FC+obs_SC,sex,0.968995124019504,0.99,False,False,True,ok
Glasser,4,kernel_ridge,"kernel_ridge[alpha=10.0,gamma_mult=0.5]",obs_FC+obs_SC,sex,0.9684329807899849,0.99,False,False,True,ok
4S456Parcels,7,kernel_ridge,"kernel_ridge[alpha=1.0,gamma_mult=2.0]",obs_SC+bv+demo,sex,0.968421052631579,0.99,False,True,False,ok
Glasser,1,kernel_ridge,"kernel_ridge[alpha=1.0,gamma_mult=2.0]",obs_FC+bv+demo,sex,0.9681818181818184,0.99,False,True,False,ok
Glasser,8,bayesian_ridge,bayesian_ridge,obs_FC+obs_SC,sex,0.9680941276234896,0.99,False,False,True,ok
4S456Parcels,3,kernel_ridge,"kernel_ridge[alpha=0.1,gamma_mult=2.0]",obs_FC+bv+demo,sex,0.9675925925925926,0.99,False,True,False,ok
Glasser,6,kernel_ridge,"kernel_ridge[alpha=1.0,gamma_mult=0.5]",obs_FC+obs_SC,sex,0.967569874119906,0.99,False,False,True,ok
4S456Parcels,0,kernel_ridge,"kernel_ridge[alpha=0.1,gamma_mult=2.0]",obs_SC+bv+demo,sex,0.9669811320754718,0.99,False,True,False,ok
Glasser,0,kernel_ridge,"kernel_ridge[alpha=0.1,gamma_mult=2.0]",obs_FC+bv+demo,sex,0.9669811320754718,0.99,False,True,False,ok
Glasser,8,kernel_ridge,"kernel_ridge[alpha=1.0,gamma_mult=2.0]",obs_FC+bv+demo,sex,0.9669811320754718,0.99,False,True,False,ok
Glasser,4,bayesian_ridge,bayesian_ridge,obs_FC+obs_SC,sex,0.966760198575437,0.99,False,False,True,ok
Glasser,8,kernel_ridge,"kernel_ridge[alpha=0.1,gamma_mult=1.0]",obs_FC+obs_SC,sex,0.9660801356794572,0.99,False,False,True,ok
4S456Parcels,4,bayesian_ridge,bayesian_ridge,obs_SC,sex,0.9656809842434708,0.99,False,False,True,ok
4S456Parcels,8,kernel_ridge,"kernel_ridge[alpha=0.1,gamma_mult=0.5]",obs_FC+obs_SC,sex,0.9651791392834428,0.99,False,False,True,ok
Glasser,8,kernel_ridge,"kernel_ridge[alpha=1.0,gamma_mult=0.5]",obs_FC+obs_SC,sex,0.9651791392834428,0.99,False,False,True,ok
4S456Parcels,6,pca_pls,pca_pls,obs_FC+obs_SC,sex,0.9651162790697674,0.99,False,False,True,ok
Glasser,6,pca_pls,pca_pls,obs_FC+obs_SC,sex,0.9651162790697674,0.99,False,False,True,ok
4S456Parcels,5,kernel_ridge,"kernel_ridge[alpha=1.0,gamma_mult=2.0]",obs_SC+bv+demo,sex,0.965,0.99,False,True,False,ok
Glasser,5,kernel_ridge,"kernel_ridge[alpha=1.0,gamma_mult=2.0]",obs_FC+bv+demo,sex,0.965,0.99,False,True,False,ok
4S456Parcels,4,kernel_ridge,"kernel_ridge[alpha=1.0,gamma_mult=0.5]",obs_SC,sex,0.9646017699115044,0.99,False,False,True,ok
4S456Parcels,4,kernel_ridge,"kernel_ridge[alpha=1.0,gamma_mult=1.0]",obs_FC+obs_SC,sex,0.9646017699115044,0.99,False,False,True,ok
Glasser,4,kernel_ridge,"kernel_ridge[alpha=1.0,gamma_mult=2.0]",obs_FC+bv+demo,sex,0.9646017699115044,0.99,False,True,False,ok
4S456Parcels,2,kernel_ridge,"kernel_ridge[alpha=1.0,gamma_mult=1.0]",obs_FC+bv+demo,sex,0.9642857142857144,0.99,False,True,False,ok
Glasser,2,kernel_ridge,"kernel_ridge[alpha=0.1,gamma_mult=2.0]",obs_FC+bv+demo,sex,0.9642857142857144,0.99,False,True,False,ok
4S456Parcels,0,bayesian_ridge,bayesian_ridge,obs_FC+obs_SC,sex,0.9642781428874284,0.99,False,False,True,ok
4S456Parcels,8,bayesian_ridge,bayesian_ridge,obs_FC+obs_SC,sex,0.9642781428874284,0.99,False,False,True,ok
4S456Parcels,1,kernel_ridge,"kernel_ridge[alpha=0.1,gamma_mult=0.5]",obs_FC+obs_SC,sex,0.9636363636363636,0.99,False,False,True,ok
Glasser,5,pca_pls,pca_pls,obs_FC+obs_SC,sex,0.963421052631579,0.99,False,False,True,ok
Glasser,5,kernel_ridge,"kernel_ridge[alpha=10.0,gamma_mult=0.5]",obs_FC+obs_SC,sex,0.963421052631579,0.99,False,False,True,ok
4S456Parcels,7,kernel_ridge,"kernel_ridge[alpha=10.0,gamma_mult=1.0]",obs_SC+bv+demo,sex,0.963157894736842,0.99,False,True,False,ok
4S456Parcels,3,kernel_ridge,"kernel_ridge[alpha=1.0,gamma_mult=2.0]",obs_SC+bv+demo,sex,0.962962962962963,0.99,False,True,False,ok
4S456Parcels,0,kernel_ridge,"kernel_ridge[alpha=0.1,gamma_mult=2.0]",obs_FC+bv+demo,sex,0.9622641509433962,0.99,False,True,False,ok
Glasser,6,kernel_ridge,"kernel_ridge[alpha=0.1,gamma_mult=0.5]",obs_FC+obs_SC,sex,0.961755920631534,0.99,False,False,True,ok
Glasser,0,kernel_ridge,"kernel_ridge[alpha=0.1,gamma_mult=0.5]",obs_FC+obs_SC,sex,0.9613631545473816,0.99,False,False,True,ok
Glasser,0,kernel_ridge,"kernel_ridge[alpha=1.0,gamma_mult=0.5]",obs_FC+obs_SC,sex,0.9613631545473816,0.99,False,False,True,ok
4S456Parcels,2,bayesian_ridge,bayesian_ridge,obs_FC+obs_SC,sex,0.9611660929432012,0.99,False,False,True,ok
Glasser,1,pca_pls,pca_pls,obs_FC+obs_SC,sex,0.9609625668449198,0.99,False,False,True,ok
4S456Parcels,0,kernel_ridge,"kernel_ridge[alpha=10.0,gamma_mult=0.5]",obs_FC+bv+demo,sex,0.9606741573033708,0.99,False,True,False,ok
4S456Parcels,9,kernel_ridge,"kernel_ridge[alpha=1.0,gamma_mult=1.0]",obs_FC+obs_SC,sex,0.9601769911504424,0.99,False,False,True,ok
4S456Parcels,9,kernel_ridge,"kernel_ridge[alpha=1.0,gamma_mult=2.0]",obs_SC+bv+demo,sex,0.9601769911504424,0.99,False,True,False,ok
Glasser,9,kernel_ridge,"kernel_ridge[alpha=0.1,gamma_mult=1.0]",obs_FC+obs_SC,sex,0.9601769911504424,0.99,False,False,True,ok
Glasser,5,kernel_ridge,"kernel_ridge[alpha=1.0,gamma_mult=1.0]",obs_FC+obs_SC,sex,0.9597368421052632,0.99,False,False,True,ok
4S456Parcels,0,pca_pls,pca_pls,obs_FC+obs_SC,sex,0.959561161755353,0.99,False,False,True,ok
4S456Parcels,8,pca_pls,pca_pls,obs_FC,sex,0.959561161755353,0.99,False,False,True,ok
4S456Parcels,8,bayesian_ridge,bayesian_ridge,obs_FC,sex,0.959561161755353,0.99,False,False,True,ok
4S456Parcels,8,kernel_ridge,"kernel_ridge[alpha=0.1,gamma_mult=0.5]",obs_FC,sex,0.959561161755353,0.99,False,False,True,ok
4S456Parcels,8,kernel_ridge,"kernel_ridge[alpha=1.0,gamma_mult=0.5]",obs_FC,sex,0.959561161755353,0.99,False,False,True,ok
4S456Parcels,8,kernel_ridge,"kernel_ridge[alpha=0.1,gamma_mult=1.0]",obs_FC,sex,0.959561161755353,0.99,False,False,True,ok
4S456Parcels,6,bayesian_ridge,bayesian_ridge,obs_FC+obs_SC,sex,0.9593023255813952,0.99,False,False,True,ok
4S456Parcels,6,kernel_ridge,"kernel_ridge[alpha=10.0,gamma_mult=0.5]",obs_FC+bv+demo,sex,0.9593023255813952,0.99,False,True,False,ok
4S456Parcels,6,kernel_ridge,"kernel_ridge[alpha=10.0,gamma_mult=1.0]",bv+demo,sex,0.9593023255813952,0.99,False,True,False,ok
Glasser,6,kernel_ridge,"kernel_ridge[alpha=10.0,gamma_mult=1.0]",bv+demo,sex,0.9593023255813952,0.99,False,True,False,ok
4S456Parcels,1,kernel_ridge,"kernel_ridge[alpha=0.1,gamma_mult=0.5]",obs_FC,sex,0.9590909090909092,0.99,False,False,True,ok
4S456Parcels,1,kernel_ridge,"kernel_ridge[alpha=1.0,gamma_mult=0.5]",obs_FC+obs_SC,sex,0.9590909090909092,0.99,False,False,True,ok
Glasser,1,kernel_ridge,"kernel_ridge[alpha=0.1,gamma_mult=0.5]",obs_FC+obs_SC,sex,0.9590909090909092,0.99,False,False,True,ok
4S456Parcels,6,kernel_ridge,"kernel_ridge[alpha=1.0,gamma_mult=2.0]",obs_SC+bv+demo,sex,0.9587155963302753,0.99,False,True,False,ok
Glasser,6,kernel_ridge,"kernel_ridge[alpha=1.0,gamma_mult=2.0]",obs_FC+bv+demo,sex,0.9587155963302753,0.99,False,True,False,ok
Glasser,3,pca_pls,pca_pls,obs_FC+obs_SC,sex,0.958492975734355,0.99,False,False,True,ok
Glasser,3,kernel_ridge,"kernel_ridge[alpha=1.0,gamma_mult=0.5]",obs_FC+obs_SC,sex,0.958492975734355,0.99,False,False,True,ok
Glasser,3,kernel_ridge,"kernel_ridge[alpha=10.0,gamma_mult=1.0]",obs_FC+bv+demo,sex,0.9583333333333331,0.99,False,True,False,ok
Glasser,5,kernel_ridge,"kernel_ridge[alpha=10.0,gamma_mult=0.5]",obs_FC+bv+demo,sex,0.9578947368421052,0.99,False,True,False,ok
Glasser,7,kernel_ridge,"kernel_ridge[alpha=1.0,gamma_mult=1.0]",obs_FC+obs_SC,sex,0.9578947368421052,0.99,False,False,True,ok
4S456Parcels,1,pca_pls,pca_pls,obs_FC,sex,0.9577540106951872,0.99,False,False,True,ok
4S456Parcels,1,bayesian_ridge,bayesian_ridge,obs_FC,sex,0.9577540106951872,0.99,False,False,True,ok
Glasser,0,kernel_ridge,"kernel_ridge[alpha=0.1,gamma_mult=1.0]",obs_FC+obs_SC,sex,0.9575471698113208,0.99,False,False,True,ok
Glasser,8,kernel_ridge,"kernel_ridge[alpha=1.0,gamma_mult=1.0]",obs_FC+obs_SC,sex,0.9575471698113208,0.99,False,False,True,ok
4S456Parcels,6,kernel_ridge,"kernel_ridge[alpha=0.1,gamma_mult=2.0]",obs_FC+obs_SC,sex,0.957488798805206,0.99,False,False,True,ok
4S456Parcels,4,kernel_ridge,"kernel_ridge[alpha=0.1,gamma_mult=0.5]",obs_SC,sex,0.9568314267213468,0.99,False,False,True,ok
4S456Parcels,8,kernel_ridge,"kernel_ridge[alpha=10.0,gamma_mult=0.5]",obs_FC+obs_SC,sex,0.9566461734153064,0.99,False,False,True,ok
Glasser,1,bayesian_ridge,bayesian_ridge,obs_FC+obs_SC,sex,0.9564171122994652,0.99,False,False,True,ok
Glasser,8,bayesian_ridge,bayesian_ridge,obs_FC,sex,0.9559571761712952,0.99,False,False,True,ok
4S456Parcels,4,kernel_ridge,"kernel_ridge[alpha=0.1,gamma_mult=1.0]",obs_SC,sex,0.9557522123893804,0.99,False,False,True,ok
Glasser,4,kernel_ridge,"kernel_ridge[alpha=1.0,gamma_mult=1.0]",obs_FC+obs_SC,sex,0.9557522123893804,0.99,False,False,True,ok
4S456Parcels,8,kernel_ridge,"kernel_ridge[alpha=1.0,gamma_mult=0.5]",obs_FC+obs_SC,sex,0.955745177019292,0.99,False,False,True,ok
4S456Parcels,9,bayesian_ridge,bayesian_ridge,obs_FC,sex,0.9553790382770018,0.99,False,False,True,ok
4S456Parcels,0,kernel_ridge,"kernel_ridge[alpha=10.0,gamma_mult=2.0]",bv+demo,sex,0.9550561797752808,0.99,False,True,False,ok
Glasser,0,kernel_ridge,"kernel_ridge[alpha=10.0,gamma_mult=2.0]",bv+demo,sex,0.9550561797752808,0.99,False,True,False,ok
4S456Parcels,5,kernel_ridge,"kernel_ridge[alpha=0.1,gamma_mult=2.0]",obs_FC+obs_SC,sex,0.955,0.99,False,False,True,ok
4S456Parcels,7,kernel_ridge,"kernel_ridge[alpha=10.0,gamma_mult=2.0]",bv+demo,sex,0.955,0.99,False,True,False,ok
Glasser,7,kernel_ridge,"kernel_ridge[alpha=10.0,gamma_mult=2.0]",bv+demo,sex,0.955,0.99,False,True,False,ok
Glasser,8,pca_pls,pca_pls,obs_FC+obs_SC,sex,0.9548441806232776,0.99,False,False,True,ok
Glasser,8,kernel_ridge,"kernel_ridge[alpha=0.1,gamma_mult=1.0]",obs_FC,sex,0.9548441806232776,0.99,False,False,True,ok
4S456Parcels,7,bayesian_ridge,bayesian_ridge,obs_FC,sex,0.9547368421052632,0.99,False,False,True,ok
4S456Parcels,7,kernel_ridge,"kernel_ridge[alpha=0.1,gamma_mult=0.5]",obs_FC,sex,0.9544736842105264,0.99,False,False,True,ok
Glasser,3,bayesian_ridge,bayesian_ridge,obs_FC+obs_SC,sex,0.9538633461047256,0.99,False,False,True,ok
Glasser,3,kernel_ridge,"kernel_ridge[alpha=0.1,gamma_mult=0.5]",obs_FC+obs_SC,sex,0.9538633461047256,0.99,False,False,True,ok
4S456Parcels,2,kernel_ridge,"kernel_ridge[alpha=0.1,gamma_mult=0.5]",obs_FC+obs_SC,sex,0.9537973321858864,0.99,False,False,True,ok
Glasser,8,kernel_ridge,"kernel_ridge[alpha=0.1,gamma_mult=0.5]",obs_FC,sex,0.9530421878312488,0.99,False,False,True,ok
Glasser,8,kernel_ridge,"kernel_ridge[alpha=1.0,gamma_mult=0.5]",obs_FC,sex,0.9530421878312488,0.99,False,False,True,ok
4S456Parcels,7,kernel_ridge,"kernel_ridge[alpha=0.1,gamma_mult=2.0]",obs_FC+obs_SC,sex,0.9528947368421052,0.99,False,False,True,ok
Glasser,7,kernel_ridge,"kernel_ridge[alpha=0.1,gamma_mult=1.0]",obs_SC,sex,0.9528947368421052,0.99,False,False,True,ok
4S456Parcels,7,kernel_ridge,"kernel_ridge[alpha=1.0,gamma_mult=2.0]",obs_FC+bv+demo,sex,0.9526315789473684,0.99,False,True,False,ok
4S456Parcels,0,kernel_ridge,"kernel_ridge[alpha=10.0,gamma_mult=0.5]",obs_FC+obs_SC,sex,0.9521411914352342,0.99,False,False,True,ok
Glasser,6,kernel_ridge,"kernel_ridge[alpha=1.0,gamma_mult=1.0]",obs_FC+obs_SC,sex,0.9516748453168338,0.99,False,False,True,ok
4S456Parcels,3,kernel_ridge,"kernel_ridge[alpha=0.1,gamma_mult=1.0]",obs_FC+obs_SC,sex,0.9514687100893996,0.99,False,False,True,ok
Glasser,3,kernel_ridge,"kernel_ridge[alpha=0.1,gamma_mult=1.0]",obs_FC+obs_SC,sex,0.9514687100893996,0.99,False,False,True,ok
4S456Parcels,4,kernel_ridge,"kernel_ridge[alpha=0.1,gamma_mult=2.0]",obs_FC+obs_SC,sex,0.9513274336283186,0.99,False,False,True,ok
4S456Parcels,8,kernel_ridge,"kernel_ridge[alpha=0.1,gamma_mult=1.0]",obs_FC+obs_SC,sex,0.9510281958872164,0.99,False,False,True,ok
Glasser,8,kernel_ridge,"kernel_ridge[alpha=1.0,gamma_mult=1.0]",obs_FC,sex,0.9510281958872164,0.99,False,False,True,ok
4S456Parcels,2,kernel_ridge,"kernel_ridge[alpha=1.0,gamma_mult=0.5]",obs_FC+obs_SC,sex,0.9508928571428572,0.99,False,False,True,ok
4S456Parcels,2,kernel_ridge,"kernel_ridge[alpha=0.1,gamma_mult=1.0]",obs_FC+obs_SC,sex,0.9508928571428572,0.99,False,False,True,ok
4S456Parcels,2,kernel_ridge,"kernel_ridge[alpha=0.1,gamma_mult=2.0]",obs_FC+bv+demo,sex,0.9508928571428572,0.99,False,True,False,ok
4S456Parcels,1,kernel_ridge,"kernel_ridge[alpha=1.0,gamma_mult=0.5]",obs_FC,sex,0.95,0.99,False,False,True,ok
4S456Parcels,1,kernel_ridge,"kernel_ridge[alpha=0.1,gamma_mult=1.0]",obs_FC+obs_SC,sex,0.95,0.99,False,False,True,ok
Glasser,1,kernel_ridge,"kernel_ridge[alpha=1.0,gamma_mult=0.5]",obs_FC+obs_SC,sex,0.95,0.99,False,False,True,ok
Glasser,1,kernel_ridge,"kernel_ridge[alpha=10.0,gamma_mult=0.5]",obs_FC+obs_SC,sex,0.95,0.99,False,False,True,ok
Glasser,5,kernel_ridge,"kernel_ridge[alpha=0.1,gamma_mult=2.0]",obs_FC+obs_SC,sex,0.95,0.99,False,False,True,ok
4S456Parcels,7,kernel_ridge,"kernel_ridge[alpha=1.0,gamma_mult=0.5]",obs_FC,sex,0.9494736842105264,0.99,False,False,True,ok
Glasser,0,kernel_ridge,"kernel_ridge[alpha=10.0,gamma_mult=0.5]",obs_FC+bv+demo,sex,0.949438202247191,0.99,False,True,False,ok
Glasser,2,kernel_ridge,"kernel_ridge[alpha=0.1,gamma_mult=0.5]",obs_FC+obs_SC,sex,0.9493330464716008,0.99,False,False,True,ok
Glasser,7,kernel_ridge,"kernel_ridge[alpha=0.1,gamma_mult=0.5]",obs_FC,sex,0.9492105263157896,0.99,False,False,True,ok
4S456Parcels,6,kernel_ridge,"kernel_ridge[alpha=10.0,gamma_mult=0.5]",obs_FC+obs_SC,sex,0.9489012161297206,0.99,False,False,True,ok
Glasser,6,bayesian_ridge,bayesian_ridge,obs_FC+obs_SC,sex,0.9489012161297206,0.99,False,False,True,ok
4S456Parcels,3,kernel_ridge,"kernel_ridge[alpha=10.0,gamma_mult=0.5]",obs_SC+bv+demo,sex,0.9482758620689656,0.99,False,True,False,ok
4S456Parcels,3,kernel_ridge,"kernel_ridge[alpha=10.0,gamma_mult=1.0]",bv+demo,sex,0.9482758620689656,0.99,False,True,False,ok
4S456Parcels,3,kernel_ridge,"kernel_ridge[alpha=1.0,gamma_mult=2.0]",bv+demo,sex,0.9482758620689656,0.99,False,True,False,ok
Glasser,3,kernel_ridge,"kernel_ridge[alpha=10.0,gamma_mult=1.0]",bv+demo,sex,0.9482758620689656,0.99,False,True,False,ok
Glasser,3,kernel_ridge,"kernel_ridge[alpha=1.0,gamma_mult=2.0]",bv+demo,sex,0.9482758620689656,0.99,False,True,False,ok
4S456Parcels,3,pca_pls,pca_pls,obs_FC+obs_SC,sex,0.9481162196679438,0.99,False,False,True,ok
4S456Parcels,3,bayesian_ridge,bayesian_ridge,obs_FC+obs_SC,sex,0.9481162196679438,0.99,False,False,True,ok
Glasser,3,kernel_ridge,"kernel_ridge[alpha=0.1,gamma_mult=1.0]",obs_FC,sex,0.9481162196679438,0.99,False,False,True,ok
Glasser,3,kernel_ridge,"kernel_ridge[alpha=1.0,gamma_mult=1.0]",obs_FC,sex,0.9481162196679438,0.99,False,False,True,ok
4S456Parcels,8,kernel_ridge,"kernel_ridge[alpha=1.0,gamma_mult=2.0]",obs_SC+bv+demo,sex,0.94811320754717,0.99,False,True,False,ok
Glasser,4,pca_pls,pca_pls,obs_SC,sex,0.947981869199223,0.99,False,False,True,ok
Glasser,9,kernel_ridge,"kernel_ridge[alpha=1.0,gamma_mult=1.0]",obs_FC+obs_SC,sex,0.9469026548672566,0.99,False,False,True,ok
Glasser,9,kernel_ridge,"kernel_ridge[alpha=1.0,gamma_mult=2.0]",obs_FC+bv+demo,sex,0.9469026548672566,0.99,False,True,False,ok
4S456Parcels,6,pca_pls,pca_pls,obs_FC,sex,0.9467676552165564,0.99,False,False,True,ok
4S456Parcels,6,bayesian_ridge,bayesian_ridge,obs_FC,sex,0.9467676552165564,0.99,False,False,True,ok
Glasser,0,bayesian_ridge,bayesian_ridge,obs_SC,sex,0.9463112147551408,0.99,False,False,True,ok
Glasser,6,kernel_ridge,"kernel_ridge[alpha=0.1,gamma_mult=1.0]",obs_FC,sex,0.9458608918284616,0.99,False,False,True,ok
Glasser,6,kernel_ridge,"kernel_ridge[alpha=1.0,gamma_mult=0.5]",obs_FC,sex,0.9455408576914872,0.99,False,False,True,ok
Glasser,1,kernel_ridge,"kernel_ridge[alpha=0.1,gamma_mult=1.0]",obs_FC+obs_SC,sex,0.9454545454545454,0.99,False,False,True,ok
Glasser,9,bayesian_ridge,bayesian_ridge,obs_FC,sex,0.9449301631303976,0.99,False,False,True,ok
Glasser,2,kernel_ridge,"kernel_ridge[alpha=0.1,gamma_mult=1.0]",obs_FC+obs_SC,sex,0.944868760757315,0.99,False,False,True,ok
4S456Parcels,4,pca_pls,pca_pls,obs_SC,sex,0.9446363047701274,0.99,False,False,True,ok
4S456Parcels,3,kernel_ridge,"kernel_ridge[alpha=0.1,gamma_mult=0.5]",obs_FC+obs_SC,sex,0.9446040868454662,0.99,False,False,True,ok
4S456Parcels,7,pca_pls,pca_pls,obs_FC,sex,0.9444736842105264,0.99,False,False,True,ok
4S456Parcels,3,kernel_ridge,"kernel_ridge[alpha=1.0,gamma_mult=1.0]",obs_FC+obs_SC,sex,0.9444444444444444,0.99,False,False,True,ok
Glasser,3,kernel_ridge,"kernel_ridge[alpha=10.0,gamma_mult=1.0]",obs_SC+bv+demo,sex,0.9444444444444444,0.99,False,True,False,ok
Glasser,5,kernel_ridge,"kernel_ridge[alpha=0.1,gamma_mult=1.0]",obs_SC,sex,0.9439473684210526,0.99,False,False,True,ok
Glasser,9,pca_pls,pca_pls,obs_FC+bv+demo,sex,0.9437040196182962,0.99,False,True,False,ok
4S456Parcels,5,bayesian_ridge,bayesian_ridge,obs_SC,sex,0.9434210526315788,0.99,False,False,True,ok
4S456Parcels,8,kernel_ridge,"kernel_ridge[alpha=1.0,gamma_mult=2.0]",obs_FC+bv+demo,sex,0.9433962264150944,0.99,False,True,False,ok
Glasser,7,kernel_ridge,"kernel_ridge[alpha=1.0,gamma_mult=1.0]",obs_SC,sex,0.9426315789473684,0.99,False,False,True,ok
4S456Parcels,4,kernel_ridge,"kernel_ridge[alpha=10.0,gamma_mult=0.5]",obs_SC,sex,0.9424778761061948,0.99,False,False,True,ok
4S456Parcels,4,kernel_ridge,"kernel_ridge[alpha=1.0,gamma_mult=2.0]",obs_FC+bv+demo,sex,0.9424778761061948,0.99,False,True,False,ok
4S456Parcels,9,kernel_ridge,"kernel_ridge[alpha=0.1,gamma_mult=2.0]",obs_FC+obs_SC,sex,0.9424778761061948,0.99,False,False,True,ok
4S456Parcels,6,kernel_ridge,"kernel_ridge[alpha=0.1,gamma_mult=0.5]",obs_FC,sex,0.9421804992532536,0.99,False,False,True,ok
4S456Parcels,6,kernel_ridge,"kernel_ridge[alpha=1.0,gamma_mult=0.5]",obs_FC,sex,0.9421804992532536,0.99,False,False,True,ok
Glasser,2,kernel_ridge,"kernel_ridge[alpha=1.0,gamma_mult=2.0]",obs_SC+bv+demo,sex,0.9419642857142856,0.99,False,True,False,ok
Glasser,6,kernel_ridge,"kernel_ridge[alpha=10.0,gamma_mult=0.5]",obs_FC+bv+demo,sex,0.9418604651162792,0.99,False,True,False,ok
4S456Parcels,8,kernel_ridge,"kernel_ridge[alpha=1.0,gamma_mult=1.0]",obs_FC,sex,0.9415942336230656,0.99,False,False,True,ok
Glasser,6,kernel_ridge,"kernel_ridge[alpha=0.1,gamma_mult=0.5]",obs_FC,sex,0.9409537017281844,0.99,False,False,True,ok
4S456Parcels,1,kernel_ridge,"kernel_ridge[alpha=10.0,gamma_mult=0.5]",obs_FC+obs_SC,sex,0.9409090909090908,0.99,False,False,True,ok
4S456Parcels,1,kernel_ridge,"kernel_ridge[alpha=1.0,gamma_mult=2.0]",obs_SC+bv+demo,sex,0.9409090909090908,0.99,False,True,False,ok
4S456Parcels,8,kernel_ridge,"kernel_ridge[alpha=1.0,gamma_mult=0.5]",pred_SC,sex,0.9406932372270512,0.99,False,False,True,ok
Glasser,2,kernel_ridge,"kernel_ridge[alpha=1.0,gamma_mult=0.5]",obs_FC+obs_SC,sex,0.9404044750430292,0.99,False,False,True,ok
4S456Parcels,2,kernel_ridge,"kernel_ridge[alpha=10.0,gamma_mult=2.0]",bv+demo,sex,0.9397590361445782,0.99,False,True,False,ok
Glasser,2,kernel_ridge,"kernel_ridge[alpha=10.0,gamma_mult=2.0]",bv+demo,sex,0.9397590361445782,0.99,False,True,False,ok
4S456Parcels,9,kernel_ridge,"kernel_ridge[alpha=1.0,gamma_mult=0.5]",obs_FC,sex,0.9392792408572342,0.99,False,False,True,ok
Glasser,5,kernel_ridge,"kernel_ridge[alpha=1.0,gamma_mult=1.0]",obs_SC,sex,0.9392105263157896,0.99,False,False,True,ok
Glasser,4,bayesian_ridge,bayesian_ridge,obs_SC,sex,0.9391323116770992,0.99,False,False,True,ok
4S456Parcels,9,bayesian_ridge,bayesian_ridge,obs_SC,sex,0.9389060667448555,0.99,False,False,True,ok
4S456Parcels,3,kernel_ridge,"kernel_ridge[alpha=1.0,gamma_mult=0.5]",obs_FC+obs_SC,sex,0.9388569604086844,0.99,False,False,True,ok
Glasser,5,kernel_ridge,"kernel_ridge[alpha=0.1,gamma_mult=0.5]",obs_SC,sex,0.9386842105263158,0.99,False,False,True,ok
4S456Parcels,0,kernel_ridge,"kernel_ridge[alpha=1.0,gamma_mult=1.0]",obs_FC+obs_SC,sex,0.9386792452830188,0.99,False,False,True,ok
4S456Parcels,9,kernel_ridge,"kernel_ridge[alpha=10.0,gamma_mult=0.5]",obs_FC,sex,0.9385328926324767,0.99,False,False,True,ok
4S456Parcels,5,kernel_ridge,"kernel_ridge[alpha=10.0,gamma_mult=0.5]",obs_SC,sex,0.938157894736842,0.99,False,False,True,ok
Glasser,7,kernel_ridge,"kernel_ridge[alpha=0.1,gamma_mult=1.0]",obs_FC,sex,0.938157894736842,0.99,False,False,True,ok
4S456Parcels,4,kernel_ridge,"kernel_ridge[alpha=1.0,gamma_mult=1.0]",obs_SC,sex,0.9380530973451328,0.99,False,False,True,ok
4S456Parcels,7,kernel_ridge,"kernel_ridge[alpha=1.0,gamma_mult=1.0]",obs_FC,sex,0.9378947368421052,0.99,False,False,True,ok
4S456Parcels,8,kernel_ridge,"kernel_ridge[alpha=1.0,gamma_mult=1.0]",obs_FC+obs_SC,sex,0.9377782488870045,0.99,False,False,True,ok
4S456Parcels,9,kernel_ridge,"kernel_ridge[alpha=0.1,gamma_mult=0.5]",obs_SC,sex,0.937679923232754,0.99,False,False,True,ok
4S456Parcels,9,kernel_ridge,"kernel_ridge[alpha=1.0,gamma_mult=0.5]",obs_SC,sex,0.937679923232754,0.99,False,False,True,ok
Glasser,9,kernel_ridge,"kernel_ridge[alpha=0.1,gamma_mult=0.5]",obs_FC,sex,0.937679923232754,0.99,False,False,True,ok
4S456Parcels,6,kernel_ridge,"kernel_ridge[alpha=0.1,gamma_mult=1.0]",obs_FC,sex,0.9375933432899508,0.99,False,False,True,ok
Glasser,3,kernel_ridge,"kernel_ridge[alpha=1.0,gamma_mult=1.0]",obs_FC+obs_SC,sex,0.9375798212005108,0.99,False,False,True,ok
Glasser,2,bayesian_ridge,bayesian_ridge,obs_FC+obs_SC,sex,0.9370697074010328,0.99,False,False,True,ok
Glasser,7,kernel_ridge,"kernel_ridge[alpha=0.1,gamma_mult=2.0]",obs_FC+obs_SC,sex,0.936842105263158,0.99,False,False,True,ok
4S456Parcels,3,kernel_ridge,"kernel_ridge[alpha=10.0,gamma_mult=2.0]",bv+demo,sex,0.9367816091954024,0.99,False,True,False,ok
Glasser,3,kernel_ridge,"kernel_ridge[alpha=10.0,gamma_mult=2.0]",bv+demo,sex,0.9367816091954024,0.99,False,True,False,ok
4S456Parcels,3,kernel_ridge,"kernel_ridge[alpha=0.1,gamma_mult=0.5]",obs_FC,sex,0.9366219667943806,0.99,False,False,True,ok
4S456Parcels,3,kernel_ridge,"kernel_ridge[alpha=1.0,gamma_mult=0.5]",obs_FC,sex,0.9366219667943806,0.99,False,False,True,ok
Glasser,9,pca_pls,pca_pls,obs_FC,sex,0.9360806056082738,0.99,False,False,True,ok
Glasser,0,pca_pls,pca_pls,obs_SC,sex,0.9359762560949756,0.99,False,False,True,ok
4S456Parcels,4,kernel_ridge,"kernel_ridge[alpha=0.1,gamma_mult=1.0]",obs_FC,sex,0.9357867472480036,0.99,False,False,True,ok
Glasser,1,pca_pls,pca_pls,obs_FC,sex,0.9355614973262032,0.99,False,False,True,ok
4S456Parcels,8,bayesian_ridge,bayesian_ridge,pred_SC,sex,0.9352872588509646,0.99,False,False,True,ok
4S456Parcels,3,kernel_ridge,"kernel_ridge[alpha=1.0,gamma_mult=2.0]",obs_FC+bv+demo,sex,0.9351851851851852,0.99,False,True,False,ok
4S456Parcels,5,kernel_ridge,"kernel_ridge[alpha=1.0,gamma_mult=2.0]",obs_FC+bv+demo,sex,0.935,0.99,False,True,False,ok
Glasser,5,kernel_ridge,"kernel_ridge[alpha=10.0,gamma_mult=1.0]",obs_SC+bv+demo,sex,0.935,0.99,False,True,False,ok
Glasser,7,bayesian_ridge,bayesian_ridge,obs_FC,sex,0.9344736842105263,0.99,False,False,True,ok
4S456Parcels,3,kernel_ridge,"kernel_ridge[alpha=1.0,gamma_mult=1.0]",obs_FC,sex,0.934227330779055,0.99,False,False,True,ok
Glasser,7,kernel_ridge,"kernel_ridge[alpha=1.0,gamma_mult=0.5]",obs_FC,sex,0.9342105263157896,0.99,False,False,True,ok
4S456Parcels,0,kernel_ridge,"kernel_ridge[alpha=1.0,gamma_mult=2.0]",obs_SC+bv+demo,sex,0.9339622641509434,0.99,False,True,False,ok
Glasser,0,kernel_ridge,"kernel_ridge[alpha=1.0,gamma_mult=1.0]",obs_FC+obs_SC,sex,0.9339622641509434,0.99,False,False,True,ok
Glasser,8,kernel_ridge,"kernel_ridge[alpha=0.1,gamma_mult=2.0]",obs_FC+obs_SC,sex,0.9339622641509434,0.99,False,False,True,ok
Glasser,6,bayesian_ridge,bayesian_ridge,obs_FC,sex,0.933912950714743,0.99,False,False,True,ok
4S456Parcels,5,kernel_ridge,"kernel_ridge[alpha=1.0,gamma_mult=0.5]",obs_SC,sex,0.9336842105263158,0.99,False,False,True,ok
4S456Parcels,5,kernel_ridge,"kernel_ridge[alpha=0.1,gamma_mult=1.0]",obs_SC,sex,0.9336842105263158,0.99,False,False,True,ok
Glasser,7,pca_pls,pca_pls,obs_SC,sex,0.9336842105263158,0.99,False,False,True,ok
4S456Parcels,5,kernel_ridge,"kernel_ridge[alpha=0.1,gamma_mult=0.5]",obs_SC,sex,0.9334210526315788,0.99,False,False,True,ok
Glasser,5,kernel_ridge,"kernel_ridge[alpha=1.0,gamma_mult=0.5]",obs_SC,sex,0.9334210526315788,0.99,False,False,True,ok
4S456Parcels,8,kernel_ridge,"kernel_ridge[alpha=0.1,gamma_mult=0.5]",pred_SC,sex,0.9332732669069324,0.99,False,False,True,ok
4S456Parcels,9,kernel_ridge,"kernel_ridge[alpha=0.1,gamma_mult=0.5]",obs_FC,sex,0.933255144471692,0.99,False,False,True,ok
Glasser,9,kernel_ridge,"kernel_ridge[alpha=1.0,gamma_mult=0.5]",obs_FC,sex,0.933255144471692,0.99,False,False,True,ok
Glasser,4,kernel_ridge,"kernel_ridge[alpha=10.0,gamma_mult=0.5]",obs_SC,sex,0.9330347507014892,0.99,False,False,True,ok
Glasser,5,pca_pls,pca_pls,obs_SC,sex,0.9326315789473684,0.99,False,False,True,ok
Glasser,7,kernel_ridge,"kernel_ridge[alpha=1.0,gamma_mult=1.0]",obs_FC,sex,0.9326315789473684,0.99,False,False,True,ok
Glasser,2,pca_pls,pca_pls,obs_FC+obs_SC,sex,0.932605421686747,0.99,False,False,True,ok
4S456Parcels,8,kernel_ridge,"kernel_ridge[alpha=0.1,gamma_mult=2.0]",obs_FC,sex,0.9321602713589144,0.99,False,False,True,ok
Glasser,0,kernel_ridge,"kernel_ridge[alpha=0.1,gamma_mult=0.5]",obs_SC,sex,0.9321602713589144,0.99,False,False,True,ok
Glasser,6,kernel_ridge,"kernel_ridge[alpha=1.0,gamma_mult=1.0]",obs_FC,sex,0.9320994239385536,0.99,False,False,True,ok
4S456Parcels,1,kernel_ridge,"kernel_ridge[alpha=0.1,gamma_mult=1.0]",obs_FC,sex,0.931818181818182,0.99,False,False,True,ok
4S456Parcels,1,kernel_ridge,"kernel_ridge[alpha=1.0,gamma_mult=1.0]",obs_FC+obs_SC,sex,0.931818181818182,0.99,False,False,True,ok
Glasser,1,kernel_ridge,"kernel_ridge[alpha=1.0,gamma_mult=1.0]",obs_FC+obs_SC,sex,0.931818181818182,0.99,False,False,True,ok
Glasser,1,kernel_ridge,"kernel_ridge[alpha=0.1,gamma_mult=2.0]",obs_FC+obs_SC,sex,0.931818181818182,0.99,False,False,True,ok
4S456Parcels,4,kernel_ridge,"kernel_ridge[alpha=1.0,gamma_mult=1.0]",obs_FC,sex,0.9313619684869414,0.99,False,False,True,ok
4S456Parcels,8,kernel_ridge,"kernel_ridge[alpha=0.1,gamma_mult=1.0]",pred_SC,sex,0.9312592749629002,0.99,False,False,True,ok
Glasser,3,kernel_ridge,"kernel_ridge[alpha=10.0,gamma_mult=0.5]",obs_SC+bv+demo,sex,0.9310344827586208,0.99,False,True,False,ok
4S456Parcels,3,kernel_ridge,"kernel_ridge[alpha=0.1,gamma_mult=2.0]",obs_FC,sex,0.9307151979565772,0.99,False,False,True,ok
4S456Parcels,8,kernel_ridge,"kernel_ridge[alpha=10.0,gamma_mult=0.5]",obs_FC,sex,0.9305702777188892,0.99,False,False,True,ok
4S456Parcels,1,kernel_ridge,"kernel_ridge[alpha=10.0,gamma_mult=0.5]",obs_FC,sex,0.9304812834224598,0.99,False,False,True,ok
Glasser,9,kernel_ridge,"kernel_ridge[alpha=0.1,gamma_mult=1.0]",obs_FC,sex,0.9304296833351104,0.99,False,False,True,ok
Glasser,4,kernel_ridge,"kernel_ridge[alpha=0.1,gamma_mult=0.5]",obs_SC,sex,0.9302827541549752,0.99,False,False,True,ok
Glasser,3,kernel_ridge,"kernel_ridge[alpha=1.0,gamma_mult=0.5]",obs_FC,sex,0.9297573435504468,0.99,False,False,True,ok
Glasser,1,bayesian_ridge,bayesian_ridge,obs_FC,sex,0.9296791443850267,0.99,False,False,True,ok
4S456Parcels,6,bayesian_ridge,bayesian_ridge,pred_SC,sex,0.9293257947514402,0.99,False,False,True,ok
Glasser,7,kernel_ridge,"kernel_ridge[alpha=1.0,gamma_mult=0.5]",obs_SC,sex,0.9286842105263158,0.99,False,False,True,ok
4S456Parcels,2,kernel_ridge,"kernel_ridge[alpha=1.0,gamma_mult=2.0]",obs_SC+bv+demo,sex,0.9285714285714286,0.99,False,True,False,ok
4S456Parcels,7,kernel_ridge,"kernel_ridge[alpha=0.1,gamma_mult=1.0]",obs_FC,sex,0.928157894736842,0.99,False,False,True,ok
Glasser,7,kernel_ridge,"kernel_ridge[alpha=0.1,gamma_mult=0.5]",obs_SC,sex,0.9278947368421052,0.99,False,False,True,ok
4S456Parcels,9,kernel_ridge,"kernel_ridge[alpha=10.0,gamma_mult=2.0]",bv+demo,sex,0.927710843373494,0.99,False,True,False,ok
Glasser,9,kernel_ridge,"kernel_ridge[alpha=10.0,gamma_mult=2.0]",bv+demo,sex,0.927710843373494,0.99,False,True,False,ok
4S456Parcels,6,kernel_ridge,"kernel_ridge[alpha=0.1,gamma_mult=1.0]",obs_SC,sex,0.9275122679752508,0.99,False,False,True,ok
4S456Parcels,5,bayesian_ridge,bayesian_ridge,obs_FC,sex,0.9273684210526316,0.99,False,False,True,ok
4S456Parcels,3,bayesian_ridge,bayesian_ridge,obs_SC,sex,0.9273627075351214,0.99,False,False,True,ok
4S456Parcels,3,kernel_ridge,"kernel_ridge[alpha=0.1,gamma_mult=1.0]",obs_FC,sex,0.9273627075351214,0.99,False,False,True,ok
Glasser,1,kernel_ridge,"kernel_ridge[alpha=1.0,gamma_mult=1.0]",obs_FC,sex,0.9272727272727272,0.99,False,False,True,ok
Glasser,4,bayesian_ridge,bayesian_ridge,pred_FC,sex,0.9269371897258796,0.99,False,False,True,ok
4S456Parcels,6,kernel_ridge,"kernel_ridge[alpha=10.0,gamma_mult=0.5]",obs_FC,sex,0.9268721997013014,0.99,False,False,True,ok
4S456Parcels,4,kernel_ridge,"kernel_ridge[alpha=10.0,gamma_mult=2.0]",bv+demo,sex,0.9268292682926828,0.99,False,True,False,ok
Glasser,4,kernel_ridge,"kernel_ridge[alpha=10.0,gamma_mult=2.0]",bv+demo,sex,0.9268292682926828,0.99,False,True,False,ok
4S456Parcels,6,kernel_ridge,"kernel_ridge[alpha=1.0,gamma_mult=2.0]",obs_FC+bv+demo,sex,0.926605504587156,0.99,False,True,False,ok
Glasser,0,kernel_ridge,"kernel_ridge[alpha=1.0,gamma_mult=0.5]",obs_SC,sex,0.9265422938308248,0.99,False,False,True,ok
Glasser,7,kernel_ridge,"kernel_ridge[alpha=10.0,gamma_mult=1.0]",obs_FC+obs_SC,sex,0.9263157894736842,0.99,False,False,True,ok
Glasser,4,kernel_ridge,"kernel_ridge[alpha=1.0,gamma_mult=0.5]",obs_SC,sex,0.9258579753939132,0.99,False,False,True,ok
Glasser,6,kernel_ridge,"kernel_ridge[alpha=0.1,gamma_mult=2.0]",obs_FC+obs_SC,sex,0.9253787070620868,0.99,False,False,True,ok
4S456Parcels,3,pca_pls,pca_pls,obs_FC,sex,0.9251277139208174,0.99,False,False,True,ok
Glasser,3,kernel_ridge,"kernel_ridge[alpha=0.1,gamma_mult=0.5]",obs_FC,sex,0.9251277139208174,0.99,False,False,True,ok
Glasser,0,kernel_ridge,"kernel_ridge[alpha=10.0,gamma_mult=0.5]",obs_SC,sex,0.9249523001907992,0.99,False,False,True,ok
Glasser,4,kernel_ridge,"kernel_ridge[alpha=0.1,gamma_mult=2.0]",obs_FC+obs_SC,sex,0.9247787610619468,0.99,False,False,True,ok
4S456Parcels,0,kernel_ridge,"kernel_ridge[alpha=0.1,gamma_mult=0.5]",obs_FC,sex,0.9247403010387958,0.99,False,False,True,ok
Glasser,0,kernel_ridge,"kernel_ridge[alpha=1.0,gamma_mult=2.0]",obs_FC+bv+demo,sex,0.9245283018867924,0.99,False,True,False,ok
4S456Parcels,9,kernel_ridge,"kernel_ridge[alpha=0.1,gamma_mult=1.0]",obs_SC,sex,0.9244055869495682,0.99,False,False,True,ok
4S456Parcels,9,pca_pls,pca_pls,obs_SC,sex,0.9240324128371896,0.99,False,False,True,ok
Glasser,3,pca_pls,pca_pls,obs_FC,sex,0.9240102171136654,0.99,False,False,True,ok
4S456Parcels,6,kernel_ridge,"kernel_ridge[alpha=0.1,gamma_mult=0.5]",obs_SC,sex,0.9238318754000427,0.99,False,False,True,ok
4S456Parcels,3,kernel_ridge,"kernel_ridge[alpha=1.0,gamma_mult=1.0]",obs_SC,sex,0.923690932311622,0.99,False,False,True,ok
Glasser,0,kernel_ridge,"kernel_ridge[alpha=0.1,gamma_mult=1.0]",obs_SC,sex,0.923627305490778,0.99,False,False,True,ok
4S456Parcels,1,kernel_ridge,"kernel_ridge[alpha=10.0,gamma_mult=2.0]",bv+demo,sex,0.923529411764706,0.99,False,True,False,ok
Glasser,1,kernel_ridge,"kernel_ridge[alpha=10.0,gamma_mult=2.0]",bv+demo,sex,0.923529411764706,0.99,False,True,False,ok
4S456Parcels,5,kernel_ridge,"kernel_ridge[alpha=1.0,gamma_mult=0.5]",obs_FC,sex,0.9234210526315788,0.99,False,False,True,ok
4S456Parcels,7,kernel_ridge,"kernel_ridge[alpha=1.0,gamma_mult=0.5]",obs_SC,sex,0.9234210526315788,0.99,False,False,True,ok
4S456Parcels,7,kernel_ridge,"kernel_ridge[alpha=0.1,gamma_mult=0.5]",obs_SC,sex,0.9231578947368422,0.99,False,False,True,ok
4S456Parcels,6,kernel_ridge,"kernel_ridge[alpha=1.0,gamma_mult=1.0]",obs_SC,sex,0.922925112011948,0.99,False,False,True,ok
4S456Parcels,5,pca_pls,pca_pls,obs_SC,sex,0.9228947368421052,0.99,False,False,True,ok
4S456Parcels,9,pca_pls,pca_pls,obs_FC,sex,0.922806269325088,0.99,False,False,True,ok
4S456Parcels,4,bayesian_ridge,bayesian_ridge,pred_FC,sex,0.9225124109648176,0.99,False,False,True,ok
Glasser,4,kernel_ridge,"kernel_ridge[alpha=0.1,gamma_mult=1.0]",obs_FC,sex,0.9225124109648176,0.99,False,False,True,ok
Glasser,4,kernel_ridge,"kernel_ridge[alpha=1.0,gamma_mult=1.0]",obs_FC,sex,0.9225124109648176,0.99,False,False,True,ok
4S456Parcels,1,bayesian_ridge,bayesian_ridge,pred_SC,sex,0.9224598930481284,0.99,False,False,True,ok
Glasser,5,bayesian_ridge,bayesian_ridge,obs_SC,sex,0.9221052631578948,0.99,False,False,True,ok
4S456Parcels,1,bayesian_ridge,bayesian_ridge,obs_SC,sex,0.9219251336898396,0.99,False,False,True,ok
4S456Parcels,4,kernel_ridge,"kernel_ridge[alpha=1.0,gamma_mult=0.5]",obs_FC,sex,0.9219188430822362,0.99,False,False,True,ok
4S456Parcels,9,kernel_ridge,"kernel_ridge[alpha=0.1,gamma_mult=1.0]",obs_FC,sex,0.9215801258129864,0.99,False,False,True,ok
Glasser,4,kernel_ridge,"kernel_ridge[alpha=0.1,gamma_mult=1.0]",obs_SC,sex,0.9214331966328512,0.99,False,False,True,ok
4S456Parcels,8,kernel_ridge,"kernel_ridge[alpha=10.0,gamma_mult=2.0]",bv+demo,sex,0.9213483146067416,0.99,False,True,False,ok
Glasser,8,kernel_ridge,"kernel_ridge[alpha=10.0,gamma_mult=2.0]",bv+demo,sex,0.9213483146067416,0.99,False,True,False,ok
4S456Parcels,3,kernel_ridge,"kernel_ridge[alpha=0.1,gamma_mult=2.0]",obs_FC+obs_SC,sex,0.9212962962962964,0.99,False,False,True,ok
Glasser,6,kernel_ridge,"kernel_ridge[alpha=10.0,gamma_mult=0.5]",obs_FC+obs_SC,sex,0.9210582462129292,0.99,False,False,True,ok
4S456Parcels,1,pca_pls,pca_pls,obs_SC,sex,0.9205882352941176,0.99,False,False,True,ok
4S456Parcels,6,kernel_ridge,"kernel_ridge[alpha=1.0,gamma_mult=1.0]",obs_FC,sex,0.9204715169618092,0.99,False,False,True,ok
4S456Parcels,9,kernel_ridge,"kernel_ridge[alpha=1.0,gamma_mult=2.0]",obs_FC+bv+demo,sex,0.9203539823008848,0.99,False,True,False,ok
Glasser,3,kernel_ridge,"kernel_ridge[alpha=0.1,gamma_mult=2.0]",obs_FC,sex,0.920338441890166,0.99,False,False,True,ok
4S456Parcels,6,pca_pls,pca_pls,obs_SC,sex,0.9201514828248348,0.99,False,False,True,ok
4S456Parcels,6,bayesian_ridge,bayesian_ridge,obs_SC,sex,0.9201514828248348,0.99,False,False,True,ok
Glasser,1,kernel_ridge,"kernel_ridge[alpha=0.1,gamma_mult=1.0]",obs_FC,sex,0.9200534759358288,0.99,False,False,True,ok
4S456Parcels,0,kernel_ridge,"kernel_ridge[alpha=10.0,gamma_mult=0.5]",obs_SC,sex,0.9200233199067204,0.99,False,False,True,ok
4S456Parcels,8,kernel_ridge,"kernel_ridge[alpha=0.1,gamma_mult=2.0]",obs_FC+obs_SC,sex,0.9198113207547168,0.99,False,False,True,ok
Glasser,1,bayesian_ridge,bayesian_ridge,obs_SC,sex,0.9197860962566844,0.99,False,False,True,ok
4S456Parcels,2,kernel_ridge,"kernel_ridge[alpha=1.0,gamma_mult=1.0]",obs_FC+obs_SC,sex,0.9196428571428572,0.99,False,False,True,ok
4S456Parcels,2,kernel_ridge,"kernel_ridge[alpha=0.1,gamma_mult=2.0]",obs_FC+obs_SC,sex,0.9196428571428572,0.99,False,False,True,ok
Glasser,2,kernel_ridge,"kernel_ridge[alpha=10.0,gamma_mult=0.5]",obs_SC+bv+demo,sex,0.9196428571428572,0.99,False,True,False,ok
Glasser,2,kernel_ridge,"kernel_ridge[alpha=1.0,gamma_mult=2.0]",obs_FC+bv+demo,sex,0.9196428571428572,0.99,False,True,False,ok
Glasser,9,bayesian_ridge,bayesian_ridge,obs_SC,sex,0.9196076340761274,0.99,False,False,True,ok
4S456Parcels,3,bayesian_ridge,bayesian_ridge,obs_FC,sex,0.9193805874840356,0.99,False,False,True,ok
4S456Parcels,8,pca_pls,pca_pls,pred_SC,sex,0.9193343226627092,0.99,False,False,True,ok
Glasser,1,kernel_ridge,"kernel_ridge[alpha=10.0,gamma_mult=0.5]",obs_FC,sex,0.9192513368983956,0.99,False,False,True,ok
4S456Parcels,5,kernel_ridge,"kernel_ridge[alpha=0.1,gamma_mult=2.0]",obs_SC,sex,0.9192105263157896,0.99,False,False,True,ok
4S456Parcels,0,bayesian_ridge,bayesian_ridge,pred_FC,sex,0.919122323510706,0.99,False,False,True,ok
4S456Parcels,0,kernel_ridge,"kernel_ridge[alpha=1.0,gamma_mult=0.5]",obs_FC,sex,0.919122323510706,0.99,False,False,True,ok
Glasser,8,bayesian_ridge,bayesian_ridge,pred_SC,sex,0.9184333262666948,0.99,False,False,True,ok
4S456Parcels,5,kernel_ridge,"kernel_ridge[alpha=0.1,gamma_mult=1.0]",obs_FC,sex,0.918421052631579,0.99,False,False,True,ok
4S456Parcels,5,kernel_ridge,"kernel_ridge[alpha=0.1,gamma_mult=0.5]",obs_FC,sex,0.918157894736842,0.99,False,False,True,ok
Glasser,8,kernel_ridge,"kernel_ridge[alpha=0.1,gamma_mult=2.0]",obs_FC,sex,0.9180093279626882,0.99,False,False,True,ok
Glasser,5,kernel_ridge,"kernel_ridge[alpha=1.0,gamma_mult=0.5]",obs_FC,sex,0.9178947368421052,0.99,False,False,True,ok
4S456Parcels,1,kernel_ridge,"kernel_ridge[alpha=0.1,gamma_mult=0.5]",obs_SC,sex,0.917379679144385,0.99,False,False,True,ok
Glasser,1,kernel_ridge,"kernel_ridge[alpha=0.1,gamma_mult=0.5]",obs_FC,sex,0.917379679144385,0.99,False,False,True,ok
Glasser,1,kernel_ridge,"kernel_ridge[alpha=1.0,gamma_mult=0.5]",obs_FC,sex,0.917379679144385,0.99,False,False,True,ok
4S456Parcels,7,kernel_ridge,"kernel_ridge[alpha=0.1,gamma_mult=1.0]",obs_SC,sex,0.9173684210526316,0.99,False,False,True,ok
4S456Parcels,0,pca_pls,pca_pls,obs_FC,sex,0.9173203307186772,0.99,False,False,True,ok
4S456Parcels,5,pca_pls,pca_pls,obs_FC,sex,0.9171052631578946,0.99,False,False,True,ok
4S456Parcels,7,kernel_ridge,"kernel_ridge[alpha=1.0,gamma_mult=1.0]",obs_SC,sex,0.9171052631578946,0.99,False,False,True,ok
4S456Parcels,4,pca_pls,pca_pls,pred_FC,sex,0.9164148499892076,0.99,False,False,True,ok
4S456Parcels,0,kernel_ridge,"kernel_ridge[alpha=0.1,gamma_mult=0.5]",obs_SC,sex,0.9162073351706592,0.99,False,False,True,ok
4S456Parcels,0,kernel_ridge,"kernel_ridge[alpha=1.0,gamma_mult=0.5]",obs_SC,sex,0.9162073351706592,0.99,False,False,True,ok
4S456Parcels,4,kernel_ridge,"kernel_ridge[alpha=0.1,gamma_mult=2.0]",obs_SC,sex,0.915929203539823,0.99,False,False,True,ok
Glasser,9,kernel_ridge,"kernel_ridge[alpha=0.1,gamma_mult=2.0]",obs_FC+obs_SC,sex,0.915929203539823,0.99,False,False,True,ok
4S456Parcels,4,kernel_ridge,"kernel_ridge[alpha=0.1,gamma_mult=0.5]",obs_FC,sex,0.9158212821066264,0.99,False,False,True,ok
Glasser,1,pca_pls,pca_pls,obs_SC,sex,0.91524064171123,0.99,False,False,True,ok
Glasser,9,pca_pls,pca_pls,obs_SC,sex,0.9151828553150656,0.99,False,False,True,ok
4S456Parcels,0,kernel_ridge,"kernel_ridge[alpha=1.0,gamma_mult=2.0]",obs_FC+bv+demo,sex,0.9150943396226416,0.99,False,True,False,ok
4S456Parcels,2,bayesian_ridge,bayesian_ridge,obs_SC,sex,0.9147482788296042,0.99,False,False,True,ok
4S456Parcels,3,kernel_ridge,"kernel_ridge[alpha=0.1,gamma_mult=0.5]",obs_SC,sex,0.9145913154533843,0.99,False,False,True,ok
4S456Parcels,0,pca_pls,pca_pls,pred_FC,sex,0.9144053423786304,0.99,False,False,True,ok
4S456Parcels,0,bayesian_ridge,bayesian_ridge,obs_SC,sex,0.9144053423786304,0.99,False,False,True,ok
4S456Parcels,5,kernel_ridge,"kernel_ridge[alpha=1.0,gamma_mult=1.0]",obs_FC,sex,0.9139473684210526,0.99,False,False,True,ok
4S456Parcels,1,kernel_ridge,"kernel_ridge[alpha=1.0,gamma_mult=1.0]",obs_FC,sex,0.9136363636363636,0.99,False,False,True,ok
4S456Parcels,1,kernel_ridge,"kernel_ridge[alpha=0.1,gamma_mult=2.0]",obs_FC+obs_SC,sex,0.9136363636363636,0.99,False,False,True,ok
Glasser,3,bayesian_ridge,bayesian_ridge,obs_FC,sex,0.9136334610472542,0.99,False,False,True,ok
4S456Parcels,9,kernel_ridge,"kernel_ridge[alpha=10.0,gamma_mult=0.5]",obs_SC,sex,0.9135835376905852,0.99,False,False,True,ok
4S456Parcels,6,kernel_ridge,"kernel_ridge[alpha=1.0,gamma_mult=0.5]",obs_SC,sex,0.9134307659483678,0.99,False,False,True,ok
4S456Parcels,7,pca_pls,pca_pls,obs_SC,sex,0.9134210526315788,0.99,False,False,True,ok
4S456Parcels,1,pca_pls,pca_pls,pred_SC,sex,0.9133689839572192,0.99,False,False,True,ok
Glasser,1,kernel_ridge,"kernel_ridge[alpha=0.1,gamma_mult=0.5]",obs_SC,sex,0.9133689839572192,0.99,False,False,True,ok
Glasser,4,kernel_ridge,"kernel_ridge[alpha=0.1,gamma_mult=0.5]",obs_FC,sex,0.9130692855601122,0.99,False,False,True,ok
Glasser,4,kernel_ridge,"kernel_ridge[alpha=1.0,gamma_mult=0.5]",obs_FC,sex,0.9130692855601122,0.99,False,False,True,ok
Glasser,9,kernel_ridge,"kernel_ridge[alpha=1.0,gamma_mult=1.0]",obs_FC,sex,0.9127305682908626,0.99,False,False,True,ok
Glasser,5,kernel_ridge,"kernel_ridge[alpha=0.1,gamma_mult=0.5]",obs_FC,sex,0.9126315789473683,0.99,False,False,True,ok
4S456Parcels,8,bayesian_ridge,bayesian_ridge,obs_SC,sex,0.9126033495866016,0.99,False,False,True,ok
4S456Parcels,4,bayesian_ridge,bayesian_ridge,obs_FC,sex,0.9124757176775308,0.99,False,False,True,ok
4S456Parcels,2,pca_pls,pca_pls,obs_SC,sex,0.9118438037865748,0.99,False,False,True,ok
4S456Parcels,0,bayesian_ridge,bayesian_ridge,obs_FC,sex,0.9117023531905872,0.99,False,False,True,ok
Glasser,4,kernel_ridge,"kernel_ridge[alpha=1.0,gamma_mult=1.0]",obs_SC,sex,0.911504424778761,0.99,False,False,True,ok
4S456Parcels,3,kernel_ridge,"kernel_ridge[alpha=0.1,gamma_mult=1.0]",obs_SC,sex,0.9110791826309068,0.99,False,False,True,ok
Glasser,3,kernel_ridge,"kernel_ridge[alpha=0.1,gamma_mult=2.0]",obs_FC+obs_SC,sex,0.9109195402298852,0.99,False,False,True,ok
4S456Parcels,0,kernel_ridge,"kernel_ridge[alpha=0.1,gamma_mult=1.0]",obs_FC,sex,0.9105893576425694,0.99,False,False,True,ok
Glasser,0,kernel_ridge,"kernel_ridge[alpha=0.1,gamma_mult=2.0]",obs_FC+obs_SC,sex,0.910377358490566,0.99,False,False,True,ok
Glasser,4,kernel_ridge,"kernel_ridge[alpha=0.1,gamma_mult=2.0]",obs_FC,sex,0.9092380746816318,0.99,False,False,True,ok
Glasser,5,kernel_ridge,"kernel_ridge[alpha=0.1,gamma_mult=2.0]",obs_SC,sex,0.9092105263157896,0.99,False,False,True,ok
4S456Parcels,6,kernel_ridge,"kernel_ridge[alpha=0.1,gamma_mult=2.0]",obs_FC,sex,0.9091636441220396,0.99,False,False,True,ok
Glasser,0,kernel_ridge,"kernel_ridge[alpha=0.1,gamma_mult=0.5]",obs_FC,sex,0.9087873648505408,0.99,False,False,True,ok
4S456Parcels,4,kernel_ridge,"kernel_ridge[alpha=0.1,gamma_mult=0.5]",pred_FC,sex,0.9081588603496654,0.99,False,False,True,ok
4S456Parcels,7,bayesian_ridge,bayesian_ridge,obs_SC,sex,0.908157894736842,0.99,False,False,True,ok
Glasser,7,bayesian_ridge,bayesian_ridge,obs_SC,sex,0.908157894736842,0.99,False,False,True,ok
Glasser,0,pca_pls,pca_pls,pred_FC,sex,0.9078863684545262,0.99,False,False,True,ok
4S456Parcels,3,bayesian_ridge,bayesian_ridge,pred_SC,sex,0.9078863346104724,0.99,False,False,True,ok
4S456Parcels,0,kernel_ridge,"kernel_ridge[alpha=0.1,gamma_mult=1.0]",obs_SC,sex,0.9076743693025228,0.99,False,False,True,ok
4S456Parcels,4,kernel_ridge,"kernel_ridge[alpha=10.0,gamma_mult=0.5]",obs_FC,sex,0.9074573710338874,0.99,False,False,True,ok
Glasser,8,kernel_ridge,"kernel_ridge[alpha=0.1,gamma_mult=0.5]",pred_SC,sex,0.9069853720585116,0.99,False,False,True,ok
Glasser,5,bayesian_ridge,bayesian_ridge,obs_FC,sex,0.906842105263158,0.99,False,False,True,ok
4S456Parcels,6,kernel_ridge,"kernel_ridge[alpha=1.0,gamma_mult=0.5]",pred_SC,sex,0.906710049071901,0.99,False,False,True,ok
Glasser,9,kernel_ridge,"kernel_ridge[alpha=0.1,gamma_mult=1.0]",obs_SC,sex,0.9067064719053204,0.99,False,False,True,ok
Glasser,6,bayesian_ridge,bayesian_ridge,obs_SC,sex,0.9063900149349264,0.99,False,False,True,ok
Glasser,2,kernel_ridge,"kernel_ridge[alpha=10.0,gamma_mult=0.5]",obs_FC+bv+demo,sex,0.90625,0.99,False,True,False,ok
Glasser,7,kernel_ridge,"kernel_ridge[alpha=0.1,gamma_mult=2.0]",obs_FC,sex,0.9060526315789472,0.99,False,False,True,ok
4S456Parcels,8,kernel_ridge,"kernel_ridge[alpha=0.1,gamma_mult=1.0]",obs_SC,sex,0.905872376510494,0.99,False,False,True,ok
4S456Parcels,0,kernel_ridge,"kernel_ridge[alpha=0.1,gamma_mult=2.0]",obs_FC+obs_SC,sex,0.9056603773584906,0.99,False,False,True,ok
Glasser,0,kernel_ridge,"kernel_ridge[alpha=10.0,gamma_mult=1.0]",obs_SC+bv+demo,sex,0.9056603773584906,0.99,False,True,False,ok
4S456Parcels,1,bayesian_ridge,bayesian_ridge,pred_FC,sex,0.905614973262032,0.99,False,False,True,ok
4S456Parcels,2,bayesian_ridge,bayesian_ridge,obs_FC,sex,0.9056045611015492,0.99,False,False,True,ok
Glasser,9,kernel_ridge,"kernel_ridge[alpha=10.0,gamma_mult=0.5]",obs_SC,sex,0.9055869495681844,0.99,False,False,True,ok
Glasser,5,kernel_ridge,"kernel_ridge[alpha=10.0,gamma_mult=0.5]",obs_SC,sex,0.9055263157894736,0.99,False,False,True,ok
Glasser,7,kernel_ridge,"kernel_ridge[alpha=0.1,gamma_mult=2.0]",obs_SC,sex,0.9055263157894736,0.99,False,False,True,ok
4S456Parcels,9,kernel_ridge,"kernel_ridge[alpha=1.0,gamma_mult=1.0]",obs_FC,sex,0.9054803283932188,0.99,False,False,True,ok
Glasser,8,kernel_ridge,"kernel_ridge[alpha=10.0,gamma_mult=0.5]",obs_FC,sex,0.9053953784184864,0.99,False,False,True,ok
Glasser,3,kernel_ridge,"kernel_ridge[alpha=0.1,gamma_mult=1.0]",obs_SC,sex,0.9053320561941252,0.99,False,False,True,ok
4S456Parcels,5,kernel_ridge,"kernel_ridge[alpha=10.0,gamma_mult=2.0]",bv+demo,sex,0.9052631578947368,0.99,False,True,False,ok
Glasser,5,kernel_ridge,"kernel_ridge[alpha=10.0,gamma_mult=2.0]",bv+demo,sex,0.9052631578947368,0.99,False,True,False,ok
Glasser,1,kernel_ridge,"kernel_ridge[alpha=1.0,gamma_mult=0.5]",pred_SC,sex,0.9050802139037432,0.99,False,False,True,ok
4S456Parcels,4,kernel_ridge,"kernel_ridge[alpha=0.1,gamma_mult=2.0]",obs_FC,sex,0.9048132959205698,0.99,False,False,True,ok
4S456Parcels,2,kernel_ridge,"kernel_ridge[alpha=0.1,gamma_mult=1.0]",obs_SC,sex,0.9046901893287436,0.99,False,False,True,ok
4S456Parcels,1,kernel_ridge,"kernel_ridge[alpha=0.1,gamma_mult=2.0]",obs_FC,sex,0.9045454545454544,0.99,False,False,True,ok
4S456Parcels,1,kernel_ridge,"kernel_ridge[alpha=1.0,gamma_mult=2.0]",obs_FC+bv+demo,sex,0.9045454545454544,0.99,False,True,False,ok
4S456Parcels,2,kernel_ridge,"kernel_ridge[alpha=0.1,gamma_mult=0.5]",obs_SC,sex,0.90447504302926,0.99,False,False,True,ok
Glasser,8,pca_pls,pca_pls,pred_SC,sex,0.9042823828704684,0.99,False,False,True,ok
Glasser,1,kernel_ridge,"kernel_ridge[alpha=1.0,gamma_mult=0.5]",obs_SC,sex,0.9042780748663102,0.99,False,False,True,ok
4S456Parcels,3,kernel_ridge,"kernel_ridge[alpha=1.0,gamma_mult=0.5]",obs_SC,sex,0.9042145593869731,0.99,False,False,True,ok
Glasser,0,bayesian_ridge,bayesian_ridge,pred_FC,sex,0.9040703837184652,0.99,False,False,True,ok
4S456Parcels,1,kernel_ridge,"kernel_ridge[alpha=1.0,gamma_mult=0.5]",obs_SC,sex,0.9037433155080212,0.99,False,False,True,ok
Glasser,1,kernel_ridge,"kernel_ridge[alpha=0.1,gamma_mult=0.5]",pred_SC,sex,0.9037433155080212,0.99,False,False,True,ok
4S456Parcels,5,kernel_ridge,"kernel_ridge[alpha=1.0,gamma_mult=1.0]",obs_SC,sex,0.9036842105263158,0.99,False,False,True,ok
Glasser,4,bayesian_ridge,bayesian_ridge,obs_FC,sex,0.9036261601554068,0.99,False,False,True,ok
Glasser,0,kernel_ridge,"kernel_ridge[alpha=1.0,gamma_mult=0.5]",obs_FC,sex,0.9031693873224508,0.99,False,False,True,ok
4S456Parcels,6,kernel_ridge,"kernel_ridge[alpha=0.1,gamma_mult=0.5]",pred_SC,sex,0.903029656496693,0.99,False,False,True,ok
4S456Parcels,6,pca_pls,pca_pls,pred_SC,sex,0.9027096223597184,0.99,False,False,True,ok
Glasser,0,kernel_ridge,"kernel_ridge[alpha=0.1,gamma_mult=0.5]",pred_FC,sex,0.9020563917744328,0.99,False,False,True,ok
Glasser,0,kernel_ridge,"kernel_ridge[alpha=0.1,gamma_mult=1.0]",obs_FC,sex,0.9020563917744328,0.99,False,False,True,ok
Glasser,5,pca_pls,pca_pls,obs_FC,sex,0.9013157894736842,0.99,False,False,True,ok
4S456Parcels,6,kernel_ridge,"kernel_ridge[alpha=10.0,gamma_mult=2.0]",bv+demo,sex,0.9011627906976744,0.99,False,True,False,ok
Glasser,6,kernel_ridge,"kernel_ridge[alpha=10.0,gamma_mult=2.0]",bv+demo,sex,0.9011627906976744,0.99,False,True,False,ok
4S456Parcels,7,kernel_ridge,"kernel_ridge[alpha=0.1,gamma_mult=2.0]",obs_SC,sex,0.9010526315789472,0.99,False,False,True,ok
4S456Parcels,3,kernel_ridge,"kernel_ridge[alpha=0.1,gamma_mult=0.5]",pred_FC,sex,0.9007024265644955,0.99,False,False,True,ok
Glasser,9,kernel_ridge,"kernel_ridge[alpha=0.1,gamma_mult=0.5]",obs_SC,sex,0.9006823755197781,0.99,False,False,True,ok
4S456Parcels,7,kernel_ridge,"kernel_ridge[alpha=1.0,gamma_mult=2.0]",obs_SC,sex,0.9002631578947369,0.99,False,False,True,ok
4S456Parcels,8,kernel_ridge,"kernel_ridge[alpha=1.0,gamma_mult=0.5]",obs_SC,sex,0.9002543989824041,0.99,False,False,True,ok
Glasser,0,kernel_ridge,"kernel_ridge[alpha=1.0,gamma_mult=1.0]",obs_SC,sex,0.9000423998304007,0.99,False,False,True,ok
4S456Parcels,5,kernel_ridge,"kernel_ridge[alpha=10.0,gamma_mult=0.5]",obs_FC,sex,0.9,0.99,False,False,True,ok
Glasser,6,kernel_ridge,"kernel_ridge[alpha=0.1,gamma_mult=2.0]",obs_FC,sex,0.8999893321954342,0.99,False,False,True,ok
Glasser,6,kernel_ridge,"kernel_ridge[alpha=0.1,gamma_mult=0.5]",obs_SC,sex,0.8996692980584595,0.99,False,False,True,ok
4S456Parcels,0,pca_pls,pca_pls,pred_SC,sex,0.8995654017383931,0.99,False,False,True,ok
Glasser,8,kernel_ridge,"kernel_ridge[alpha=1.0,gamma_mult=0.5]",obs_SC,sex,0.8993534025863896,0.99,False,False,True,ok
Glasser,4,kernel_ridge,"kernel_ridge[alpha=0.1,gamma_mult=0.5]",pred_FC,sex,0.8993093028275415,0.99,False,False,True,ok
4S456Parcels,7,bayesian_ridge,bayesian_ridge,pred_SC,sex,0.8989473684210526,0.99,False,False,True,ok
4S456Parcels,9,pca_pls,pca_pls,pred_FC,sex,0.8987098837829193,0.99,False,False,True,ok
Glasser,8,kernel_ridge,"kernel_ridge[alpha=1.0,gamma_mult=0.5]",pred_SC,sex,0.8984524061903753,0.99,False,False,True,ok
Glasser,5,kernel_ridge,"kernel_ridge[alpha=1.0,gamma_mult=1.0]",obs_FC,sex,0.898421052631579,0.99,False,False,True,ok
4S456Parcels,1,pca_pls,pca_pls,pred_FC,sex,0.8983957219251337,0.99,False,False,True,ok
Glasser,1,bayesian_ridge,bayesian_ridge,pred_SC,sex,0.8983957219251337,0.99,False,False,True,ok
4S456Parcels,3,kernel_ridge,"kernel_ridge[alpha=1.0,gamma_mult=0.5]",pred_FC,sex,0.8983077905491699,0.99,False,False,True,ok
4S456Parcels,7,kernel_ridge,"kernel_ridge[alpha=1.0,gamma_mult=0.5]",pred_SC,sex,0.898157894736842,0.99,False,False,True,ok
4S456Parcels,3,kernel_ridge,"kernel_ridge[alpha=10.0,gamma_mult=1.0]",obs_FC+bv+demo,sex,0.8981481481481481,0.99,False,True,False,ok
4S456Parcels,9,kernel_ridge,"kernel_ridge[alpha=1.0,gamma_mult=1.0]",obs_SC,sex,0.8978569143831965,0.99,False,False,True,ok
Glasser,5,kernel_ridge,"kernel_ridge[alpha=0.1,gamma_mult=1.0]",obs_FC,sex,0.8976315789473684,0.99,False,False,True,ok
Glasser,8,bayesian_ridge,bayesian_ridge,obs_SC,sex,0.8975514097943609,0.99,False,False,True,ok
4S456Parcels,8,kernel_ridge,"kernel_ridge[alpha=10.0,gamma_mult=0.5]",obs_SC,sex,0.8973394106423574,0.99,False,False,True,ok
4S456Parcels,0,kernel_ridge,"kernel_ridge[alpha=0.1,gamma_mult=0.5]",pred_FC,sex,0.8964384142463431,0.99,False,False,True,ok
Glasser,8,kernel_ridge,"kernel_ridge[alpha=0.1,gamma_mult=1.0]",obs_SC,sex,0.8964384142463431,0.99,False,False,True,ok
Glasser,9,kernel_ridge,"kernel_ridge[alpha=1.0,gamma_mult=0.5]",obs_SC,sex,0.8962575967587163,0.99,False,False,True,ok
Glasser,1,kernel_ridge,"kernel_ridge[alpha=0.1,gamma_mult=1.0]",pred_SC,sex,0.8959893048128342,0.99,False,False,True,ok
Glasser,8,kernel_ridge,"kernel_ridge[alpha=10.0,gamma_mult=0.5]",obs_SC,sex,0.8955374178503286,0.99,False,False,True,ok
Glasser,1,kernel_ridge,"kernel_ridge[alpha=0.1,gamma_mult=2.0]",obs_FC,sex,0.8954545454545455,0.99,False,False,True,ok
4S456Parcels,6,kernel_ridge,"kernel_ridge[alpha=0.1,gamma_mult=2.0]",obs_SC,sex,0.8954021762321315,0.99,False,False,True,ok
4S456Parcels,3,kernel_ridge,"kernel_ridge[alpha=0.1,gamma_mult=1.0]",pred_FC,sex,0.8947956577266922,0.99,False,False,True,ok
4S456Parcels,7,kernel_ridge,"kernel_ridge[alpha=10.0,gamma_mult=1.0]",obs_FC+obs_SC,sex,0.8947368421052632,0.99,False,False,True,ok
Glasser,7,bayesian_ridge,bayesian_ridge,pred_SC,sex,0.8947368421052632,0.99,False,False,True,ok
Glasser,7,kernel_ridge,"kernel_ridge[alpha=1.0,gamma_mult=2.0]",obs_FC+obs_SC,sex,0.8947368421052632,0.99,False,False,True,ok
4S456Parcels,1,kernel_ridge,"kernel_ridge[alpha=0.1,gamma_mult=0.5]",pred_SC,sex,0.8946524064171122,0.99,False,False,True,ok
4S456Parcels,1,kernel_ridge,"kernel_ridge[alpha=0.1,gamma_mult=1.0]",obs_SC,sex,0.8946524064171122,0.99,False,False,True,ok
Glasser,8,kernel_ridge,"kernel_ridge[alpha=0.1,gamma_mult=1.0]",pred_SC,sex,0.8946364214543142,0.99,False,False,True,ok
4S456Parcels,0,kernel_ridge,"kernel_ridge[alpha=1.0,gamma_mult=1.0]",obs_SC,sex,0.8944244223023108,0.99,False,False,True,ok
Glasser,0,kernel_ridge,"kernel_ridge[alpha=1.0,gamma_mult=1.0]",obs_FC,sex,0.8944244223023108,0.99,False,False,True,ok
4S456Parcels,6,kernel_ridge,"kernel_ridge[alpha=0.1,gamma_mult=1.0]",pred_SC,sex,0.8941753787070621,0.99,False,False,True,ok
4S456Parcels,0,kernel_ridge,"kernel_ridge[alpha=0.1,gamma_mult=0.5]",pred_SC,sex,0.8937354250582998,0.99,False,False,True,ok
4S456Parcels,8,kernel_ridge,"kernel_ridge[alpha=0.1,gamma_mult=0.5]",obs_SC,sex,0.8937354250582998,0.99,False,False,True,ok
4S456Parcels,4,kernel_ridge,"kernel_ridge[alpha=0.1,gamma_mult=0.5]",pred_SC,sex,0.8936973883013166,0.99,False,False,True,ok
Glasser,4,pca_pls,pca_pls,obs_FC,sex,0.8931038204187352,0.99,False,False,True,ok
4S456Parcels,7,kernel_ridge,"kernel_ridge[alpha=0.1,gamma_mult=0.5]",pred_SC,sex,0.8928947368421052,0.99,False,False,True,ok
4S456Parcels,9,bayesian_ridge,bayesian_ridge,pred_FC,sex,0.892685787397377,0.99,False,False,True,ok
4S456Parcels,2,pca_pls,pca_pls,obs_FC,sex,0.8922117039586919,0.99,False,False,True,ok
4S456Parcels,9,kernel_ridge,"kernel_ridge[alpha=0.1,gamma_mult=2.0]",obs_FC,sex,0.892205992110033,0.99,False,False,True,ok
4S456Parcels,0,bayesian_ridge,bayesian_ridge,pred_SC,sex,0.8919334322662709,0.99,False,False,True,ok
4S456Parcels,7,kernel_ridge,"kernel_ridge[alpha=0.1,gamma_mult=0.5]",pred_FC,sex,0.891578947368421,0.99,False,False,True,ok
4S456Parcels,7,kernel_ridge,"kernel_ridge[alpha=1.0,gamma_mult=0.5]",pred_FC,sex,0.891578947368421,0.99,False,False,True,ok
4S456Parcels,2,kernel_ridge,"kernel_ridge[alpha=1.0,gamma_mult=0.5]",obs_FC,sex,0.8910821858864028,0.99,False,False,True,ok
4S456Parcels,7,kernel_ridge,"kernel_ridge[alpha=0.1,gamma_mult=1.0]",pred_FC,sex,0.8910526315789473,0.99,False,False,True,ok
Glasser,0,bayesian_ridge,bayesian_ridge,obs_FC,sex,0.8910324358702566,0.99,False,False,True,ok
4S456Parcels,0,kernel_ridge,"kernel_ridge[alpha=1.0,gamma_mult=0.5]",pred_SC,sex,0.8908204367182531,0.99,False,False,True,ok
4S456Parcels,8,kernel_ridge,"kernel_ridge[alpha=1.0,gamma_mult=2.0]",obs_FC,sex,0.8906084375662497,0.99,False,False,True,ok
Glasser,8,kernel_ridge,"kernel_ridge[alpha=1.0,gamma_mult=2.0]",obs_FC,sex,0.8906084375662497,0.99,False,False,True,ok
Glasser,9,kernel_ridge,"kernel_ridge[alpha=0.1,gamma_mult=2.0]",obs_FC,sex,0.8906066744855529,0.99,False,False,True,ok
Glasser,9,kernel_ridge,"kernel_ridge[alpha=10.0,gamma_mult=0.5]",obs_FC,sex,0.8903401215481395,0.99,False,False,True,ok
4S456Parcels,6,kernel_ridge,"kernel_ridge[alpha=10.0,gamma_mult=0.5]",obs_SC,sex,0.8901749519948794,0.99,False,False,True,ok
4S456Parcels,7,kernel_ridge,"kernel_ridge[alpha=10.0,gamma_mult=1.0]",obs_SC,sex,0.89,0.99,False,False,True,ok
4S456Parcels,2,kernel_ridge,"kernel_ridge[alpha=1.0,gamma_mult=0.5]",obs_SC,sex,0.8897375215146299,0.99,False,False,True,ok
4S456Parcels,7,kernel_ridge,"kernel_ridge[alpha=0.1,gamma_mult=2.0]",obs_FC,sex,0.8897368421052632,0.99,False,False,True,ok
Glasser,1,pca_pls,pca_pls,pred_SC,sex,0.8893048128342246,0.99,False,False,True,ok
Glasser,6,kernel_ridge,"kernel_ridge[alpha=0.1,gamma_mult=0.5]",pred_FC,sex,0.8892681886067847,0.99,False,False,True,ok
Glasser,7,pca_pls,pca_pls,pred_SC,sex,0.8892105263157895,0.99,False,False,True,ok
Glasser,9,kernel_ridge,"kernel_ridge[alpha=1.0,gamma_mult=1.0]",obs_SC,sex,0.8890073568610726,0.99,False,False,True,ok
4S456Parcels,6,pca_pls,pca_pls,pred_FC,sex,0.8889481544698101,0.99,False,False,True,ok
Glasser,0,kernel_ridge,"kernel_ridge[alpha=1.0,gamma_mult=0.5]",pred_FC,sex,0.888806444774221,0.99,False,False,True,ok
Glasser,5,kernel_ridge,"kernel_ridge[alpha=0.1,gamma_mult=2.0]",obs_FC,sex,0.8886842105263157,0.99,False,False,True,ok
4S456Parcels,3,pca_pls,pca_pls,pred_SC,sex,0.888250319284802,0.99,False,False,True,ok
4S456Parcels,1,kernel_ridge,"kernel_ridge[alpha=1.0,gamma_mult=0.5]",pred_SC,sex,0.888235294117647,0.99,False,False,True,ok
4S456Parcels,4,kernel_ridge,"kernel_ridge[alpha=1.0,gamma_mult=0.5]",pred_FC,sex,0.8877077487589036,0.99,False,False,True,ok
Glasser,4,kernel_ridge,"kernel_ridge[alpha=1.0,gamma_mult=0.5]",pred_FC,sex,0.8877077487589036,0.99,False,False,True,ok
Glasser,1,kernel_ridge,"kernel_ridge[alpha=0.1,gamma_mult=1.0]",obs_SC,sex,0.8874331550802139,0.99,False,False,True,ok
4S456Parcels,7,bayesian_ridge,bayesian_ridge,pred_FC,sex,0.8873684210526316,0.99,False,False,True,ok
4S456Parcels,4,bayesian_ridge,bayesian_ridge,pred_SC,sex,0.8870062594431254,0.99,False,False,True,ok
4S456Parcels,0,kernel_ridge,"kernel_ridge[alpha=1.0,gamma_mult=1.0]",obs_FC,sex,0.887004451982192,0.99,False,False,True,ok
Glasser,3,kernel_ridge,"kernel_ridge[alpha=0.1,gamma_mult=0.5]",obs_SC,sex,0.8869731800766283,0.99,False,False,True,ok
4S456Parcels,1,kernel_ridge,"kernel_ridge[alpha=0.1,gamma_mult=0.5]",pred_FC,sex,0.8868983957219252,0.99,False,False,True,ok
4S456Parcels,5,pca_pls,pca_pls,pred_FC,sex,0.8868421052631579,0.99,False,False,True,ok
Glasser,7,kernel_ridge,"kernel_ridge[alpha=10.0,gamma_mult=1.0]",obs_FC,sex,0.8868421052631579,0.99,False,False,True,ok
4S456Parcels,9,bayesian_ridge,bayesian_ridge,pred_SC,sex,0.8866616910118349,0.99,False,False,True,ok
4S456Parcels,3,kernel_ridge,"kernel_ridge[alpha=0.1,gamma_mult=2.0]",obs_SC,sex,0.8866538952745849,0.99,False,False,True,ok
4S456Parcels,5,kernel_ridge,"kernel_ridge[alpha=0.1,gamma_mult=0.5]",pred_SC,sex,0.8865789473684211,0.99,False,False,True,ok
4S456Parcels,2,kernel_ridge,"kernel_ridge[alpha=0.1,gamma_mult=0.5]",obs_FC,sex,0.8864027538726333,0.99,False,False,True,ok
Glasser,6,kernel_ridge,"kernel_ridge[alpha=0.1,gamma_mult=1.0]",obs_SC,sex,0.8859078301685512,0.99,False,False,True,ok
4S456Parcels,5,pca_pls,pca_pls,pred_SC,sex,0.8857894736842105,0.99,False,False,True,ok
4S456Parcels,6,bayesian_ridge,bayesian_ridge,pred_FC,sex,0.8855877960315768,0.99,False,False,True,ok
4S456Parcels,5,bayesian_ridge,bayesian_ridge,pred_SC,sex,0.8855263157894737,0.99,False,False,True,ok
4S456Parcels,8,kernel_ridge,"kernel_ridge[alpha=0.1,gamma_mult=0.5]",pred_FC,sex,0.8852024591901633,0.99,False,False,True,ok
4S456Parcels,3,kernel_ridge,"kernel_ridge[alpha=10.0,gamma_mult=0.5]",obs_FC+obs_SC,sex,0.8850574712643677,0.99,False,False,True,ok
4S456Parcels,5,kernel_ridge,"kernel_ridge[alpha=1.0,gamma_mult=2.0]",obs_FC+obs_SC,sex,0.885,0.99,False,False,True,ok
4S456Parcels,8,kernel_ridge,"kernel_ridge[alpha=1.0,gamma_mult=1.0]",obs_SC,sex,0.8849904600381598,0.99,False,False,True,ok
Glasser,0,kernel_ridge,"kernel_ridge[alpha=0.1,gamma_mult=2.0]",obs_FC,sex,0.8849904600381598,0.99,False,False,True,ok
4S456Parcels,3,pca_pls,pca_pls,pred_FC,sex,0.8847381864623244,0.99,False,False,True,ok
4S456Parcels,3,bayesian_ridge,bayesian_ridge,pred_FC,sex,0.8847381864623244,0.99,False,False,True,ok
Glasser,3,bayesian_ridge,bayesian_ridge,obs_SC,sex,0.8847381864623244,0.99,False,False,True,ok
4S456Parcels,6,kernel_ridge,"kernel_ridge[alpha=0.1,gamma_mult=0.5]",pred_FC,sex,0.884681032643482,0.99,False,False,True,ok
4S456Parcels,9,kernel_ridge,"kernel_ridge[alpha=0.1,gamma_mult=1.0]",pred_SC,sex,0.8845825781000107,0.99,False,False,True,ok
Glasser,5,kernel_ridge,"kernel_ridge[alpha=1.0,gamma_mult=2.0]",obs_SC,sex,0.8844736842105263,0.99,False,False,True,ok
4S456Parcels,5,kernel_ridge,"kernel_ridge[alpha=0.1,gamma_mult=1.0]",pred_FC,sex,0.8842105263157896,0.99,False,False,True,ok
4S456Parcels,7,kernel_ridge,"kernel_ridge[alpha=1.0,gamma_mult=2.0]",obs_FC+obs_SC,sex,0.8842105263157894,0.99,False,False,True,ok
4S456Parcels,0,kernel_ridge,"kernel_ridge[alpha=0.1,gamma_mult=2.0]",obs_FC,sex,0.8840894636421455,0.99,False,False,True,ok
4S456Parcels,2,kernel_ridge,"kernel_ridge[alpha=0.1,gamma_mult=2.0]",obs_SC,sex,0.8839285714285714,0.99,False,False,True,ok
4S456Parcels,2,kernel_ridge,"kernel_ridge[alpha=1.0,gamma_mult=2.0]",obs_FC+bv+demo,sex,0.8839285714285714,0.99,False,True,False,ok
4S456Parcels,1,kernel_ridge,"kernel_ridge[alpha=0.1,gamma_mult=1.0]",pred_SC,sex,0.8836898395721925,0.99,False,False,True,ok
Glasser,6,kernel_ridge,"kernel_ridge[alpha=1.0,gamma_mult=0.5]",obs_SC,sex,0.8834542351184127,0.99,False,False,True,ok
4S456Parcels,5,kernel_ridge,"kernel_ridge[alpha=0.1,gamma_mult=1.0]",pred_SC,sex,0.8834210526315789,0.99,False,False,True,ok
Glasser,7,kernel_ridge,"kernel_ridge[alpha=1.0,gamma_mult=0.5]",pred_SC,sex,0.8834210526315789,0.99,False,False,True,ok
Glasser,3,kernel_ridge,"kernel_ridge[alpha=1.0,gamma_mult=1.0]",obs_SC,sex,0.8833014048531289,0.99,False,False,True,ok
4S456Parcels,0,kernel_ridge,"kernel_ridge[alpha=1.0,gamma_mult=0.5]",pred_FC,sex,0.883188467246131,0.99,False,False,True,ok
4S456Parcels,9,kernel_ridge,"kernel_ridge[alpha=1.0,gamma_mult=0.5]",pred_SC,sex,0.8829832604755304,0.99,False,False,True,ok
Glasser,2,kernel_ridge,"kernel_ridge[alpha=1.0,gamma_mult=1.0]",obs_FC+obs_SC,sex,0.882368760757315,0.99,False,False,True,ok
4S456Parcels,5,kernel_ridge,"kernel_ridge[alpha=0.1,gamma_mult=0.5]",pred_FC,sex,0.8823684210526316,0.99,False,False,True,ok
4S456Parcels,3,kernel_ridge,"kernel_ridge[alpha=0.1,gamma_mult=0.5]",pred_SC,sex,0.8823435504469987,0.99,False,False,True,ok
4S456Parcels,2,kernel_ridge,"kernel_ridge[alpha=0.1,gamma_mult=1.0]",obs_FC,sex,0.8821536144578312,0.99,False,False,True,ok
4S456Parcels,5,kernel_ridge,"kernel_ridge[alpha=1.0,gamma_mult=0.5]",pred_SC,sex,0.8821052631578947,0.99,False,False,True,ok
4S456Parcels,9,kernel_ridge,"kernel_ridge[alpha=0.1,gamma_mult=2.0]",obs_SC,sex,0.881757116963429,0.99,False,False,True,ok
4S456Parcels,5,bayesian_ridge,bayesian_ridge,pred_FC,sex,0.8813157894736843,0.99,False,False,True,ok
Glasser,1,kernel_ridge,"kernel_ridge[alpha=10.0,gamma_mult=0.5]",obs_SC,sex,0.8807486631016043,0.99,False,False,True,ok
Glasser,4,kernel_ridge,"kernel_ridge[alpha=0.1,gamma_mult=1.0]",pred_FC,sex,0.8805309734513274,0.99,False,False,True,ok
Glasser,4,kernel_ridge,"kernel_ridge[alpha=0.1,gamma_mult=2.0]",obs_SC,sex,0.8805309734513274,0.99,False,False,True,ok
Glasser,9,kernel_ridge,"kernel_ridge[alpha=10.0,gamma_mult=1.0]",obs_SC+bv+demo,sex,0.8805309734513274,0.99,False,True,False,ok
4S456Parcels,3,kernel_ridge,"kernel_ridge[alpha=10.0,gamma_mult=0.5]",pred_SC,sex,0.879948914431673,0.99,False,False,True,ok
4S456Parcels,9,kernel_ridge,"kernel_ridge[alpha=0.1,gamma_mult=0.5]",pred_SC,sex,0.87978462522657,0.99,False,False,True,ok
Glasser,8,bayesian_ridge,bayesian_ridge,pred_FC,sex,0.8795844816620734,0.99,False,False,True,ok
Glasser,7,kernel_ridge,"kernel_ridge[alpha=1.0,gamma_mult=2.0]",obs_FC,sex,0.8794736842105263,0.99,False,False,True,ok
Glasser,0,kernel_ridge,"kernel_ridge[alpha=0.1,gamma_mult=1.0]",pred_FC,sex,0.8793724825100699,0.99,False,False,True,ok
Glasser,6,kernel_ridge,"kernel_ridge[alpha=1.0,gamma_mult=1.0]",obs_SC,sex,0.8791871132920845,0.99,False,False,True,ok
Glasser,3,bayesian_ridge,bayesian_ridge,pred_SC,sex,0.8791507024265646,0.99,False,False,True,ok
4S456Parcels,7,kernel_ridge,"kernel_ridge[alpha=10.0,gamma_mult=0.5]",pred_FC,sex,0.878421052631579,0.99,False,False,True,ok
4S456Parcels,0,kernel_ridge,"kernel_ridge[alpha=10.0,gamma_mult=0.5]",obs_FC,sex,0.8782064871740514,0.99,False,False,True,ok
4S456Parcels,2,kernel_ridge,"kernel_ridge[alpha=1.0,gamma_mult=1.0]",obs_SC,sex,0.8779044750430293,0.99,False,False,True,ok
Glasser,8,kernel_ridge,"kernel_ridge[alpha=0.1,gamma_mult=0.5]",obs_SC,sex,0.8777824888700445,0.99,False,False,True,ok
Glasser,7,kernel_ridge,"kernel_ridge[alpha=0.1,gamma_mult=0.5]",pred_SC,sex,0.8776315789473684,0.99,False,False,True,ok
Glasser,8,kernel_ridge,"kernel_ridge[alpha=1.0,gamma_mult=1.0]",obs_SC,sex,0.8775704897180412,0.99,False,False,True,ok
4S456Parcels,3,kernel_ridge,"kernel_ridge[alpha=10.0,gamma_mult=0.5]",pred_FC,sex,0.8773946360153257,0.99,False,False,True,ok
Glasser,9,kernel_ridge,"kernel_ridge[alpha=0.1,gamma_mult=2.0]",obs_SC,sex,0.877332338202367,0.99,False,False,True,ok
Glasser,6,pca_pls,pca_pls,pred_SC,sex,0.8773202474930659,0.99,False,False,True,ok
Glasser,2,kernel_ridge,"kernel_ridge[alpha=1.0,gamma_mult=0.5]",obs_FC,sex,0.8772590361445782,0.99,False,False,True,ok
Glasser,0,kernel_ridge,"kernel_ridge[alpha=0.1,gamma_mult=2.0]",obs_SC,sex,0.8764574941700234,0.99,False,False,True,ok
Glasser,0,bayesian_ridge,bayesian_ridge,pred_SC,sex,0.8759804960780158,0.99,False,False,True,ok
Glasser,8,pca_pls,pca_pls,obs_SC,sex,0.8759804960780158,0.99,False,False,True,ok
4S456Parcels,0,kernel_ridge,"kernel_ridge[alpha=0.1,gamma_mult=2.0]",obs_SC,sex,0.8755564977740089,0.99,False,False,True,ok
Glasser,3,kernel_ridge,"kernel_ridge[alpha=1.0,gamma_mult=0.5]",obs_SC,sex,0.8754789272030651,0.99,False,False,True,ok
4S456Parcels,3,kernel_ridge,"kernel_ridge[alpha=0.1,gamma_mult=1.0]",pred_SC,sex,0.8753192848020435,0.99,False,False,True,ok
Glasser,3,kernel_ridge,"kernel_ridge[alpha=0.1,gamma_mult=2.0]",obs_SC,sex,0.8751596424010217,0.99,False,False,True,ok
Glasser,3,kernel_ridge,"kernel_ridge[alpha=1.0,gamma_mult=2.0]",obs_FC+obs_SC,sex,0.875,0.99,False,False,True,ok
4S456Parcels,4,kernel_ridge,"kernel_ridge[alpha=0.1,gamma_mult=1.0]",pred_FC,sex,0.8744334124757176,0.99,False,False,True,ok
Glasser,2,kernel_ridge,"kernel_ridge[alpha=0.1,gamma_mult=1.0]",obs_FC,sex,0.8743545611015491,0.99,False,False,True,ok
Glasser,6,bayesian_ridge,bayesian_ridge,pred_FC,sex,0.8739598890548326,0.99,False,False,True,ok
Glasser,6,kernel_ridge,"kernel_ridge[alpha=0.1,gamma_mult=0.5]",pred_SC,sex,0.8739598890548326,0.99,False,False,True,ok
4S456Parcels,5,kernel_ridge,"kernel_ridge[alpha=0.1,gamma_mult=2.0]",obs_FC,sex,0.8739473684210526,0.99,False,False,True,ok
Glasser,7,kernel_ridge,"kernel_ridge[alpha=1.0,gamma_mult=2.0]",obs_SC,sex,0.8739473684210526,0.99,False,False,True,ok
4S456Parcels,1,kernel_ridge,"kernel_ridge[alpha=10.0,gamma_mult=0.5]",obs_SC,sex,0.8737967914438503,0.99,False,False,True,ok
Glasser,2,kernel_ridge,"kernel_ridge[alpha=0.1,gamma_mult=2.0]",obs_FC+obs_SC,sex,0.8734401893287436,0.99,False,False,True,ok
Glasser,9,bayesian_ridge,bayesian_ridge,pred_FC,sex,0.873387354728649,0.99,False,False,True,ok
4S456Parcels,1,kernel_ridge,"kernel_ridge[alpha=1.0,gamma_mult=1.0]",obs_SC,sex,0.8732620320855615,0.99,False,False,True,ok
4S456Parcels,3,kernel_ridge,"kernel_ridge[alpha=1.0,gamma_mult=0.5]",pred_SC,sex,0.8730842911877394,0.99,False,False,True,ok
Glasser,0,kernel_ridge,"kernel_ridge[alpha=0.1,gamma_mult=0.5]",pred_SC,sex,0.873065507737969,0.99,False,False,True,ok
4S456Parcels,0,kernel_ridge,"kernel_ridge[alpha=0.1,gamma_mult=1.0]",pred_SC,sex,0.8728535085859657,0.99,False,False,True,ok
4S456Parcels,8,kernel_ridge,"kernel_ridge[alpha=1.0,gamma_mult=2.0]",obs_FC+obs_SC,sex,0.8726415094339622,0.99,False,False,True,ok
Glasser,5,kernel_ridge,"kernel_ridge[alpha=0.1,gamma_mult=0.5]",pred_FC,sex,0.871842105263158,0.99,False,False,True,ok
4S456Parcels,4,kernel_ridge,"kernel_ridge[alpha=1.0,gamma_mult=2.0]",obs_FC+obs_SC,sex,0.8716814159292036,0.99,False,False,True,ok
4S456Parcels,8,kernel_ridge,"kernel_ridge[alpha=1.0,gamma_mult=1.0]",pred_SC,sex,0.8708395166419334,0.99,False,False,True,ok
4S456Parcels,8,kernel_ridge,"kernel_ridge[alpha=0.1,gamma_mult=2.0]",obs_SC,sex,0.8708395166419334,0.99,False,False,True,ok
Glasser,0,pca_pls,pca_pls,pred_SC,sex,0.8703625185499257,0.99,False,False,True,ok
Glasser,6,bayesian_ridge,bayesian_ridge,pred_SC,sex,0.8702794964796245,0.99,False,False,True,ok
Glasser,6,kernel_ridge,"kernel_ridge[alpha=10.0,gamma_mult=0.5]",obs_SC,sex,0.8702794964796245,0.99,False,False,True,ok
Glasser,3,pca_pls,pca_pls,obs_SC,sex,0.8697318007662835,0.99,False,False,True,ok
Glasser,7,kernel_ridge,"kernel_ridge[alpha=10.0,gamma_mult=1.0]",obs_SC,sex,0.8694736842105263,0.99,False,False,True,ok
Glasser,9,pca_pls,pca_pls,pred_FC,sex,0.8689625759675872,0.99,False,False,True,ok
4S456Parcels,7,kernel_ridge,"kernel_ridge[alpha=1.0,gamma_mult=1.0]",pred_FC,sex,0.8689473684210527,0.99,False,False,True,ok
Glasser,3,bayesian_ridge,bayesian_ridge,pred_FC,sex,0.8686143039591315,0.99,False,False,True,ok
4S456Parcels,2,kernel_ridge,"kernel_ridge[alpha=0.1,gamma_mult=0.5]",pred_FC,sex,0.8685456110154905,0.99,False,False,True,ok
4S456Parcels,2,bayesian_ridge,bayesian_ridge,pred_FC,sex,0.8683304647160068,0.99,False,False,True,ok
Glasser,1,kernel_ridge,"kernel_ridge[alpha=1.0,gamma_mult=2.0]",obs_FC,sex,0.8681818181818182,0.99,False,False,True,ok
4S456Parcels,3,kernel_ridge,"kernel_ridge[alpha=1.0,gamma_mult=1.0]",pred_FC,sex,0.8681353767560664,0.99,False,False,True,ok
Glasser,0,kernel_ridge,"kernel_ridge[alpha=10.0,gamma_mult=1.0]",obs_FC+bv+demo,sex,0.8679245283018868,0.99,False,True,False,ok
Glasser,8,kernel_ridge,"kernel_ridge[alpha=1.0,gamma_mult=2.0]",obs_FC+obs_SC,sex,0.8679245283018868,0.99,False,False,True,ok
4S456Parcels,5,kernel_ridge,"kernel_ridge[alpha=1.0,gamma_mult=0.5]",pred_FC,sex,0.8678947368421053,0.99,False,False,True,ok
4S456Parcels,4,kernel_ridge,"kernel_ridge[alpha=1.0,gamma_mult=0.5]",pred_SC,sex,0.8677422836175264,0.99,False,False,True,ok
Glasser,6,kernel_ridge,"kernel_ridge[alpha=1.0,gamma_mult=0.5]",pred_FC,sex,0.8675592063153403,0.99,False,False,True,ok
Glasser,4,kernel_ridge,"kernel_ridge[alpha=1.0,gamma_mult=2.0]",obs_FC+obs_SC,sex,0.8672566371681416,0.99,False,False,True,ok
Glasser,7,bayesian_ridge,bayesian_ridge,pred_FC,sex,0.8671052631578947,0.99,False,False,True,ok
4S456Parcels,6,kernel_ridge,"kernel_ridge[alpha=1.0,gamma_mult=2.0]",obs_FC+obs_SC,sex,0.8669724770642202,0.99,False,False,True,ok
Glasser,6,kernel_ridge,"kernel_ridge[alpha=10.0,gamma_mult=1.0]",obs_FC+bv+demo,sex,0.8669724770642202,0.99,False,True,False,ok
Glasser,6,kernel_ridge,"kernel_ridge[alpha=10.0,gamma_mult=1.0]",obs_SC+bv+demo,sex,0.8669724770642202,0.99,False,True,False,ok
Glasser,2,kernel_ridge,"kernel_ridge[alpha=0.1,gamma_mult=0.5]",obs_FC,sex,0.8665555077452668,0.99,False,False,True,ok
Glasser,0,kernel_ridge,"kernel_ridge[alpha=10.0,gamma_mult=0.5]",pred_SC,sex,0.8663345346618614,0.99,False,False,True,ok
4S456Parcels,3,kernel_ridge,"kernel_ridge[alpha=10.0,gamma_mult=1.0]",obs_SC+bv+demo,sex,0.8657407407407407,0.99,False,True,False,ok
4S456Parcels,3,kernel_ridge,"kernel_ridge[alpha=1.0,gamma_mult=2.0]",obs_FC+obs_SC,sex,0.8657407407407407,0.99,False,False,True,ok
Glasser,0,kernel_ridge,"kernel_ridge[alpha=1.0,gamma_mult=0.5]",pred_SC,sex,0.8654335382658469,0.99,False,False,True,ok
Glasser,5,pca_pls,pca_pls,pred_FC,sex,0.8652631578947368,0.99,False,False,True,ok
Glasser,2,pca_pls,pca_pls,obs_FC,sex,0.8649956970740103,0.99,False,False,True,ok
Glasser,2,bayesian_ridge,bayesian_ridge,obs_FC,sex,0.8649956970740103,0.99,False,False,True,ok
Glasser,9,bayesian_ridge,bayesian_ridge,pred_SC,sex,0.8645377972065251,0.99,False,False,True,ok
4S456Parcels,0,kernel_ridge,"kernel_ridge[alpha=0.1,gamma_mult=1.0]",pred_FC,sex,0.8643205427178291,0.99,False,False,True,ok
4S456Parcels,6,kernel_ridge,"kernel_ridge[alpha=1.0,gamma_mult=0.5]",pred_FC,sex,0.8641988478771069,0.99,False,False,True,ok
Glasser,6,kernel_ridge,"kernel_ridge[alpha=10.0,gamma_mult=0.5]",obs_FC,sex,0.8641455088542778,0.99,False,False,True,ok
4S456Parcels,8,bayesian_ridge,bayesian_ridge,pred_FC,sex,0.8638435446258215,0.99,False,False,True,ok
Glasser,3,kernel_ridge,"kernel_ridge[alpha=0.1,gamma_mult=0.5]",pred_FC,sex,0.8638250319284801,0.99,False,False,True,ok
Glasser,1,kernel_ridge,"kernel_ridge[alpha=1.0,gamma_mult=2.0]",obs_FC+obs_SC,sex,0.8636363636363636,0.99,False,False,True,ok
Glasser,3,kernel_ridge,"kernel_ridge[alpha=1.0,gamma_mult=2.0]",obs_SC,sex,0.8635057471264368,0.99,False,False,True,ok
4S456Parcels,0,kernel_ridge,"kernel_ridge[alpha=1.0,gamma_mult=2.0]",obs_FC+obs_SC,sex,0.8632075471698113,0.99,False,False,True,ok
Glasser,0,kernel_ridge,"kernel_ridge[alpha=1.0,gamma_mult=2.0]",obs_FC+obs_SC,sex,0.8632075471698113,0.99,False,False,True,ok
Glasser,7,kernel_ridge,"kernel_ridge[alpha=10.0,gamma_mult=0.5]",pred_FC,sex,0.8631578947368421,0.99,False,False,True,ok
4S456Parcels,2,kernel_ridge,"kernel_ridge[alpha=1.0,gamma_mult=1.0]",obs_FC,sex,0.8629518072289157,0.99,False,False,True,ok
4S456Parcels,9,kernel_ridge,"kernel_ridge[alpha=1.0,gamma_mult=2.0]",obs_FC,sex,0.8628318584070797,0.99,False,False,True,ok
Glasser,9,kernel_ridge,"kernel_ridge[alpha=1.0,gamma_mult=2.0]",obs_FC+obs_SC,sex,0.8628318584070797,0.99,False,False,True,ok
Glasser,5,kernel_ridge,"kernel_ridge[alpha=1.0,gamma_mult=0.5]",pred_FC,sex,0.8626315789473684,0.99,False,False,True,ok
4S456Parcels,8,kernel_ridge,"kernel_ridge[alpha=0.1,gamma_mult=1.0]",pred_FC,sex,0.8625185499258003,0.99,False,False,True,ok
Glasser,0,kernel_ridge,"kernel_ridge[alpha=0.1,gamma_mult=1.0]",pred_SC,sex,0.8625185499258003,0.99,False,False,True,ok
Glasser,3,kernel_ridge,"kernel_ridge[alpha=1.0,gamma_mult=2.0]",obs_FC,sex,0.8623882503192848,0.99,False,False,True,ok
Glasser,4,kernel_ridge,"kernel_ridge[alpha=10.0,gamma_mult=0.5]",obs_FC,sex,0.8620224476581049,0.99,False,False,True,ok
4S456Parcels,8,kernel_ridge,"kernel_ridge[alpha=1.0,gamma_mult=0.5]",pred_FC,sex,0.8616175535297859,0.99,False,False,True,ok
Glasser,6,kernel_ridge,"kernel_ridge[alpha=1.0,gamma_mult=0.5]",pred_SC,sex,0.8614252186899936,0.99,False,False,True,ok
4S456Parcels,3,kernel_ridge,"kernel_ridge[alpha=1.0,gamma_mult=2.0]",obs_SC,sex,0.8611111111111112,0.99,False,False,True,ok
4S456Parcels,1,kernel_ridge,"kernel_ridge[alpha=0.1,gamma_mult=2.0]",obs_SC,sex,0.8609625668449198,0.99,False,False,True,ok
4S456Parcels,2,pca_pls,pca_pls,pred_SC,sex,0.8607465576592083,0.99,False,False,True,ok
Glasser,7,kernel_ridge,"kernel_ridge[alpha=0.1,gamma_mult=1.0]",pred_FC,sex,0.8602631578947368,0.99,False,False,True,ok
4S456Parcels,6,kernel_ridge,"kernel_ridge[alpha=1.0,gamma_mult=2.0]",obs_FC,sex,0.8599317260507787,0.99,False,False,True,ok
Glasser,2,kernel_ridge,"kernel_ridge[alpha=0.1,gamma_mult=2.0]",obs_FC,sex,0.8598321858864028,0.99,False,False,True,ok
Glasser,6,kernel_ridge,"kernel_ridge[alpha=0.1,gamma_mult=1.0]",pred_FC,sex,0.8596116919138042,0.99,False,False,True,ok
Glasser,8,kernel_ridge,"kernel_ridge[alpha=1.0,gamma_mult=1.0]",pred_SC,sex,0.8596035615857537,0.99,False,False,True,ok
Glasser,2,bayesian_ridge,bayesian_ridge,obs_SC,sex,0.8594018932874354,0.99,False,False,True,ok
4S456Parcels,7,pca_pls,pca_pls,pred_FC,sex,0.8578947368421053,0.99,False,False,True,ok
Glasser,6,kernel_ridge,"kernel_ridge[alpha=1.0,gamma_mult=2.0]",obs_FC+obs_SC,sex,0.8577981651376148,0.99,False,False,True,ok
Glasser,1,bayesian_ridge,bayesian_ridge,pred_FC,sex,0.8572192513368984,0.99,False,False,True,ok
Glasser,3,kernel_ridge,"kernel_ridge[alpha=0.1,gamma_mult=0.5]",pred_SC,sex,0.8569604086845466,0.99,False,False,True,ok
Glasser,3,kernel_ridge,"kernel_ridge[alpha=1.0,gamma_mult=0.5]",pred_SC,sex,0.8569604086845466,0.99,False,False,True,ok
4S456Parcels,1,kernel_ridge,"kernel_ridge[alpha=0.1,gamma_mult=1.0]",pred_FC,sex,0.8564171122994653,0.99,False,False,True,ok
Glasser,6,kernel_ridge,"kernel_ridge[alpha=0.1,gamma_mult=2.0]",obs_SC,sex,0.8562513334755708,0.99,False,False,True,ok
Glasser,3,pca_pls,pca_pls,pred_FC,sex,0.8560025542784164,0.99,False,False,True,ok
Glasser,7,kernel_ridge,"kernel_ridge[alpha=0.1,gamma_mult=0.5]",pred_FC,sex,0.8557894736842105,0.99,False,False,True,ok
Glasser,1,pca_pls,pca_pls,pred_FC,sex,0.8553475935828877,0.99,False,False,True,ok
Glasser,1,kernel_ridge,"kernel_ridge[alpha=0.1,gamma_mult=2.0]",obs_SC,sex,0.8550802139037433,0.99,False,False,True,ok
4S456Parcels,3,kernel_ridge,"kernel_ridge[alpha=10.0,gamma_mult=0.5]",obs_SC,sex,0.855044699872286,0.99,False,False,True,ok
Glasser,5,bayesian_ridge,bayesian_ridge,pred_FC,sex,0.855,0.99,False,False,True,ok
Glasser,5,kernel_ridge,"kernel_ridge[alpha=1.0,gamma_mult=2.0]",obs_FC+obs_SC,sex,0.855,0.99,False,False,True,ok
Glasser,2,pca_pls,pca_pls,obs_SC,sex,0.8549376075731497,0.99,False,False,True,ok
Glasser,5,bayesian_ridge,bayesian_ridge,pred_SC,sex,0.8542105263157894,0.99,False,False,True,ok
4S456Parcels,2,kernel_ridge,"kernel_ridge[alpha=0.1,gamma_mult=2.0]",obs_FC,sex,0.8540232358003442,0.99,False,False,True,ok
Glasser,4,kernel_ridge,"kernel_ridge[alpha=10.0,gamma_mult=1.0]",obs_FC+bv+demo,sex,0.8539823008849557,0.99,False,True,False,ok
Glasser,8,kernel_ridge,"kernel_ridge[alpha=10.0,gamma_mult=1.0]",obs_FC+bv+demo,sex,0.8537735849056604,0.99,False,True,False,ok
Glasser,2,kernel_ridge,"kernel_ridge[alpha=1.0,gamma_mult=1.0]",obs_FC,sex,0.8535929432013769,0.99,False,False,True,ok
Glasser,7,kernel_ridge,"kernel_ridge[alpha=1.0,gamma_mult=1.0]",pred_FC,sex,0.8534210526315789,0.99,False,False,True,ok
4S456Parcels,3,kernel_ridge,"kernel_ridge[alpha=1.0,gamma_mult=2.0]",obs_FC,sex,0.8531289910600255,0.99,False,False,True,ok
4S456Parcels,2,kernel_ridge,"kernel_ridge[alpha=0.1,gamma_mult=1.0]",pred_FC,sex,0.8524634251290878,0.99,False,False,True,ok
Glasser,1,kernel_ridge,"kernel_ridge[alpha=1.0,gamma_mult=1.0]",obs_SC,sex,0.8524064171122995,0.99,False,False,True,ok
Glasser,6,kernel_ridge,"kernel_ridge[alpha=1.0,gamma_mult=2.0]",obs_FC,sex,0.8519842116492427,0.99,False,False,True,ok
Glasser,3,kernel_ridge,"kernel_ridge[alpha=10.0,gamma_mult=0.5]",pred_FC,sex,0.8508939974457216,0.99,False,False,True,ok
4S456Parcels,3,kernel_ridge,"kernel_ridge[alpha=10.0,gamma_mult=0.5]",obs_FC+bv+demo,sex,0.8505747126436782,0.99,False,True,False,ok
4S456Parcels,1,kernel_ridge,"kernel_ridge[alpha=1.0,gamma_mult=0.5]",pred_FC,sex,0.8505347593582888,0.99,False,False,True,ok
4S456Parcels,2,bayesian_ridge,bayesian_ridge,pred_SC,sex,0.8502581755593803,0.99,False,False,True,ok
4S456Parcels,4,kernel_ridge,"kernel_ridge[alpha=0.1,gamma_mult=1.0]",pred_SC,sex,0.8500431685732786,0.99,False,False,True,ok
4S456Parcels,5,kernel_ridge,"kernel_ridge[alpha=1.0,gamma_mult=2.0]",obs_SC,sex,0.85,0.99,False,False,True,ok
Glasser,3,kernel_ridge,"kernel_ridge[alpha=1.0,gamma_mult=0.5]",pred_FC,sex,0.8499361430395913,0.99,False,False,True,ok
Glasser,4,bayesian_ridge,bayesian_ridge,pred_SC,sex,0.8499352471400821,0.99,False,False,True,ok
4S456Parcels,9,kernel_ridge,"kernel_ridge[alpha=1.0,gamma_mult=2.0]",obs_FC+obs_SC,sex,0.8495575221238938,0.99,False,False,True,ok
Glasser,4,kernel_ridge,"kernel_ridge[alpha=1.0,gamma_mult=2.0]",obs_SC,sex,0.8495575221238938,0.99,False,False,True,ok
Glasser,9,kernel_ridge,"kernel_ridge[alpha=10.0,gamma_mult=1.0]",obs_FC+bv+demo,sex,0.8495575221238938,0.99,False,True,False,ok
4S456Parcels,5,kernel_ridge,"kernel_ridge[alpha=1.0,gamma_mult=1.0]",pred_FC,sex,0.8494736842105264,0.99,False,False,True,ok
4S456Parcels,7,kernel_ridge,"kernel_ridge[alpha=10.0,gamma_mult=1.0]",obs_FC,sex,0.8489473684210527,0.99,False,False,True,ok
4S456Parcels,3,kernel_ridge,"kernel_ridge[alpha=1.0,gamma_mult=1.0]",pred_SC,sex,0.8486590038314177,0.99,False,False,True,ok
Glasser,0,kernel_ridge,"kernel_ridge[alpha=1.0,gamma_mult=2.0]",obs_FC,sex,0.8481556073775705,0.99,False,False,True,ok
Glasser,6,kernel_ridge,"kernel_ridge[alpha=0.1,gamma_mult=1.0]",pred_SC,sex,0.8476637508000853,0.99,False,False,True,ok
4S456Parcels,7,kernel_ridge,"kernel_ridge[alpha=1.0,gamma_mult=2.0]",obs_FC,sex,0.8476315789473684,0.99,False,False,True,ok
Glasser,5,kernel_ridge,"kernel_ridge[alpha=0.1,gamma_mult=1.0]",pred_FC,sex,0.8473684210526315,0.99,False,False,True,ok
4S456Parcels,9,kernel_ridge,"kernel_ridge[alpha=0.1,gamma_mult=0.5]",pred_FC,sex,0.8472118562746561,0.99,False,False,True,ok
Glasser,8,kernel_ridge,"kernel_ridge[alpha=0.1,gamma_mult=0.5]",pred_FC,sex,0.846565613737545,0.99,False,False,True,ok
Glasser,3,kernel_ridge,"kernel_ridge[alpha=10.0,gamma_mult=1.0]",obs_SC,sex,0.8461047254150702,0.99,False,False,True,ok
Glasser,7,kernel_ridge,"kernel_ridge[alpha=1.0,gamma_mult=0.5]",pred_FC,sex,0.8457894736842105,0.99,False,False,True,ok
Glasser,8,kernel_ridge,"kernel_ridge[alpha=0.1,gamma_mult=2.0]",obs_SC,sex,0.8454526181895272,0.99,False,False,True,ok
4S456Parcels,7,kernel_ridge,"kernel_ridge[alpha=0.1,gamma_mult=1.0]",pred_SC,sex,0.845,0.99,False,False,True,ok
Glasser,5,kernel_ridge,"kernel_ridge[alpha=10.0,gamma_mult=1.0]",obs_FC+bv+demo,sex,0.845,0.99,False,True,False,ok
Glasser,7,kernel_ridge,"kernel_ridge[alpha=0.1,gamma_mult=1.0]",pred_SC,sex,0.845,0.99,False,False,True,ok
Glasser,5,kernel_ridge,"kernel_ridge[alpha=1.0,gamma_mult=2.0]",obs_FC,sex,0.8444736842105263,0.99,False,False,True,ok
4S456Parcels,9,kernel_ridge,"kernel_ridge[alpha=1.0,gamma_mult=0.5]",pred_FC,sex,0.8443863951380743,0.99,False,False,True,ok
4S456Parcels,9,kernel_ridge,"kernel_ridge[alpha=0.1,gamma_mult=1.0]",pred_FC,sex,0.8443863951380743,0.99,False,False,True,ok
Glasser,9,kernel_ridge,"kernel_ridge[alpha=0.1,gamma_mult=0.5]",pred_SC,sex,0.8440132210256956,0.99,False,False,True,ok
4S456Parcels,3,kernel_ridge,"kernel_ridge[alpha=0.1,gamma_mult=2.0]",pred_SC,sex,0.8438697318007663,0.99,False,False,True,ok
Glasser,0,kernel_ridge,"kernel_ridge[alpha=1.0,gamma_mult=2.0]",obs_SC,sex,0.8434386262454949,0.99,False,False,True,ok
Glasser,3,kernel_ridge,"kernel_ridge[alpha=0.1,gamma_mult=1.0]",pred_SC,sex,0.8430715197956578,0.99,False,False,True,ok
4S456Parcels,6,kernel_ridge,"kernel_ridge[alpha=1.0,gamma_mult=2.0]",obs_SC,sex,0.8428098997226371,0.99,False,False,True,ok
4S456Parcels,0,kernel_ridge,"kernel_ridge[alpha=1.0,gamma_mult=1.0]",pred_SC,sex,0.8425376298494806,0.99,False,False,True,ok
Glasser,0,kernel_ridge,"kernel_ridge[alpha=1.0,gamma_mult=1.0]",pred_FC,sex,0.8425376298494806,0.99,False,False,True,ok
Glasser,9,kernel_ridge,"kernel_ridge[alpha=0.1,gamma_mult=0.5]",pred_FC,sex,0.8424139034012155,0.99,False,False,True,ok
4S456Parcels,7,kernel_ridge,"kernel_ridge[alpha=0.1,gamma_mult=2.0]",pred_FC,sex,0.8423684210526317,0.99,False,False,True,ok
Glasser,3,kernel_ridge,"kernel_ridge[alpha=10.0,gamma_mult=0.5]",pred_SC,sex,0.8422733077905491,0.99,False,False,True,ok
4S456Parcels,4,kernel_ridge,"kernel_ridge[alpha=1.0,gamma_mult=2.0]",obs_SC,sex,0.8407079646017699,0.99,False,False,True,ok
Glasser,9,kernel_ridge,"kernel_ridge[alpha=1.0,gamma_mult=2.0]",obs_FC,sex,0.8407079646017699,0.99,False,False,True,ok
Glasser,3,kernel_ridge,"kernel_ridge[alpha=10.0,gamma_mult=1.0]",obs_FC,sex,0.8405172413793103,0.99,False,False,True,ok
Glasser,2,kernel_ridge,"kernel_ridge[alpha=0.1,gamma_mult=0.5]",obs_SC,sex,0.8402000860585198,0.99,False,False,True,ok
4S456Parcels,5,kernel_ridge,"kernel_ridge[alpha=10.0,gamma_mult=1.0]",obs_SC+bv+demo,sex,0.8400000000000001,0.99,False,True,False,ok
Glasser,5,kernel_ridge,"kernel_ridge[alpha=10.0,gamma_mult=1.0]",obs_SC,sex,0.8397368421052631,0.99,False,False,True,ok
4S456Parcels,0,kernel_ridge,"kernel_ridge[alpha=10.0,gamma_mult=1.0]",obs_FC+bv+demo,sex,0.8396226415094339,0.99,False,True,False,ok
4S456Parcels,0,kernel_ridge,"kernel_ridge[alpha=1.0,gamma_mult=2.0]",obs_FC,sex,0.8396226415094339,0.99,False,False,True,ok
4S456Parcels,5,kernel_ridge,"kernel_ridge[alpha=1.0,gamma_mult=1.0]",pred_SC,sex,0.8394736842105264,0.99,False,False,True,ok
Glasser,3,kernel_ridge,"kernel_ridge[alpha=0.1,gamma_mult=1.0]",pred_FC,sex,0.8393997445721584,0.99,False,False,True,ok
Glasser,3,pca_pls,pca_pls,pred_SC,sex,0.8387611749680715,0.99,False,False,True,ok
4S456Parcels,0,kernel_ridge,"kernel_ridge[alpha=1.0,gamma_mult=1.0]",pred_FC,sex,0.8387216451134195,0.99,False,False,True,ok
4S456Parcels,6,kernel_ridge,"kernel_ridge[alpha=1.0,gamma_mult=1.0]",pred_SC,sex,0.8382227437593344,0.99,False,False,True,ok
Glasser,4,kernel_ridge,"kernel_ridge[alpha=1.0,gamma_mult=2.0]",obs_FC,sex,0.8373624001726743,0.99,False,False,True,ok
4S456Parcels,1,kernel_ridge,"kernel_ridge[alpha=1.0,gamma_mult=2.0]",obs_FC+obs_SC,sex,0.8363636363636364,0.99,False,False,True,ok
Glasser,0,kernel_ridge,"kernel_ridge[alpha=1.0,gamma_mult=1.0]",pred_SC,sex,0.8360186559253763,0.99,False,False,True,ok
Glasser,2,kernel_ridge,"kernel_ridge[alpha=0.1,gamma_mult=1.0]",obs_SC,sex,0.8359509466437177,0.99,False,False,True,ok
Glasser,6,kernel_ridge,"kernel_ridge[alpha=1.0,gamma_mult=2.0]",obs_SC,sex,0.8357691487091956,0.99,False,False,True,ok
4S456Parcels,6,kernel_ridge,"kernel_ridge[alpha=0.1,gamma_mult=1.0]",pred_FC,sex,0.835449114572221,0.99,False,False,True,ok
Glasser,9,kernel_ridge,"kernel_ridge[alpha=1.0,gamma_mult=0.5]",pred_FC,sex,0.8351636635035717,0.99,False,False,True,ok
4S456Parcels,7,kernel_ridge,"kernel_ridge[alpha=10.0,gamma_mult=0.5]",pred_SC,sex,0.835,0.99,False,False,True,ok
4S456Parcels,0,kernel_ridge,"kernel_ridge[alpha=1.0,gamma_mult=2.0]",obs_SC,sex,0.8349056603773585,0.99,False,False,True,ok
4S456Parcels,2,kernel_ridge,"kernel_ridge[alpha=1.0,gamma_mult=2.0]",obs_FC+obs_SC,sex,0.8348214285714286,0.99,False,False,True,ok
Glasser,0,kernel_ridge,"kernel_ridge[alpha=10.0,gamma_mult=0.5]",obs_FC,sex,0.8341636633453466,0.99,False,False,True,ok
Glasser,7,kernel_ridge,"kernel_ridge[alpha=1.0,gamma_mult=1.0]",pred_SC,sex,0.8339473684210527,0.99,False,False,True,ok
Glasser,5,kernel_ridge,"kernel_ridge[alpha=1.0,gamma_mult=1.0]",pred_FC,sex,0.833421052631579,0.99,False,False,True,ok
Glasser,3,kernel_ridge,"kernel_ridge[alpha=10.0,gamma_mult=0.5]",obs_FC+bv+demo,sex,0.8333333333333333,0.99,False,True,False,ok
4S456Parcels,4,kernel_ridge,"kernel_ridge[alpha=1.0,gamma_mult=2.0]",obs_FC,sex,0.8329376214116123,0.99,False,False,True,ok
Glasser,9,kernel_ridge,"kernel_ridge[alpha=1.0,gamma_mult=0.5]",pred_SC,sex,0.8323382023669901,0.99,False,False,True,ok
Glasser,1,kernel_ridge,"kernel_ridge[alpha=0.1,gamma_mult=0.5]",pred_FC,sex,0.8320855614973262,0.99,False,False,True,ok
Glasser,5,kernel_ridge,"kernel_ridge[alpha=10.0,gamma_mult=0.5]",obs_FC,sex,0.8318421052631579,0.99,False,False,True,ok
Glasser,2,pca_pls,pca_pls,pred_SC,sex,0.8306260757314974,0.99,False,False,True,ok
4S456Parcels,2,kernel_ridge,"kernel_ridge[alpha=10.0,gamma_mult=0.5]",obs_SC+bv+demo,sex,0.8303571428571428,0.99,False,True,False,ok
4S456Parcels,2,kernel_ridge,"kernel_ridge[alpha=1.0,gamma_mult=0.5]",pred_FC,sex,0.8301419965576592,0.99,False,False,True,ok
4S456Parcels,2,kernel_ridge,"kernel_ridge[alpha=0.1,gamma_mult=0.5]",pred_SC,sex,0.8297117039586919,0.99,False,False,True,ok
Glasser,2,bayesian_ridge,bayesian_ridge,pred_FC,sex,0.8294965576592083,0.99,False,False,True,ok
4S456Parcels,5,kernel_ridge,"kernel_ridge[alpha=0.1,gamma_mult=2.0]",pred_FC,sex,0.8294736842105264,0.99,False,False,True,ok
4S456Parcels,1,kernel_ridge,"kernel_ridge[alpha=1.0,gamma_mult=1.0]",pred_SC,sex,0.8291443850267379,0.99,False,False,True,ok
Glasser,2,bayesian_ridge,bayesian_ridge,pred_SC,sex,0.829066265060241,0.99,False,False,True,ok
4S456Parcels,0,kernel_ridge,"kernel_ridge[alpha=10.0,gamma_mult=0.5]",pred_SC,sex,0.8283866864532541,0.99,False,False,True,ok
Glasser,2,kernel_ridge,"kernel_ridge[alpha=1.0,gamma_mult=0.5]",obs_SC,sex,0.8283670395869192,0.99,False,False,True,ok
Glasser,5,kernel_ridge,"kernel_ridge[alpha=1.0,gamma_mult=1.0]",pred_SC,sex,0.8281578947368421,0.99,False,False,True,ok
4S456Parcels,3,kernel_ridge,"kernel_ridge[alpha=0.1,gamma_mult=2.0]",pred_FC,sex,0.8275862068965517,0.99,False,False,True,ok
Glasser,4,kernel_ridge,"kernel_ridge[alpha=1.0,gamma_mult=1.0]",pred_FC,sex,0.8274336283185841,0.99,False,False,True,ok
Glasser,4,kernel_ridge,"kernel_ridge[alpha=10.0,gamma_mult=1.0]",obs_SC+bv+demo,sex,0.8274336283185841,0.99,False,True,False,ok
4S456Parcels,1,kernel_ridge,"kernel_ridge[alpha=1.0,gamma_mult=2.0]",obs_SC,sex,0.8272727272727273,0.99,False,False,True,ok
Glasser,4,pca_pls,pca_pls,pred_SC,sex,0.8272177854521908,0.99,False,False,True,ok
Glasser,9,pca_pls,pca_pls,pred_SC,sex,0.8271670753811706,0.99,False,False,True,ok
Glasser,7,kernel_ridge,"kernel_ridge[alpha=0.1,gamma_mult=2.0]",pred_FC,sex,0.8268421052631578,0.99,False,False,True,ok
Glasser,1,kernel_ridge,"kernel_ridge[alpha=1.0,gamma_mult=1.0]",pred_SC,sex,0.8259358288770053,0.99,False,False,True,ok
4S456Parcels,9,kernel_ridge,"kernel_ridge[alpha=1.0,gamma_mult=1.0]",pred_SC,sex,0.8258343106941038,0.99,False,False,True,ok
4S456Parcels,9,kernel_ridge,"kernel_ridge[alpha=1.0,gamma_mult=2.0]",obs_SC,sex,0.8258343106941038,0.99,False,False,True,ok
4S456Parcels,5,kernel_ridge,"kernel_ridge[alpha=1.0,gamma_mult=2.0]",obs_FC,sex,0.8244736842105264,0.99,False,False,True,ok
4S456Parcels,2,kernel_ridge,"kernel_ridge[alpha=0.1,gamma_mult=1.0]",pred_SC,sex,0.8241179001721171,0.99,False,False,True,ok
Glasser,5,kernel_ridge,"kernel_ridge[alpha=0.1,gamma_mult=2.0]",pred_FC,sex,0.8239473684210525,0.99,False,False,True,ok
4S456Parcels,2,kernel_ridge,"kernel_ridge[alpha=1.0,gamma_mult=0.5]",pred_SC,sex,0.8227732358003442,0.99,False,False,True,ok
Glasser,5,kernel_ridge,"kernel_ridge[alpha=10.0,gamma_mult=0.5]",pred_SC,sex,0.8223684210526316,0.99,False,False,True,ok
Glasser,9,kernel_ridge,"kernel_ridge[alpha=10.0,gamma_mult=0.5]",pred_SC,sex,0.8222625013327647,0.99,False,False,True,ok
Glasser,4,kernel_ridge,"kernel_ridge[alpha=0.1,gamma_mult=0.5]",pred_SC,sex,0.8217137923591625,0.99,False,False,True,ok
Glasser,5,kernel_ridge,"kernel_ridge[alpha=0.1,gamma_mult=1.0]",pred_SC,sex,0.8213157894736842,0.99,False,False,True,ok
4S456Parcels,8,kernel_ridge,"kernel_ridge[alpha=1.0,gamma_mult=2.0]",obs_SC,sex,0.820754716981132,0.99,False,False,True,ok
Glasser,2,pca_pls,pca_pls,pred_FC,sex,0.8205679862306368,0.99,False,False,True,ok
Glasser,5,kernel_ridge,"kernel_ridge[alpha=0.1,gamma_mult=0.5]",pred_SC,sex,0.8197368421052631,0.99,False,False,True,ok
Glasser,9,kernel_ridge,"kernel_ridge[alpha=0.1,gamma_mult=1.0]",pred_FC,sex,0.8190638660838043,0.99,False,False,True,ok
4S456Parcels,8,kernel_ridge,"kernel_ridge[alpha=1.0,gamma_mult=1.0]",pred_FC,sex,0.8189527241891033,0.99,False,False,True,ok
Glasser,8,kernel_ridge,"kernel_ridge[alpha=1.0,gamma_mult=0.5]",pred_FC,sex,0.8182637269450922,0.99,False,False,True,ok
4S456Parcels,7,kernel_ridge,"kernel_ridge[alpha=1.0,gamma_mult=1.0]",pred_SC,sex,0.8178947368421052,0.99,False,False,True,ok
Glasser,2,kernel_ridge,"kernel_ridge[alpha=0.1,gamma_mult=0.5]",pred_SC,sex,0.8174483648881239,0.99,False,False,True,ok
Glasser,6,kernel_ridge,"kernel_ridge[alpha=1.0,gamma_mult=1.0]",pred_FC,sex,0.8174205248559847,0.99,False,False,True,ok
4S456Parcels,9,kernel_ridge,"kernel_ridge[alpha=1.0,gamma_mult=1.0]",pred_FC,sex,0.8169847531719799,0.99,False,False,True,ok
4S456Parcels,2,kernel_ridge,"kernel_ridge[alpha=10.0,gamma_mult=0.5]",obs_FC+bv+demo,sex,0.8169642857142857,0.99,False,True,False,ok
Glasser,2,kernel_ridge,"kernel_ridge[alpha=1.0,gamma_mult=1.0]",obs_SC,sex,0.8167491394148021,0.99,False,False,True,ok
Glasser,5,kernel_ridge,"kernel_ridge[alpha=1.0,gamma_mult=0.5]",pred_SC,sex,0.8155263157894737,0.99,False,False,True,ok
4S456Parcels,6,kernel_ridge,"kernel_ridge[alpha=1.0,gamma_mult=1.0]",pred_FC,sex,0.8152869639428206,0.99,False,False,True,ok
4S456Parcels,8,kernel_ridge,"kernel_ridge[alpha=0.1,gamma_mult=2.0]",pred_SC,sex,0.8151367394530422,0.99,False,False,True,ok
Glasser,8,kernel_ridge,"kernel_ridge[alpha=0.1,gamma_mult=1.0]",pred_FC,sex,0.8144477422090312,0.99,False,False,True,ok
Glasser,0,kernel_ridge,"kernel_ridge[alpha=10.0,gamma_mult=0.5]",pred_FC,sex,0.8142357430570277,0.99,False,False,True,ok
4S456Parcels,4,kernel_ridge,"kernel_ridge[alpha=1.0,gamma_mult=1.0]",pred_FC,sex,0.8141592920353982,0.99,False,False,True,ok
4S456Parcels,1,kernel_ridge,"kernel_ridge[alpha=1.0,gamma_mult=2.0]",obs_FC,sex,0.8136363636363637,0.99,False,False,True,ok
Glasser,8,kernel_ridge,"kernel_ridge[alpha=0.1,gamma_mult=2.0]",pred_SC,sex,0.8133347466610134,0.99,False,False,True,ok
Glasser,3,kernel_ridge,"kernel_ridge[alpha=1.0,gamma_mult=1.0]",pred_SC,sex,0.8116219667943806,0.99,False,False,True,ok
Glasser,9,kernel_ridge,"kernel_ridge[alpha=1.0,gamma_mult=2.0]",obs_SC,sex,0.8109606567864378,0.99,False,False,True,ok
Glasser,9,kernel_ridge,"kernel_ridge[alpha=1.0,gamma_mult=1.0]",pred_SC,sex,0.8105874826740591,0.99,False,False,True,ok
Glasser,8,kernel_ridge,"kernel_ridge[alpha=1.0,gamma_mult=2.0]",obs_SC,sex,0.8104197583209667,0.99,False,False,True,ok
4S456Parcels,3,kernel_ridge,"kernel_ridge[alpha=10.0,gamma_mult=1.0]",obs_FC,sex,0.8103448275862069,0.99,False,False,True,ok
Glasser,9,kernel_ridge,"kernel_ridge[alpha=0.1,gamma_mult=1.0]",pred_SC,sex,0.8102143085616804,0.99,False,False,True,ok
Glasser,3,kernel_ridge,"kernel_ridge[alpha=10.0,gamma_mult=1.0]",obs_FC+obs_SC,sex,0.8101851851851851,0.99,False,False,True,ok
4S456Parcels,4,kernel_ridge,"kernel_ridge[alpha=10.0,gamma_mult=1.0]",obs_FC+bv+demo,sex,0.8097345132743363,0.99,False,True,False,ok
Glasser,1,kernel_ridge,"kernel_ridge[alpha=1.0,gamma_mult=2.0]",obs_SC,sex,0.8096256684491978,0.99,False,False,True,ok
4S456Parcels,0,kernel_ridge,"kernel_ridge[alpha=0.1,gamma_mult=2.0]",pred_SC,sex,0.8095187619249522,0.99,False,False,True,ok
Glasser,0,kernel_ridge,"kernel_ridge[alpha=0.1,gamma_mult=2.0]",pred_FC,sex,0.8095187619249522,0.99,False,False,True,ok
Glasser,6,kernel_ridge,"kernel_ridge[alpha=10.0,gamma_mult=0.5]",pred_SC,sex,0.8088329421804993,0.99,False,False,True,ok
Glasser,6,kernel_ridge,"kernel_ridge[alpha=1.0,gamma_mult=1.0]",pred_SC,sex,0.8066993812673351,0.99,False,False,True,ok
4S456Parcels,0,kernel_ridge,"kernel_ridge[alpha=10.0,gamma_mult=1.0]",obs_SC+bv+demo,sex,0.8066037735849056,0.99,False,True,False,ok
4S456Parcels,8,kernel_ridge,"kernel_ridge[alpha=0.1,gamma_mult=2.0]",pred_FC,sex,0.8066037735849056,0.99,False,False,True,ok
Glasser,8,kernel_ridge,"kernel_ridge[alpha=10.0,gamma_mult=1.0]",obs_SC+bv+demo,sex,0.8066037735849056,0.99,False,True,False,ok
4S456Parcels,4,kernel_ridge,"kernel_ridge[alpha=1.0,gamma_mult=1.0]",pred_SC,sex,0.8063889488452407,0.99,False,False,True,ok
Glasser,3,kernel_ridge,"kernel_ridge[alpha=10.0,gamma_mult=0.5]",obs_FC+obs_SC,sex,0.8057151979565773,0.99,False,False,True,ok
Glasser,0,kernel_ridge,"kernel_ridge[alpha=10.0,gamma_mult=1.0]",obs_SC,sex,0.8057027771888912,0.99,False,False,True,ok
Glasser,0,kernel_ridge,"kernel_ridge[alpha=0.1,gamma_mult=2.0]",pred_SC,sex,0.8057027771888912,0.99,False,False,True,ok
4S456Parcels,9,kernel_ridge,"kernel_ridge[alpha=10.0,gamma_mult=1.0]",obs_FC+bv+demo,sex,0.8053097345132743,0.99,False,True,False,ok
Glasser,3,kernel_ridge,"kernel_ridge[alpha=1.0,gamma_mult=1.0]",pred_FC,sex,0.8045977011494252,0.99,False,False,True,ok
4S456Parcels,1,kernel_ridge,"kernel_ridge[alpha=1.0,gamma_mult=1.0]",pred_FC,sex,0.8045454545454546,0.99,False,False,True,ok
4S456Parcels,2,kernel_ridge,"kernel_ridge[alpha=1.0,gamma_mult=2.0]",obs_FC,sex,0.8035714285714286,0.99,False,False,True,ok
Glasser,2,kernel_ridge,"kernel_ridge[alpha=0.1,gamma_mult=1.0]",pred_SC,sex,0.8029259896729777,0.99,False,False,True,ok
Glasser,2,kernel_ridge,"kernel_ridge[alpha=1.0,gamma_mult=2.0]",obs_FC,sex,0.8020116179001722,0.99,False,False,True,ok
4S456Parcels,1,kernel_ridge,"kernel_ridge[alpha=0.1,gamma_mult=2.0]",pred_SC,sex,0.8018716577540107,0.99,False,False,True,ok
4S456Parcels,7,kernel_ridge,"kernel_ridge[alpha=10.0,gamma_mult=0.5]",obs_SC+bv+demo,sex,0.8,0.99,False,True,False,ok
Glasser,1,kernel_ridge,"kernel_ridge[alpha=10.0,gamma_mult=1.0]",obs_FC+bv+demo,sex,0.8,0.99,False,True,False,ok
Glasser,1,kernel_ridge,"kernel_ridge[alpha=10.0,gamma_mult=1.0]",obs_SC+bv+demo,sex,0.8,0.99,False,True,False,ok
Glasser,5,kernel_ridge,"kernel_ridge[alpha=10.0,gamma_mult=0.5]",pred_FC,sex,0.8,0.99,False,False,True,ok
Glasser,3,kernel_ridge,"kernel_ridge[alpha=10.0,gamma_mult=0.5]",obs_SC,sex,0.7999680715197957,0.99,False,False,True,ok
4S456Parcels,5,kernel_ridge,"kernel_ridge[alpha=0.1,gamma_mult=2.0]",pred_SC,sex,0.7994736842105263,0.99,False,False,True,ok
4S456Parcels,2,kernel_ridge,"kernel_ridge[alpha=1.0,gamma_mult=2.0]",obs_SC,sex,0.7991071428571428,0.99,False,False,True,ok
Glasser,2,kernel_ridge,"kernel_ridge[alpha=0.1,gamma_mult=2.0]",obs_SC,sex,0.7988919965576592,0.99,False,False,True,ok
Glasser,1,kernel_ridge,"kernel_ridge[alpha=0.1,gamma_mult=2.0]",pred_SC,sex,0.7986631016042781,0.99,False,False,True,ok
Glasser,2,kernel_ridge,"kernel_ridge[alpha=1.0,gamma_mult=0.5]",pred_SC,sex,0.7984617039586919,0.99,False,False,True,ok
Glasser,5,kernel_ridge,"kernel_ridge[alpha=0.1,gamma_mult=2.0]",pred_SC,sex,0.7984210526315789,0.99,False,False,True,ok
4S456Parcels,6,kernel_ridge,"kernel_ridge[alpha=0.1,gamma_mult=2.0]",pred_SC,sex,0.7969383400896095,0.99,False,False,True,ok
Glasser,2,kernel_ridge,"kernel_ridge[alpha=0.1,gamma_mult=0.5]",pred_FC,sex,0.7969018932874354,0.99,False,False,True,ok
4S456Parcels,3,kernel_ridge,"kernel_ridge[alpha=10.0,gamma_mult=1.0]",obs_SC,sex,0.7962962962962963,0.99,False,False,True,ok
4S456Parcels,2,kernel_ridge,"kernel_ridge[alpha=1.0,gamma_mult=1.0]",pred_FC,sex,0.7959875215146299,0.99,False,False,True,ok
Glasser,1,kernel_ridge,"kernel_ridge[alpha=0.1,gamma_mult=1.0]",pred_FC,sex,0.795187165775401,0.99,False,False,True,ok
4S456Parcels,2,kernel_ridge,"kernel_ridge[alpha=10.0,gamma_mult=1.0]",pred_SC+bv+demo,sex,0.7951807228915663,0.99,False,True,False,ok
4S456Parcels,9,kernel_ridge,"kernel_ridge[alpha=0.1,gamma_mult=2.0]",pred_SC,sex,0.7948608593666702,0.99,False,False,True,ok
4S456Parcels,7,kernel_ridge,"kernel_ridge[alpha=1.0,gamma_mult=2.0]",pred_FC,sex,0.7947368421052632,0.99,False,False,True,ok
4S456Parcels,0,pca_pls,pca_pls,obs_FC+bv+demo,sex,0.7939898240407037,0.99,False,True,False,ok
Glasser,9,kernel_ridge,"kernel_ridge[alpha=0.1,gamma_mult=2.0]",pred_SC,sex,0.79326154174219,0.99,False,False,True,ok
Glasser,1,kernel_ridge,"kernel_ridge[alpha=1.0,gamma_mult=0.5]",pred_FC,sex,0.7925133689839572,0.99,False,False,True,ok
Glasser,8,kernel_ridge,"kernel_ridge[alpha=10.0,gamma_mult=1.0]",obs_FC,sex,0.7924528301886793,0.99,False,False,True,ok
4S456Parcels,0,kernel_ridge,"kernel_ridge[alpha=0.1,gamma_mult=2.0]",pred_FC,sex,0.7915518337926648,0.99,False,False,True,ok
4S456Parcels,2,kernel_ridge,"kernel_ridge[alpha=0.1,gamma_mult=2.0]",pred_FC,sex,0.7915232358003442,0.99,False,False,True,ok
Glasser,3,kernel_ridge,"kernel_ridge[alpha=0.1,gamma_mult=2.0]",pred_FC,sex,0.7907088122605364,0.99,False,False,True,ok
Glasser,2,kernel_ridge,"kernel_ridge[alpha=1.0,gamma_mult=2.0]",obs_FC+obs_SC,sex,0.7901785714285714,0.99,False,False,True,ok
4S456Parcels,5,kernel_ridge,"kernel_ridge[alpha=10.0,gamma_mult=1.0]",obs_SC,sex,0.79,0.99,False,False,True,ok
Glasser,1,kernel_ridge,"kernel_ridge[alpha=10.0,gamma_mult=0.5]",pred_SC,sex,0.789572192513369,0.99,False,False,True,ok
Glasser,4,kernel_ridge,"kernel_ridge[alpha=1.0,gamma_mult=0.5]",pred_SC,sex,0.7879883444852147,0.99,False,False,True,ok
4S456Parcels,3,kernel_ridge,"kernel_ridge[alpha=10.0,gamma_mult=1.0]",obs_FC+obs_SC,sex,0.787037037037037,0.99,False,False,True,ok
Glasser,4,kernel_ridge,"kernel_ridge[alpha=0.1,gamma_mult=1.0]",pred_SC,sex,0.7869091301532485,0.99,False,False,True,ok
Glasser,8,kernel_ridge,"kernel_ridge[alpha=10.0,gamma_mult=0.5]",pred_SC,sex,0.7859338562645749,0.99,False,False,True,ok
Glasser,7,kernel_ridge,"kernel_ridge[alpha=10.0,gamma_mult=0.5]",obs_SC+bv+demo,sex,0.7849999999999999,0.99,False,True,False,ok
4S456Parcels,5,kernel_ridge,"kernel_ridge[alpha=10.0,gamma_mult=0.5]",pred_SC,sex,0.7847368421052632,0.99,False,False,True,ok
4S456Parcels,2,kernel_ridge,"kernel_ridge[alpha=1.0,gamma_mult=1.0]",pred_SC,sex,0.7841544750430293,0.99,False,False,True,ok
Glasser,4,kernel_ridge,"kernel_ridge[alpha=0.1,gamma_mult=2.0]",pred_FC,sex,0.7831858407079646,0.99,False,False,True,ok
4S456Parcels,6,kernel_ridge,"kernel_ridge[alpha=0.1,gamma_mult=2.0]",pred_FC,sex,0.7831768721997012,0.99,False,False,True,ok
Glasser,6,kernel_ridge,"kernel_ridge[alpha=0.1,gamma_mult=2.0]",pred_SC,sex,0.7828568380627268,0.99,False,False,True,ok
Glasser,2,kernel_ridge,"kernel_ridge[alpha=0.1,gamma_mult=1.0]",pred_FC,sex,0.7808197074010327,0.99,False,False,True,ok
4S456Parcels,6,kernel_ridge,"kernel_ridge[alpha=10.0,gamma_mult=0.5]",pred_SC,sex,0.7785897162363986,0.99,False,False,True,ok
4S456Parcels,8,kernel_ridge,"kernel_ridge[alpha=10.0,gamma_mult=1.0]",obs_FC+bv+demo,sex,0.7783018867924528,0.99,False,True,False,ok
Glasser,6,kernel_ridge,"kernel_ridge[alpha=0.1,gamma_mult=2.0]",pred_FC,sex,0.7773629187113291,0.99,False,False,True,ok
4S456Parcels,9,kernel_ridge,"kernel_ridge[alpha=10.0,gamma_mult=0.5]",pred_SC,sex,0.7771617443224224,0.99,False,False,True,ok
4S456Parcels,9,kernel_ridge,"kernel_ridge[alpha=0.1,gamma_mult=2.0]",pred_FC,sex,0.7771617443224224,0.99,False,False,True,ok
Glasser,2,kernel_ridge,"kernel_ridge[alpha=10.0,gamma_mult=1.0]",pred_SC+bv+demo,sex,0.7771084337349398,0.99,False,True,False,ok
4S456Parcels,3,kernel_ridge,"kernel_ridge[alpha=10.0,gamma_mult=0.5]",obs_FC,sex,0.7758620689655172,0.99,False,False,True,ok
Glasser,7,kernel_ridge,"kernel_ridge[alpha=0.1,gamma_mult=2.0]",pred_SC,sex,0.7757894736842106,0.99,False,False,True,ok
Glasser,2,kernel_ridge,"kernel_ridge[alpha=1.0,gamma_mult=0.5]",pred_FC,sex,0.7734509466437177,0.99,False,False,True,ok
Glasser,4,kernel_ridge,"kernel_ridge[alpha=1.0,gamma_mult=1.0]",pred_SC,sex,0.7731491474206778,0.99,False,False,True,ok
Glasser,1,kernel_ridge,"kernel_ridge[alpha=1.0,gamma_mult=1.0]",pred_FC,sex,0.7719251336898396,0.99,False,False,True,ok
Glasser,9,kernel_ridge,"kernel_ridge[alpha=10.0,gamma_mult=1.0]",obs_FC,sex,0.7699115044247787,0.99,False,False,True,ok
4S456Parcels,7,kernel_ridge,"kernel_ridge[alpha=0.1,gamma_mult=2.0]",pred_SC,sex,0.769736842105263,0.99,False,False,True,ok
Glasser,3,kernel_ridge,"kernel_ridge[alpha=0.1,gamma_mult=2.0]",pred_SC,sex,0.7686781609195402,0.99,False,False,True,ok
Glasser,9,kernel_ridge,"kernel_ridge[alpha=1.0,gamma_mult=1.0]",pred_FC,sex,0.7679390126879198,0.99,False,False,True,ok
Glasser,2,kernel_ridge,"kernel_ridge[alpha=1.0,gamma_mult=2.0]",obs_SC,sex,0.7662973321858864,0.99,False,False,True,ok
4S456Parcels,6,kernel_ridge,"kernel_ridge[alpha=10.0,gamma_mult=1.0]",obs_FC+bv+demo,sex,0.7660550458715596,0.99,False,True,False,ok
4S456Parcels,9,kernel_ridge,"kernel_ridge[alpha=10.0,gamma_mult=1.0]",obs_FC,sex,0.7654867256637168,0.99,False,False,True,ok
4S456Parcels,9,kernel_ridge,"kernel_ridge[alpha=10.0,gamma_mult=1.0]",obs_SC+bv+demo,sex,0.7654867256637168,0.99,False,True,False,ok
4S456Parcels,2,kernel_ridge,"kernel_ridge[alpha=10.0,gamma_mult=0.5]",pred_SC+bv+demo,sex,0.7650602409638554,0.99,False,True,False,ok
4S456Parcels,5,kernel_ridge,"kernel_ridge[alpha=10.0,gamma_mult=1.0]",obs_FC+bv+demo,sex,0.765,0.99,False,True,False,ok
4S456Parcels,1,kernel_ridge,"kernel_ridge[alpha=0.1,gamma_mult=2.0]",pred_FC,sex,0.7636363636363637,0.99,False,False,True,ok
Glasser,0,kernel_ridge,"kernel_ridge[alpha=10.0,gamma_mult=1.0]",obs_FC,sex,0.763249947000212,0.99,False,False,True,ok
4S456Parcels,4,kernel_ridge,"kernel_ridge[alpha=0.1,gamma_mult=2.0]",pred_SC,sex,0.7621411612346212,0.99,False,False,True,ok
Glasser,2,kernel_ridge,"kernel_ridge[alpha=10.0,gamma_mult=0.5]",obs_FC,sex,0.7616179001721171,0.99,False,False,True,ok
4S456Parcels,0,kernel_ridge,"kernel_ridge[alpha=10.0,gamma_mult=0.5]",pred_FC,sex,0.7585329658681366,0.99,False,False,True,ok
Glasser,5,pca_pls,pca_pls,obs_FC+bv+demo,sex,0.7576315789473684,0.99,False,True,False,ok
4S456Parcels,6,kernel_ridge,"kernel_ridge[alpha=10.0,gamma_mult=1.0]",obs_SC+bv+demo,sex,0.7568807339449541,0.99,False,True,False,ok
4S456Parcels,4,kernel_ridge,"kernel_ridge[alpha=0.1,gamma_mult=2.0]",pred_FC,sex,0.7566371681415929,0.99,False,False,True,ok
Glasser,9,kernel_ridge,"kernel_ridge[alpha=0.1,gamma_mult=2.0]",pred_FC,sex,0.7562639940292142,0.99,False,False,True,ok
Glasser,6,kernel_ridge,"kernel_ridge[alpha=10.0,gamma_mult=1.0]",obs_FC,sex,0.7556539364198848,0.99,False,False,True,ok
4S456Parcels,5,kernel_ridge,"kernel_ridge[alpha=10.0,gamma_mult=0.5]",pred_FC,sex,0.755,0.99,False,False,True,ok
Glasser,4,kernel_ridge,"kernel_ridge[alpha=10.0,gamma_mult=1.0]",obs_FC,sex,0.7549643859270452,0.99,False,False,True,ok
4S456Parcels,2,kernel_ridge,"kernel_ridge[alpha=10.0,gamma_mult=0.5]",obs_SC,sex,0.7544642857142857,0.99,False,False,True,ok
Glasser,2,pca_pls,pca_pls,obs_FC+bv+demo,sex,0.7540877796901893,0.99,False,True,False,ok
4S456Parcels,2,kernel_ridge,"kernel_ridge[alpha=10.0,gamma_mult=1.0]",pred_FC+bv+demo,sex,0.7530120481927711,0.99,False,True,False,ok
4S456Parcels,2,kernel_ridge,"kernel_ridge[alpha=0.1,gamma_mult=2.0]",pred_SC,sex,0.7529044750430293,0.99,False,False,True,ok
Glasser,2,kernel_ridge,"kernel_ridge[alpha=10.0,gamma_mult=0.5]",obs_SC,sex,0.7529044750430293,0.99,False,False,True,ok
Glasser,7,kernel_ridge,"kernel_ridge[alpha=1.0,gamma_mult=2.0]",pred_FC,sex,0.7528947368421053,0.99,False,False,True,ok
Glasser,3,kernel_ridge,"kernel_ridge[alpha=1.0,gamma_mult=2.0]",pred_FC,sex,0.7523946360153257,0.99,False,False,True,ok
4S456Parcels,3,kernel_ridge,"kernel_ridge[alpha=1.0,gamma_mult=2.0]",pred_FC,sex,0.75,0.99,False,False,True,ok
4S456Parcels,8,kernel_ridge,"kernel_ridge[alpha=10.0,gamma_mult=0.5]",pred_SC,sex,0.75,0.99,False,False,True,ok
Glasser,2,kernel_ridge,"kernel_ridge[alpha=10.0,gamma_mult=0.5]",obs_FC+obs_SC,sex,0.75,0.99,False,False,True,ok
Glasser,0,kernel_ridge,"kernel_ridge[alpha=1.0,gamma_mult=2.0]",pred_FC,sex,0.7490990036039855,0.99,False,False,True,ok
Glasser,8,kernel_ridge,"kernel_ridge[alpha=1.0,gamma_mult=1.0]",pred_FC,sex,0.7472970108119568,0.99,False,False,True,ok
Glasser,4,kernel_ridge,"kernel_ridge[alpha=10.0,gamma_mult=0.5]",pred_SC,sex,0.746600474854306,0.99,False,False,True,ok
Glasser,4,kernel_ridge,"kernel_ridge[alpha=0.1,gamma_mult=2.0]",pred_SC,sex,0.746600474854306,0.99,False,False,True,ok
Glasser,6,kernel_ridge,"kernel_ridge[alpha=10.0,gamma_mult=1.0]",obs_SC,sex,0.7452528269682099,0.99,False,False,True,ok
Glasser,7,kernel_ridge,"kernel_ridge[alpha=10.0,gamma_mult=0.5]",pred_SC,sex,0.745,0.99,False,False,True,ok
Glasser,1,kernel_ridge,"kernel_ridge[alpha=0.1,gamma_mult=2.0]",pred_FC,sex,0.7446524064171123,0.99,False,False,True,ok
Glasser,8,kernel_ridge,"kernel_ridge[alpha=1.0,gamma_mult=2.0]",pred_SC,sex,0.7443820224719101,0.99,False,False,True,ok
4S456Parcels,2,kernel_ridge,"kernel_ridge[alpha=10.0,gamma_mult=2.0]",pred_SC+bv+demo,sex,0.7409638554216867,0.99,False,True,False,ok
4S456Parcels,0,kernel_ridge,"kernel_ridge[alpha=10.0,gamma_mult=1.0]",obs_FC,sex,0.7405660377358491,0.99,False,False,True,ok
4S456Parcels,0,kernel_ridge,"kernel_ridge[alpha=10.0,gamma_mult=1.0]",obs_SC,sex,0.7405660377358491,0.99,False,False,True,ok
Glasser,0,kernel_ridge,"kernel_ridge[alpha=10.0,gamma_mult=1.0]",obs_FC+obs_SC,sex,0.7405660377358491,0.99,False,False,True,ok
Glasser,2,kernel_ridge,"kernel_ridge[alpha=1.0,gamma_mult=1.0]",pred_SC,sex,0.737736660929432,0.99,False,False,True,ok
Glasser,9,kernel_ridge,"kernel_ridge[alpha=10.0,gamma_mult=1.0]",obs_SC,sex,0.7373387354728649,0.99,False,False,True,ok
4S456Parcels,2,kernel_ridge,"kernel_ridge[alpha=10.0,gamma_mult=0.5]",obs_FC,sex,0.7366071428571428,0.99,False,False,True,ok
Glasser,3,kernel_ridge,"kernel_ridge[alpha=10.0,gamma_mult=0.5]",obs_FC,sex,0.735632183908046,0.99,False,False,True,ok
4S456Parcels,5,kernel_ridge,"kernel_ridge[alpha=1.0,gamma_mult=2.0]",pred_FC,sex,0.735,0.99,False,False,True,ok
Glasser,8,kernel_ridge,"kernel_ridge[alpha=0.1,gamma_mult=2.0]",pred_FC,sex,0.7331460674157304,0.99,False,False,True,ok
4S456Parcels,6,kernel_ridge,"kernel_ridge[alpha=10.0,gamma_mult=0.5]",pred_FC,sex,0.732718156603371,0.99,False,False,True,ok
Glasser,5,kernel_ridge,"kernel_ridge[alpha=1.0,gamma_mult=2.0]",pred_FC,sex,0.73,0.99,False,False,True,ok
Glasser,2,kernel_ridge,"kernel_ridge[alpha=1.0,gamma_mult=1.0]",pred_FC,sex,0.7290232358003442,0.99,False,False,True,ok
4S456Parcels,9,kernel_ridge,"kernel_ridge[alpha=10.0,gamma_mult=0.5]",pred_FC,sex,0.728489177950741,0.99,False,False,True,ok
4S456Parcels,2,kernel_ridge,"kernel_ridge[alpha=10.0,gamma_mult=0.5]",obs_FC+obs_SC,sex,0.7276785714285714,0.99,False,False,True,ok
Glasser,1,kernel_ridge,"kernel_ridge[alpha=10.0,gamma_mult=1.0]",obs_SC,sex,0.7272727272727273,0.99,False,False,True,ok
Glasser,1,kernel_ridge,"kernel_ridge[alpha=1.0,gamma_mult=2.0]",pred_SC,sex,0.7272727272727273,0.99,False,False,True,ok
Glasser,2,kernel_ridge,"kernel_ridge[alpha=0.1,gamma_mult=2.0]",pred_SC,sex,0.7259036144578312,0.99,False,False,True,ok
4S456Parcels,3,kernel_ridge,"kernel_ridge[alpha=1.0,gamma_mult=2.0]",pred_SC,sex,0.7257343550446999,0.99,False,False,True,ok
Glasser,4,kernel_ridge,"kernel_ridge[alpha=10.0,gamma_mult=0.5]",pred_FC,sex,0.7256637168141593,0.99,False,False,True,ok
Glasser,4,kernel_ridge,"kernel_ridge[alpha=10.0,gamma_mult=1.0]",obs_SC,sex,0.7256637168141593,0.99,False,False,True,ok
Glasser,2,kernel_ridge,"kernel_ridge[alpha=0.1,gamma_mult=2.0]",pred_FC,sex,0.7245589500860585,0.99,False,False,True,ok
Glasser,2,kernel_ridge,"kernel_ridge[alpha=10.0,gamma_mult=0.5]",pred_SC+bv+demo,sex,0.7228915662650602,0.99,False,True,False,ok
4S456Parcels,1,kernel_ridge,"kernel_ridge[alpha=10.0,gamma_mult=1.0]",obs_FC+bv+demo,sex,0.7227272727272727,0.99,False,True,False,ok
4S456Parcels,8,kernel_ridge,"kernel_ridge[alpha=1.0,gamma_mult=2.0]",pred_SC,sex,0.7216981132075472,0.99,False,False,True,ok
Glasser,9,kernel_ridge,"kernel_ridge[alpha=10.0,gamma_mult=0.5]",pred_FC,sex,0.7208657639407187,0.99,False,False,True,ok
4S456Parcels,1,kernel_ridge,"kernel_ridge[alpha=10.0,gamma_mult=1.0]",obs_SC+bv+demo,sex,0.7181818181818181,0.99,False,True,False,ok
Glasser,1,kernel_ridge,"kernel_ridge[alpha=10.0,gamma_mult=1.0]",obs_FC,sex,0.7181818181818181,0.99,False,False,True,ok
4S456Parcels,8,kernel_ridge,"kernel_ridge[alpha=10.0,gamma_mult=1.0]",obs_SC+bv+demo,sex,0.7169811320754718,0.99,False,True,False,ok
Glasser,8,kernel_ridge,"kernel_ridge[alpha=10.0,gamma_mult=1.0]",obs_SC,sex,0.7169811320754718,0.99,False,False,True,ok
Glasser,4,kernel_ridge,"kernel_ridge[alpha=10.0,gamma_mult=1.0]",obs_FC+obs_SC,sex,0.7168141592920354,0.99,False,False,True,ok
4S456Parcels,6,kernel_ridge,"kernel_ridge[alpha=10.0,gamma_mult=1.0]",obs_FC,sex,0.7155963302752294,0.99,False,False,True,ok
4S456Parcels,6,kernel_ridge,"kernel_ridge[alpha=1.0,gamma_mult=2.0]",pred_FC,sex,0.7155963302752294,0.99,False,False,True,ok
4S456Parcels,7,kernel_ridge,"kernel_ridge[alpha=10.0,gamma_mult=0.5]",obs_SC,sex,0.715,0.99,False,False,True,ok
Glasser,5,kernel_ridge,"kernel_ridge[alpha=10.0,gamma_mult=1.0]",obs_FC,sex,0.7147368421052631,0.99,False,False,True,ok
Glasser,6,kernel_ridge,"kernel_ridge[alpha=10.0,gamma_mult=0.5]",pred_FC,sex,0.71436953275016,0.99,False,False,True,ok
Glasser,8,kernel_ridge,"kernel_ridge[alpha=10.0,gamma_mult=1.0]",obs_FC+obs_SC,sex,0.7122641509433962,0.99,False,False,True,ok
Glasser,0,kernel_ridge,"kernel_ridge[alpha=1.0,gamma_mult=2.0]",pred_SC,sex,0.7113631545473817,0.99,False,False,True,ok
Glasser,9,kernel_ridge,"kernel_ridge[alpha=1.0,gamma_mult=2.0]",pred_SC,sex,0.7107900629064932,0.99,False,False,True,ok
4S456Parcels,4,kernel_ridge,"kernel_ridge[alpha=10.0,gamma_mult=1.0]",obs_SC+bv+demo,sex,0.7079646017699115,0.99,False,True,False,ok
Glasser,6,kernel_ridge,"kernel_ridge[alpha=10.0,gamma_mult=1.0]",obs_FC+obs_SC,sex,0.7064220183486238,0.99,False,False,True,ok
Glasser,2,kernel_ridge,"kernel_ridge[alpha=10.0,gamma_mult=2.0]",pred_SC+bv+demo,sex,0.7048192771084337,0.99,False,True,False,ok
4S456Parcels,4,kernel_ridge,"kernel_ridge[alpha=10.0,gamma_mult=1.0]",obs_FC,sex,0.7035398230088495,0.99,False,False,True,ok
4S456Parcels,8,kernel_ridge,"kernel_ridge[alpha=1.0,gamma_mult=2.0]",pred_FC,sex,0.7028301886792453,0.99,False,False,True,ok
Glasser,7,kernel_ridge,"kernel_ridge[alpha=1.0,gamma_mult=2.0]",pred_SC,sex,0.7015789473684211,0.99,False,False,True,ok
Glasser,1,kernel_ridge,"kernel_ridge[alpha=10.0,gamma_mult=1.0]",obs_FC+obs_SC,sex,0.7,0.99,False,False,True,ok
Glasser,5,kernel_ridge,"kernel_ridge[alpha=10.0,gamma_mult=1.0]",obs_FC+obs_SC,sex,0.7,0.99,False,False,True,ok
Glasser,5,kernel_ridge,"kernel_ridge[alpha=1.0,gamma_mult=2.0]",pred_SC,sex,0.6992105263157895,0.99,False,False,True,ok
4S456Parcels,9,kernel_ridge,"kernel_ridge[alpha=10.0,gamma_mult=1.0]",obs_FC+obs_SC,sex,0.6991150442477876,0.99,False,False,True,ok
Glasser,4,kernel_ridge,"kernel_ridge[alpha=1.0,gamma_mult=2.0]",pred_FC,sex,0.6991150442477876,0.99,False,False,True,ok
4S456Parcels,3,pca_pls,pca_pls,obs_SC,sex,0.6979565772669221,0.99,False,False,True,ok
4S456Parcels,9,kernel_ridge,"kernel_ridge[alpha=1.0,gamma_mult=2.0]",pred_FC,sex,0.6946902654867256,0.99,False,False,True,ok
4S456Parcels,0,kernel_ridge,"kernel_ridge[alpha=1.0,gamma_mult=2.0]",pred_FC,sex,0.6933962264150944,0.99,False,False,True,ok
4S456Parcels,0,kernel_ridge,"kernel_ridge[alpha=10.0,gamma_mult=1.0]",obs_FC+obs_SC,sex,0.6886792452830188,0.99,False,False,True,ok
4S456Parcels,8,kernel_ridge,"kernel_ridge[alpha=10.0,gamma_mult=1.0]",obs_FC,sex,0.6886792452830188,0.99,False,False,True,ok
4S456Parcels,4,kernel_ridge,"kernel_ridge[alpha=10.0,gamma_mult=0.5]",pred_SC,sex,0.6885927045111159,0.99,False,False,True,ok
4S456Parcels,6,kernel_ridge,"kernel_ridge[alpha=1.0,gamma_mult=2.0]",pred_SC,sex,0.6880733944954128,0.99,False,False,True,ok
4S456Parcels,0,kernel_ridge,"kernel_ridge[alpha=1.0,gamma_mult=2.0]",pred_SC,sex,0.6877782488870045,0.99,False,False,True,ok
4S456Parcels,6,kernel_ridge,"kernel_ridge[alpha=10.0,gamma_mult=1.0]",obs_SC,sex,0.6868465969703434,0.99,False,False,True,ok
4S456Parcels,9,kernel_ridge,"kernel_ridge[alpha=1.0,gamma_mult=2.0]",pred_SC,sex,0.6858407079646018,0.99,False,False,True,ok
Glasser,9,kernel_ridge,"kernel_ridge[alpha=10.0,gamma_mult=1.0]",obs_FC+obs_SC,sex,0.6858407079646018,0.99,False,False,True,ok
4S456Parcels,7,kernel_ridge,"kernel_ridge[alpha=10.0,gamma_mult=0.5]",obs_FC+obs_SC,sex,0.685,0.99,False,False,True,ok
4S456Parcels,5,kernel_ridge,"kernel_ridge[alpha=10.0,gamma_mult=1.0]",obs_FC,sex,0.6847368421052631,0.99,False,False,True,ok
Glasser,5,pca_pls,pca_pls,obs_SC+bv+demo,sex,0.6823684210526316,0.99,False,True,False,ok
Glasser,6,kernel_ridge,"kernel_ridge[alpha=1.0,gamma_mult=2.0]",pred_SC,sex,0.6822594410070407,0.99,False,False,True,ok
4S456Parcels,1,kernel_ridge,"kernel_ridge[alpha=10.0,gamma_mult=0.5]",pred_SC,sex,0.6818181818181819,0.99,False,False,True,ok
4S456Parcels,1,kernel_ridge,"kernel_ridge[alpha=10.0,gamma_mult=1.0]",obs_FC,sex,0.6818181818181819,0.99,False,False,True,ok
4S456Parcels,1,kernel_ridge,"kernel_ridge[alpha=1.0,gamma_mult=2.0]",pred_FC,sex,0.6818181818181819,0.99,False,False,True,ok
4S456Parcels,5,kernel_ridge,"kernel_ridge[alpha=10.0,gamma_mult=1.0]",obs_FC+obs_SC,sex,0.6799999999999999,0.99,False,False,True,ok
Glasser,6,kernel_ridge,"kernel_ridge[alpha=1.0,gamma_mult=2.0]",pred_FC,sex,0.677672285043738,0.99,False,False,True,ok
4S456Parcels,9,kernel_ridge,"kernel_ridge[alpha=10.0,gamma_mult=1.0]",obs_SC,sex,0.6709670540569357,0.99,False,False,True,ok
4S456Parcels,6,kernel_ridge,"kernel_ridge[alpha=10.0,gamma_mult=1.0]",obs_FC+obs_SC,sex,0.6697247706422018,0.99,False,False,True,ok
4S456Parcels,7,kernel_ridge,"kernel_ridge[alpha=1.0,gamma_mult=2.0]",pred_SC,sex,0.6686842105263158,0.99,False,False,True,ok
Glasser,2,kernel_ridge,"kernel_ridge[alpha=10.0,gamma_mult=1.0]",pred_FC+bv+demo,sex,0.6686746987951807,0.99,False,True,False,ok
4S456Parcels,1,kernel_ridge,"kernel_ridge[alpha=10.0,gamma_mult=1.0]",obs_SC,sex,0.6681818181818182,0.99,False,False,True,ok
4S456Parcels,4,kernel_ridge,"kernel_ridge[alpha=10.0,gamma_mult=0.5]",pred_FC,sex,0.668141592920354,0.99,False,False,True,ok
4S456Parcels,2,kernel_ridge,"kernel_ridge[alpha=1.0,gamma_mult=2.0]",pred_FC,sex,0.6651785714285714,0.99,False,False,True,ok
4S456Parcels,8,kernel_ridge,"kernel_ridge[alpha=10.0,gamma_mult=1.0]",obs_SC,sex,0.6650943396226415,0.99,False,False,True,ok
4S456Parcels,1,kernel_ridge,"kernel_ridge[alpha=10.0,gamma_mult=1.0]",pred_SC+bv+demo,sex,0.6647058823529411,0.99,False,True,False,ok
4S456Parcels,4,kernel_ridge,"kernel_ridge[alpha=10.0,gamma_mult=1.0]",obs_FC+obs_SC,sex,0.6637168141592921,0.99,False,False,True,ok
Glasser,9,kernel_ridge,"kernel_ridge[alpha=1.0,gamma_mult=2.0]",pred_FC,sex,0.6637168141592921,0.99,False,False,True,ok
4S456Parcels,2,kernel_ridge,"kernel_ridge[alpha=10.0,gamma_mult=0.5]",pred_FC+bv+demo,sex,0.6626506024096386,0.99,False,True,False,ok
Glasser,4,kernel_ridge,"kernel_ridge[alpha=1.0,gamma_mult=2.0]",pred_SC,sex,0.6620440319447443,0.99,False,False,True,ok
4S456Parcels,8,kernel_ridge,"kernel_ridge[alpha=10.0,gamma_mult=0.5]",pred_FC,sex,0.660377358490566,0.99,False,False,True,ok
Glasser,7,kernel_ridge,"kernel_ridge[alpha=10.0,gamma_mult=0.5]",obs_SC,sex,0.66,0.99,False,False,True,ok
4S456Parcels,4,kernel_ridge,"kernel_ridge[alpha=1.0,gamma_mult=2.0]",pred_FC,sex,0.6592920353982301,0.99,False,False,True,ok
4S456Parcels,1,kernel_ridge,"kernel_ridge[alpha=1.0,gamma_mult=2.0]",pred_SC,sex,0.6590909090909091,0.99,False,False,True,ok
4S456Parcels,4,pca_pls,pca_pls,obs_FC,sex,0.6588603496654435,0.99,False,False,True,ok
4S456Parcels,1,kernel_ridge,"kernel_ridge[alpha=10.0,gamma_mult=2.0]",pred_SC+bv+demo,sex,0.6588235294117647,0.99,False,True,False,ok
4S456Parcels,8,kernel_ridge,"kernel_ridge[alpha=10.0,gamma_mult=1.0]",pred_SC+bv+demo,sex,0.6573033707865168,0.99,False,True,False,ok
Glasser,8,kernel_ridge,"kernel_ridge[alpha=10.0,gamma_mult=1.0]",pred_SC+bv+demo,sex,0.6573033707865168,0.99,False,True,False,ok
4S456Parcels,2,kernel_ridge,"kernel_ridge[alpha=10.0,gamma_mult=2.0]",pred_FC+bv+demo,sex,0.6566265060240963,0.99,False,True,False,ok
4S456Parcels,2,kernel_ridge,"kernel_ridge[alpha=1.0,gamma_mult=2.0]",pred_SC,sex,0.65625,0.99,False,False,True,ok
Glasser,8,kernel_ridge,"kernel_ridge[alpha=1.0,gamma_mult=2.0]",pred_FC,sex,0.6556603773584906,0.99,False,False,True,ok
Glasser,7,kernel_ridge,"kernel_ridge[alpha=10.0,gamma_mult=0.5]",obs_FC+obs_SC,sex,0.655,0.99,False,False,True,ok
4S456Parcels,4,kernel_ridge,"kernel_ridge[alpha=10.0,gamma_mult=1.0]",obs_SC,sex,0.6548672566371682,0.99,False,False,True,ok
4S456Parcels,8,kernel_ridge,"kernel_ridge[alpha=10.0,gamma_mult=2.0]",pred_SC+bv+demo,sex,0.651685393258427,0.99,False,True,False,ok
Glasser,3,kernel_ridge,"kernel_ridge[alpha=1.0,gamma_mult=2.0]",pred_SC,sex,0.6516602809706258,0.99,False,False,True,ok
4S456Parcels,1,kernel_ridge,"kernel_ridge[alpha=10.0,gamma_mult=0.5]",pred_FC,sex,0.65,0.99,False,False,True,ok
4S456Parcels,5,kernel_ridge,"kernel_ridge[alpha=1.0,gamma_mult=2.0]",pred_SC,sex,0.65,0.99,False,False,True,ok
4S456Parcels,4,kernel_ridge,"kernel_ridge[alpha=1.0,gamma_mult=2.0]",pred_SC,sex,0.6443449169004964,0.99,False,False,True,ok
Glasser,2,kernel_ridge,"kernel_ridge[alpha=1.0,gamma_mult=2.0]",pred_SC,sex,0.6412973321858864,0.99,False,False,True,ok
Glasser,1,kernel_ridge,"kernel_ridge[alpha=10.0,gamma_mult=0.5]",pred_FC,sex,0.6409090909090909,0.99,False,False,True,ok
Glasser,8,kernel_ridge,"kernel_ridge[alpha=10.0,gamma_mult=2.0]",pred_SC+bv+demo,sex,0.6404494382022472,0.99,False,True,False,ok
4S456Parcels,7,kernel_ridge,"kernel_ridge[alpha=10.0,gamma_mult=0.5]",obs_FC+bv+demo,sex,0.64,0.99,False,True,False,ok
Glasser,1,kernel_ridge,"kernel_ridge[alpha=1.0,gamma_mult=2.0]",pred_FC,sex,0.639572192513369,0.99,False,False,True,ok
Glasser,2,kernel_ridge,"kernel_ridge[alpha=1.0,gamma_mult=2.0]",pred_FC,sex,0.6383928571428572,0.99,False,False,True,ok
Glasser,7,kernel_ridge,"kernel_ridge[alpha=10.0,gamma_mult=2.0]",obs_SC+bv+demo,sex,0.6368421052631579,0.99,False,True,False,ok
4S456Parcels,8,kernel_ridge,"kernel_ridge[alpha=10.0,gamma_mult=1.0]",obs_FC+obs_SC,sex,0.6367924528301887,0.99,False,False,True,ok
Glasser,8,kernel_ridge,"kernel_ridge[alpha=10.0,gamma_mult=0.5]",pred_FC,sex,0.6367924528301887,0.99,False,False,True,ok
Glasser,4,kernel_ridge,"kernel_ridge[alpha=10.0,gamma_mult=1.0]",pred_SC+bv+demo,sex,0.6341463414634146,0.99,False,True,False,ok
Glasser,4,kernel_ridge,"kernel_ridge[alpha=10.0,gamma_mult=2.0]",pred_SC+bv+demo,sex,0.6341463414634146,0.99,False,True,False,ok
4S456Parcels,6,kernel_ridge,"kernel_ridge[alpha=10.0,gamma_mult=2.0]",pred_SC+bv+demo,sex,0.6337209302325582,0.99,False,True,False,ok
Glasser,7,kernel_ridge,"kernel_ridge[alpha=10.0,gamma_mult=2.0]",obs_FC+bv+demo,sex,0.6263157894736842,0.99,False,True,False,ok
Glasser,2,kernel_ridge,"kernel_ridge[alpha=10.0,gamma_mult=1.0]",obs_FC+bv+demo,sex,0.625,0.99,False,True,False,ok
Glasser,7,kernel_ridge,"kernel_ridge[alpha=10.0,gamma_mult=0.5]",obs_FC+bv+demo,sex,0.625,0.99,False,True,False,ok
4S456Parcels,1,kernel_ridge,"kernel_ridge[alpha=10.0,gamma_mult=1.0]",obs_FC+obs_SC,sex,0.6227272727272727,0.99,False,False,True,ok
4S456Parcels,4,kernel_ridge,"kernel_ridge[alpha=10.0,gamma_mult=2.0]",pred_SC+bv+demo,sex,0.6219512195121951,0.99,False,True,False,ok
Glasser,7,kernel_ridge,"kernel_ridge[alpha=10.0,gamma_mult=2.0]",obs_SC,sex,0.6210526315789474,0.99,False,False,True,ok
4S456Parcels,7,kernel_ridge,"kernel_ridge[alpha=10.0,gamma_mult=0.5]",obs_FC,sex,0.62,0.99,False,False,True,ok
4S456Parcels,8,kernel_ridge,"kernel_ridge[alpha=10.0,gamma_mult=1.0]",pred_FC+bv+demo,sex,0.6179775280898876,0.99,False,True,False,ok
Glasser,1,kernel_ridge,"kernel_ridge[alpha=10.0,gamma_mult=1.0]",pred_SC+bv+demo,sex,0.6176470588235294,0.99,False,True,False,ok
Glasser,7,kernel_ridge,"kernel_ridge[alpha=10.0,gamma_mult=1.0]",pred_SC,sex,0.6168421052631579,0.99,False,False,True,ok
4S456Parcels,4,kernel_ridge,"kernel_ridge[alpha=10.0,gamma_mult=1.0]",pred_SC+bv+demo,sex,0.6158536585365854,0.99,False,True,False,ok
Glasser,4,kernel_ridge,"kernel_ridge[alpha=10.0,gamma_mult=2.0]",pred_FC+bv+demo,sex,0.6158536585365854,0.99,False,True,False,ok
Glasser,2,kernel_ridge,"kernel_ridge[alpha=10.0,gamma_mult=0.5]",pred_FC+bv+demo,sex,0.6144578313253012,0.99,False,True,False,ok
4S456Parcels,8,kernel_ridge,"kernel_ridge[alpha=10.0,gamma_mult=2.0]",pred_FC+bv+demo,sex,0.6123595505617978,0.99,False,True,False,ok
4S456Parcels,1,kernel_ridge,"kernel_ridge[alpha=10.0,gamma_mult=1.0]",pred_FC+bv+demo,sex,0.611764705882353,0.99,False,True,False,ok
4S456Parcels,1,kernel_ridge,"kernel_ridge[alpha=10.0,gamma_mult=2.0]",pred_FC+bv+demo,sex,0.611764705882353,0.99,False,True,False,ok
4S456Parcels,2,pca_pls,pca_pls,pred_FC,sex,0.6108003442340791,0.99,False,False,True,ok
4S456Parcels,4,kernel_ridge,"kernel_ridge[alpha=10.0,gamma_mult=2.0]",pred_FC+bv+demo,sex,0.6097560975609756,0.99,False,True,False,ok
Glasser,4,kernel_ridge,"kernel_ridge[alpha=10.0,gamma_mult=1.0]",pred_FC+bv+demo,sex,0.6097560975609756,0.99,False,True,False,ok
Glasser,1,kernel_ridge,"kernel_ridge[alpha=10.0,gamma_mult=2.0]",pred_SC+bv+demo,sex,0.6058823529411764,0.99,False,True,False,ok
4S456Parcels,6,kernel_ridge,"kernel_ridge[alpha=10.0,gamma_mult=1.0]",pred_SC+bv+demo,sex,0.6046511627906976,0.99,False,True,False,ok
4S456Parcels,4,kernel_ridge,"kernel_ridge[alpha=10.0,gamma_mult=1.0]",pred_FC+bv+demo,sex,0.6036585365853658,0.99,False,True,False,ok
Glasser,2,kernel_ridge,"kernel_ridge[alpha=10.0,gamma_mult=2.0]",pred_FC+bv+demo,sex,0.6024096385542168,0.99,False,True,False,ok
Glasser,7,kernel_ridge,"kernel_ridge[alpha=10.0,gamma_mult=0.5]",obs_FC,sex,0.6,0.99,False,False,True,ok
Glasser,7,kernel_ridge,"kernel_ridge[alpha=10.0,gamma_mult=1.0]",pred_FC,sex,0.6,0.99,False,False,True,ok
Glasser,2,kernel_ridge,"kernel_ridge[alpha=10.0,gamma_mult=1.0]",obs_FC,sex,0.5982142857142857,0.99,False,False,True,ok
Glasser,2,kernel_ridge,"kernel_ridge[alpha=10.0,gamma_mult=1.0]",obs_SC+bv+demo,sex,0.5982142857142857,0.99,False,True,False,ok
4S456Parcels,0,kernel_ridge,"kernel_ridge[alpha=10.0,gamma_mult=2.0]",pred_SC+bv+demo,sex,0.5955056179775281,0.99,False,True,False,ok
Glasser,1,kernel_ridge,"kernel_ridge[alpha=10.0,gamma_mult=1.0]",pred_FC+bv+demo,sex,0.5941176470588235,0.99,False,True,False,ok
Glasser,0,kernel_ridge,"kernel_ridge[alpha=10.0,gamma_mult=2.0]",pred_SC+bv+demo,sex,0.5898876404494382,0.99,False,True,False,ok
4S456Parcels,5,kernel_ridge,"kernel_ridge[alpha=10.0,gamma_mult=2.0]",pred_SC+bv+demo,sex,0.5894736842105264,0.99,False,True,False,ok
Glasser,3,kernel_ridge,"kernel_ridge[alpha=10.0,gamma_mult=2.0]",pred_SC+bv+demo,sex,0.5862068965517242,0.99,False,True,False,ok
Glasser,2,kernel_ridge,"kernel_ridge[alpha=10.0,gamma_mult=1.0]",obs_SC,sex,0.5848214285714286,0.99,False,False,True,ok
4S456Parcels,9,pca_pls,pca_pls,pred_SC,sex,0.584390659985073,0.99,False,False,True,ok
Glasser,8,kernel_ridge,"kernel_ridge[alpha=10.0,gamma_mult=1.0]",pred_FC+bv+demo,sex,0.5842696629213483,0.99,False,True,False,ok
Glasser,1,kernel_ridge,"kernel_ridge[alpha=10.0,gamma_mult=2.0]",pred_FC+bv+demo,sex,0.5823529411764706,0.99,False,True,False,ok
4S456Parcels,6,kernel_ridge,"kernel_ridge[alpha=10.0,gamma_mult=1.0]",pred_FC+bv+demo,sex,0.5813953488372093,0.99,False,True,False,ok
4S456Parcels,6,kernel_ridge,"kernel_ridge[alpha=10.0,gamma_mult=2.0]",pred_FC+bv+demo,sex,0.5813953488372093,0.99,False,True,False,ok
Glasser,0,kernel_ridge,"kernel_ridge[alpha=10.0,gamma_mult=2.0]",obs_SC,sex,0.5801886792452831,0.99,False,False,True,ok
Glasser,8,kernel_ridge,"kernel_ridge[alpha=10.0,gamma_mult=2.0]",obs_FC+bv+demo,sex,0.5801886792452831,0.99,False,True,False,ok
Glasser,5,kernel_ridge,"kernel_ridge[alpha=10.0,gamma_mult=2.0]",obs_SC,sex,0.58,0.99,False,False,True,ok
4S456Parcels,7,kernel_ridge,"kernel_ridge[alpha=10.0,gamma_mult=2.0]",obs_FC+bv+demo,sex,0.5789473684210527,0.99,False,True,False,ok
Glasser,7,kernel_ridge,"kernel_ridge[alpha=10.0,gamma_mult=2.0]",obs_FC,sex,0.5789473684210527,0.99,False,False,True,ok
Glasser,3,kernel_ridge,"kernel_ridge[alpha=10.0,gamma_mult=2.0]",obs_SC+bv+demo,sex,0.5787037037037037,0.99,False,True,False,ok
4S456Parcels,9,kernel_ridge,"kernel_ridge[alpha=10.0,gamma_mult=2.0]",pred_SC+bv+demo,sex,0.5783132530120482,0.99,False,True,False,ok
4S456Parcels,7,pca_pls,pca_pls,pred_SC,sex,0.575,0.99,False,False,True,ok
4S456Parcels,0,pca_pls,pca_pls,obs_SC,sex,0.574252702989188,0.99,False,False,True,ok
Glasser,3,kernel_ridge,"kernel_ridge[alpha=10.0,gamma_mult=2.0]",obs_SC,sex,0.5740740740740741,0.99,False,False,True,ok
Glasser,3,kernel_ridge,"kernel_ridge[alpha=10.0,gamma_mult=2.0]",obs_FC+bv+demo,sex,0.5740740740740741,0.99,False,True,False,ok
4S456Parcels,7,kernel_ridge,"kernel_ridge[alpha=10.0,gamma_mult=1.0]",pred_FC,sex,0.5736842105263158,0.99,False,False,True,ok
4S456Parcels,7,kernel_ridge,"kernel_ridge[alpha=10.0,gamma_mult=2.0]",obs_SC,sex,0.5736842105263158,0.99,False,False,True,ok
4S456Parcels,7,kernel_ridge,"kernel_ridge[alpha=10.0,gamma_mult=2.0]",obs_SC+bv+demo,sex,0.5736842105263158,0.99,False,True,False,ok
4S456Parcels,0,kernel_ridge,"kernel_ridge[alpha=10.0,gamma_mult=1.0]",pred_SC+bv+demo,sex,0.5730337078651685,0.99,False,True,False,ok
Glasser,0,kernel_ridge,"kernel_ridge[alpha=10.0,gamma_mult=1.0]",pred_SC+bv+demo,sex,0.5730337078651685,0.99,False,True,False,ok
Glasser,8,kernel_ridge,"kernel_ridge[alpha=10.0,gamma_mult=2.0]",pred_FC+bv+demo,sex,0.5730337078651685,0.99,False,True,False,ok
Glasser,9,kernel_ridge,"kernel_ridge[alpha=10.0,gamma_mult=2.0]",pred_SC+bv+demo,sex,0.572289156626506,0.99,False,True,False,ok
4S456Parcels,2,kernel_ridge,"kernel_ridge[alpha=10.0,gamma_mult=1.0]",obs_FC+bv+demo,sex,0.5714285714285714,0.99,False,True,False,ok
Glasser,4,kernel_ridge,"kernel_ridge[alpha=10.0,gamma_mult=2.0]",obs_FC,sex,0.5707964601769911,0.99,False,False,True,ok
Glasser,4,kernel_ridge,"kernel_ridge[alpha=10.0,gamma_mult=2.0]",obs_FC+bv+demo,sex,0.5707964601769911,0.99,False,True,False,ok
Glasser,0,kernel_ridge,"kernel_ridge[alpha=10.0,gamma_mult=2.0]",obs_FC+bv+demo,sex,0.5707547169811321,0.99,False,True,False,ok
Glasser,8,kernel_ridge,"kernel_ridge[alpha=10.0,gamma_mult=2.0]",obs_FC,sex,0.5707547169811321,0.99,False,False,True,ok
Glasser,3,kernel_ridge,"kernel_ridge[alpha=10.0,gamma_mult=1.0]",pred_SC,sex,0.5694444444444444,0.99,False,False,True,ok
Glasser,0,kernel_ridge,"kernel_ridge[alpha=10.0,gamma_mult=2.0]",pred_FC+bv+demo,sex,0.5674157303370786,0.99,False,True,False,ok
4S456Parcels,2,kernel_ridge,"kernel_ridge[alpha=10.0,gamma_mult=1.0]",obs_FC,sex,0.5669642857142857,0.99,False,False,True,ok
4S456Parcels,9,kernel_ridge,"kernel_ridge[alpha=10.0,gamma_mult=1.0]",pred_SC+bv+demo,sex,0.5662650602409639,0.99,False,True,False,ok
Glasser,5,pca_pls,pca_pls,pred_SC,sex,0.565,0.99,False,False,True,ok
Glasser,6,kernel_ridge,"kernel_ridge[alpha=10.0,gamma_mult=2.0]",pred_SC+bv+demo,sex,0.563953488372093,0.99,False,True,False,ok
Glasser,3,kernel_ridge,"kernel_ridge[alpha=10.0,gamma_mult=2.0]",obs_FC,sex,0.5636973180076629,0.99,False,False,True,ok
4S456Parcels,5,kernel_ridge,"kernel_ridge[alpha=10.0,gamma_mult=1.0]",pred_SC+bv+demo,sex,0.5631578947368421,0.99,False,True,False,ok
4S456Parcels,5,kernel_ridge,"kernel_ridge[alpha=10.0,gamma_mult=2.0]",pred_FC+bv+demo,sex,0.5631578947368421,0.99,False,True,False,ok
Glasser,5,kernel_ridge,"kernel_ridge[alpha=10.0,gamma_mult=2.0]",pred_FC+bv+demo,sex,0.5631578947368421,0.99,False,True,False,ok
Glasser,2,kernel_ridge,"kernel_ridge[alpha=10.0,gamma_mult=0.5]",pred_SC,sex,0.5625,0.99,False,False,True,ok
Glasser,0,kernel_ridge,"kernel_ridge[alpha=10.0,gamma_mult=2.0]",obs_SC+bv+demo,sex,0.5613207547169812,0.99,False,True,False,ok
4S456Parcels,3,kernel_ridge,"kernel_ridge[alpha=10.0,gamma_mult=1.0]",pred_SC,sex,0.5601851851851852,0.99,False,False,True,ok
Glasser,5,kernel_ridge,"kernel_ridge[alpha=10.0,gamma_mult=2.0]",obs_SC+bv+demo,sex,0.56,0.99,False,True,False,ok
Glasser,6,kernel_ridge,"kernel_ridge[alpha=10.0,gamma_mult=1.0]",pred_SC+bv+demo,sex,0.5581395348837209,0.99,False,True,False,ok
4S456Parcels,5,kernel_ridge,"kernel_ridge[alpha=10.0,gamma_mult=1.0]",pred_FC+bv+demo,sex,0.5578947368421052,0.99,False,True,False,ok
Glasser,9,kernel_ridge,"kernel_ridge[alpha=10.0,gamma_mult=2.0]",obs_FC+bv+demo,sex,0.5575221238938053,0.99,False,True,False,ok
4S456Parcels,8,kernel_ridge,"kernel_ridge[alpha=10.0,gamma_mult=2.0]",obs_FC,sex,0.5566037735849056,0.99,False,False,True,ok
4S456Parcels,0,kernel_ridge,"kernel_ridge[alpha=10.0,gamma_mult=2.0]",pred_FC+bv+demo,sex,0.5561797752808989,0.99,False,True,False,ok
Glasser,0,kernel_ridge,"kernel_ridge[alpha=10.0,gamma_mult=1.0]",pred_FC+bv+demo,sex,0.5561797752808989,0.99,False,True,False,ok
4S456Parcels,3,kernel_ridge,"kernel_ridge[alpha=10.0,gamma_mult=2.0]",obs_FC,sex,0.5555555555555556,0.99,False,False,True,ok
Glasser,3,kernel_ridge,"kernel_ridge[alpha=10.0,gamma_mult=1.0]",pred_FC,sex,0.5555555555555556,0.99,False,False,True,ok
Glasser,6,kernel_ridge,"kernel_ridge[alpha=10.0,gamma_mult=2.0]",obs_FC,sex,0.555045871559633,0.99,False,False,True,ok
Glasser,6,pca_pls,pca_pls,pred_FC,sex,0.5542991252400256,0.99,False,False,True,ok
Glasser,9,kernel_ridge,"kernel_ridge[alpha=10.0,gamma_mult=1.0]",pred_SC+bv+demo,sex,0.5542168674698795,0.99,False,True,False,ok
4S456Parcels,9,kernel_ridge,"kernel_ridge[alpha=10.0,gamma_mult=2.0]",obs_FC,sex,0.5530973451327433,0.99,False,False,True,ok
Glasser,5,kernel_ridge,"kernel_ridge[alpha=10.0,gamma_mult=2.0]",pred_SC+bv+demo,sex,0.5526315789473684,0.99,False,True,False,ok
4S456Parcels,3,kernel_ridge,"kernel_ridge[alpha=10.0,gamma_mult=2.0]",pred_SC+bv+demo,sex,0.5517241379310345,0.99,False,True,False,ok
4S456Parcels,3,kernel_ridge,"kernel_ridge[alpha=10.0,gamma_mult=2.0]",pred_FC+bv+demo,sex,0.5517241379310345,0.99,False,True,False,ok
4S456Parcels,0,kernel_ridge,"kernel_ridge[alpha=10.0,gamma_mult=1.0]",pred_FC+bv+demo,sex,0.550561797752809,0.99,False,True,False,ok
Glasser,6,kernel_ridge,"kernel_ridge[alpha=10.0,gamma_mult=2.0]",obs_SC,sex,0.5504587155963303,0.99,False,False,True,ok
4S456Parcels,2,kernel_ridge,"kernel_ridge[alpha=10.0,gamma_mult=1.0]",obs_SC,sex,0.5491071428571429,0.99,False,False,True,ok
4S456Parcels,4,kernel_ridge,"kernel_ridge[alpha=10.0,gamma_mult=2.0]",obs_FC,sex,0.5486725663716814,0.99,False,False,True,ok
Glasser,9,kernel_ridge,"kernel_ridge[alpha=10.0,gamma_mult=2.0]",obs_FC,sex,0.5486725663716814,0.99,False,False,True,ok
Glasser,5,kernel_ridge,"kernel_ridge[alpha=10.0,gamma_mult=1.0]",pred_SC+bv+demo,sex,0.5473684210526316,0.99,False,True,False,ok
Glasser,5,kernel_ridge,"kernel_ridge[alpha=10.0,gamma_mult=1.0]",pred_FC+bv+demo,sex,0.5473684210526316,0.99,False,True,False,ok
Glasser,0,kernel_ridge,"kernel_ridge[alpha=10.0,gamma_mult=2.0]",obs_FC,sex,0.5471698113207547,0.99,False,False,True,ok
4S456Parcels,3,kernel_ridge,"kernel_ridge[alpha=10.0,gamma_mult=2.0]",obs_SC,sex,0.5462962962962963,0.99,False,False,True,ok
Glasser,3,kernel_ridge,"kernel_ridge[alpha=10.0,gamma_mult=1.0]",pred_SC+bv+demo,sex,0.5459770114942528,0.99,False,True,False,ok
Glasser,3,kernel_ridge,"kernel_ridge[alpha=10.0,gamma_mult=2.0]",pred_FC+bv+demo,sex,0.5459770114942528,0.99,False,True,False,ok
Glasser,5,kernel_ridge,"kernel_ridge[alpha=10.0,gamma_mult=1.0]",pred_SC,sex,0.545,0.99,False,False,True,ok
Glasser,5,kernel_ridge,"kernel_ridge[alpha=10.0,gamma_mult=2.0]",obs_FC+bv+demo,sex,0.545,0.99,False,True,False,ok
4S456Parcels,8,kernel_ridge,"kernel_ridge[alpha=10.0,gamma_mult=2.0]",obs_FC+bv+demo,sex,0.5424528301886793,0.99,False,True,False,ok
Glasser,0,kernel_ridge,"kernel_ridge[alpha=10.0,gamma_mult=1.0]",pred_SC,sex,0.5424528301886793,0.99,False,False,True,ok
Glasser,0,kernel_ridge,"kernel_ridge[alpha=10.0,gamma_mult=1.0]",pred_FC,sex,0.5424528301886793,0.99,False,False,True,ok
4S456Parcels,9,kernel_ridge,"kernel_ridge[alpha=10.0,gamma_mult=1.0]",pred_FC+bv+demo,sex,0.5421686746987951,0.99,False,True,False,ok
4S456Parcels,9,kernel_ridge,"kernel_ridge[alpha=10.0,gamma_mult=2.0]",pred_FC+bv+demo,sex,0.5421686746987951,0.99,False,True,False,ok
4S456Parcels,3,kernel_ridge,"kernel_ridge[alpha=10.0,gamma_mult=2.0]",obs_FC+bv+demo,sex,0.5416666666666666,0.99,False,True,False,ok
4S456Parcels,3,kernel_ridge,"kernel_ridge[alpha=10.0,gamma_mult=2.0]",obs_SC+bv+demo,sex,0.5416666666666666,0.99,False,True,False,ok
Glasser,6,kernel_ridge,"kernel_ridge[alpha=10.0,gamma_mult=1.0]",pred_SC,sex,0.5412844036697247,0.99,False,False,True,ok
Glasser,6,kernel_ridge,"kernel_ridge[alpha=10.0,gamma_mult=2.0]",obs_FC+bv+demo,sex,0.5412844036697247,0.99,False,True,False,ok
Glasser,7,pca_pls,pca_pls,obs_SC+bv+demo,sex,0.5410526315789473,0.99,False,True,False,ok
Glasser,1,kernel_ridge,"kernel_ridge[alpha=10.0,gamma_mult=2.0]",obs_SC,sex,0.5409090909090909,0.99,False,False,True,ok
4S456Parcels,2,kernel_ridge,"kernel_ridge[alpha=10.0,gamma_mult=1.0]",obs_FC+obs_SC,sex,0.5401785714285714,0.99,False,False,True,ok
4S456Parcels,2,kernel_ridge,"kernel_ridge[alpha=10.0,gamma_mult=1.0]",obs_SC+bv+demo,sex,0.5401785714285714,0.99,False,True,False,ok
4S456Parcels,5,kernel_ridge,"kernel_ridge[alpha=10.0,gamma_mult=2.0]",obs_SC,sex,0.54,0.99,False,False,True,ok
Glasser,5,kernel_ridge,"kernel_ridge[alpha=10.0,gamma_mult=2.0]",obs_FC,sex,0.54,0.99,False,False,True,ok
4S456Parcels,4,kernel_ridge,"kernel_ridge[alpha=10.0,gamma_mult=2.0]",obs_FC+bv+demo,sex,0.5398230088495575,0.99,False,True,False,ok
4S456Parcels,9,kernel_ridge,"kernel_ridge[alpha=10.0,gamma_mult=2.0]",obs_FC+bv+demo,sex,0.5398230088495575,0.99,False,True,False,ok
Glasser,9,kernel_ridge,"kernel_ridge[alpha=10.0,gamma_mult=1.0]",pred_SC,sex,0.5398230088495575,0.99,False,False,True,ok
Glasser,7,pca_pls,pca_pls,pred_FC,sex,0.5384210526315789,0.99,False,False,True,ok
4S456Parcels,0,kernel_ridge,"kernel_ridge[alpha=10.0,gamma_mult=2.0]",obs_FC,sex,0.5377358490566038,0.99,False,False,True,ok
4S456Parcels,0,kernel_ridge,"kernel_ridge[alpha=10.0,gamma_mult=2.0]",obs_SC+bv+demo,sex,0.5377358490566038,0.99,False,True,False,ok
4S456Parcels,3,kernel_ridge,"kernel_ridge[alpha=10.0,gamma_mult=1.0]",pred_FC,sex,0.537037037037037,0.99,False,False,True,ok
4S456Parcels,7,kernel_ridge,"kernel_ridge[alpha=10.0,gamma_mult=2.0]",obs_FC,sex,0.5368421052631579,0.99,False,False,True,ok
4S456Parcels,7,kernel_ridge,"kernel_ridge[alpha=10.0,gamma_mult=2.0]",obs_FC+obs_SC,sex,0.5368421052631579,0.99,False,False,True,ok
Glasser,7,kernel_ridge,"kernel_ridge[alpha=10.0,gamma_mult=2.0]",obs_FC+obs_SC,sex,0.5368421052631579,0.99,False,False,True,ok
Glasser,6,kernel_ridge,"kernel_ridge[alpha=10.0,gamma_mult=2.0]",obs_SC+bv+demo,sex,0.536697247706422,0.99,False,True,False,ok
Glasser,1,kernel_ridge,"kernel_ridge[alpha=10.0,gamma_mult=2.0]",obs_SC+bv+demo,sex,0.5363636363636364,0.99,False,True,False,ok
Glasser,2,kernel_ridge,"kernel_ridge[alpha=10.0,gamma_mult=2.0]",obs_FC,sex,0.5357142857142857,0.99,False,False,True,ok
Glasser,4,kernel_ridge,"kernel_ridge[alpha=10.0,gamma_mult=2.0]",obs_SC,sex,0.5353982300884956,0.99,False,False,True,ok
Glasser,9,kernel_ridge,"kernel_ridge[alpha=10.0,gamma_mult=2.0]",obs_SC+bv+demo,sex,0.5353982300884956,0.99,False,True,False,ok
4S456Parcels,7,kernel_ridge,"kernel_ridge[alpha=10.0,gamma_mult=2.0]",pred_FC+bv+demo,sex,0.535,0.99,False,True,False,ok
Glasser,6,kernel_ridge,"kernel_ridge[alpha=10.0,gamma_mult=1.0]",pred_FC+bv+demo,sex,0.5348837209302325,0.99,False,True,False,ok
Glasser,6,kernel_ridge,"kernel_ridge[alpha=10.0,gamma_mult=2.0]",pred_FC+bv+demo,sex,0.5348837209302325,0.99,False,True,False,ok
4S456Parcels,0,kernel_ridge,"kernel_ridge[alpha=10.0,gamma_mult=2.0]",obs_SC,sex,0.5330188679245284,0.99,False,False,True,ok
4S456Parcels,0,kernel_ridge,"kernel_ridge[alpha=10.0,gamma_mult=2.0]",obs_FC+bv+demo,sex,0.5330188679245284,0.99,False,True,False,ok
Glasser,8,kernel_ridge,"kernel_ridge[alpha=10.0,gamma_mult=2.0]",obs_SC+bv+demo,sex,0.5330188679245284,0.99,False,True,False,ok
4S456Parcels,6,kernel_ridge,"kernel_ridge[alpha=10.0,gamma_mult=2.0]",obs_FC+bv+demo,sex,0.5321100917431193,0.99,False,True,False,ok
Glasser,1,kernel_ridge,"kernel_ridge[alpha=10.0,gamma_mult=2.0]",obs_FC,sex,0.5318181818181819,0.99,False,False,True,ok
4S456Parcels,7,kernel_ridge,"kernel_ridge[alpha=10.0,gamma_mult=1.0]",pred_SC,sex,0.531578947368421,0.99,False,False,True,ok
4S456Parcels,2,kernel_ridge,"kernel_ridge[alpha=10.0,gamma_mult=0.5]",pred_SC,sex,0.53125,0.99,False,False,True,ok
Glasser,2,kernel_ridge,"kernel_ridge[alpha=10.0,gamma_mult=1.0]",obs_FC+obs_SC,sex,0.53125,0.99,False,False,True,ok
Glasser,2,kernel_ridge,"kernel_ridge[alpha=10.0,gamma_mult=2.0]",obs_FC+bv+demo,sex,0.53125,0.99,False,True,False,ok
Glasser,4,kernel_ridge,"kernel_ridge[alpha=10.0,gamma_mult=1.0]",pred_SC,sex,0.5309734513274337,0.99,False,False,True,ok
Glasser,9,kernel_ridge,"kernel_ridge[alpha=10.0,gamma_mult=2.0]",obs_SC,sex,0.5309734513274337,0.99,False,False,True,ok
Glasser,7,kernel_ridge,"kernel_ridge[alpha=10.0,gamma_mult=2.0]",pred_FC+bv+demo,sex,0.53,0.99,False,True,False,ok
Glasser,8,pca_pls,pca_pls,obs_FC,sex,0.5288848844604621,0.99,False,False,True,ok
4S456Parcels,3,kernel_ridge,"kernel_ridge[alpha=10.0,gamma_mult=1.0]",pred_SC+bv+demo,sex,0.5287356321839081,0.99,False,True,False,ok
4S456Parcels,0,kernel_ridge,"kernel_ridge[alpha=10.0,gamma_mult=1.0]",pred_FC,sex,0.5283018867924528,0.99,False,False,True,ok
4S456Parcels,8,kernel_ridge,"kernel_ridge[alpha=10.0,gamma_mult=0.5]",pred_SC+bv+demo,sex,0.5280898876404494,0.99,False,True,False,ok
4S456Parcels,6,kernel_ridge,"kernel_ridge[alpha=10.0,gamma_mult=2.0]",obs_SC,sex,0.5275229357798166,0.99,False,False,True,ok
Glasser,1,kernel_ridge,"kernel_ridge[alpha=10.0,gamma_mult=2.0]",obs_FC+bv+demo,sex,0.5272727272727272,0.99,False,True,False,ok
4S456Parcels,2,kernel_ridge,"kernel_ridge[alpha=10.0,gamma_mult=0.5]",pred_FC,sex,0.5267857142857143,0.99,False,False,True,ok
4S456Parcels,9,kernel_ridge,"kernel_ridge[alpha=10.0,gamma_mult=1.0]",pred_SC,sex,0.5265486725663717,0.99,False,False,True,ok
4S456Parcels,5,kernel_ridge,"kernel_ridge[alpha=10.0,gamma_mult=2.0]",obs_SC+bv+demo,sex,0.525,0.99,False,True,False,ok
4S456Parcels,7,kernel_ridge,"kernel_ridge[alpha=10.0,gamma_mult=2.0]",pred_SC+bv+demo,sex,0.525,0.99,False,True,False,ok
Glasser,5,kernel_ridge,"kernel_ridge[alpha=10.0,gamma_mult=2.0]",obs_FC+obs_SC,sex,0.525,0.99,False,False,True,ok
4S456Parcels,8,kernel_ridge,"kernel_ridge[alpha=10.0,gamma_mult=2.0]",obs_SC+bv+demo,sex,0.5235849056603774,0.99,False,True,False,ok
Glasser,1,kernel_ridge,"kernel_ridge[alpha=10.0,gamma_mult=0.5]",pred_SC+bv+demo,sex,0.5235294117647059,0.99,False,True,False,ok
4S456Parcels,3,kernel_ridge,"kernel_ridge[alpha=10.0,gamma_mult=1.0]",pred_FC+bv+demo,sex,0.5229885057471264,0.99,False,True,False,ok
4S456Parcels,6,kernel_ridge,"kernel_ridge[alpha=10.0,gamma_mult=2.0]",obs_FC,sex,0.5229357798165137,0.99,False,False,True,ok
Glasser,2,kernel_ridge,"kernel_ridge[alpha=10.0,gamma_mult=0.5]",pred_FC,sex,0.5223214285714286,0.99,False,False,True,ok
4S456Parcels,9,kernel_ridge,"kernel_ridge[alpha=10.0,gamma_mult=1.0]",pred_FC,sex,0.5221238938053098,0.99,False,False,True,ok
4S456Parcels,5,kernel_ridge,"kernel_ridge[alpha=10.0,gamma_mult=1.0]",pred_SC,sex,0.52,0.99,False,False,True,ok
4S456Parcels,5,kernel_ridge,"kernel_ridge[alpha=10.0,gamma_mult=1.0]",pred_FC,sex,0.52,0.99,False,False,True,ok
4S456Parcels,0,kernel_ridge,"kernel_ridge[alpha=10.0,gamma_mult=1.0]",pred_SC,sex,0.5188679245283019,0.99,False,False,True,ok
Glasser,3,kernel_ridge,"kernel_ridge[alpha=10.0,gamma_mult=2.0]",obs_FC+obs_SC,sex,0.5185185185185185,0.99,False,False,True,ok
Glasser,6,kernel_ridge,"kernel_ridge[alpha=10.0,gamma_mult=1.0]",pred_FC,sex,0.518348623853211,0.99,False,False,True,ok
4S456Parcels,1,kernel_ridge,"kernel_ridge[alpha=10.0,gamma_mult=2.0]",obs_SC,sex,0.5181818181818182,0.99,False,False,True,ok
Glasser,9,kernel_ridge,"kernel_ridge[alpha=10.0,gamma_mult=1.0]",pred_FC+bv+demo,sex,0.5180722891566265,0.99,False,True,False,ok
Glasser,9,kernel_ridge,"kernel_ridge[alpha=10.0,gamma_mult=2.0]",pred_FC+bv+demo,sex,0.5180722891566265,0.99,False,True,False,ok
4S456Parcels,4,kernel_ridge,"kernel_ridge[alpha=10.0,gamma_mult=2.0]",obs_SC,sex,0.5176991150442478,0.99,False,False,True,ok
Glasser,1,kernel_ridge,"kernel_ridge[alpha=10.0,gamma_mult=0.5]",pred_FC+bv+demo,sex,0.5176470588235295,0.99,False,True,False,ok
Glasser,3,kernel_ridge,"kernel_ridge[alpha=10.0,gamma_mult=1.0]",pred_FC+bv+demo,sex,0.5172413793103449,0.99,False,True,False,ok
Glasser,5,kernel_ridge,"kernel_ridge[alpha=10.0,gamma_mult=1.0]",pred_FC,sex,0.515,0.99,False,False,True,ok
Glasser,7,kernel_ridge,"kernel_ridge[alpha=10.0,gamma_mult=2.0]",pred_SC+bv+demo,sex,0.515,0.99,False,True,False,ok
4S456Parcels,8,pca_pls,pca_pls,pred_FC,sex,0.5142569429722281,0.99,False,False,True,ok
4S456Parcels,8,kernel_ridge,"kernel_ridge[alpha=10.0,gamma_mult=2.0]",obs_SC,sex,0.5141509433962265,0.99,False,False,True,ok
Glasser,8,kernel_ridge,"kernel_ridge[alpha=10.0,gamma_mult=1.0]",pred_SC,sex,0.5141509433962265,0.99,False,False,True,ok
Glasser,8,kernel_ridge,"kernel_ridge[alpha=10.0,gamma_mult=2.0]",obs_SC,sex,0.5141509433962265,0.99,False,False,True,ok
Glasser,8,kernel_ridge,"kernel_ridge[alpha=10.0,gamma_mult=2.0]",obs_FC+obs_SC,sex,0.5141509433962265,0.99,False,False,True,ok
4S456Parcels,6,kernel_ridge,"kernel_ridge[alpha=10.0,gamma_mult=1.0]",pred_FC,sex,0.5137614678899083,0.99,False,False,True,ok
Glasser,1,kernel_ridge,"kernel_ridge[alpha=10.0,gamma_mult=1.0]",pred_SC,sex,0.5136363636363637,0.99,False,False,True,ok
Glasser,1,kernel_ridge,"kernel_ridge[alpha=10.0,gamma_mult=1.0]",pred_FC,sex,0.5136363636363637,0.99,False,False,True,ok
4S456Parcels,2,kernel_ridge,"kernel_ridge[alpha=10.0,gamma_mult=2.0]",obs_FC,sex,0.5133928571428571,0.99,False,False,True,ok
Glasser,2,kernel_ridge,"kernel_ridge[alpha=10.0,gamma_mult=2.0]",obs_SC+bv+demo,sex,0.5133928571428571,0.99,False,True,False,ok
4S456Parcels,4,kernel_ridge,"kernel_ridge[alpha=10.0,gamma_mult=1.0]",pred_SC,sex,0.5132743362831859,0.99,False,False,True,ok
4S456Parcels,4,kernel_ridge,"kernel_ridge[alpha=10.0,gamma_mult=2.0]",obs_SC+bv+demo,sex,0.5132743362831859,0.99,False,True,False,ok
Glasser,4,kernel_ridge,"kernel_ridge[alpha=10.0,gamma_mult=2.0]",obs_FC+obs_SC,sex,0.5132743362831859,0.99,False,False,True,ok
Glasser,4,kernel_ridge,"kernel_ridge[alpha=10.0,gamma_mult=2.0]",obs_SC+bv+demo,sex,0.5132743362831859,0.99,False,True,False,ok
Glasser,9,kernel_ridge,"kernel_ridge[alpha=10.0,gamma_mult=1.0]",pred_FC,sex,0.5132743362831859,0.99,False,False,True,ok
4S456Parcels,1,kernel_ridge,"kernel_ridge[alpha=10.0,gamma_mult=0.5]",pred_SC+bv+demo,sex,0.5117647058823529,0.99,False,True,False,ok
Glasser,8,kernel_ridge,"kernel_ridge[alpha=10.0,gamma_mult=0.5]",pred_SC+bv+demo,sex,0.5112359550561798,0.99,False,True,False,ok
Glasser,0,pca_pls,pca_pls,obs_FC,sex,0.5104409582361671,0.99,False,False,True,ok
4S456Parcels,5,kernel_ridge,"kernel_ridge[alpha=10.0,gamma_mult=2.0]",obs_FC,sex,0.51,0.99,False,False,True,ok
4S456Parcels,7,kernel_ridge,"kernel_ridge[alpha=10.0,gamma_mult=1.0]",pred_FC+bv+demo,sex,0.51,0.99,False,True,False,ok
4S456Parcels,0,kernel_ridge,"kernel_ridge[alpha=10.0,gamma_mult=2.0]",obs_FC+obs_SC,sex,0.5094339622641509,0.99,False,False,True,ok
4S456Parcels,6,kernel_ridge,"kernel_ridge[alpha=10.0,gamma_mult=1.0]",pred_SC,sex,0.5091743119266054,0.99,False,False,True,ok
4S456Parcels,6,kernel_ridge,"kernel_ridge[alpha=10.0,gamma_mult=2.0]",obs_SC+bv+demo,sex,0.5091743119266054,0.99,False,True,False,ok
4S456Parcels,1,kernel_ridge,"kernel_ridge[alpha=10.0,gamma_mult=1.0]",pred_SC,sex,0.509090909090909,0.99,False,False,True,ok
4S456Parcels,1,kernel_ridge,"kernel_ridge[alpha=10.0,gamma_mult=2.0]",obs_SC+bv+demo,sex,0.509090909090909,0.99,False,True,False,ok
4S456Parcels,2,kernel_ridge,"kernel_ridge[alpha=10.0,gamma_mult=2.0]",obs_SC+bv+demo,sex,0.5089285714285714,0.99,False,True,False,ok
Glasser,2,kernel_ridge,"kernel_ridge[alpha=10.0,gamma_mult=2.0]",obs_SC,sex,0.5089285714285714,0.99,False,False,True,ok
4S456Parcels,4,kernel_ridge,"kernel_ridge[alpha=10.0,gamma_mult=1.0]",pred_FC,sex,0.5088495575221239,0.99,False,False,True,ok
4S456Parcels,9,kernel_ridge,"kernel_ridge[alpha=10.0,gamma_mult=2.0]",obs_SC,sex,0.5088495575221239,0.99,False,False,True,ok
Glasser,4,kernel_ridge,"kernel_ridge[alpha=10.0,gamma_mult=1.0]",pred_FC,sex,0.5088495575221239,0.99,False,False,True,ok
Glasser,7,pca_pls,pca_pls,obs_FC,sex,0.5076315789473684,0.99,False,False,True,ok
4S456Parcels,1,kernel_ridge,"kernel_ridge[alpha=10.0,gamma_mult=0.5]",pred_FC+bv+demo,sex,0.5058823529411764,0.99,False,True,False,ok
Glasser,8,kernel_ridge,"kernel_ridge[alpha=10.0,gamma_mult=0.5]",pred_FC+bv+demo,sex,0.5056179775280899,0.99,False,True,False,ok
Glasser,5,kernel_ridge,"kernel_ridge[alpha=10.0,gamma_mult=0.5]",pred_SC+bv+demo,sex,0.5052631578947369,0.99,False,True,False,ok
4S456Parcels,5,kernel_ridge,"kernel_ridge[alpha=10.0,gamma_mult=2.0]",obs_FC+bv+demo,sex,0.505,0.99,False,True,False,ok
4S456Parcels,7,kernel_ridge,"kernel_ridge[alpha=10.0,gamma_mult=1.0]",pred_SC+bv+demo,sex,0.505,0.99,False,True,False,ok
Glasser,7,kernel_ridge,"kernel_ridge[alpha=10.0,gamma_mult=1.0]",pred_SC+bv+demo,sex,0.505,0.99,False,True,False,ok
4S456Parcels,8,kernel_ridge,"kernel_ridge[alpha=10.0,gamma_mult=1.0]",pred_FC,sex,0.5047169811320755,0.99,False,False,True,ok
4S456Parcels,8,kernel_ridge,"kernel_ridge[alpha=10.0,gamma_mult=2.0]",obs_FC+obs_SC,sex,0.5047169811320755,0.99,False,False,True,ok
Glasser,0,kernel_ridge,"kernel_ridge[alpha=10.0,gamma_mult=2.0]",obs_FC+obs_SC,sex,0.5047169811320755,0.99,False,False,True,ok
4S456Parcels,3,kernel_ridge,"kernel_ridge[alpha=10.0,gamma_mult=2.0]",obs_FC+obs_SC,sex,0.5046296296296297,0.99,False,False,True,ok
Glasser,6,kernel_ridge,"kernel_ridge[alpha=10.0,gamma_mult=2.0]",obs_FC+obs_SC,sex,0.5045871559633027,0.99,False,False,True,ok
4S456Parcels,1,kernel_ridge,"kernel_ridge[alpha=10.0,gamma_mult=2.0]",obs_FC+obs_SC,sex,0.5045454545454545,0.99,False,False,True,ok
4S456Parcels,1,kernel_ridge,"kernel_ridge[alpha=10.0,gamma_mult=2.0]",obs_FC+bv+demo,sex,0.5045454545454545,0.99,False,True,False,ok
Glasser,1,kernel_ridge,"kernel_ridge[alpha=10.0,gamma_mult=2.0]",obs_FC+obs_SC,sex,0.5045454545454545,0.99,False,False,True,ok
4S456Parcels,2,kernel_ridge,"kernel_ridge[alpha=10.0,gamma_mult=2.0]",obs_FC+bv+demo,sex,0.5044642857142857,0.99,False,True,False,ok
Glasser,2,kernel_ridge,"kernel_ridge[alpha=10.0,gamma_mult=1.0]",pred_SC,sex,0.5044642857142857,0.99,False,False,True,ok
4S456Parcels,9,kernel_ridge,"kernel_ridge[alpha=10.0,gamma_mult=2.0]",obs_FC+obs_SC,sex,0.504424778761062,0.99,False,False,True,ok
Glasser,8,pca_pls,pca_pls,obs_SC+bv+demo,sex,0.5005829976680094,0.99,False,True,False,ok
4S456Parcels,0,kernel_ridge,"kernel_ridge[alpha=10.0,gamma_mult=0.5]",pred_SC+bv+demo,sex,0.5,0.99,False,True,False,ok
4S456Parcels,0,kernel_ridge,"kernel_ridge[alpha=10.0,gamma_mult=0.5]",pred_FC+bv+demo,sex,0.5,0.99,False,True,False,ok
4S456Parcels,0,kernel_ridge,"kernel_ridge[alpha=10.0,gamma_mult=2.0]",pred_SC,sex,0.5,0.99,False,False,True,ok
4S456Parcels,0,kernel_ridge,"kernel_ridge[alpha=10.0,gamma_mult=2.0]",pred_FC,sex,0.5,0.99,False,False,True,ok
4S456Parcels,1,kernel_ridge,"kernel_ridge[alpha=10.0,gamma_mult=1.0]",pred_FC,sex,0.5,0.99,False,False,True,ok
4S456Parcels,1,kernel_ridge,"kernel_ridge[alpha=10.0,gamma_mult=2.0]",obs_FC,sex,0.5,0.99,False,False,True,ok
4S456Parcels,1,kernel_ridge,"kernel_ridge[alpha=10.0,gamma_mult=2.0]",pred_SC,sex,0.5,0.99,False,False,True,ok
4S456Parcels,1,kernel_ridge,"kernel_ridge[alpha=10.0,gamma_mult=2.0]",pred_FC,sex,0.5,0.99,False,False,True,ok
4S456Parcels,2,kernel_ridge,"kernel_ridge[alpha=10.0,gamma_mult=1.0]",pred_SC,sex,0.5,0.99,False,False,True,ok
4S456Parcels,2,kernel_ridge,"kernel_ridge[alpha=10.0,gamma_mult=1.0]",pred_FC,sex,0.5,0.99,False,False,True,ok
4S456Parcels,2,kernel_ridge,"kernel_ridge[alpha=10.0,gamma_mult=2.0]",obs_SC,sex,0.5,0.99,False,False,True,ok
4S456Parcels,2,kernel_ridge,"kernel_ridge[alpha=10.0,gamma_mult=2.0]",obs_FC+obs_SC,sex,0.5,0.99,False,False,True,ok
4S456Parcels,2,kernel_ridge,"kernel_ridge[alpha=10.0,gamma_mult=2.0]",pred_SC,sex,0.5,0.99,False,False,True,ok
4S456Parcels,2,kernel_ridge,"kernel_ridge[alpha=10.0,gamma_mult=2.0]",pred_FC,sex,0.5,0.99,False,False,True,ok
4S456Parcels,3,kernel_ridge,"kernel_ridge[alpha=10.0,gamma_mult=0.5]",pred_SC+bv+demo,sex,0.5,0.99,False,True,False,ok
4S456Parcels,3,kernel_ridge,"kernel_ridge[alpha=10.0,gamma_mult=0.5]",pred_FC+bv+demo,sex,0.5,0.99,False,True,False,ok
4S456Parcels,3,kernel_ridge,"kernel_ridge[alpha=10.0,gamma_mult=2.0]",pred_SC,sex,0.5,0.99,False,False,True,ok
4S456Parcels,3,kernel_ridge,"kernel_ridge[alpha=10.0,gamma_mult=2.0]",pred_FC,sex,0.5,0.99,False,False,True,ok
4S456Parcels,4,kernel_ridge,"kernel_ridge[alpha=10.0,gamma_mult=0.5]",pred_SC+bv+demo,sex,0.5,0.99,False,True,False,ok
4S456Parcels,4,kernel_ridge,"kernel_ridge[alpha=10.0,gamma_mult=0.5]",pred_FC+bv+demo,sex,0.5,0.99,False,True,False,ok
4S456Parcels,4,kernel_ridge,"kernel_ridge[alpha=10.0,gamma_mult=2.0]",obs_FC+obs_SC,sex,0.5,0.99,False,False,True,ok
4S456Parcels,4,kernel_ridge,"kernel_ridge[alpha=10.0,gamma_mult=2.0]",pred_SC,sex,0.5,0.99,False,False,True,ok
4S456Parcels,4,kernel_ridge,"kernel_ridge[alpha=10.0,gamma_mult=2.0]",pred_FC,sex,0.5,0.99,False,False,True,ok
4S456Parcels,5,kernel_ridge,"kernel_ridge[alpha=10.0,gamma_mult=0.5]",pred_SC+bv+demo,sex,0.5,0.99,False,True,False,ok
4S456Parcels,5,kernel_ridge,"kernel_ridge[alpha=10.0,gamma_mult=0.5]",pred_FC+bv+demo,sex,0.5,0.99,False,True,False,ok
4S456Parcels,5,kernel_ridge,"kernel_ridge[alpha=10.0,gamma_mult=2.0]",obs_FC+obs_SC,sex,0.5,0.99,False,False,True,ok
4S456Parcels,5,kernel_ridge,"kernel_ridge[alpha=10.0,gamma_mult=2.0]",pred_SC,sex,0.5,0.99,False,False,True,ok
4S456Parcels,5,kernel_ridge,"kernel_ridge[alpha=10.0,gamma_mult=2.0]",pred_FC,sex,0.5,0.99,False,False,True,ok
4S456Parcels,6,kernel_ridge,"kernel_ridge[alpha=10.0,gamma_mult=0.5]",pred_SC+bv+demo,sex,0.5,0.99,False,True,False,ok
4S456Parcels,6,kernel_ridge,"kernel_ridge[alpha=10.0,gamma_mult=0.5]",pred_FC+bv+demo,sex,0.5,0.99,False,True,False,ok
4S456Parcels,6,kernel_ridge,"kernel_ridge[alpha=10.0,gamma_mult=2.0]",obs_FC+obs_SC,sex,0.5,0.99,False,False,True,ok
4S456Parcels,6,kernel_ridge,"kernel_ridge[alpha=10.0,gamma_mult=2.0]",pred_SC,sex,0.5,0.99,False,False,True,ok
4S456Parcels,6,kernel_ridge,"kernel_ridge[alpha=10.0,gamma_mult=2.0]",pred_FC,sex,0.5,0.99,False,False,True,ok
4S456Parcels,7,kernel_ridge,"kernel_ridge[alpha=10.0,gamma_mult=0.5]",pred_SC+bv+demo,sex,0.5,0.99,False,True,False,ok
4S456Parcels,7,kernel_ridge,"kernel_ridge[alpha=10.0,gamma_mult=0.5]",pred_FC+bv+demo,sex,0.5,0.99,False,True,False,ok
4S456Parcels,7,kernel_ridge,"kernel_ridge[alpha=10.0,gamma_mult=2.0]",pred_SC,sex,0.5,0.99,False,False,True,ok
4S456Parcels,7,kernel_ridge,"kernel_ridge[alpha=10.0,gamma_mult=2.0]",pred_FC,sex,0.5,0.99,False,False,True,ok
4S456Parcels,8,kernel_ridge,"kernel_ridge[alpha=10.0,gamma_mult=0.5]",pred_FC+bv+demo,sex,0.5,0.99,False,True,False,ok
4S456Parcels,8,kernel_ridge,"kernel_ridge[alpha=10.0,gamma_mult=1.0]",pred_SC,sex,0.5,0.99,False,False,True,ok
4S456Parcels,8,kernel_ridge,"kernel_ridge[alpha=10.0,gamma_mult=2.0]",pred_SC,sex,0.5,0.99,False,False,True,ok
4S456Parcels,8,kernel_ridge,"kernel_ridge[alpha=10.0,gamma_mult=2.0]",pred_FC,sex,0.5,0.99,False,False,True,ok
4S456Parcels,9,kernel_ridge,"kernel_ridge[alpha=10.0,gamma_mult=0.5]",pred_SC+bv+demo,sex,0.5,0.99,False,True,False,ok
4S456Parcels,9,kernel_ridge,"kernel_ridge[alpha=10.0,gamma_mult=0.5]",pred_FC+bv+demo,sex,0.5,0.99,False,True,False,ok
4S456Parcels,9,kernel_ridge,"kernel_ridge[alpha=10.0,gamma_mult=2.0]",pred_SC,sex,0.5,0.99,False,False,True,ok
4S456Parcels,9,kernel_ridge,"kernel_ridge[alpha=10.0,gamma_mult=2.0]",pred_FC,sex,0.5,0.99,False,False,True,ok
4S456Parcels,9,kernel_ridge,"kernel_ridge[alpha=10.0,gamma_mult=2.0]",obs_SC+bv+demo,sex,0.5,0.99,False,True,False,ok
Glasser,0,kernel_ridge,"kernel_ridge[alpha=10.0,gamma_mult=0.5]",pred_SC+bv+demo,sex,0.5,0.99,False,True,False,ok
Glasser,0,kernel_ridge,"kernel_ridge[alpha=10.0,gamma_mult=0.5]",pred_FC+bv+demo,sex,0.5,0.99,False,True,False,ok
Glasser,0,kernel_ridge,"kernel_ridge[alpha=10.0,gamma_mult=2.0]",pred_SC,sex,0.5,0.99,False,False,True,ok
Glasser,0,kernel_ridge,"kernel_ridge[alpha=10.0,gamma_mult=2.0]",pred_FC,sex,0.5,0.99,False,False,True,ok
Glasser,1,kernel_ridge,"kernel_ridge[alpha=10.0,gamma_mult=2.0]",pred_SC,sex,0.5,0.99,False,False,True,ok
Glasser,1,kernel_ridge,"kernel_ridge[alpha=10.0,gamma_mult=2.0]",pred_FC,sex,0.5,0.99,False,False,True,ok
Glasser,2,kernel_ridge,"kernel_ridge[alpha=10.0,gamma_mult=1.0]",pred_FC,sex,0.5,0.99,False,False,True,ok
Glasser,2,kernel_ridge,"kernel_ridge[alpha=10.0,gamma_mult=2.0]",obs_FC+obs_SC,sex,0.5,0.99,False,False,True,ok
Glasser,2,kernel_ridge,"kernel_ridge[alpha=10.0,gamma_mult=2.0]",pred_SC,sex,0.5,0.99,False,False,True,ok
Glasser,2,kernel_ridge,"kernel_ridge[alpha=10.0,gamma_mult=2.0]",pred_FC,sex,0.5,0.99,False,False,True,ok
Glasser,3,kernel_ridge,"kernel_ridge[alpha=10.0,gamma_mult=0.5]",pred_SC+bv+demo,sex,0.5,0.99,False,True,False,ok
Glasser,3,kernel_ridge,"kernel_ridge[alpha=10.0,gamma_mult=0.5]",pred_FC+bv+demo,sex,0.5,0.99,False,True,False,ok
Glasser,3,kernel_ridge,"kernel_ridge[alpha=10.0,gamma_mult=2.0]",pred_SC,sex,0.5,0.99,False,False,True,ok
Glasser,3,kernel_ridge,"kernel_ridge[alpha=10.0,gamma_mult=2.0]",pred_FC,sex,0.5,0.99,False,False,True,ok
Glasser,4,kernel_ridge,"kernel_ridge[alpha=10.0,gamma_mult=0.5]",pred_SC+bv+demo,sex,0.5,0.99,False,True,False,ok
Glasser,4,kernel_ridge,"kernel_ridge[alpha=10.0,gamma_mult=0.5]",pred_FC+bv+demo,sex,0.5,0.99,False,True,False,ok
Glasser,4,kernel_ridge,"kernel_ridge[alpha=10.0,gamma_mult=2.0]",pred_SC,sex,0.5,0.99,False,False,True,ok
Glasser,4,kernel_ridge,"kernel_ridge[alpha=10.0,gamma_mult=2.0]",pred_FC,sex,0.5,0.99,False,False,True,ok
Glasser,5,kernel_ridge,"kernel_ridge[alpha=10.0,gamma_mult=0.5]",pred_FC+bv+demo,sex,0.5,0.99,False,True,False,ok
Glasser,5,kernel_ridge,"kernel_ridge[alpha=10.0,gamma_mult=2.0]",pred_SC,sex,0.5,0.99,False,False,True,ok
Glasser,5,kernel_ridge,"kernel_ridge[alpha=10.0,gamma_mult=2.0]",pred_FC,sex,0.5,0.99,False,False,True,ok
Glasser,6,kernel_ridge,"kernel_ridge[alpha=10.0,gamma_mult=0.5]",pred_SC+bv+demo,sex,0.5,0.99,False,True,False,ok
Glasser,6,kernel_ridge,"kernel_ridge[alpha=10.0,gamma_mult=0.5]",pred_FC+bv+demo,sex,0.5,0.99,False,True,False,ok
Glasser,6,kernel_ridge,"kernel_ridge[alpha=10.0,gamma_mult=2.0]",pred_SC,sex,0.5,0.99,False,False,True,ok
Glasser,6,kernel_ridge,"kernel_ridge[alpha=10.0,gamma_mult=2.0]",pred_FC,sex,0.5,0.99,False,False,True,ok
Glasser,7,kernel_ridge,"kernel_ridge[alpha=10.0,gamma_mult=0.5]",pred_SC+bv+demo,sex,0.5,0.99,False,True,False,ok
Glasser,7,kernel_ridge,"kernel_ridge[alpha=10.0,gamma_mult=0.5]",pred_FC+bv+demo,sex,0.5,0.99,False,True,False,ok
Glasser,7,kernel_ridge,"kernel_ridge[alpha=10.0,gamma_mult=1.0]",pred_FC+bv+demo,sex,0.5,0.99,False,True,False,ok
Glasser,7,kernel_ridge,"kernel_ridge[alpha=10.0,gamma_mult=2.0]",pred_SC,sex,0.5,0.99,False,False,True,ok
Glasser,7,kernel_ridge,"kernel_ridge[alpha=10.0,gamma_mult=2.0]",pred_FC,sex,0.5,0.99,False,False,True,ok
Glasser,8,kernel_ridge,"kernel_ridge[alpha=10.0,gamma_mult=1.0]",pred_FC,sex,0.5,0.99,False,False,True,ok
Glasser,8,kernel_ridge,"kernel_ridge[alpha=10.0,gamma_mult=2.0]",pred_SC,sex,0.5,0.99,False,False,True,ok
Glasser,8,kernel_ridge,"kernel_ridge[alpha=10.0,gamma_mult=2.0]",pred_FC,sex,0.5,0.99,False,False,True,ok
Glasser,9,kernel_ridge,"kernel_ridge[alpha=10.0,gamma_mult=0.5]",pred_SC+bv+demo,sex,0.5,0.99,False,True,False,ok
Glasser,9,kernel_ridge,"kernel_ridge[alpha=10.0,gamma_mult=0.5]",pred_FC+bv+demo,sex,0.5,0.99,False,True,False,ok
Glasser,9,kernel_ridge,"kernel_ridge[alpha=10.0,gamma_mult=2.0]",obs_FC+obs_SC,sex,0.5,0.99,False,False,True,ok
Glasser,9,kernel_ridge,"kernel_ridge[alpha=10.0,gamma_mult=2.0]",pred_SC,sex,0.5,0.99,False,False,True,ok
Glasser,9,kernel_ridge,"kernel_ridge[alpha=10.0,gamma_mult=2.0]",pred_FC,sex,0.5,0.99,False,False,True,ok
Glasser,2,pca_pls,pca_pls,obs_SC+bv+demo,sex,0.4998924268502582,0.99,False,True,False,ok
4S456Parcels,4,pca_pls,pca_pls,pred_SC,sex,0.4993524714008202,0.99,False,False,True,ok
Glasser,8,pca_pls,pca_pls,pred_FC,sex,0.4980920076319695,0.99,False,False,True,ok
4S456Parcels,8,pca_pls,pca_pls,obs_SC,sex,0.4922620309518762,0.99,False,False,True,ok
Glasser,4,pca_pls,pca_pls,pred_FC,sex,0.4806820634578027,0.99,False,False,True,ok
Glasser,6,pca_pls,pca_pls,obs_SC,sex,0.4781310006400683,0.99,False,False,True,ok
Glasser,0,pca_pls,pca_pls,obs_FC+bv+demo,sex,0.4781110875556498,0.99,False,True,False,ok
Glasser,9,pca_pls,pca_pls,obs_SC+bv+demo,sex,0.4582578100010662,0.99,False,True,False,ok
4S456Parcels,6,pca_pls,pca_pls,obs_SC+bv+demo,sex,0.4515148282483465,0.99,False,True,False,ok
Glasser,6,pca_pls,pca_pls,obs_FC,sex,0.4450608064860252,0.99,False,False,True,ok
