task,parcellation,seed,estimator,variant,input_set,source,target,is_block,n_train,n_test,n_src_feat,n_tgt_feat,mse,r2,pearson,demeaned_pearson,top1_acc,avg_rank,status,git_commit,config_hash,data_load_mode,hp_gamma_mult,hp_alpha
reconstruction,4S456Parcels,0,pca_pls,pca_pls,FC,FC,SC,False,683,195,103740,103740,0.0044558965601027,-0.020015874877572,0.9119569659233092,0.1482274234294891,0.1333333333333333,0.8971992110453649,ok,6b5eb84,65d80255,precomputed,,
reconstruction,4S456Parcels,0,bayesian_ridge,bayesian_ridge,FC,FC,SC,False,683,195,103740,103740,0.0043215765617787,0.0153435673564672,0.9147316813468932,0.1700962036848068,0.1641025641025641,0.8866535174227482,ok,6b5eb84,209b942e,precomputed,,
reconstruction,4S456Parcels,0,kernel_ridge,"kernel_ridge[alpha=0.1,gamma_mult=0.5]",FC,FC,SC,False,683,195,103740,103740,0.0045181857421994,-0.0365359373390674,0.910617172718048,0.1423981487751007,0.1948717948717948,0.906929651545036,ok,6b5eb84,99a060b4,precomputed,0.5,0.1
reconstruction,4S456Parcels,0,kernel_ridge,"kernel_ridge[alpha=1.0,gamma_mult=0.5]",FC,FC,SC,False,683,195,103740,103740,0.0043718055821955,0.0053321034647524,0.9142266511917114,0.1427927911281585,0.2051282051282051,0.9240499671268902,ok,6b5eb84,ca3cbe14,precomputed,0.5,1.0
reconstruction,4S456Parcels,0,kernel_ridge,"kernel_ridge[alpha=10.0,gamma_mult=0.5]",FC,FC,SC,False,683,195,103740,103740,0.0044442182406783,-0.00423523504287,0.913333296775818,0.1412848681211471,0.1692307692307692,0.9208152531229454,ok,6b5eb84,ec770d02,precomputed,0.5,10.0
reconstruction,4S456Parcels,0,kernel_ridge,"kernel_ridge[alpha=0.1,gamma_mult=1.0]",FC,FC,SC,False,683,195,103740,103740,0.0045778998173773,-0.051368560642004,0.9093592166900636,0.1407793462276458,0.1692307692307692,0.9046942800788954,ok,6b5eb84,9b3890ca,precomputed,1.0,0.1
reconstruction,4S456Parcels,0,kernel_ridge,"kernel_ridge[alpha=1.0,gamma_mult=1.0]",FC,FC,SC,False,683,195,103740,103740,0.0043789418414235,0.0010766675695776,0.9138679504394532,0.1424107700586319,0.2051282051282051,0.9221564760026298,ok,6b5eb84,bb796415,precomputed,1.0,1.0
reconstruction,4S456Parcels,0,kernel_ridge,"kernel_ridge[alpha=10.0,gamma_mult=1.0]",FC,FC,SC,False,683,195,103740,103740,0.0044304123148322,-0.0019563811365514,0.9135436415672302,0.1403633952140808,0.1641025641025641,0.920999342537804,ok,6b5eb84,29f1c6c1,precomputed,1.0,10.0
reconstruction,4S456Parcels,0,kernel_ridge,"kernel_ridge[alpha=0.1,gamma_mult=2.0]",FC,FC,SC,False,683,195,103740,103740,0.0046279649250209,-0.0634785369038581,0.9083287119865416,0.1384020894765854,0.1538461538461538,0.9053254437869822,ok,6b5eb84,3d05913d,precomputed,2.0,0.1
reconstruction,4S456Parcels,0,kernel_ridge,"kernel_ridge[alpha=1.0,gamma_mult=2.0]",FC,FC,SC,False,683,195,103740,103740,0.0044003240764141,-0.0056603257544338,0.9132955074310304,0.1412094086408615,0.1897435897435897,0.92060486522025,ok,6b5eb84,49202968,precomputed,2.0,1.0
reconstruction,4S456Parcels,0,kernel_ridge,"kernel_ridge[alpha=10.0,gamma_mult=2.0]",FC,FC,SC,False,683,195,103740,103740,0.0044186771847307,-0.0001680248969933,0.9137122631072998,0.1372521072626114,0.1589743589743589,0.9195792241946088,ok,6b5eb84,1fbdfdc7,precomputed,2.0,10.0
reconstruction,4S456Parcels,0,pca_pls,pca_pls,SC,SC,FC,False,683,195,103740,103740,0.0124655365943908,-0.049948439002037,0.815121054649353,0.0814041122794151,0.0461538461538461,0.7243392504930967,ok,6b5eb84,4f124b55,precomputed,,
reconstruction,4S456Parcels,0,bayesian_ridge,bayesian_ridge,SC,SC,FC,False,683,195,103740,103740,0.0119302161037921,-0.0050664078444242,0.8233991861343384,0.0915199369192123,0.0666666666666666,0.7512426035502958,ok,6b5eb84,75c07a57,precomputed,,
reconstruction,4S456Parcels,0,kernel_ridge,"kernel_ridge[alpha=0.1,gamma_mult=0.5]",SC,SC,FC,False,683,195,103740,103740,0.0127356061711907,-0.0735549181699752,0.8108997941017151,0.0782780796289444,0.0461538461538461,0.7217882971729126,ok,6b5eb84,6559e8d7,precomputed,0.5,0.1
reconstruction,4S456Parcels,0,kernel_ridge,"kernel_ridge[alpha=1.0,gamma_mult=0.5]",SC,SC,FC,False,683,195,103740,103740,0.0119816232472658,-0.0095118740573525,0.8224985599517822,0.0784101113677024,0.0666666666666666,0.7366995397764629,ok,6b5eb84,a3f247db,precomputed,0.5,1.0
reconstruction,4S456Parcels,0,kernel_ridge,"kernel_ridge[alpha=10.0,gamma_mult=0.5]",SC,SC,FC,False,683,195,103740,103740,0.0119758788496255,-0.0063191503286361,0.822688639163971,0.0780242159962654,0.0461538461538461,0.7375673898750822,ok,6b5eb84,69f7b49f,precomputed,0.5,10.0
reconstruction,4S456Parcels,0,kernel_ridge,"kernel_ridge[alpha=0.1,gamma_mult=1.0]",SC,SC,FC,False,683,195,103740,103740,0.0129296202212572,-0.0895176529884338,0.8080461621284485,0.0776299312710762,0.041025641025641,0.7232873109796187,ok,6b5eb84,068ebf4c,precomputed,1.0,0.1
reconstruction,4S456Parcels,0,kernel_ridge,"kernel_ridge[alpha=1.0,gamma_mult=1.0]",SC,SC,FC,False,683,195,103740,103740,0.0120862117037177,-0.0188995767384767,0.8208292722702026,0.0782335698604583,0.0564102564102564,0.7355687047994741,ok,6b5eb84,e0242d1d,precomputed,1.0,1.0
reconstruction,4S456Parcels,0,kernel_ridge,"kernel_ridge[alpha=10.0,gamma_mult=1.0]",SC,SC,FC,False,683,195,103740,103740,0.0119606759399175,-0.0054016318172216,0.8229231834411621,0.0775958597660064,0.0461538461538461,0.7379355687047995,ok,6b5eb84,d15c84fa,precomputed,1.0,10.0
reconstruction,4S456Parcels,0,kernel_ridge,"kernel_ridge[alpha=0.1,gamma_mult=2.0]",SC,SC,FC,False,683,195,103740,103740,0.0130413994193077,-0.0986717641353607,0.8064254522323608,0.0766421183943748,0.041025641025641,0.7253648915187376,ok,6b5eb84,3e5482d3,precomputed,2.0,0.1
reconstruction,4S456Parcels,0,kernel_ridge,"kernel_ridge[alpha=1.0,gamma_mult=2.0]",SC,SC,FC,False,683,195,103740,103740,0.0121908718720078,-0.0278929658234119,0.8192015886306763,0.0776504352688789,0.0512820512820512,0.7353583168967784,ok,6b5eb84,e6d67ecf,precomputed,2.0,1.0
reconstruction,4S456Parcels,0,kernel_ridge,"kernel_ridge[alpha=10.0,gamma_mult=2.0]",SC,SC,FC,False,683,195,103740,103740,0.0119516002014279,-0.0049339393153786,0.8230648636817932,0.0760593488812446,0.041025641025641,0.7371729125575279,ok,6b5eb84,40b434ac,precomputed,2.0,10.0
reconstruction,4S456Parcels,0,pca_pls,pca_pls,bv,bv,SC,False,683,195,16,103740,0.004297534469515,0.0169688202440738,0.9143185615539552,0.1884992867708206,0.1487179487179487,0.9098750821827744,ok,6b5eb84,0c8b0c54,precomputed,,
reconstruction,4S456Parcels,0,bayesian_ridge,bayesian_ridge,bv,bv,SC,False,683,195,16,103740,0.0042692204006016,0.0260038673877716,0.9149307608604432,0.191890463232994,0.1076923076923077,0.9047731755424064,ok,6b5eb84,64d182dd,precomputed,,
reconstruction,4S456Parcels,0,kernel_ridge,"kernel_ridge[alpha=0.1,gamma_mult=0.5]",bv,bv,SC,False,683,195,16,103740,0.0044681383296847,-0.0177671480923891,0.9108556509017944,0.1602703183889389,0.0717948717948717,0.8329257067718606,ok,6b5eb84,1e90196f,precomputed,0.5,0.1
reconstruction,4S456Parcels,0,kernel_ridge,"kernel_ridge[alpha=1.0,gamma_mult=0.5]",bv,bv,SC,False,683,195,16,103740,0.0043010599911212,0.0184300150722265,0.9143393635749816,0.1847199499607086,0.2,0.9011176857330704,ok,6b5eb84,cf28a61e,precomputed,0.5,1.0
reconstruction,4S456Parcels,0,kernel_ridge,"kernel_ridge[alpha=10.0,gamma_mult=0.5]",bv,bv,SC,False,683,195,16,103740,0.0042969239875674,0.0247349925339221,0.9149439334869384,0.1884100437164306,0.1794871794871795,0.916449704142012,ok,6b5eb84,1d5d7337,precomputed,0.5,10.0
reconstruction,4S456Parcels,0,kernel_ridge,"kernel_ridge[alpha=0.1,gamma_mult=1.0]",bv,bv,SC,False,683,195,16,103740,0.0046341978013515,-0.051487423479557,0.907446265220642,0.1399348527193069,0.0512820512820512,0.7684418145956607,ok,6b5eb84,45dd9f1e,precomputed,1.0,0.1
reconstruction,4S456Parcels,0,kernel_ridge,"kernel_ridge[alpha=1.0,gamma_mult=1.0]",bv,bv,SC,False,683,195,16,103740,0.0043398314155638,0.0104624386876821,0.913538694381714,0.1749902963638305,0.1692307692307692,0.8863642340565417,ok,6b5eb84,7c6e6818,precomputed,1.0,1.0
reconstruction,4S456Parcels,0,kernel_ridge,"kernel_ridge[alpha=10.0,gamma_mult=1.0]",bv,bv,SC,False,683,195,16,103740,0.0042864051647484,0.0261097140610218,0.9150065779685974,0.1868667602539062,0.1846153846153846,0.9178698224852072,ok,6b5eb84,c8758845,precomputed,1.0,10.0
reconstruction,4S456Parcels,0,kernel_ridge,"kernel_ridge[alpha=0.1,gamma_mult=2.0]",bv,bv,SC,False,683,195,16,103740,0.0049233720637857,-0.1101654767990112,0.901577651500702,0.1132707446813583,0.041025641025641,0.7019592373438528,ok,6b5eb84,3b856aa7,precomputed,2.0,0.1
reconstruction,4S456Parcels,0,kernel_ridge,"kernel_ridge[alpha=1.0,gamma_mult=2.0]",bv,bv,SC,False,683,195,16,103740,0.0044074850156903,-0.0025489996187388,0.9121741652488708,0.1590681672096252,0.1025641025641025,0.8710059171597633,ok,6b5eb84,5e604b01,precomputed,2.0,1.0
reconstruction,4S456Parcels,0,kernel_ridge,"kernel_ridge[alpha=10.0,gamma_mult=2.0]",bv,bv,SC,False,683,195,16,103740,0.0042922561988234,0.0250024572014808,0.914886236190796,0.1831264942884445,0.1794871794871795,0.9110059171597632,ok,6b5eb84,60c0632b,precomputed,2.0,10.0
reconstruction,4S456Parcels,0,pca_pls,pca_pls,bv,bv,FC,False,683,195,16,103740,0.0121450806036591,-0.0201563332229852,0.8200969696044922,0.0438094325363636,0.0153846153846153,0.6263247863247863,ok,6b5eb84,aac04d29,precomputed,,
reconstruction,4S456Parcels,0,bayesian_ridge,bayesian_ridge,bv,bv,FC,False,683,195,16,103740,0.0119868032634258,-0.0070982761681079,0.822509765625,0.042744617909193,0.0205128205128205,0.6372649572649572,ok,6b5eb84,2e83e59f,precomputed,,
reconstruction,4S456Parcels,0,kernel_ridge,"kernel_ridge[alpha=0.1,gamma_mult=0.5]",bv,bv,FC,False,683,195,16,103740,0.0125938197597861,-0.0561063773930072,0.8135210871696472,0.0432585217058658,0.0102564102564102,0.6014727153188691,ok,6b5eb84,f955acf2,precomputed,0.5,0.1
reconstruction,4S456Parcels,0,kernel_ridge,"kernel_ridge[alpha=1.0,gamma_mult=0.5]",bv,bv,FC,False,683,195,16,103740,0.012117545120418,-0.0179435070604085,0.8205774426460266,0.0490379333496093,0.0102564102564102,0.6424194608809993,ok,6b5eb84,ef57ba91,precomputed,0.5,1.0
reconstruction,4S456Parcels,0,kernel_ridge,"kernel_ridge[alpha=10.0,gamma_mult=0.5]",bv,bv,FC,False,683,195,16,103740,0.0119860293343663,-0.0071431342512369,0.8225617408752441,0.0496838837862014,0.0153846153846153,0.648809993425378,ok,6b5eb84,f2fa2c36,precomputed,0.5,10.0
reconstruction,4S456Parcels,0,kernel_ridge,"kernel_ridge[alpha=0.1,gamma_mult=1.0]",bv,bv,FC,False,683,195,16,103740,0.0130379805341362,-0.0916189104318618,0.8069396018981934,0.0422098338603973,0.0102564102564102,0.5888494411571334,ok,6b5eb84,b4004b24,precomputed,1.0,0.1
reconstruction,4S456Parcels,0,kernel_ridge,"kernel_ridge[alpha=1.0,gamma_mult=1.0]",bv,bv,FC,False,683,195,16,103740,0.0122194169089198,-0.0261688064783811,0.8189982175827026,0.0485607832670211,0.0051282051282051,0.6352662721893492,ok,6b5eb84,cd5753b0,precomputed,1.0,1.0
reconstruction,4S456Parcels,0,kernel_ridge,"kernel_ridge[alpha=10.0,gamma_mult=1.0]",bv,bv,FC,False,683,195,16,103740,0.0119970943778753,-0.0081178154796361,0.8223971128463745,0.0513048805296421,0.0153846153846153,0.6535963182117028,ok,6b5eb84,49bdf4ff,precomputed,1.0,10.0
reconstruction,4S456Parcels,0,kernel_ridge,"kernel_ridge[alpha=0.1,gamma_mult=2.0]",bv,bv,FC,False,683,195,16,103740,0.0137800825759768,-0.1517568677663803,0.7959069013595581,0.0406340658664703,0.0205128205128205,0.5809072978303748,ok,6b5eb84,f914d738,precomputed,2.0,0.1
reconstruction,4S456Parcels,0,kernel_ridge,"kernel_ridge[alpha=1.0,gamma_mult=2.0]",bv,bv,FC,False,683,195,16,103740,0.0123827494680881,-0.0393043048679828,0.8163794279098511,0.0470988266170024,0.0102564102564102,0.6247994740302433,ok,6b5eb84,06f8918c,precomputed,2.0,1.0
reconstruction,4S456Parcels,0,kernel_ridge,"kernel_ridge[alpha=10.0,gamma_mult=2.0]",bv,bv,FC,False,683,195,16,103740,0.0120088430121541,-0.0091087538748979,0.8222068548202515,0.0525815263390541,0.0102564102564102,0.6538067061143984,ok,6b5eb84,cbe0e013,precomputed,2.0,10.0
reconstruction,4S456Parcels,0,pca_pls,pca_pls,demo,demo,SC,False,683,195,10,103740,0.004401612561196,0.0011596225667744,0.91331285238266,0.1339095383882522,0.0102564102564102,0.7422485207100591,ok,6b5eb84,ac775e72,precomputed,,
reconstruction,4S456Parcels,0,bayesian_ridge,bayesian_ridge,demo,demo,SC,False,683,195,10,103740,0.0043757515959441,0.0078054922632873,0.9138708114624025,0.141446366906166,0.0,0.7479289940828402,ok,6b5eb84,96082b03,precomputed,,
reconstruction,4S456Parcels,0,kernel_ridge,"kernel_ridge[alpha=0.1,gamma_mult=0.5]",demo,demo,SC,False,683,195,10,103740,0.0044419104233384,-0.0067293308675289,0.9125168323516846,0.1276077330112457,0.0256410256410256,0.7177646285338593,ok,6b5eb84,1f91b37d,precomputed,0.5,0.1
reconstruction,4S456Parcels,0,kernel_ridge,"kernel_ridge[alpha=1.0,gamma_mult=0.5]",demo,demo,SC,False,683,195,10,103740,0.0043993545696139,0.0022589317522943,0.913394033908844,0.1336857378482818,0.0153846153846153,0.7478763971071664,ok,6b5eb84,b5fec047,precomputed,0.5,1.0
reconstruction,4S456Parcels,0,kernel_ridge,"kernel_ridge[alpha=10.0,gamma_mult=0.5]",demo,demo,SC,False,683,195,10,103740,0.0043855174444615,0.0063846302218735,0.913809895515442,0.1348935961723327,0.0,0.7633662064431295,ok,6b5eb84,4fc81f88,precomputed,0.5,10.0
reconstruction,4S456Parcels,0,kernel_ridge,"kernel_ridge[alpha=0.1,gamma_mult=1.0]",demo,demo,SC,False,683,195,10,103740,0.0044738175347447,-0.0130945816636085,0.911874771118164,0.1224418953061103,0.0256410256410256,0.7044575936883629,ok,6b5eb84,f97124df,precomputed,1.0,0.1
reconstruction,4S456Parcels,0,kernel_ridge,"kernel_ridge[alpha=1.0,gamma_mult=1.0]",demo,demo,SC,False,683,195,10,103740,0.0044123134575784,-0.0004706523031927,0.9131333827972412,0.130287617444992,0.0205128205128205,0.7363050624589087,ok,6b5eb84,d7ab66f6,precomputed,1.0,1.0
reconstruction,4S456Parcels,0,kernel_ridge,"kernel_ridge[alpha=10.0,gamma_mult=1.0]",demo,demo,SC,False,683,195,10,103740,0.0043850811198353,0.0061686467379331,0.913769543170929,0.1336656212806701,0.0307692307692307,0.7598159105851414,ok,6b5eb84,e4f125b9,precomputed,1.0,10.0
reconstruction,4S456Parcels,0,kernel_ridge,"kernel_ridge[alpha=0.1,gamma_mult=2.0]",demo,demo,SC,False,683,195,10,103740,0.0045113959349691,-0.0205656513571739,0.9111247658729552,0.117347851395607,0.0051282051282051,0.6776331360946746,ok,6b5eb84,109c766d,precomputed,2.0,0.1
reconstruction,4S456Parcels,0,kernel_ridge,"kernel_ridge[alpha=1.0,gamma_mult=2.0]",demo,demo,SC,False,683,195,10,103740,0.0044299280270934,-0.0040951259434223,0.9127743244171144,0.1258866935968399,0.0256410256410256,0.7261275476660092,ok,6b5eb84,a7494db3,precomputed,2.0,1.0
reconstruction,4S456Parcels,0,kernel_ridge,"kernel_ridge[alpha=10.0,gamma_mult=2.0]",demo,demo,SC,False,683,195,10,103740,0.0043883845210075,0.0053853481076657,0.9136887788772584,0.1312892884016037,0.0205128205128205,0.7609467455621302,ok,6b5eb84,b54d69fc,precomputed,2.0,10.0
reconstruction,4S456Parcels,0,pca_pls,pca_pls,demo,demo,FC,False,683,195,10,103740,0.0119709959253668,-0.0071351146325469,0.8225772976875305,0.0875556245446205,0.0153846153846153,0.6495726495726496,ok,6b5eb84,cfefe207,precomputed,,
reconstruction,4S456Parcels,0,bayesian_ridge,bayesian_ridge,demo,demo,FC,False,683,195,10,103740,0.0119111286476254,-0.001942032831721,0.8235849142074585,0.0882238522171974,0.0051282051282051,0.6463905325443786,ok,6b5eb84,c3da4c2c,precomputed,,
reconstruction,4S456Parcels,0,kernel_ridge,"kernel_ridge[alpha=0.1,gamma_mult=0.5]",demo,demo,FC,False,683,195,10,103740,0.0121072977781295,-0.0184140540659427,0.8203050494194031,0.0832150354981422,0.0102564102564102,0.6287968441814595,ok,6b5eb84,efd04a4d,precomputed,0.5,0.1
reconstruction,4S456Parcels,0,kernel_ridge,"kernel_ridge[alpha=1.0,gamma_mult=0.5]",demo,demo,FC,False,683,195,10,103740,0.011970629915595,-0.0071296063251793,0.8225080966949463,0.0886524692177772,0.0102564102564102,0.6432873109796187,ok,6b5eb84,7d2ee27c,precomputed,0.5,1.0
reconstruction,4S456Parcels,0,kernel_ridge,"kernel_ridge[alpha=10.0,gamma_mult=0.5]",demo,demo,FC,False,683,195,10,103740,0.0119045805186033,-0.0015530277742072,0.8236548900604248,0.0889702439308166,0.0205128205128205,0.6498882314266929,ok,6b5eb84,5d67a969,precomputed,0.5,10.0
reconstruction,4S456Parcels,0,kernel_ridge,"kernel_ridge[alpha=0.1,gamma_mult=1.0]",demo,demo,FC,False,683,195,10,103740,0.0122075751423835,-0.0265326872467994,0.8186581134796143,0.079521894454956,0.0153846153846153,0.6248520710059171,ok,6b5eb84,c4f0b5f8,precomputed,1.0,0.1
reconstruction,4S456Parcels,0,kernel_ridge,"kernel_ridge[alpha=1.0,gamma_mult=1.0]",demo,demo,FC,False,683,195,10,103740,0.012009534984827,-0.0103522483259439,0.8218531608581543,0.0860593616962432,0.0205128205128205,0.6422616699539776,ok,6b5eb84,5c100122,precomputed,1.0,1.0
reconstruction,4S456Parcels,0,kernel_ridge,"kernel_ridge[alpha=10.0,gamma_mult=1.0]",demo,demo,FC,False,683,195,10,103740,0.0119135491549968,-0.0023739645257592,0.823456883430481,0.0888156220316886,0.0153846153846153,0.6425246548323471,ok,6b5eb84,8d361cdd,precomputed,1.0,10.0
reconstruction,4S456Parcels,0,kernel_ridge,"kernel_ridge[alpha=0.1,gamma_mult=2.0]",demo,demo,FC,False,683,195,10,103740,0.0123193683102726,-0.0355022773146629,0.8168383240699768,0.0754612684249877,0.0205128205128205,0.6225378040762656,ok,6b5eb84,2c935127,precomputed,2.0,0.1
reconstruction,4S456Parcels,0,kernel_ridge,"kernel_ridge[alpha=1.0,gamma_mult=2.0]",demo,demo,FC,False,683,195,10,103740,0.0120611917227506,-0.014597519300878,0.8210161924362183,0.0826098918914794,0.0153846153846153,0.6355292570677186,ok,6b5eb84,065662fe,precomputed,2.0,1.0
reconstruction,4S456Parcels,0,kernel_ridge,"kernel_ridge[alpha=10.0,gamma_mult=2.0]",demo,demo,FC,False,683,195,10,103740,0.0119280666112899,-0.0035924720577895,0.8231779932975769,0.0873693600296974,0.0307692307692307,0.6447600262984878,ok,6b5eb84,8fe64d86,precomputed,2.0,10.0
reconstruction,4S456Parcels,0,pca_pls,pca_pls,bv+demo,bv+demo,SC,False,683,195,26,103740,0.0043135397136211,0.0131485555320978,0.9139416813850404,0.1940750926733017,0.1846153846153846,0.9034845496383958,ok,6b5eb84,a1ec002f,precomputed,,
reconstruction,4S456Parcels,0,bayesian_ridge,bayesian_ridge,bv+demo,bv+demo,SC,False,683,195,26,103740,0.0042551103979349,0.0276880022138357,0.9151946306228638,0.2031395733356475,0.1282051282051282,0.915292570677186,ok,6b5eb84,f6845e23,precomputed,,
reconstruction,4S456Parcels,0,kernel_ridge,"kernel_ridge[alpha=0.1,gamma_mult=0.5]",bv+demo,bv+demo,SC,False,683,195,26,103740,0.0044479086063802,-0.0152861308306455,0.9112390875816344,0.172128215432167,0.1333333333333333,0.8553846153846154,ok,6b5eb84,65877d66,precomputed,0.5,0.1
reconstruction,4S456Parcels,0,kernel_ridge,"kernel_ridge[alpha=1.0,gamma_mult=0.5]",bv+demo,bv+demo,SC,False,683,195,26,103740,0.0042916997335851,0.0200429074466228,0.9145304560661316,0.1928113251924514,0.2256410256410256,0.913846153846154,ok,6b5eb84,0e4eb1e2,precomputed,0.5,1.0
reconstruction,4S456Parcels,0,kernel_ridge,"kernel_ridge[alpha=10.0,gamma_mult=0.5]",bv+demo,bv+demo,SC,False,683,195,26,103740,0.0043135359883308,0.0217842776328325,0.9148867726325988,0.1934202164411544,0.1948717948717948,0.92620644312952,ok,6b5eb84,5ce1c1b4,precomputed,0.5,10.0
reconstruction,4S456Parcels,0,kernel_ridge,"kernel_ridge[alpha=0.1,gamma_mult=1.0]",bv+demo,bv+demo,SC,False,683,195,26,103740,0.0046518580056726,-0.0575903244316577,0.90707665681839,0.1480921804904937,0.0666666666666666,0.7867981591058515,ok,6b5eb84,fc33d1d0,precomputed,1.0,0.1
reconstruction,4S456Parcels,0,kernel_ridge,"kernel_ridge[alpha=1.0,gamma_mult=1.0]",bv+demo,bv+demo,SC,False,683,195,26,103740,0.0043229651637375,0.0129801863804459,0.9138733744621276,0.1854146271944046,0.2,0.907534516765286,ok,6b5eb84,cce8558d,precomputed,1.0,1.0
reconstruction,4S456Parcels,0,kernel_ridge,"kernel_ridge[alpha=10.0,gamma_mult=1.0]",bv+demo,bv+demo,SC,False,683,195,26,103740,0.0042927786707878,0.0252960156649351,0.915077269077301,0.1921155303716659,0.1846153846153846,0.9287836949375412,ok,6b5eb84,8f4205f6,precomputed,1.0,10.0
reconstruction,4S456Parcels,0,kernel_ridge,"kernel_ridge[alpha=0.1,gamma_mult=2.0]",bv+demo,bv+demo,SC,False,683,195,26,103740,0.0049176407046616,-0.1110138967633247,0.9017521739006042,0.1239309683442115,0.041025641025641,0.7412228796844181,ok,6b5eb84,ad0959d9,precomputed,2.0,0.1
reconstruction,4S456Parcels,0,kernel_ridge,"kernel_ridge[alpha=1.0,gamma_mult=2.0]",bv+demo,bv+demo,SC,False,683,195,26,103740,0.0043825609609484,0.0011742904316633,0.9126752614974976,0.1704770177602768,0.1538461538461538,0.8989349112426035,ok,6b5eb84,994d9758,precomputed,2.0,1.0
reconstruction,4S456Parcels,0,kernel_ridge,"kernel_ridge[alpha=10.0,gamma_mult=2.0]",bv+demo,bv+demo,SC,False,683,195,26,103740,0.004290712531656,0.0255545061081647,0.9150476455688475,0.1881680190563202,0.1897435897435897,0.9270742932281394,ok,6b5eb84,76c22491,precomputed,2.0,10.0
reconstruction,4S456Parcels,0,pca_pls,pca_pls,bv+demo,bv+demo,FC,False,683,195,26,103740,0.0121515877544879,-0.0223689619451761,0.8199988603591919,0.082928791642189,0.0205128205128205,0.6710848126232741,ok,6b5eb84,60928a03,precomputed,,
reconstruction,4S456Parcels,0,bayesian_ridge,bayesian_ridge,bv+demo,bv+demo,FC,False,683,195,26,103740,0.0119248600676655,-0.003119561355561,0.8234132528305054,0.0914474129676818,0.0051282051282051,0.6659040105193952,ok,6b5eb84,36fbd560,precomputed,,
reconstruction,4S456Parcels,0,kernel_ridge,"kernel_ridge[alpha=0.1,gamma_mult=0.5]",bv+demo,bv+demo,FC,False,683,195,26,103740,0.0124674104154109,-0.0481935292482376,0.8152815699577332,0.0784791484475135,0.0307692307692307,0.6570677186061802,ok,6b5eb84,f178d228,precomputed,0.5,0.1
reconstruction,4S456Parcels,0,kernel_ridge,"kernel_ridge[alpha=1.0,gamma_mult=0.5]",bv+demo,bv+demo,FC,False,683,195,26,103740,0.0120341852307319,-0.0128347259014844,0.821760892868042,0.0891088470816612,0.0205128205128205,0.6867061143984221,ok,6b5eb84,8336b232,precomputed,0.5,1.0
reconstruction,4S456Parcels,0,kernel_ridge,"kernel_ridge[alpha=10.0,gamma_mult=0.5]",bv+demo,bv+demo,FC,False,683,195,26,103740,0.0119080562144517,-0.0016814274713397,0.8237091898918152,0.0882149264216423,0.0102564102564102,0.6911242603550296,ok,6b5eb84,f0a19f70,precomputed,0.5,10.0
reconstruction,4S456Parcels,0,kernel_ridge,"kernel_ridge[alpha=0.1,gamma_mult=1.0]",bv+demo,bv+demo,FC,False,683,195,26,103740,0.0130220213904976,-0.0928608700633049,0.8070846796035767,0.0677726566791534,0.0256410256410256,0.634792899408284,ok,6b5eb84,ec82ba2d,precomputed,1.0,0.1
reconstruction,4S456Parcels,0,kernel_ridge,"kernel_ridge[alpha=1.0,gamma_mult=1.0]",bv+demo,bv+demo,FC,False,683,195,26,103740,0.0121124982833862,-0.0193833410739898,0.8205717206001282,0.0865976810455322,0.0256410256410256,0.6888362919132149,ok,6b5eb84,8d331bfa,precomputed,1.0,1.0
reconstruction,4S456Parcels,0,kernel_ridge,"kernel_ridge[alpha=10.0,gamma_mult=1.0]",bv+demo,bv+demo,FC,False,683,195,26,103740,0.0119076892733573,-0.0019533904269337,0.8237016797065735,0.0887165069580078,0.0153846153846153,0.694017094017094,ok,6b5eb84,6e034ece,precomputed,1.0,10.0
reconstruction,4S456Parcels,0,kernel_ridge,"kernel_ridge[alpha=0.1,gamma_mult=2.0]",bv+demo,bv+demo,FC,False,683,195,26,103740,0.0136886555701494,-0.1464217007160186,0.7974645495414734,0.0607729703187942,0.0153846153846153,0.6253517422748192,ok,6b5eb84,bdca8d76,precomputed,2.0,0.1
reconstruction,4S456Parcels,0,kernel_ridge,"kernel_ridge[alpha=1.0,gamma_mult=2.0]",bv+demo,bv+demo,FC,False,683,195,26,103740,0.0122645506635308,-0.0318155549466609,0.8182286024093628,0.0791966691613197,0.0307692307692307,0.6828665351742276,ok,6b5eb84,faad7bf7,precomputed,2.0,1.0
reconstruction,4S456Parcels,0,kernel_ridge,"kernel_ridge[alpha=10.0,gamma_mult=2.0]",bv+demo,bv+demo,FC,False,683,195,26,103740,0.0119184171780943,-0.0029903319664299,0.8235296607017517,0.0879525989294052,0.0205128205128205,0.6953057199211046,ok,6b5eb84,c2446256,precomputed,2.0,10.0
reconstruction,4S456Parcels,0,pca_pls,pca_pls,FC+bv+demo,FC+bv+demo,SC,True,683,195,103766,103740,0.0043663522228598,-0.0068683200515806,0.912859320640564,0.187712550163269,0.2307692307692307,0.929835634451019,ok,6b5eb84,8234b775,precomputed,,
reconstruction,4S456Parcels,0,bayesian_ridge,bayesian_ridge,FC+bv+demo,FC+bv+demo,SC,True,683,195,103766,103740,0.0042534857057034,0.0256005562841892,0.9152631163597108,0.2038391828536987,0.2358974358974359,0.9208152531229454,ok,6b5eb84,05d8260b,precomputed,,
reconstruction,4S456Parcels,0,kernel_ridge,"kernel_ridge[alpha=0.1,gamma_mult=0.5]",FC+bv+demo,FC+bv+demo,SC,True,683,195,103766,103740,0.0044379751197993,-0.0242184530943632,0.9113330841064452,0.1854955404996872,0.2871794871794871,0.9406180144641684,ok,6b5eb84,7ef29072,precomputed,0.5,0.1
reconstruction,4S456Parcels,0,kernel_ridge,"kernel_ridge[alpha=1.0,gamma_mult=0.5]",FC+bv+demo,FC+bv+demo,SC,True,683,195,103766,103740,0.0042557111009955,0.0242969878017902,0.9152381420135498,0.202918067574501,0.3179487179487179,0.9589217619986852,ok,6b5eb84,c46ba47e,precomputed,0.5,1.0
reconstruction,4S456Parcels,0,kernel_ridge,"kernel_ridge[alpha=10.0,gamma_mult=0.5]",FC+bv+demo,FC+bv+demo,SC,True,683,195,103766,103740,0.0043413895182311,0.0153414998203516,0.9142157435417176,0.1951981782913208,0.1743589743589743,0.928336620644313,ok,6b5eb84,734c5388,precomputed,0.5,10.0
reconstruction,4S456Parcels,0,kernel_ridge,"kernel_ridge[alpha=0.1,gamma_mult=1.0]",FC+bv+demo,FC+bv+demo,SC,True,683,195,103766,103740,0.0044997185468673,-0.0391537025570869,0.9100725054740906,0.1839511841535568,0.2564102564102564,0.9390138067061145,ok,6b5eb84,49d7754e,precomputed,1.0,0.1
reconstruction,4S456Parcels,0,kernel_ridge,"kernel_ridge[alpha=1.0,gamma_mult=1.0]",FC+bv+demo,FC+bv+demo,SC,True,683,195,103766,103740,0.0042730076238512,0.017407476902008,0.9148141741752625,0.2004044353961944,0.3282051282051282,0.955397764628534,ok,6b5eb84,593bb199,precomputed,1.0,1.0
reconstruction,4S456Parcels,0,kernel_ridge,"kernel_ridge[alpha=10.0,gamma_mult=1.0]",FC+bv+demo,FC+bv+demo,SC,True,683,195,103766,103740,0.0043088062666356,0.020728513598442,0.9145802855491638,0.1977712213993072,0.2461538461538461,0.9467981591058514,ok,6b5eb84,b210727a,precomputed,1.0,10.0
reconstruction,4S456Parcels,0,kernel_ridge,"kernel_ridge[alpha=0.1,gamma_mult=2.0]",FC+bv+demo,FC+bv+demo,SC,True,683,195,103766,103740,0.0045471284538507,-0.0510543100535869,0.9091627597808838,0.1851043254137039,0.241025641025641,0.9408547008547008,ok,6b5eb84,356fb34d,precomputed,2.0,0.1
reconstruction,4S456Parcels,0,kernel_ridge,"kernel_ridge[alpha=1.0,gamma_mult=2.0]",FC+bv+demo,FC+bv+demo,SC,True,683,195,103766,103740,0.0043050092644989,0.0076863761059939,0.9141512513160706,0.1993467807769775,0.3076923076923077,0.9514003944773176,ok,6b5eb84,0dfb4311,precomputed,2.0,1.0
reconstruction,4S456Parcels,0,kernel_ridge,"kernel_ridge[alpha=10.0,gamma_mult=2.0]",FC+bv+demo,FC+bv+demo,SC,True,683,195,103766,103740,0.004287286195904,0.0238719377666711,0.9148216843605042,0.1985019594430923,0.2974358974358974,0.9514266929651544,ok,6b5eb84,d2695c46,precomputed,2.0,10.0
reconstruction,4S456Parcels,0,pca_pls,pca_pls,SC+bv+demo,SC+bv+demo,FC,True,683,195,103766,103740,0.0123599497601389,-0.0423187352716922,0.8166131377220154,0.0978794619441032,0.0717948717948717,0.7494806048652203,ok,6b5eb84,c1c60ff6,precomputed,,
reconstruction,4S456Parcels,0,bayesian_ridge,bayesian_ridge,SC+bv+demo,SC+bv+demo,FC,True,683,195,103766,103740,0.0119030224159359,-0.0032421699725091,0.8237572312355042,0.1024698764085769,0.0512820512820512,0.7502695595003288,ok,6b5eb84,4662e387,precomputed,,
reconstruction,4S456Parcels,0,kernel_ridge,"kernel_ridge[alpha=0.1,gamma_mult=0.5]",SC+bv+demo,SC+bv+demo,FC,True,683,195,103766,103740,0.0126892998814582,-0.070407934486866,0.8117702603340149,0.0932604968547821,0.0717948717948717,0.7446153846153847,ok,6b5eb84,53bdb8b3,precomputed,0.5,0.1
reconstruction,4S456Parcels,0,kernel_ridge,"kernel_ridge[alpha=1.0,gamma_mult=0.5]",SC+bv+demo,SC+bv+demo,FC,True,683,195,103766,103740,0.0119139114394783,-0.0047422051429748,0.8235385417938232,0.1034213304519653,0.0512820512820512,0.7622616699539777,ok,6b5eb84,b93d9c00,precomputed,0.5,1.0
reconstruction,4S456Parcels,0,kernel_ridge,"kernel_ridge[alpha=10.0,gamma_mult=0.5]",SC+bv+demo,SC+bv+demo,FC,True,683,195,103766,103740,0.0119309918954968,-0.0031328229233622,0.8234000205993652,0.1037910878658294,0.0256410256410256,0.7531623931623932,ok,6b5eb84,b5cdcbc4,precomputed,0.5,10.0
reconstruction,4S456Parcels,0,kernel_ridge,"kernel_ridge[alpha=0.1,gamma_mult=1.0]",SC+bv+demo,SC+bv+demo,FC,True,683,195,103766,103740,0.0128716425970196,-0.0854784175753593,0.809146523475647,0.093807153403759,0.0666666666666666,0.7443523997370152,ok,6b5eb84,13d94f10,precomputed,1.0,0.1
reconstruction,4S456Parcels,0,kernel_ridge,"kernel_ridge[alpha=1.0,gamma_mult=1.0]",SC+bv+demo,SC+bv+demo,FC,True,683,195,103766,103740,0.0120137594640254,-0.013718944042921,0.8219591379165649,0.1016623303294181,0.0615384615384615,0.760026298487837,ok,6b5eb84,83cfe387,precomputed,1.0,1.0
reconstruction,4S456Parcels,0,kernel_ridge,"kernel_ridge[alpha=10.0,gamma_mult=1.0]",SC+bv+demo,SC+bv+demo,FC,True,683,195,103766,103740,0.0119063295423984,-0.0015742823015898,0.8237736821174622,0.1051993742585182,0.0307692307692307,0.7574490466798159,ok,6b5eb84,2b0fdb62,precomputed,1.0,10.0
reconstruction,4S456Parcels,0,kernel_ridge,"kernel_ridge[alpha=0.1,gamma_mult=2.0]",SC+bv+demo,SC+bv+demo,FC,True,683,195,103766,103740,0.0129422098398208,-0.0912959054112434,0.8081658482551575,0.0954677909612655,0.0615384615384615,0.7468507560815253,ok,6b5eb84,95190011,precomputed,2.0,0.1
reconstruction,4S456Parcels,0,kernel_ridge,"kernel_ridge[alpha=1.0,gamma_mult=2.0]",SC+bv+demo,SC+bv+demo,FC,True,683,195,103766,103740,0.0121117979288101,-0.022169679403305,0.8204535245895386,0.1017350032925605,0.0615384615384615,0.7593425378040762,ok,6b5eb84,fe58a36e,precomputed,2.0,1.0
reconstruction,4S456Parcels,0,kernel_ridge,"kernel_ridge[alpha=10.0,gamma_mult=2.0]",SC+bv+demo,SC+bv+demo,FC,True,683,195,103766,103740,0.0118917385116219,-0.000749735336285,0.8239907026290894,0.1057125553488731,0.0307692307692307,0.7572386587771203,ok,6b5eb84,ecd30318,precomputed,2.0,10.0
reconstruction,4S456Parcels,0,pca_pls,pca_pls,FC,FC,FC,False,683,195,103740,103740,0.0094966329634189,0.1742544323205948,0.8586300611495972,0.4426676332950592,1.0,1.0,ok,6b5eb84,740a1e4a,precomputed,,
reconstruction,4S456Parcels,0,bayesian_ridge,bayesian_ridge,FC,FC,FC,False,683,195,103740,103740,0.0071751158684492,0.3259010016918182,0.8943629860877991,0.625471830368042,1.0,1.0,ok,6b5eb84,75a9ae1f,precomputed,,
reconstruction,4S456Parcels,0,kernel_ridge,"kernel_ridge[alpha=0.1,gamma_mult=0.5]",FC,FC,FC,False,683,195,103740,103740,0.0072599709965288,0.3250814974308014,0.8933275938034058,0.6254628300666809,1.0,1.0,ok,6b5eb84,376c0129,precomputed,0.5,0.1
reconstruction,4S456Parcels,0,kernel_ridge,"kernel_ridge[alpha=1.0,gamma_mult=0.5]",FC,FC,FC,False,683,195,103740,103740,0.0091193290427327,0.201658234000206,0.8667104244232178,0.6254204511642456,1.0,1.0,ok,6b5eb84,5e3cc007,precomputed,0.5,1.0
reconstruction,4S456Parcels,0,kernel_ridge,"kernel_ridge[alpha=10.0,gamma_mult=0.5]",FC,FC,FC,False,683,195,103740,103740,0.0115028545260429,0.0288004577159881,0.8300657868385315,0.6240953207015991,1.0,1.0,ok,6b5eb84,d4c184cc,precomputed,0.5,10.0
reconstruction,4S456Parcels,0,kernel_ridge,"kernel_ridge[alpha=0.1,gamma_mult=1.0]",FC,FC,FC,False,683,195,103740,103740,0.0071958280168473,0.3269818127155304,0.8941479921340942,0.6254351735115051,1.0,1.0,ok,6b5eb84,b55b8556,precomputed,1.0,0.1
reconstruction,4S456Parcels,0,kernel_ridge,"kernel_ridge[alpha=1.0,gamma_mult=1.0]",FC,FC,FC,False,683,195,103740,103740,0.0083977915346622,0.2523770630359649,0.8774831295013428,0.6253361105918884,1.0,1.0,ok,6b5eb84,a50dfbc4,precomputed,1.0,1.0
reconstruction,4S456Parcels,0,kernel_ridge,"kernel_ridge[alpha=10.0,gamma_mult=1.0]",FC,FC,FC,False,683,195,103740,103740,0.0112039363011717,0.0507515370845794,0.8347353339195251,0.6230871677398682,1.0,1.0,ok,6b5eb84,519ebc98,precomputed,1.0,10.0
reconstruction,4S456Parcels,0,kernel_ridge,"kernel_ridge[alpha=0.1,gamma_mult=2.0]",FC,FC,FC,False,683,195,103740,103740,0.0071889483369886,0.3258823752403259,0.8942268490791321,0.625300407409668,1.0,1.0,ok,6b5eb84,d535d9a6,precomputed,2.0,0.1
reconstruction,4S456Parcels,0,kernel_ridge,"kernel_ridge[alpha=1.0,gamma_mult=2.0]",FC,FC,FC,False,683,195,103740,103740,0.0079985447227954,0.2796530723571777,0.8833860754966736,0.6249799728393555,1.0,1.0,ok,6b5eb84,72ed80a7,precomputed,2.0,1.0
reconstruction,4S456Parcels,0,kernel_ridge,"kernel_ridge[alpha=10.0,gamma_mult=2.0]",FC,FC,FC,False,683,195,103740,103740,0.0109338425099849,0.0705550760030746,0.8389899134635925,0.6190149784088135,1.0,1.0,ok,6b5eb84,fd325eeb,precomputed,2.0,10.0
reconstruction,4S456Parcels,0,pca_pls,pca_pls,SC,SC,SC,False,683,195,103740,103740,0.0037990948185324,0.0535963103175163,0.9246615171432496,0.3806533515453338,1.0,1.0,ok,6b5eb84,4a016832,precomputed,,
reconstruction,4S456Parcels,0,bayesian_ridge,bayesian_ridge,SC,SC,SC,False,683,195,103740,103740,0.0027334433980286,0.0967086553573608,0.9463101625442504,0.6212669014930725,1.0,1.0,ok,6b5eb84,67eefdd1,precomputed,,
reconstruction,4S456Parcels,0,kernel_ridge,"kernel_ridge[alpha=0.1,gamma_mult=0.5]",SC,SC,SC,False,683,195,103740,103740,0.0027678469195961,0.1241649389266967,0.945717990398407,0.6212567687034607,1.0,1.0,ok,6b5eb84,45c50551,precomputed,0.5,0.1
reconstruction,4S456Parcels,0,kernel_ridge,"kernel_ridge[alpha=1.0,gamma_mult=0.5]",SC,SC,SC,False,683,195,103740,103740,0.0034397316630929,0.1108559221029281,0.93307763338089,0.6211832165718079,1.0,1.0,ok,6b5eb84,976f635e,precomputed,0.5,1.0
reconstruction,4S456Parcels,0,kernel_ridge,"kernel_ridge[alpha=10.0,gamma_mult=0.5]",SC,SC,SC,False,683,195,103740,103740,0.0042892219498753,0.0149101801216602,0.9164907336235046,0.6163788437843323,1.0,1.0,ok,6b5eb84,e0f6fa46,precomputed,0.5,10.0
reconstruction,4S456Parcels,0,kernel_ridge,"kernel_ridge[alpha=0.1,gamma_mult=1.0]",SC,SC,SC,False,683,195,103740,103740,0.0027454250957816,0.1134898513555526,0.946122944355011,0.6212257742881775,1.0,1.0,ok,6b5eb84,cb0144a1,precomputed,1.0,0.1
reconstruction,4S456Parcels,0,kernel_ridge,"kernel_ridge[alpha=1.0,gamma_mult=1.0]",SC,SC,SC,False,683,195,103740,103740,0.0031909556128084,0.1305714845657348,0.9378864169120787,0.6210739612579346,1.0,1.0,ok,6b5eb84,77db96af,precomputed,1.0,1.0
reconstruction,4S456Parcels,0,kernel_ridge,"kernel_ridge[alpha=10.0,gamma_mult=1.0]",SC,SC,SC,False,683,195,103740,103740,0.0041864099912345,0.0279759652912616,0.9185320138931274,0.6132268905639648,1.0,1.0,ok,6b5eb84,8e81cd50,precomputed,1.0,10.0
reconstruction,4S456Parcels,0,kernel_ridge,"kernel_ridge[alpha=0.1,gamma_mult=2.0]",SC,SC,SC,False,683,195,103740,103740,0.0027445417363196,0.1093842312693595,0.9461546540260316,0.6210755705833435,1.0,1.0,ok,6b5eb84,e00584d2,precomputed,2.0,0.1
reconstruction,4S456Parcels,0,kernel_ridge,"kernel_ridge[alpha=1.0,gamma_mult=2.0]",SC,SC,SC,False,683,195,103740,103740,0.0030664294026792,0.1369888484477996,0.9403343200683594,0.6205629706382751,1.0,1.0,ok,6b5eb84,d7351669,precomputed,2.0,1.0
reconstruction,4S456Parcels,0,kernel_ridge,"kernel_ridge[alpha=10.0,gamma_mult=2.0]",SC,SC,SC,False,683,195,103740,103740,0.0041006542742252,0.0386815667152404,0.9202730059623718,0.6003854870796204,1.0,1.0,ok,6b5eb84,64e6632e,precomputed,2.0,10.0
reconstruction,4S456Parcels,1,pca_pls,pca_pls,FC,FC,SC,False,683,195,103740,103740,0.0045030191540718,-0.0158149600028991,0.9105932712554932,0.1486431807279586,0.1692307692307692,0.912715318869165,ok,6b5eb84,562d3938,precomputed,,
reconstruction,4S456Parcels,1,bayesian_ridge,bayesian_ridge,FC,FC,SC,False,683,195,103740,103740,0.004377223085612,0.0164233818650245,0.9131979942321776,0.1732127219438552,0.1589743589743589,0.9103747534516764,ok,6b5eb84,0e23f915,precomputed,,
reconstruction,4S456Parcels,1,kernel_ridge,"kernel_ridge[alpha=0.1,gamma_mult=0.5]",FC,FC,SC,False,683,195,103740,103740,0.0045692613348364,-0.0309065040200948,0.9092194437980652,0.1443357616662979,0.1794871794871795,0.9255752794214333,ok,6b5eb84,4091fb60,precomputed,0.5,0.1
reconstruction,4S456Parcels,1,kernel_ridge,"kernel_ridge[alpha=1.0,gamma_mult=0.5]",FC,FC,SC,False,683,195,103740,103740,0.0044270986691117,0.0065541942603886,0.9126116037368774,0.1439944356679916,0.2,0.9338593030900724,ok,6b5eb84,d6cf87a8,precomputed,0.5,1.0
reconstruction,4S456Parcels,1,kernel_ridge,"kernel_ridge[alpha=10.0,gamma_mult=0.5]",FC,FC,SC,False,683,195,103740,103740,0.0044985064305365,-0.0037301233969628,0.9116106033325196,0.1430044472217559,0.1641025641025641,0.9274161735700196,ok,6b5eb84,b34874fb,precomputed,0.5,10.0
reconstruction,4S456Parcels,1,kernel_ridge,"kernel_ridge[alpha=0.1,gamma_mult=1.0]",FC,FC,SC,False,683,195,103740,103740,0.0046233511529862,-0.0438615195453166,0.9080740213394164,0.1441140919923782,0.1641025641025641,0.9235239973701512,ok,6b5eb84,f49e05af,precomputed,1.0,0.1
reconstruction,4S456Parcels,1,kernel_ridge,"kernel_ridge[alpha=1.0,gamma_mult=1.0]",FC,FC,SC,False,683,195,103740,103740,0.0044332859106361,0.0031694353092461,0.9123178124427797,0.1441472768783569,0.1897435897435897,0.934069690992768,ok,6b5eb84,4e05352b,precomputed,1.0,1.0
reconstruction,4S456Parcels,1,kernel_ridge,"kernel_ridge[alpha=10.0,gamma_mult=1.0]",FC,FC,SC,False,683,195,103740,103740,0.0044849291443824,-0.0014239721931517,0.9118323922157288,0.1427026987075805,0.1641025641025641,0.9287310979618671,ok,6b5eb84,54953b04,precomputed,1.0,10.0
reconstruction,4S456Parcels,1,kernel_ridge,"kernel_ridge[alpha=0.1,gamma_mult=2.0]",FC,FC,SC,False,683,195,103740,103740,0.0046684518456459,-0.0545473657548427,0.9071317315101624,0.143044501543045,0.1794871794871795,0.923602892833662,ok,6b5eb84,2c5d4978,precomputed,2.0,0.1
reconstruction,4S456Parcels,1,kernel_ridge,"kernel_ridge[alpha=1.0,gamma_mult=2.0]",FC,FC,SC,False,683,195,103740,103740,0.0044525377452373,-0.0025658283848315,0.9118143916130066,0.1440029889345169,0.1743589743589743,0.9338856015779092,ok,6b5eb84,8bfc1d6e,precomputed,2.0,1.0
reconstruction,4S456Parcels,1,kernel_ridge,"kernel_ridge[alpha=10.0,gamma_mult=2.0]",FC,FC,SC,False,683,195,103740,103740,0.0044731982052326,0.0004682624421548,0.912017285823822,0.1410446166992187,0.1589743589743589,0.929335963182117,ok,6b5eb84,ee243c86,precomputed,2.0,10.0
reconstruction,4S456Parcels,1,pca_pls,pca_pls,SC,SC,FC,False,683,195,103740,103740,0.0127145880833268,-0.0379781536757946,0.8104503154754639,0.0977912321686744,0.0615384615384615,0.7554766600920447,ok,6b5eb84,1f1cb383,precomputed,,
reconstruction,4S456Parcels,1,bayesian_ridge,bayesian_ridge,SC,SC,FC,False,683,195,103740,103740,0.0122472057119011,0.0006421490106731,0.8177465200424194,0.1130819469690322,0.0871794871794871,0.7985009861932939,ok,6b5eb84,3665c747,precomputed,,
reconstruction,4S456Parcels,1,kernel_ridge,"kernel_ridge[alpha=0.1,gamma_mult=0.5]",SC,SC,FC,False,683,195,103740,103740,0.0129780760034918,-0.0596445612609386,0.8064141869544983,0.0951361954212188,0.0717948717948717,0.7587902695595004,ok,6b5eb84,7c55813a,precomputed,0.5,0.1
reconstruction,4S456Parcels,1,kernel_ridge,"kernel_ridge[alpha=1.0,gamma_mult=0.5]",SC,SC,FC,False,683,195,103740,103740,0.0123033812269568,-0.0037311320193111,0.8168086409568787,0.0957773029804229,0.0769230769230769,0.7702038132807364,ok,6b5eb84,418884ed,precomputed,0.5,1.0
reconstruction,4S456Parcels,1,kernel_ridge,"kernel_ridge[alpha=10.0,gamma_mult=0.5]",SC,SC,FC,False,683,195,103740,103740,0.0123546756803989,-0.0049483948387205,0.8160393238067627,0.0964853018522262,0.0615384615384615,0.7691781722550953,ok,6b5eb84,3a36f56f,precomputed,0.5,10.0
reconstruction,4S456Parcels,1,kernel_ridge,"kernel_ridge[alpha=0.1,gamma_mult=1.0]",SC,SC,FC,False,683,195,103740,103740,0.0131655866280198,-0.0747898668050766,0.803662896156311,0.0937661379575729,0.0666666666666666,0.755871137409599,ok,6b5eb84,a6bb5aa1,precomputed,1.0,0.1
reconstruction,4S456Parcels,1,kernel_ridge,"kernel_ridge[alpha=1.0,gamma_mult=1.0]",SC,SC,FC,False,683,195,103740,103740,0.012384339235723,-0.01105064060539,0.8155272006988525,0.0955377072095871,0.0871794871794871,0.769335963182117,ok,6b5eb84,b1f92609,precomputed,1.0,1.0
reconstruction,4S456Parcels,1,kernel_ridge,"kernel_ridge[alpha=10.0,gamma_mult=1.0]",SC,SC,FC,False,683,195,103740,103740,0.0123322876170277,-0.0035302089527249,0.8163948059082031,0.0964376777410507,0.0666666666666666,0.7707823800131492,ok,6b5eb84,bbd029be,precomputed,1.0,10.0
reconstruction,4S456Parcels,1,kernel_ridge,"kernel_ridge[alpha=0.1,gamma_mult=2.0]",SC,SC,FC,False,683,195,103740,103740,0.0132746994495391,-0.0836246833205223,0.802097737789154,0.0919614285230636,0.0769230769230769,0.7556081525312295,ok,6b5eb84,66ffd8f9,precomputed,2.0,0.1
reconstruction,4S456Parcels,1,kernel_ridge,"kernel_ridge[alpha=1.0,gamma_mult=2.0]",SC,SC,FC,False,683,195,103740,103740,0.0124736530706286,-0.018679890781641,0.8141486048698425,0.0948064550757408,0.0974358974358974,0.7674950690335306,ok,6b5eb84,d2400a51,precomputed,2.0,1.0
reconstruction,4S456Parcels,1,kernel_ridge,"kernel_ridge[alpha=10.0,gamma_mult=2.0]",SC,SC,FC,False,683,195,103740,103740,0.012314835563302,-0.0024710525758564,0.8166773915290833,0.0958093032240867,0.0769230769230769,0.7707560815253123,ok,6b5eb84,2565a4d0,precomputed,2.0,10.0
reconstruction,4S456Parcels,1,pca_pls,pca_pls,bv,bv,SC,False,683,195,16,103740,0.0043538613244891,0.0171198211610317,0.9128618240356444,0.1890104860067367,0.123076923076923,0.908034188034188,ok,6b5eb84,33e358e4,precomputed,,
reconstruction,4S456Parcels,1,bayesian_ridge,bayesian_ridge,bv,bv,SC,False,683,195,16,103740,0.0043156617321074,0.0275060813874006,0.9136384129524232,0.1945701390504837,0.1025641025641025,0.9014332675871136,ok,6b5eb84,3a47ffd6,precomputed,,
reconstruction,4S456Parcels,1,kernel_ridge,"kernel_ridge[alpha=0.1,gamma_mult=0.5]",bv,bv,SC,False,683,195,16,103740,0.0045444839634001,-0.0206783339381217,0.9089037775993348,0.1559203863143921,0.0615384615384615,0.801577909270217,ok,6b5eb84,b67b0bdc,precomputed,0.5,0.1
reconstruction,4S456Parcels,1,kernel_ridge,"kernel_ridge[alpha=1.0,gamma_mult=0.5]",bv,bv,SC,False,683,195,16,103740,0.0043511539697647,0.0193470288068056,0.9130198955535888,0.1874593645334243,0.1794871794871795,0.9088757396449704,ok,6b5eb84,cdf2ce83,precomputed,0.5,1.0
reconstruction,4S456Parcels,1,kernel_ridge,"kernel_ridge[alpha=10.0,gamma_mult=0.5]",bv,bv,SC,False,683,195,16,103740,0.0043532806448638,0.0226298458874225,0.9134175777435304,0.1927574574947357,0.1692307692307692,0.916397107166338,ok,6b5eb84,f62bb54c,precomputed,0.5,10.0
reconstruction,4S456Parcels,1,kernel_ridge,"kernel_ridge[alpha=0.1,gamma_mult=1.0]",bv,bv,SC,False,683,195,16,103740,0.0047178659588098,-0.0556024610996246,0.9053360223770142,0.1335712969303131,0.0307692307692307,0.7350164365548981,ok,6b5eb84,6e0f580e,precomputed,1.0,0.1
reconstruction,4S456Parcels,1,kernel_ridge,"kernel_ridge[alpha=1.0,gamma_mult=1.0]",bv,bv,SC,False,683,195,16,103740,0.0043969005346298,0.0102042807266116,0.91209077835083,0.1747844666242599,0.0769230769230769,0.8879684418145957,ok,6b5eb84,6948f263,precomputed,1.0,1.0
reconstruction,4S456Parcels,1,kernel_ridge,"kernel_ridge[alpha=10.0,gamma_mult=1.0]",bv,bv,SC,False,683,195,16,103740,0.0043443818576633,0.0239997245371341,0.9134976863861084,0.1908536851406097,0.1641025641025641,0.9156870479947404,ok,6b5eb84,9bfbb92a,precomputed,1.0,10.0
reconstruction,4S456Parcels,1,kernel_ridge,"kernel_ridge[alpha=0.1,gamma_mult=2.0]",bv,bv,SC,False,683,195,16,103740,0.0049898163415491,-0.1074656397104263,0.8999233245849609,0.1077996492385864,0.0307692307692307,0.6827087442472057,ok,6b5eb84,9477f898,precomputed,2.0,0.1
reconstruction,4S456Parcels,1,kernel_ridge,"kernel_ridge[alpha=1.0,gamma_mult=2.0]",bv,bv,SC,False,683,195,16,103740,0.0044700219295918,-0.0038156944792717,0.9106353521347046,0.1563084721565246,0.0461538461538461,0.860802103879027,ok,6b5eb84,03d9326f,precomputed,2.0,1.0
reconstruction,4S456Parcels,1,kernel_ridge,"kernel_ridge[alpha=10.0,gamma_mult=2.0]",bv,bv,SC,False,683,195,16,103740,0.004353221040219,0.0226267836987972,0.9133315086364746,0.1857199817895889,0.1333333333333333,0.9081130834976988,ok,6b5eb84,1ce68be1,precomputed,2.0,10.0
reconstruction,4S456Parcels,1,pca_pls,pca_pls,bv,bv,FC,False,683,195,16,103740,0.0125682950019836,-0.0215446390211582,0.8128353953361511,0.0338155440986156,0.0,0.599026955950033,ok,6b5eb84,35b37044,precomputed,,
reconstruction,4S456Parcels,1,bayesian_ridge,bayesian_ridge,bv,bv,FC,False,683,195,16,103740,0.0123772257938981,-0.0064369696192443,0.8157278299331665,0.0425977893173694,0.0,0.6038658777120316,ok,6b5eb84,cd3dd475,precomputed,,
reconstruction,4S456Parcels,1,kernel_ridge,"kernel_ridge[alpha=0.1,gamma_mult=0.5]",bv,bv,FC,False,683,195,16,103740,0.013101939111948,-0.0630443468689918,0.8044110536575317,0.029543126001954,0.0051282051282051,0.5754898093359633,ok,6b5eb84,19cf7b93,precomputed,0.5,0.1
reconstruction,4S456Parcels,1,kernel_ridge,"kernel_ridge[alpha=1.0,gamma_mult=0.5]",bv,bv,FC,False,683,195,16,103740,0.0125663066282868,-0.0212441552430391,0.8127891421318054,0.0328701883554458,0.0051282051282051,0.6016305062458909,ok,6b5eb84,7364cda8,precomputed,0.5,1.0
reconstruction,4S456Parcels,1,kernel_ridge,"kernel_ridge[alpha=10.0,gamma_mult=0.5]",bv,bv,FC,False,683,195,16,103740,0.0124079966917634,-0.008816952817142,0.8152924180030823,0.0328450724482536,0.0051282051282051,0.6053648915187377,ok,6b5eb84,ef4b0a37,precomputed,0.5,10.0
reconstruction,4S456Parcels,1,kernel_ridge,"kernel_ridge[alpha=0.1,gamma_mult=1.0]",bv,bv,FC,False,683,195,16,103740,0.013554953970015,-0.0985127687454223,0.7977370023727417,0.0300801061093807,0.0051282051282051,0.571992110453649,ok,6b5eb84,08669058,precomputed,1.0,0.1
reconstruction,4S456Parcels,1,kernel_ridge,"kernel_ridge[alpha=1.0,gamma_mult=1.0]",bv,bv,FC,False,683,195,16,103740,0.0126744378358125,-0.029818682000041,0.8110747337341309,0.0330835841596126,0.0,0.60310322156476,ok,6b5eb84,a41b2528,precomputed,1.0,1.0
reconstruction,4S456Parcels,1,kernel_ridge,"kernel_ridge[alpha=10.0,gamma_mult=1.0]",bv,bv,FC,False,683,195,16,103740,0.0124277770519256,-0.0103894919157028,0.8149871230125427,0.0339483544230461,0.0102564102564102,0.6048389217619987,ok,6b5eb84,7ecaa71f,precomputed,1.0,10.0
reconstruction,4S456Parcels,1,kernel_ridge,"kernel_ridge[alpha=0.1,gamma_mult=2.0]",bv,bv,FC,False,683,195,16,103740,0.0142872370779514,-0.1555577963590622,0.7870724201202393,0.0281302910298109,0.0205128205128205,0.5571334648257724,ok,6b5eb84,71a76d74,precomputed,2.0,0.1
reconstruction,4S456Parcels,1,kernel_ridge,"kernel_ridge[alpha=1.0,gamma_mult=2.0]",bv,bv,FC,False,683,195,16,103740,0.012838801369071,-0.0427891947329044,0.808497965335846,0.0324023962020874,0.0051282051282051,0.5978172255095332,ok,6b5eb84,9d5b54e3,precomputed,2.0,1.0
reconstruction,4S456Parcels,1,kernel_ridge,"kernel_ridge[alpha=10.0,gamma_mult=2.0]",bv,bv,FC,False,683,195,16,103740,0.0124438516795635,-0.0117106959223747,0.8147204518318176,0.0351294502615928,0.0153846153846153,0.6050230111768573,ok,6b5eb84,6e65789a,precomputed,2.0,10.0
reconstruction,4S456Parcels,1,pca_pls,pca_pls,demo,demo,SC,False,683,195,10,103740,0.0044604316353797,-0.0018994050333276,0.9115663170814514,0.1375487595796585,0.0102564102564102,0.7855358316896779,ok,6b5eb84,f7886ebf,precomputed,,
reconstruction,4S456Parcels,1,bayesian_ridge,bayesian_ridge,demo,demo,SC,False,683,195,10,103740,0.004417217336595,0.0078511461615562,0.912450075149536,0.1495624035596847,0.0307692307692307,0.8168573307034845,ok,6b5eb84,50f92bee,precomputed,,
reconstruction,4S456Parcels,1,kernel_ridge,"kernel_ridge[alpha=0.1,gamma_mult=0.5]",demo,demo,SC,False,683,195,10,103740,0.0045343250967562,-0.0156630538403987,0.9100820422172546,0.1262197494506836,0.0307692307692307,0.7415910585141354,ok,6b5eb84,e978f728,precomputed,0.5,0.1
reconstruction,4S456Parcels,1,kernel_ridge,"kernel_ridge[alpha=1.0,gamma_mult=0.5]",demo,demo,SC,False,683,195,10,103740,0.004461059346795,-0.0006127096712589,0.9115452766418456,0.1346620023250579,0.0307692307692307,0.7787245233399079,ok,6b5eb84,485b8f3e,precomputed,0.5,1.0
reconstruction,4S456Parcels,1,kernel_ridge,"kernel_ridge[alpha=10.0,gamma_mult=0.5]",demo,demo,SC,False,683,195,10,103740,0.0044311163946986,0.007147598080337,0.9122524261474608,0.1393489092588424,0.0358974358974358,0.8194082840236686,ok,6b5eb84,8585807d,precomputed,0.5,10.0
reconstruction,4S456Parcels,1,kernel_ridge,"kernel_ridge[alpha=0.1,gamma_mult=1.0]",demo,demo,SC,False,683,195,10,103740,0.0045836577191948,-0.0264870449900627,0.909110426902771,0.1199333220720291,0.0153846153846153,0.710138067061144,ok,6b5eb84,d0aec2ab,precomputed,1.0,0.1
reconstruction,4S456Parcels,1,kernel_ridge,"kernel_ridge[alpha=1.0,gamma_mult=1.0]",demo,demo,SC,False,683,195,10,103740,0.004483163356781,-0.0052460026927292,0.9110958576202391,0.1294739991426468,0.0256410256410256,0.7593688362919132,ok,6b5eb84,c2e5f4a3,precomputed,1.0,1.0
reconstruction,4S456Parcels,1,kernel_ridge,"kernel_ridge[alpha=10.0,gamma_mult=1.0]",demo,demo,SC,False,683,195,10,103740,0.004433617927134,0.0062481802888214,0.9121810793876648,0.1362252980470657,0.0358974358974358,0.8099408284023668,ok,6b5eb84,f8b56807,precomputed,1.0,10.0
reconstruction,4S456Parcels,1,kernel_ridge,"kernel_ridge[alpha=0.1,gamma_mult=2.0]",demo,demo,SC,False,683,195,10,103740,0.0046393848024308,-0.0389673449099063,0.9080156087875366,0.1137538105249404,0.0153846153846153,0.6824194608809994,ok,6b5eb84,0e269b13,precomputed,2.0,0.1
reconstruction,4S456Parcels,1,kernel_ridge,"kernel_ridge[alpha=1.0,gamma_mult=2.0]",demo,demo,SC,False,683,195,10,103740,0.0045104222372174,-0.0113759906962513,0.9105421900749208,0.1238768473267555,0.0205128205128205,0.7427481919789611,ok,6b5eb84,a3fafa32,precomputed,2.0,1.0
reconstruction,4S456Parcels,1,kernel_ridge,"kernel_ridge[alpha=10.0,gamma_mult=2.0]",demo,demo,SC,False,683,195,10,103740,0.0044395700097084,0.0046925717033445,0.9120556712150574,0.132159873843193,0.0153846153846153,0.8020249835634451,ok,6b5eb84,56aa3b59,precomputed,2.0,10.0
reconstruction,4S456Parcels,1,pca_pls,pca_pls,demo,demo,FC,False,683,195,10,103740,0.0122213419526815,0.0022975387983024,0.8181372880935669,0.1150505766272544,0.0102564102564102,0.7025115055884287,ok,6b5eb84,edb08bae,precomputed,,
reconstruction,4S456Parcels,1,bayesian_ridge,bayesian_ridge,demo,demo,FC,False,683,195,10,103740,0.0121308462694287,0.009780197404325,0.8194792866706848,0.1263283789157867,0.0205128205128205,0.6943589743589744,ok,6b5eb84,07cc47b6,precomputed,,
reconstruction,4S456Parcels,1,kernel_ridge,"kernel_ridge[alpha=0.1,gamma_mult=0.5]",demo,demo,FC,False,683,195,10,103740,0.0124889677390456,-0.0180984120815992,0.8141352534294128,0.096183992922306,0.0,0.6707166337935568,ok,6b5eb84,1e55a44b,precomputed,0.5,0.1
reconstruction,4S456Parcels,1,kernel_ridge,"kernel_ridge[alpha=1.0,gamma_mult=0.5]",demo,demo,FC,False,683,195,10,103740,0.0122771672904491,-0.0016964013921096,0.8172375559806824,0.1065746322274208,0.0153846153846153,0.6894148586456279,ok,6b5eb84,38625362,precomputed,0.5,1.0
reconstruction,4S456Parcels,1,kernel_ridge,"kernel_ridge[alpha=10.0,gamma_mult=0.5]",demo,demo,FC,False,683,195,10,103740,0.01219277177006,0.005461661145091,0.8185235261917114,0.1138490885496139,0.0051282051282051,0.7018540433925049,ok,6b5eb84,6ab537ab,precomputed,0.5,10.0
reconstruction,4S456Parcels,1,kernel_ridge,"kernel_ridge[alpha=0.1,gamma_mult=1.0]",demo,demo,FC,False,683,195,10,103740,0.0126118157058954,-0.0274585112929344,0.812282383441925,0.0899314582347869,0.0051282051282051,0.6642998027613412,ok,6b5eb84,b5c0d731,precomputed,1.0,0.1
reconstruction,4S456Parcels,1,kernel_ridge,"kernel_ridge[alpha=1.0,gamma_mult=1.0]",demo,demo,FC,False,683,195,10,103740,0.012346314266324,-0.0069447634741663,0.8161482810974121,0.1002720296382904,0.0051282051282051,0.6860223537146615,ok,6b5eb84,58b4fff0,precomputed,1.0,1.0
reconstruction,4S456Parcels,1,kernel_ridge,"kernel_ridge[alpha=10.0,gamma_mult=1.0]",demo,demo,FC,False,683,195,10,103740,0.0122056072577834,0.0043548792600631,0.8182903528213501,0.1098503470420837,0.0153846153846153,0.6993819855358316,ok,6b5eb84,934b18b8,precomputed,1.0,10.0
reconstruction,4S456Parcels,1,kernel_ridge,"kernel_ridge[alpha=0.1,gamma_mult=2.0]",demo,demo,FC,False,683,195,10,103740,0.0127344727516174,-0.0368959382176399,0.8105388879776001,0.0848482102155685,0.0,0.659723865877712,ok,6b5eb84,c480ba4d,precomputed,2.0,0.1
reconstruction,4S456Parcels,1,kernel_ridge,"kernel_ridge[alpha=1.0,gamma_mult=2.0]",demo,demo,FC,False,683,195,10,103740,0.0124137140810489,-0.0120459673926234,0.8150879144668579,0.0945513769984245,0.0102564102564102,0.6805522682445759,ok,6b5eb84,306298aa,precomputed,2.0,1.0
reconstruction,4S456Parcels,1,kernel_ridge,"kernel_ridge[alpha=10.0,gamma_mult=2.0]",demo,demo,FC,False,683,195,10,103740,0.0122309774160385,0.0024478714913129,0.8178580403327942,0.104831539094448,0.0051282051282051,0.6934122287968442,ok,6b5eb84,5b200e09,precomputed,2.0,10.0
reconstruction,4S456Parcels,1,pca_pls,pca_pls,bv+demo,bv+demo,SC,False,683,195,26,103740,0.0043752235360443,0.0100524723529815,0.91243976354599,0.1959467232227325,0.1948717948717948,0.9129783037475344,ok,6b5eb84,dee01cc5,precomputed,,
reconstruction,4S456Parcels,1,bayesian_ridge,bayesian_ridge,bv+demo,bv+demo,SC,False,683,195,26,103740,0.0042897411622107,0.030634805560112,0.9141775369644164,0.2111350297927856,0.2051282051282051,0.9241288625904012,ok,6b5eb84,77309525,precomputed,,
reconstruction,4S456Parcels,1,kernel_ridge,"kernel_ridge[alpha=0.1,gamma_mult=0.5]",bv+demo,bv+demo,SC,False,683,195,26,103740,0.0045350040309131,-0.0211770553141832,0.9091643691062928,0.1714707016944885,0.1025641025641025,0.8468639053254438,ok,6b5eb84,77ab3a62,precomputed,0.5,0.1
reconstruction,4S456Parcels,1,kernel_ridge,"kernel_ridge[alpha=1.0,gamma_mult=0.5]",bv+demo,bv+demo,SC,False,683,195,26,103740,0.0043382160365581,0.0200882367789745,0.9133173823356628,0.1983540058135986,0.2358974358974359,0.925759368836292,ok,6b5eb84,91d055db,precomputed,0.5,1.0
reconstruction,4S456Parcels,1,kernel_ridge,"kernel_ridge[alpha=10.0,gamma_mult=0.5]",bv+demo,bv+demo,SC,False,683,195,26,103740,0.004361867904663,0.0209561754018068,0.9134657382965088,0.1997273415327072,0.1794871794871795,0.9296515450361604,ok,6b5eb84,a448a5e1,precomputed,0.5,10.0
reconstruction,4S456Parcels,1,kernel_ridge,"kernel_ridge[alpha=0.1,gamma_mult=1.0]",bv+demo,bv+demo,SC,False,683,195,26,103740,0.0047772116959095,-0.0705059394240379,0.9041953086853028,0.1435461938381195,0.0461538461538461,0.7680999342537804,ok,6b5eb84,9ff9dea1,precomputed,1.0,0.1
reconstruction,4S456Parcels,1,kernel_ridge,"kernel_ridge[alpha=1.0,gamma_mult=1.0]",bv+demo,bv+demo,SC,False,683,195,26,103740,0.0043757045641541,0.0126474453136324,0.9125646352767944,0.1883925944566726,0.1743589743589743,0.9145299145299144,ok,6b5eb84,72cdb98b,precomputed,1.0,1.0
reconstruction,4S456Parcels,1,kernel_ridge,"kernel_ridge[alpha=10.0,gamma_mult=1.0]",bv+demo,bv+demo,SC,False,683,195,26,103740,0.0043445262126624,0.0237297713756561,0.9136709570884703,0.197679802775383,0.1846153846153846,0.9301775147928996,ok,6b5eb84,43c476ad,precomputed,1.0,10.0
reconstruction,4S456Parcels,1,kernel_ridge,"kernel_ridge[alpha=0.1,gamma_mult=2.0]",bv+demo,bv+demo,SC,False,683,195,26,103740,0.0050309146754443,-0.1209525242447853,0.8991393446922302,0.1187373921275138,0.0358974358974358,0.7335700197238659,ok,6b5eb84,9bcf20a2,precomputed,2.0,0.1
reconstruction,4S456Parcels,1,kernel_ridge,"kernel_ridge[alpha=1.0,gamma_mult=2.0]",bv+demo,bv+demo,SC,False,683,195,26,103740,0.0044448599219322,-0.0004006465314887,0.9111886024475098,0.1696642786264419,0.1179487179487179,0.8974358974358975,ok,6b5eb84,f3667447,precomputed,2.0,1.0
reconstruction,4S456Parcels,1,kernel_ridge,"kernel_ridge[alpha=10.0,gamma_mult=2.0]",bv+demo,bv+demo,SC,False,683,195,26,103740,0.004348371643573,0.0231435429304838,0.9135724902153016,0.19171042740345,0.1692307692307692,0.9227613412228796,ok,6b5eb84,d811b7ae,precomputed,2.0,10.0
reconstruction,4S456Parcels,1,pca_pls,pca_pls,bv+demo,bv+demo,FC,False,683,195,26,103740,0.0124471429735422,-0.015179012902081,0.8146181702613831,0.0977168828248977,0.0205128205128205,0.6990664036817883,ok,6b5eb84,46b7c59c,precomputed,,
reconstruction,4S456Parcels,1,bayesian_ridge,bayesian_ridge,bv+demo,bv+demo,FC,False,683,195,26,103740,0.0121579207479953,0.0080537693575024,0.8190127611160278,0.1239237487316131,0.0102564102564102,0.7025115055884287,ok,6b5eb84,bb33bc88,precomputed,,
reconstruction,4S456Parcels,1,kernel_ridge,"kernel_ridge[alpha=0.1,gamma_mult=0.5]",bv+demo,bv+demo,FC,False,683,195,26,103740,0.0129574202001094,-0.0549299269914627,0.8066712021827698,0.0755119323730468,0.0256410256410256,0.6513346482577251,ok,6b5eb84,2b582f25,precomputed,0.5,0.1
reconstruction,4S456Parcels,1,kernel_ridge,"kernel_ridge[alpha=1.0,gamma_mult=0.5]",bv+demo,bv+demo,FC,False,683,195,26,103740,0.0123671209439635,-0.0086262952536344,0.8158065676689148,0.0948761254549026,0.0307692307692307,0.6967784352399737,ok,6b5eb84,113acd54,precomputed,0.5,1.0
reconstruction,4S456Parcels,1,kernel_ridge,"kernel_ridge[alpha=10.0,gamma_mult=0.5]",bv+demo,bv+demo,FC,False,683,195,26,103740,0.0122611206024885,0.0010652730707079,0.8174979090690613,0.0965636596083641,0.0256410256410256,0.7026166995397765,ok,6b5eb84,1e53490e,precomputed,0.5,10.0
reconstruction,4S456Parcels,1,kernel_ridge,"kernel_ridge[alpha=0.1,gamma_mult=1.0]",bv+demo,bv+demo,FC,False,683,195,26,103740,0.0136344404891133,-0.1074733287096023,0.7969037890434265,0.0626526400446891,0.0205128205128205,0.6259040105193951,ok,6b5eb84,5b00200d,precomputed,1.0,0.1
reconstruction,4S456Parcels,1,kernel_ridge,"kernel_ridge[alpha=1.0,gamma_mult=1.0]",bv+demo,bv+demo,FC,False,683,195,26,103740,0.0124752502888441,-0.0170712489634752,0.8140677213668823,0.0872880294919014,0.0153846153846153,0.6892833662064431,ok,6b5eb84,4fba4aa6,precomputed,1.0,1.0
reconstruction,4S456Parcels,1,kernel_ridge,"kernel_ridge[alpha=10.0,gamma_mult=1.0]",bv+demo,bv+demo,FC,False,683,195,26,103740,0.0122578265145421,0.0009972864063456,0.8175128698348999,0.0962228626012802,0.0256410256410256,0.69922419460881,ok,6b5eb84,e6d4a2fc,precomputed,1.0,10.0
reconstruction,4S456Parcels,1,kernel_ridge,"kernel_ridge[alpha=0.1,gamma_mult=2.0]",bv+demo,bv+demo,FC,False,683,195,26,103740,0.0143162282183766,-0.1600750535726547,0.7873510718345642,0.05294656381011,0.0256410256410256,0.6144378698224853,ok,6b5eb84,c7d6abf0,precomputed,2.0,0.1
reconstruction,4S456Parcels,1,kernel_ridge,"kernel_ridge[alpha=1.0,gamma_mult=2.0]",bv+demo,bv+demo,FC,False,683,195,26,103740,0.0126559920608997,-0.0310232955962419,0.8112512826919556,0.0763259157538414,0.0153846153846153,0.679000657462196,ok,6b5eb84,d081e5d8,precomputed,2.0,1.0
reconstruction,4S456Parcels,1,kernel_ridge,"kernel_ridge[alpha=10.0,gamma_mult=2.0]",bv+demo,bv+demo,FC,False,683,195,26,103740,0.0122708361595869,-0.0001012336651911,0.8172526955604553,0.093766875565052,0.0205128205128205,0.6933596318211703,ok,6b5eb84,b4b1ab1e,precomputed,2.0,10.0
reconstruction,4S456Parcels,1,pca_pls,pca_pls,FC+bv+demo,FC+bv+demo,SC,True,683,195,103766,103740,0.0044286795891821,-0.0024165268987417,0.9113484621047974,0.1861239373683929,0.2102564102564102,0.9451150558842868,ok,6b5eb84,ee54c4a9,precomputed,,
reconstruction,4S456Parcels,1,bayesian_ridge,bayesian_ridge,FC+bv+demo,FC+bv+demo,SC,True,683,195,103766,103740,0.0043071447871625,0.0274389497935771,0.913870334625244,0.205732449889183,0.2153846153846154,0.9447468770545694,ok,6b5eb84,485f932d,precomputed,,
reconstruction,4S456Parcels,1,kernel_ridge,"kernel_ridge[alpha=0.1,gamma_mult=0.5]",FC+bv+demo,FC+bv+demo,SC,True,683,195,103766,103740,0.0044947164133191,-0.0194306429475545,0.9099570512771606,0.1856497675180435,0.282051282051282,0.956870479947403,ok,6b5eb84,a4e621db,precomputed,0.5,0.1
reconstruction,4S456Parcels,1,kernel_ridge,"kernel_ridge[alpha=1.0,gamma_mult=0.5]",FC+bv+demo,FC+bv+demo,SC,True,683,195,103766,103740,0.0043105594813823,0.0256712064146995,0.913806140422821,0.2019986808300018,0.3230769230769231,0.9700460223537146,ok,6b5eb84,27dd734e,precomputed,0.5,1.0
reconstruction,4S456Parcels,1,kernel_ridge,"kernel_ridge[alpha=10.0,gamma_mult=0.5]",FC+bv+demo,FC+bv+demo,SC,True,683,195,103766,103740,0.0043992949649691,0.014372038654983,0.9125564694404602,0.19263456761837,0.1794871794871795,0.9369888231426692,ok,6b5eb84,4dc345af,precomputed,0.5,10.0
reconstruction,4S456Parcels,1,kernel_ridge,"kernel_ridge[alpha=0.1,gamma_mult=1.0]",FC+bv+demo,FC+bv+demo,SC,True,683,195,103766,103740,0.0045543191954493,-0.0329656563699245,0.908757507801056,0.1848491579294204,0.2666666666666666,0.9555818540433924,ok,6b5eb84,584cd9dc,precomputed,1.0,0.1
reconstruction,4S456Parcels,1,kernel_ridge,"kernel_ridge[alpha=1.0,gamma_mult=1.0]",FC+bv+demo,FC+bv+demo,SC,True,683,195,103766,103740,0.0043267402797937,0.0200893376022577,0.9134407043457032,0.1999279260635376,0.3025641025641025,0.969388560157791,ok,6b5eb84,a6b21f41,precomputed,1.0,1.0
reconstruction,4S456Parcels,1,kernel_ridge,"kernel_ridge[alpha=10.0,gamma_mult=1.0]",FC+bv+demo,FC+bv+demo,SC,True,683,195,103766,103740,0.0043668635189533,0.0197640042752027,0.9129657745361328,0.1956872642040252,0.2153846153846154,0.9532149901380672,ok,6b5eb84,90dddf41,precomputed,1.0,10.0
reconstruction,4S456Parcels,1,kernel_ridge,"kernel_ridge[alpha=0.1,gamma_mult=2.0]",FC+bv+demo,FC+bv+demo,SC,True,683,195,103766,103740,0.0045976499095559,-0.0429229326546192,0.9079506993293762,0.1866504698991775,0.2461538461538461,0.9565285996055228,ok,6b5eb84,1188490a,precomputed,2.0,0.1
reconstruction,4S456Parcels,1,kernel_ridge,"kernel_ridge[alpha=1.0,gamma_mult=2.0]",FC+bv+demo,FC+bv+demo,SC,True,683,195,103766,103740,0.0043567824177443,0.0119446069002151,0.9128456115722656,0.1993720084428787,0.2974358974358974,0.9680736357659434,ok,6b5eb84,f823c2d8,precomputed,2.0,1.0
reconstruction,4S456Parcels,1,kernel_ridge,"kernel_ridge[alpha=10.0,gamma_mult=2.0]",FC+bv+demo,FC+bv+demo,SC,True,683,195,103766,103740,0.004345086403191,0.023099347949028,0.9132502675056458,0.1969494223594665,0.2615384615384615,0.9592899408284024,ok,6b5eb84,260da5a3,precomputed,2.0,10.0
reconstruction,4S456Parcels,1,pca_pls,pca_pls,SC+bv+demo,SC+bv+demo,FC,True,683,195,103766,103740,0.0126174222677946,-0.0317569337785244,0.8118576407432556,0.1173493042588234,0.0666666666666666,0.7856410256410257,ok,6b5eb84,fe4046ac,precomputed,,
reconstruction,4S456Parcels,1,bayesian_ridge,bayesian_ridge,SC+bv+demo,SC+bv+demo,FC,True,683,195,103766,103740,0.0121743027120828,0.0055361418053507,0.8188168406486511,0.131581500172615,0.0615384615384615,0.8061801446416831,ok,6b5eb84,e9b2df39,precomputed,,
reconstruction,4S456Parcels,1,kernel_ridge,"kernel_ridge[alpha=0.1,gamma_mult=0.5]",SC+bv+demo,SC+bv+demo,FC,True,683,195,103766,103740,0.0129249915480613,-0.0566070787608623,0.8071561455726624,0.1111951395869255,0.0615384615384615,0.7894806048652203,ok,6b5eb84,d6798bf9,precomputed,0.5,0.1
reconstruction,4S456Parcels,1,kernel_ridge,"kernel_ridge[alpha=1.0,gamma_mult=0.5]",SC+bv+demo,SC+bv+demo,FC,True,683,195,103766,103740,0.0121953776106238,0.0035455601755529,0.8184521794319153,0.1263927221298217,0.0564102564102564,0.8032347140039447,ok,6b5eb84,f5c23f17,precomputed,0.5,1.0
reconstruction,4S456Parcels,1,kernel_ridge,"kernel_ridge[alpha=10.0,gamma_mult=0.5]",SC+bv+demo,SC+bv+demo,FC,True,683,195,103766,103740,0.0123003264889121,-0.0012133723357692,0.8168968558311462,0.1226075887680053,0.0615384615384615,0.7709664694280078,ok,6b5eb84,fa8d03cd,precomputed,0.5,10.0
reconstruction,4S456Parcels,1,kernel_ridge,"kernel_ridge[alpha=0.1,gamma_mult=1.0]",SC+bv+demo,SC+bv+demo,FC,True,683,195,103766,103740,0.0131043549627065,-0.0710818618535995,0.8044816851615906,0.1102671474218368,0.0564102564102564,0.7899802761341224,ok,6b5eb84,d7fa0f16,precomputed,1.0,0.1
reconstruction,4S456Parcels,1,kernel_ridge,"kernel_ridge[alpha=1.0,gamma_mult=1.0]",SC+bv+demo,SC+bv+demo,FC,True,683,195,103766,103740,0.0122701423242688,-0.0032992970664054,0.8172386884689331,0.1237215176224708,0.0666666666666666,0.8050493096646942,ok,6b5eb84,8b8359cb,precomputed,1.0,1.0
reconstruction,4S456Parcels,1,kernel_ridge,"kernel_ridge[alpha=10.0,gamma_mult=1.0]",SC+bv+demo,SC+bv+demo,FC,True,683,195,103766,103740,0.0122643429785966,0.0011117230169475,0.8174545168876648,0.1251740753650665,0.0512820512820512,0.7809072978303747,ok,6b5eb84,1d311f2e,precomputed,1.0,10.0
reconstruction,4S456Parcels,1,kernel_ridge,"kernel_ridge[alpha=0.1,gamma_mult=2.0]",SC+bv+demo,SC+bv+demo,FC,True,683,195,103766,103740,0.0131563646718859,-0.0753757134079933,0.803719699382782,0.1115158796310424,0.0512820512820512,0.7948717948717949,ok,6b5eb84,8812424c,precomputed,2.0,0.1
reconstruction,4S456Parcels,1,kernel_ridge,"kernel_ridge[alpha=1.0,gamma_mult=2.0]",SC+bv+demo,SC+bv+demo,FC,True,683,195,103766,103740,0.0123505052179098,-0.0101979756727814,0.8159586787223816,0.1230467706918716,0.0615384615384615,0.8055752794214333,ok,6b5eb84,a07e3e3d,precomputed,2.0,1.0
reconstruction,4S456Parcels,1,kernel_ridge,"kernel_ridge[alpha=10.0,gamma_mult=2.0]",SC+bv+demo,SC+bv+demo,FC,True,683,195,103766,103740,0.0122402682900428,0.0026097623631358,0.817823052406311,0.1257869005203247,0.0564102564102564,0.7840894148586457,ok,6b5eb84,0cecbc1b,precomputed,2.0,10.0
reconstruction,4S456Parcels,1,pca_pls,pca_pls,FC,FC,FC,False,683,195,103740,103740,0.0091766472905874,0.2168503999710083,0.8626972436904907,0.488020122051239,1.0,1.0,ok,6b5eb84,7c08e6c7,precomputed,,
reconstruction,4S456Parcels,1,bayesian_ridge,bayesian_ridge,FC,FC,FC,False,683,195,103740,103740,0.0071968142874538,0.3419976532459259,0.8935219645500183,0.6359378099441528,1.0,1.0,ok,6b5eb84,47b27751,precomputed,,
reconstruction,4S456Parcels,1,kernel_ridge,"kernel_ridge[alpha=0.1,gamma_mult=0.5]",FC,FC,FC,False,683,195,103740,103740,0.0072882934473454,0.3405006527900696,0.8923749923706055,0.6359297633171082,1.0,1.0,ok,6b5eb84,15a4ee8a,precomputed,0.5,0.1
reconstruction,4S456Parcels,1,kernel_ridge,"kernel_ridge[alpha=1.0,gamma_mult=0.5]",FC,FC,FC,False,683,195,103740,103740,0.0092976372689008,0.2101309299468994,0.8631559014320374,0.6358966827392578,1.0,1.0,ok,6b5eb84,9d13bca7,precomputed,0.5,1.0
reconstruction,4S456Parcels,1,kernel_ridge,"kernel_ridge[alpha=10.0,gamma_mult=0.5]",FC,FC,FC,False,683,195,103740,103740,0.01185511238873,0.0307779908180236,0.8237504959106445,0.6348402500152588,0.953846153846154,0.9997107166337936,ok,6b5eb84,b26e1e53,precomputed,0.5,10.0
reconstruction,4S456Parcels,1,kernel_ridge,"kernel_ridge[alpha=0.1,gamma_mult=1.0]",FC,FC,FC,False,683,195,103740,103740,0.0072177206166088,0.3428286015987396,0.8932967782020569,0.6359050273895264,1.0,1.0,ok,6b5eb84,587efa39,precomputed,1.0,0.1
reconstruction,4S456Parcels,1,kernel_ridge,"kernel_ridge[alpha=1.0,gamma_mult=1.0]",FC,FC,FC,False,683,195,103740,103740,0.0085144098848104,0.2635221183300018,0.8749950528144836,0.6358279585838318,1.0,1.0,ok,6b5eb84,57ba0dd5,precomputed,1.0,1.0
reconstruction,4S456Parcels,1,kernel_ridge,"kernel_ridge[alpha=10.0,gamma_mult=1.0]",FC,FC,FC,False,683,195,103740,103740,0.0115313045680522,0.0537062026560306,0.8287814259529114,0.6340396404266357,0.9794871794871794,0.9998685075608152,ok,6b5eb84,98d29ebc,precomputed,1.0,10.0
reconstruction,4S456Parcels,1,kernel_ridge,"kernel_ridge[alpha=0.1,gamma_mult=2.0]",FC,FC,FC,False,683,195,103740,103740,0.007208414375782,0.3418404459953308,0.8934071063995361,0.6357894539833069,1.0,1.0,ok,6b5eb84,cd4a4214,precomputed,2.0,0.1
reconstruction,4S456Parcels,1,kernel_ridge,"kernel_ridge[alpha=1.0,gamma_mult=2.0]",FC,FC,FC,False,683,195,103740,103740,0.0080730551853775,0.2927900850772857,0.881618320941925,0.635535478591919,1.0,1.0,ok,6b5eb84,8ad65117,precomputed,2.0,1.0
reconstruction,4S456Parcels,1,kernel_ridge,"kernel_ridge[alpha=10.0,gamma_mult=2.0]",FC,FC,FC,False,683,195,103740,103740,0.0112321879714727,0.0748079568147659,0.8334716558456421,0.630763053894043,1.0,1.0,ok,6b5eb84,c39217e5,precomputed,2.0,10.0
reconstruction,4S456Parcels,1,pca_pls,pca_pls,SC,SC,SC,False,683,195,103740,103740,0.003872500732541,0.0548149831593036,0.9228146076202391,0.3751406073570251,1.0,1.0,ok,6b5eb84,115cb9e9,precomputed,,
reconstruction,4S456Parcels,1,bayesian_ridge,bayesian_ridge,SC,SC,SC,False,683,195,103740,103740,0.0027514088433235,0.0989394187927246,0.9457337856292723,0.6242015361785889,1.0,1.0,ok,6b5eb84,859d21c8,precomputed,,
reconstruction,4S456Parcels,1,kernel_ridge,"kernel_ridge[alpha=0.1,gamma_mult=0.5]",SC,SC,SC,False,683,195,103740,103740,0.0027879080735147,0.1267381012439727,0.94508558511734,0.6241913437843323,1.0,1.0,ok,6b5eb84,c9f62d2d,precomputed,0.5,0.1
reconstruction,4S456Parcels,1,kernel_ridge,"kernel_ridge[alpha=1.0,gamma_mult=0.5]",SC,SC,SC,False,683,195,103740,103740,0.0034800712019205,0.1115901246666908,0.9318419098854064,0.6241216659545898,1.0,1.0,ok,6b5eb84,2f078422,precomputed,0.5,1.0
reconstruction,4S456Parcels,1,kernel_ridge,"kernel_ridge[alpha=10.0,gamma_mult=0.5]",SC,SC,SC,False,683,195,103740,103740,0.0043414342217147,0.0153055544942617,0.9148144721984864,0.6194093823432922,1.0,1.0,ok,6b5eb84,879fd5eb,precomputed,0.5,10.0
reconstruction,4S456Parcels,1,kernel_ridge,"kernel_ridge[alpha=0.1,gamma_mult=1.0]",SC,SC,SC,False,683,195,103740,103740,0.0027645025402307,0.1162213012576103,0.9455186128616332,0.6241602301597595,1.0,1.0,ok,6b5eb84,6e6635c9,precomputed,1.0,0.1
reconstruction,4S456Parcels,1,kernel_ridge,"kernel_ridge[alpha=1.0,gamma_mult=1.0]",SC,SC,SC,False,683,195,103740,103740,0.0032246625050902,0.1318089962005615,0.9368489384651184,0.6240158677101135,1.0,1.0,ok,6b5eb84,ba9aa4bf,precomputed,1.0,1.0
reconstruction,4S456Parcels,1,kernel_ridge,"kernel_ridge[alpha=10.0,gamma_mult=1.0]",SC,SC,SC,False,683,195,103740,103740,0.0042369598522782,0.0283770784735679,0.916905164718628,0.6164223551750183,1.0,1.0,ok,6b5eb84,b2e4f2e2,precomputed,1.0,10.0
reconstruction,4S456Parcels,1,kernel_ridge,"kernel_ridge[alpha=0.1,gamma_mult=2.0]",SC,SC,SC,False,683,195,103740,103740,0.0027637018356472,0.1121507585048675,0.9455504417419434,0.6240102648735046,1.0,1.0,ok,6b5eb84,f768a08e,precomputed,2.0,0.1
reconstruction,4S456Parcels,1,kernel_ridge,"kernel_ridge[alpha=1.0,gamma_mult=2.0]",SC,SC,SC,False,683,195,103740,103740,0.0030952487140893,0.138527363538742,0.9394224286079408,0.6235296726226807,1.0,1.0,ok,6b5eb84,1310a67d,precomputed,2.0,1.0
reconstruction,4S456Parcels,1,kernel_ridge,"kernel_ridge[alpha=10.0,gamma_mult=2.0]",SC,SC,SC,False,683,195,103740,103740,0.004148282110691,0.039237555116415,0.9187108874320984,0.6043145656585693,1.0,1.0,ok,6b5eb84,afe29a2d,precomputed,2.0,10.0
reconstruction,4S456Parcels,2,pca_pls,pca_pls,FC,FC,SC,False,683,195,103740,103740,0.0044364747591316,-0.0306746251881122,0.9117198586463928,0.1428647488355636,0.1538461538461538,0.899171597633136,ok,6b5eb84,c066c863,precomputed,,
reconstruction,4S456Parcels,2,bayesian_ridge,bayesian_ridge,FC,FC,SC,False,683,195,103740,103740,0.0043133911676704,0.0048232395201921,0.9142969250679016,0.1640262156724929,0.1589743589743589,0.8985141354372124,ok,6b5eb84,eb78567c,precomputed,,
reconstruction,4S456Parcels,2,kernel_ridge,"kernel_ridge[alpha=0.1,gamma_mult=0.5]",FC,FC,SC,False,683,195,103740,103740,0.0044848602265119,-0.0449937246739864,0.910728394985199,0.1443266868591308,0.2564102564102564,0.9250756081525312,ok,6b5eb84,f5a64351,precomputed,0.5,0.1
reconstruction,4S456Parcels,2,kernel_ridge,"kernel_ridge[alpha=1.0,gamma_mult=0.5]",FC,FC,SC,False,683,195,103740,103740,0.0043385322205722,0.0018048083875328,0.9140479564666748,0.1443914920091629,0.2666666666666666,0.940749506903353,ok,6b5eb84,d5199fce,precomputed,0.5,1.0
reconstruction,4S456Parcels,2,kernel_ridge,"kernel_ridge[alpha=10.0,gamma_mult=0.5]",FC,FC,SC,False,683,195,103740,103740,0.0044068940915167,-0.0053367437794804,0.9130059480667114,0.1439186781644821,0.2205128205128205,0.9391452991452992,ok,6b5eb84,a033389b,precomputed,0.5,10.0
reconstruction,4S456Parcels,2,kernel_ridge,"kernel_ridge[alpha=0.1,gamma_mult=1.0]",FC,FC,SC,False,683,195,103740,103740,0.0045399814844131,-0.0598667599260807,0.909585177898407,0.1435990929603576,0.2564102564102564,0.924155161078238,ok,6b5eb84,8b7add8e,precomputed,1.0,0.1
reconstruction,4S456Parcels,2,kernel_ridge,"kernel_ridge[alpha=1.0,gamma_mult=1.0]",FC,FC,SC,False,683,195,103740,103740,0.0043458007276058,-0.0035201758146286,0.9137731194496156,0.144375666975975,0.2871794871794871,0.939250493096647,ok,6b5eb84,5b4d1ea8,precomputed,1.0,1.0
reconstruction,4S456Parcels,2,kernel_ridge,"kernel_ridge[alpha=10.0,gamma_mult=1.0]",FC,FC,SC,False,683,195,103740,103740,0.0043935673311352,-0.0032759145833551,0.91323322057724,0.1436193436384201,0.2256410256410256,0.9396186719263644,ok,6b5eb84,cc2b799b,precomputed,1.0,10.0
reconstruction,4S456Parcels,2,kernel_ridge,"kernel_ridge[alpha=0.1,gamma_mult=2.0]",FC,FC,SC,False,683,195,103740,103740,0.0045840335078537,-0.0714648738503456,0.90867418050766,0.1422535628080368,0.2564102564102564,0.9280999342537803,ok,6b5eb84,8a0ef76e,precomputed,2.0,0.1
reconstruction,4S456Parcels,2,kernel_ridge,"kernel_ridge[alpha=1.0,gamma_mult=2.0]",FC,FC,SC,False,683,195,103740,103740,0.0043656099587678,-0.010865245014429,0.9132862091064452,0.1439682692289352,0.2871794871794871,0.9389349112426036,ok,6b5eb84,e852c4b4,precomputed,2.0,1.0
reconstruction,4S456Parcels,2,kernel_ridge,"kernel_ridge[alpha=10.0,gamma_mult=2.0]",FC,FC,SC,False,683,195,103740,103740,0.0043819076381623,-0.0016379649750888,0.9134253263473512,0.1421410739421844,0.2512820512820513,0.9393819855358316,ok,6b5eb84,5c489b04,precomputed,2.0,10.0
reconstruction,4S456Parcels,2,pca_pls,pca_pls,SC,SC,FC,False,683,195,103740,103740,0.0127016026526689,-0.0438636690378189,0.8136802315711975,0.0865161344408989,0.0307692307692307,0.7258908612754766,ok,6b5eb84,5587bf1c,precomputed,,
reconstruction,4S456Parcels,2,bayesian_ridge,bayesian_ridge,SC,SC,FC,False,683,195,103740,103740,0.0121833188459277,-0.00158608390484,0.8222461342811584,0.0999184474349021,0.0564102564102564,0.7914003944773176,ok,6b5eb84,25217d18,precomputed,,
reconstruction,4S456Parcels,2,kernel_ridge,"kernel_ridge[alpha=0.1,gamma_mult=0.5]",SC,SC,FC,False,683,195,103740,103740,0.0129364104941487,-0.0647061616182327,0.8103146553039551,0.0886718556284904,0.0358974358974358,0.7457988165680474,ok,6b5eb84,596a4794,precomputed,0.5,0.1
reconstruction,4S456Parcels,2,kernel_ridge,"kernel_ridge[alpha=1.0,gamma_mult=0.5]",SC,SC,FC,False,683,195,103740,103740,0.0122222416102886,-0.005095378961414,0.8215503692626953,0.0887259393930435,0.0307692307692307,0.7619723865877712,ok,6b5eb84,2713e8b1,precomputed,0.5,1.0
reconstruction,4S456Parcels,2,kernel_ridge,"kernel_ridge[alpha=10.0,gamma_mult=0.5]",SC,SC,FC,False,683,195,103740,103740,0.0122497119009494,-0.0044779363088309,0.8211709260940552,0.0891621485352516,0.0307692307692307,0.7642340565417489,ok,6b5eb84,5bcdda37,precomputed,0.5,10.0
reconstruction,4S456Parcels,2,kernel_ridge,"kernel_ridge[alpha=0.1,gamma_mult=1.0]",SC,SC,FC,False,683,195,103740,103740,0.0131234927102923,-0.0799951925873756,0.8075045943260193,0.0880922749638557,0.041025641025641,0.7467455621301775,ok,6b5eb84,de0e094e,precomputed,1.0,0.1
reconstruction,4S456Parcels,2,kernel_ridge,"kernel_ridge[alpha=1.0,gamma_mult=1.0]",SC,SC,FC,False,683,195,103740,103740,0.0123126516118645,-0.01322150696069,0.8200910687446594,0.0887732878327369,0.0307692307692307,0.7596055226824457,ok,6b5eb84,a8f2ba81,precomputed,1.0,1.0
reconstruction,4S456Parcels,2,kernel_ridge,"kernel_ridge[alpha=10.0,gamma_mult=1.0]",SC,SC,FC,False,683,195,103740,103740,0.0122299967333674,-0.0032486736308783,0.8214837312698364,0.0891814902424812,0.0307692307692307,0.764681130834977,ok,6b5eb84,a122754d,precomputed,1.0,10.0
reconstruction,4S456Parcels,2,kernel_ridge,"kernel_ridge[alpha=0.1,gamma_mult=2.0]",SC,SC,FC,False,683,195,103740,103740,0.0132322618737816,-0.0889008715748786,0.8059154152870178,0.0869176536798477,0.0358974358974358,0.7469296515450361,ok,6b5eb84,7a2714a6,precomputed,2.0,0.1
reconstruction,4S456Parcels,2,kernel_ridge,"kernel_ridge[alpha=1.0,gamma_mult=2.0]",SC,SC,FC,False,683,195,103740,103740,0.0124063622206449,-0.021261803805828,0.8186127543449402,0.0885473564267158,0.041025641025641,0.7604733727810651,ok,6b5eb84,891bbd08,precomputed,2.0,1.0
reconstruction,4S456Parcels,2,kernel_ridge,"kernel_ridge[alpha=10.0,gamma_mult=2.0]",SC,SC,FC,False,683,195,103740,103740,0.0122153861448168,-0.0023911020252853,0.8217195272445679,0.0886362046003341,0.0358974358974358,0.766259040105194,ok,6b5eb84,4465911b,precomputed,2.0,10.0
reconstruction,4S456Parcels,2,pca_pls,pca_pls,bv,bv,SC,False,683,195,16,103740,0.0043031587265431,0.0017858780920505,0.913625717163086,0.1736940592527389,0.1282051282051282,0.8932544378698225,ok,6b5eb84,ac6d0e1f,precomputed,,
reconstruction,4S456Parcels,2,bayesian_ridge,bayesian_ridge,bv,bv,SC,False,683,195,16,103740,0.0042593898251652,0.0176445916295051,0.9145230650901794,0.1810861825942993,0.1128205128205128,0.8866798159105851,ok,6b5eb84,de415c84,precomputed,,
reconstruction,4S456Parcels,2,kernel_ridge,"kernel_ridge[alpha=0.1,gamma_mult=0.5]",bv,bv,SC,False,683,195,16,103740,0.0044845193624496,-0.0377802997827529,0.909877061843872,0.1433778405189514,0.0666666666666666,0.7914529914529915,ok,6b5eb84,b52b8c63,precomputed,0.5,0.1
reconstruction,4S456Parcels,2,kernel_ridge,"kernel_ridge[alpha=1.0,gamma_mult=0.5]",bv,bv,SC,False,683,195,16,103740,0.0042948159389197,0.0064420020207762,0.9138441681861876,0.1713385581970214,0.123076923076923,0.8999079552925706,ok,6b5eb84,f496f18e,precomputed,0.5,1.0
reconstruction,4S456Parcels,2,kernel_ridge,"kernel_ridge[alpha=10.0,gamma_mult=0.5]",bv,bv,SC,False,683,195,16,103740,0.0042870524339377,0.0151158031076192,0.9143929481506348,0.1752055287361145,0.1435897435897435,0.9082445759368836,ok,6b5eb84,d5197277,precomputed,0.5,10.0
reconstruction,4S456Parcels,2,kernel_ridge,"kernel_ridge[alpha=0.1,gamma_mult=1.0]",bv,bv,SC,False,683,195,16,103740,0.0046404018066823,-0.071032628417015,0.90664404630661,0.1248382553458213,0.0307692307692307,0.7394345825115056,ok,6b5eb84,c3df4fe7,precomputed,1.0,0.1
reconstruction,4S456Parcels,2,kernel_ridge,"kernel_ridge[alpha=1.0,gamma_mult=1.0]",bv,bv,SC,False,683,195,16,103740,0.0043366411700844,-0.0020898664370179,0.9129843711853028,0.1601526290178299,0.1025641025641025,0.8802629848783695,ok,6b5eb84,b627a093,precomputed,1.0,1.0
reconstruction,4S456Parcels,2,kernel_ridge,"kernel_ridge[alpha=10.0,gamma_mult=1.0]",bv,bv,SC,False,683,195,16,103740,0.0042793550528585,0.0159238278865814,0.9144462943077089,0.1737657636404037,0.1641025641025641,0.9095069033530572,ok,6b5eb84,71699f25,precomputed,1.0,10.0
reconstruction,4S456Parcels,2,kernel_ridge,"kernel_ridge[alpha=0.1,gamma_mult=2.0]",bv,bv,SC,False,683,195,16,103740,0.0048952158540487,-0.1245045810937881,0.901516616344452,0.1046986281871795,0.0153846153846153,0.6988560157790926,ok,6b5eb84,2208ddad,precomputed,2.0,0.1
reconstruction,4S456Parcels,2,kernel_ridge,"kernel_ridge[alpha=1.0,gamma_mult=2.0]",bv,bv,SC,False,683,195,16,103740,0.0044027958065271,-0.0149754472076892,0.9116628766059875,0.1444199383258819,0.0666666666666666,0.8592767915844839,ok,6b5eb84,382d7711,precomputed,2.0,1.0
reconstruction,4S456Parcels,2,kernel_ridge,"kernel_ridge[alpha=10.0,gamma_mult=2.0]",bv,bv,SC,False,683,195,16,103740,0.0042862817645072,0.014932656660676,0.9143127202987672,0.1695882976055145,0.1282051282051282,0.9021433267587112,ok,6b5eb84,1a464b49,precomputed,2.0,10.0
reconstruction,4S456Parcels,2,pca_pls,pca_pls,bv,bv,FC,False,683,195,16,103740,0.0124281272292137,-0.0181595422327518,0.8183428645133972,0.0493085905909538,0.0205128205128205,0.6252728468113082,ok,6b5eb84,334867a5,precomputed,,
reconstruction,4S456Parcels,2,bayesian_ridge,bayesian_ridge,bv,bv,FC,False,683,195,16,103740,0.0122428769245743,-0.0036533714737743,0.821193277835846,0.0587824061512947,0.0153846153846153,0.6615384615384615,ok,6b5eb84,79d926de,precomputed,,
reconstruction,4S456Parcels,2,kernel_ridge,"kernel_ridge[alpha=0.1,gamma_mult=0.5]",bv,bv,FC,False,683,195,16,103740,0.0130442045629024,-0.0648071467876434,0.8087051510810852,0.0318180359899997,0.0256410256410256,0.5733859303090072,ok,6b5eb84,ff277500,precomputed,0.5,0.1
reconstruction,4S456Parcels,2,kernel_ridge,"kernel_ridge[alpha=1.0,gamma_mult=0.5]",bv,bv,FC,False,683,195,16,103740,0.0124138398095965,-0.0169163700193166,0.8185412883758545,0.0462425090372562,0.0358974358974358,0.6318474687705457,ok,6b5eb84,f3d196be,precomputed,0.5,1.0
reconstruction,4S456Parcels,2,kernel_ridge,"kernel_ridge[alpha=10.0,gamma_mult=0.5]",bv,bv,FC,False,683,195,16,103740,0.0122666768729686,-0.0055268011055886,0.8208995461463928,0.0488367564976215,0.0153846153846153,0.6334779750164365,ok,6b5eb84,e2937be5,precomputed,0.5,10.0
reconstruction,4S456Parcels,2,kernel_ridge,"kernel_ridge[alpha=0.1,gamma_mult=1.0]",bv,bv,FC,False,683,195,16,103740,0.0135651556774973,-0.1046472489833831,0.8007300496101379,0.0278138034045696,0.0256410256410256,0.5562919132149902,ok,6b5eb84,523d4ac6,precomputed,1.0,0.1
reconstruction,4S456Parcels,2,kernel_ridge,"kernel_ridge[alpha=1.0,gamma_mult=1.0]",bv,bv,FC,False,683,195,16,103740,0.0125439753755927,-0.0267349369823932,0.816436767578125,0.040175661444664,0.0358974358974358,0.6155161078238001,ok,6b5eb84,9a581b73,precomputed,1.0,1.0
reconstruction,4S456Parcels,2,kernel_ridge,"kernel_ridge[alpha=10.0,gamma_mult=1.0]",bv,bv,FC,False,683,195,16,103740,0.0122807156294584,-0.0066046277061104,0.8206621408462524,0.0477409623563289,0.0102564102564102,0.6370808678500985,ok,6b5eb84,e91f394c,precomputed,1.0,10.0
reconstruction,4S456Parcels,2,kernel_ridge,"kernel_ridge[alpha=0.1,gamma_mult=2.0]",bv,bv,FC,False,683,195,16,103740,0.0143195046111941,-0.1635737717151641,0.7895711064338684,0.0248412061482667,0.0307692307692307,0.5458514135437212,ok,6b5eb84,e3e8ba9f,precomputed,2.0,0.1
reconstruction,4S456Parcels,2,kernel_ridge,"kernel_ridge[alpha=1.0,gamma_mult=2.0]",bv,bv,FC,False,683,195,16,103740,0.0127355847507715,-0.0413676537573337,0.813315212726593,0.0351634696125984,0.0205128205128205,0.594319526627219,ok,6b5eb84,921b39a3,precomputed,2.0,1.0
reconstruction,4S456Parcels,2,kernel_ridge,"kernel_ridge[alpha=10.0,gamma_mult=2.0]",bv,bv,FC,False,683,195,16,103740,0.0122978817671537,-0.0078653283417224,0.8203557133674622,0.0453812032938003,0.0256410256410256,0.6350558842866535,ok,6b5eb84,2361a8bd,precomputed,2.0,10.0
reconstruction,4S456Parcels,2,pca_pls,pca_pls,demo,demo,SC,False,683,195,9,103740,0.0043929046951234,-0.0146729601547122,0.9125608801841736,0.1184304878115654,0.0205128205128205,0.7539513477975016,ok,6b5eb84,fa2030e5,precomputed,,
reconstruction,4S456Parcels,2,bayesian_ridge,bayesian_ridge,demo,demo,SC,False,683,195,9,103740,0.0043640020303428,-0.0045754592865705,0.9131799340248108,0.124547578394413,0.0205128205128205,0.7545299145299145,ok,6b5eb84,e5455128,precomputed,,
reconstruction,4S456Parcels,2,kernel_ridge,"kernel_ridge[alpha=0.1,gamma_mult=0.5]",demo,demo,SC,False,683,195,9,103740,0.0044484850950539,-0.0278491303324699,0.911476194858551,0.1089397892355918,0.0256410256410256,0.7131886916502301,ok,6b5eb84,05787689,precomputed,0.5,0.1
reconstruction,4S456Parcels,2,kernel_ridge,"kernel_ridge[alpha=1.0,gamma_mult=0.5]",demo,demo,SC,False,683,195,9,103740,0.0043974895961582,-0.0147628709673881,0.9125058054924012,0.1153012365102768,0.0102564102564102,0.7347797501643656,ok,6b5eb84,828973ea,precomputed,0.5,1.0
reconstruction,4S456Parcels,2,kernel_ridge,"kernel_ridge[alpha=10.0,gamma_mult=0.5]",demo,demo,SC,False,683,195,9,103740,0.004366991110146,-0.0025897368323057,0.9131999611854552,0.1178086772561073,0.0153846153846153,0.7666272189349113,ok,6b5eb84,2859b98b,precomputed,0.5,10.0
reconstruction,4S456Parcels,2,kernel_ridge,"kernel_ridge[alpha=0.1,gamma_mult=1.0]",demo,demo,SC,False,683,195,9,103740,0.004492406733334,-0.0376832224428653,0.910605251789093,0.1027199178934097,0.0102564102564102,0.6925443786982248,ok,6b5eb84,2353fc85,precomputed,1.0,0.1
reconstruction,4S456Parcels,2,kernel_ridge,"kernel_ridge[alpha=1.0,gamma_mult=1.0]",demo,demo,SC,False,683,195,9,103740,0.004418040625751,-0.0199894532561302,0.9121038913726808,0.1109711453318595,0.0205128205128205,0.7254174884944116,ok,6b5eb84,187b0afe,precomputed,1.0,1.0
reconstruction,4S456Parcels,2,kernel_ridge,"kernel_ridge[alpha=10.0,gamma_mult=1.0]",demo,demo,SC,False,683,195,9,103740,0.0043720910325646,-0.0051263002678751,0.9130799770355223,0.1154502481222152,0.0102564102564102,0.7531623931623932,ok,6b5eb84,b093fb62,precomputed,1.0,10.0
reconstruction,4S456Parcels,2,kernel_ridge,"kernel_ridge[alpha=0.1,gamma_mult=2.0]",demo,demo,SC,False,683,195,9,103740,0.0045589529909193,-0.0517203919589519,0.909305989742279,0.0951409563422203,0.0256410256410256,0.6604076265614727,ok,6b5eb84,39ab6218,precomputed,2.0,0.1
reconstruction,4S456Parcels,2,kernel_ridge,"kernel_ridge[alpha=1.0,gamma_mult=2.0]",demo,demo,SC,False,683,195,9,103740,0.0044449586421251,-0.026263328269124,0.9115686416625975,0.1052631214261055,0.0153846153846153,0.7081393819855358,ok,6b5eb84,f3dd562a,precomputed,2.0,1.0
reconstruction,4S456Parcels,2,kernel_ridge,"kernel_ridge[alpha=10.0,gamma_mult=2.0]",demo,demo,SC,False,683,195,9,103740,0.0043813805095851,-0.0079688224941492,0.9129090905189514,0.1112001091241836,0.0102564102564102,0.744930966469428,ok,6b5eb84,6d569e9f,precomputed,2.0,10.0
reconstruction,4S456Parcels,2,pca_pls,pca_pls,demo,demo,FC,False,683,195,9,103740,0.0122123956680297,-0.0026398757472634,0.8216102123260498,0.0962369441986084,0.0153846153846153,0.6684812623274161,ok,6b5eb84,cfc2fd1b,precomputed,,
reconstruction,4S456Parcels,2,bayesian_ridge,bayesian_ridge,demo,demo,FC,False,683,195,9,103740,0.0121452827006578,0.0026915094349533,0.8226937055587769,0.1005446836352348,0.0256410256410256,0.66232741617357,ok,6b5eb84,f882e814,precomputed,,
reconstruction,4S456Parcels,2,kernel_ridge,"kernel_ridge[alpha=0.1,gamma_mult=0.5]",demo,demo,FC,False,683,195,9,103740,0.0123555772006511,-0.0136786606162786,0.819048285484314,0.0889177396893501,0.0153846153846153,0.6478632478632478,ok,6b5eb84,072deb2a,precomputed,0.5,0.1
reconstruction,4S456Parcels,2,kernel_ridge,"kernel_ridge[alpha=1.0,gamma_mult=0.5]",demo,demo,FC,False,683,195,9,103740,0.012198269367218,-0.0015567678492516,0.8217045664787292,0.0978583469986915,0.0102564102564102,0.6723471400394477,ok,6b5eb84,c558fb16,precomputed,0.5,1.0
reconstruction,4S456Parcels,2,kernel_ridge,"kernel_ridge[alpha=10.0,gamma_mult=0.5]",demo,demo,FC,False,683,195,9,103740,0.0121391015127301,0.0032310560345649,0.8228033781051636,0.0990267023444175,0.0102564102564102,0.689835634451019,ok,6b5eb84,0934059b,precomputed,0.5,10.0
reconstruction,4S456Parcels,2,kernel_ridge,"kernel_ridge[alpha=0.1,gamma_mult=1.0]",demo,demo,FC,False,683,195,9,103740,0.0125128263607621,-0.0260470788925886,0.8165053129196167,0.0805392414331436,0.0205128205128205,0.6344510190664037,ok,6b5eb84,8985f137,precomputed,1.0,0.1
reconstruction,4S456Parcels,2,kernel_ridge,"kernel_ridge[alpha=1.0,gamma_mult=1.0]",demo,demo,FC,False,683,195,9,103740,0.0122591666877269,-0.0062437457963824,0.8206607103347778,0.0927346050739288,0.0256410256410256,0.6611965811965812,ok,6b5eb84,df6639b5,precomputed,1.0,1.0
reconstruction,4S456Parcels,2,kernel_ridge,"kernel_ridge[alpha=10.0,gamma_mult=1.0]",demo,demo,FC,False,683,195,9,103740,0.0121461106464266,0.0026473924517631,0.8226370811462402,0.098478727042675,0.0153846153846153,0.6830506245890862,ok,6b5eb84,0f212538,precomputed,1.0,10.0
reconstruction,4S456Parcels,2,kernel_ridge,"kernel_ridge[alpha=0.1,gamma_mult=2.0]",demo,demo,FC,False,683,195,9,103740,0.0127139491960406,-0.0421392917633056,0.8134052157402039,0.072763055562973,0.0102564102564102,0.6278500986193294,ok,6b5eb84,6740e60a,precomputed,2.0,0.1
reconstruction,4S456Parcels,2,kernel_ridge,"kernel_ridge[alpha=1.0,gamma_mult=2.0]",demo,demo,FC,False,683,195,9,103740,0.0123477820307016,-0.0132185518741607,0.8192107081413269,0.0855859220027923,0.0102564102564102,0.6463379355687049,ok,6b5eb84,762dd844,precomputed,2.0,1.0
reconstruction,4S456Parcels,2,kernel_ridge,"kernel_ridge[alpha=10.0,gamma_mult=2.0]",demo,demo,FC,False,683,195,9,103740,0.0121683329343795,0.0009455689578317,0.8222373723983765,0.0949463471770286,0.0102564102564102,0.6711637080867849,ok,6b5eb84,c6708be3,precomputed,2.0,10.0
reconstruction,4S456Parcels,2,pca_pls,pca_pls,bv+demo,bv+demo,SC,False,683,195,25,103740,0.0043355603702366,-0.0065357340499758,0.912964642047882,0.1747422069311142,0.1384615384615384,0.8961998685075608,ok,6b5eb84,c014db67,precomputed,,
reconstruction,4S456Parcels,2,bayesian_ridge,bayesian_ridge,bv+demo,bv+demo,SC,False,683,195,25,103740,0.004256370011717,0.0169928297400474,0.9145914912223816,0.1859867572784423,0.1282051282051282,0.899250493096647,ok,6b5eb84,666816da,precomputed,,
reconstruction,4S456Parcels,2,kernel_ridge,"kernel_ridge[alpha=0.1,gamma_mult=0.5]",bv+demo,bv+demo,SC,False,683,195,25,103740,0.0044822781346738,-0.0367319472134113,0.9099571108818054,0.1520659774541854,0.082051282051282,0.8252991452991453,ok,6b5eb84,7b5f7371,precomputed,0.5,0.1
reconstruction,4S456Parcels,2,kernel_ridge,"kernel_ridge[alpha=1.0,gamma_mult=0.5]",bv+demo,bv+demo,SC,False,683,195,25,103740,0.0042944555170834,0.0062846774235367,0.9138708114624025,0.1754547953605651,0.1641025641025641,0.9161867192636424,ok,6b5eb84,db31d5fb,precomputed,0.5,1.0
reconstruction,4S456Parcels,2,kernel_ridge,"kernel_ridge[alpha=10.0,gamma_mult=0.5]",bv+demo,bv+demo,SC,False,683,195,25,103740,0.0043006036430597,0.0134292934089899,0.9143261909484864,0.1751186847686767,0.1538461538461538,0.9198159105851412,ok,6b5eb84,f6f54d5d,precomputed,0.5,10.0
reconstruction,4S456Parcels,2,kernel_ridge,"kernel_ridge[alpha=0.1,gamma_mult=1.0]",bv+demo,bv+demo,SC,False,683,195,25,103740,0.0047008250840008,-0.0829558372497558,0.9055110812187196,0.1288127601146698,0.0461538461538461,0.7474819197896121,ok,6b5eb84,31665fee,precomputed,1.0,0.1
reconstruction,4S456Parcels,2,kernel_ridge,"kernel_ridge[alpha=1.0,gamma_mult=1.0]",bv+demo,bv+demo,SC,False,683,195,25,103740,0.0043308082967996,-0.00136139546521,0.9131344556808472,0.1670661717653274,0.1435897435897435,0.9056673241288626,ok,6b5eb84,1137ccce,precomputed,1.0,1.0
reconstruction,4S456Parcels,2,kernel_ridge,"kernel_ridge[alpha=10.0,gamma_mult=1.0]",bv+demo,bv+demo,SC,False,683,195,25,103740,0.0042864894494414,0.0151059459894895,0.9144632816314696,0.1742332279682159,0.1948717948717948,0.9217357001972386,ok,6b5eb84,9bbf979f,precomputed,1.0,10.0
reconstruction,4S456Parcels,2,kernel_ridge,"kernel_ridge[alpha=0.1,gamma_mult=2.0]",bv+demo,bv+demo,SC,False,683,195,25,103740,0.0049391761422157,-0.1319960206747055,0.900763750076294,0.1084597334265708,0.0205128205128205,0.7204470742932281,ok,6b5eb84,5510ca2d,precomputed,2.0,0.1
reconstruction,4S456Parcels,2,kernel_ridge,"kernel_ridge[alpha=1.0,gamma_mult=2.0]",bv+demo,bv+demo,SC,False,683,195,25,103740,0.0043962891213595,-0.0140822380781173,0.9118428826332092,0.1515059918165207,0.1076923076923077,0.8856278763971072,ok,6b5eb84,ec3f1968,precomputed,2.0,1.0
reconstruction,4S456Parcels,2,kernel_ridge,"kernel_ridge[alpha=10.0,gamma_mult=2.0]",bv+demo,bv+demo,SC,False,683,195,25,103740,0.0042895758524537,0.0141725055873394,0.914376735687256,0.1700398176908493,0.1692307692307692,0.9131097961867192,ok,6b5eb84,27c64dfa,precomputed,2.0,10.0
reconstruction,4S456Parcels,2,pca_pls,pca_pls,bv+demo,bv+demo,FC,False,683,195,25,103740,0.0123954201117157,-0.0170490872114896,0.8188114166259766,0.0906104370951652,0.041025641025641,0.6828139381985536,ok,6b5eb84,1533672b,precomputed,,
reconstruction,4S456Parcels,2,bayesian_ridge,bayesian_ridge,bv+demo,bv+demo,FC,False,683,195,25,103740,0.0121358623728156,0.0033079849090427,0.8227567076683044,0.1050312146544456,0.0205128205128205,0.68930966469428,ok,6b5eb84,9569858d,precomputed,,
reconstruction,4S456Parcels,2,kernel_ridge,"kernel_ridge[alpha=0.1,gamma_mult=0.5]",bv+demo,bv+demo,FC,False,683,195,25,103740,0.0128408204764127,-0.0512706786394119,0.8115960359573364,0.072583258152008,0.0307692307692307,0.6430506245890861,ok,6b5eb84,540f485a,precomputed,0.5,0.1
reconstruction,4S456Parcels,2,kernel_ridge,"kernel_ridge[alpha=1.0,gamma_mult=0.5]",bv+demo,bv+demo,FC,False,683,195,25,103740,0.0122791295871138,-0.0078526148572564,0.820539116859436,0.0911000967025756,0.041025641025641,0.6906508875739645,ok,6b5eb84,b49f42a8,precomputed,0.5,1.0
reconstruction,4S456Parcels,2,kernel_ridge,"kernel_ridge[alpha=10.0,gamma_mult=0.5]",bv+demo,bv+demo,FC,False,683,195,25,103740,0.0121716111898422,0.0011029315646737,0.8223615884780884,0.0894106030464172,0.0307692307692307,0.6932018408941486,ok,6b5eb84,a464801c,precomputed,0.5,10.0
reconstruction,4S456Parcels,2,kernel_ridge,"kernel_ridge[alpha=0.1,gamma_mult=1.0]",bv+demo,bv+demo,FC,False,683,195,25,103740,0.0135092744603753,-0.1032878905534744,0.8014030456542969,0.0576188899576664,0.0153846153846153,0.6094411571334648,ok,6b5eb84,6b08309f,precomputed,1.0,0.1
reconstruction,4S456Parcels,2,kernel_ridge,"kernel_ridge[alpha=1.0,gamma_mult=1.0]",bv+demo,bv+demo,FC,False,683,195,25,103740,0.0123824514448642,-0.015740917995572,0.8188393712043762,0.0844202116131782,0.0358974358974358,0.6813149243918475,ok,6b5eb84,2813713c,precomputed,1.0,1.0
reconstruction,4S456Parcels,2,kernel_ridge,"kernel_ridge[alpha=10.0,gamma_mult=1.0]",bv+demo,bv+demo,FC,False,683,195,25,103740,0.0121674928814172,0.0012169533874839,0.8223872184753418,0.0902161225676536,0.0358974358974358,0.6939381985535832,ok,6b5eb84,59dadd9d,precomputed,1.0,10.0
reconstruction,4S456Parcels,2,kernel_ridge,"kernel_ridge[alpha=0.1,gamma_mult=2.0]",bv+demo,bv+demo,FC,False,683,195,25,103740,0.0142232552170753,-0.1589231938123703,0.7907386422157288,0.0459831431508064,0.0,0.5843786982248521,ok,6b5eb84,d1fe8e55,precomputed,2.0,0.1
reconstruction,4S456Parcels,2,kernel_ridge,"kernel_ridge[alpha=1.0,gamma_mult=2.0]",bv+demo,bv+demo,FC,False,683,195,25,103740,0.0125626940280199,-0.0296137798577547,0.8159093856811523,0.0735725238919258,0.0358974358974358,0.667008547008547,ok,6b5eb84,5ae72fd0,precomputed,2.0,1.0
reconstruction,4S456Parcels,2,kernel_ridge,"kernel_ridge[alpha=10.0,gamma_mult=2.0]",bv+demo,bv+demo,FC,False,683,195,25,103740,0.0121785113587975,0.000320702267345,0.8221590518951416,0.0885254517197609,0.0358974358974358,0.6882314266929652,ok,6b5eb84,01c55c20,precomputed,2.0,10.0
reconstruction,4S456Parcels,2,pca_pls,pca_pls,FC+bv+demo,FC+bv+demo,SC,True,683,195,103765,103740,0.0043612909503281,-0.0185635946691036,0.9124885201454164,0.1767695546150207,0.2461538461538461,0.938645627876397,ok,6b5eb84,f0459ee8,precomputed,,
reconstruction,4S456Parcels,2,bayesian_ridge,bayesian_ridge,FC+bv+demo,FC+bv+demo,SC,True,683,195,103765,103740,0.0042432523332536,0.014883873052895,0.9149662256240844,0.1957710832357406,0.2256410256410256,0.9391452991452992,ok,6b5eb84,33af5244,precomputed,,
reconstruction,4S456Parcels,2,kernel_ridge,"kernel_ridge[alpha=0.1,gamma_mult=0.5]",FC+bv+demo,FC+bv+demo,SC,True,683,195,103765,103740,0.0044136638753116,-0.0360826514661312,0.911386013031006,0.1819388568401336,0.3487179487179487,0.9545825115055884,ok,6b5eb84,04f91a62,precomputed,0.5,0.1
reconstruction,4S456Parcels,2,kernel_ridge,"kernel_ridge[alpha=1.0,gamma_mult=0.5]",FC+bv+demo,FC+bv+demo,SC,True,683,195,103765,103740,0.0042426111176609,0.0149033451452851,0.9149690866470336,0.1947157979011535,0.3487179487179487,0.9673898750821828,ok,6b5eb84,7856c02a,precomputed,0.5,1.0
reconstruction,4S456Parcels,2,kernel_ridge,"kernel_ridge[alpha=10.0,gamma_mult=0.5]",FC+bv+demo,FC+bv+demo,SC,True,683,195,103765,103740,0.0043245097622275,0.0086027225479483,0.913760244846344,0.1826023757457733,0.2,0.9295463510848126,ok,6b5eb84,f1d6a2ce,precomputed,0.5,10.0
reconstruction,4S456Parcels,2,kernel_ridge,"kernel_ridge[alpha=0.1,gamma_mult=1.0]",FC+bv+demo,FC+bv+demo,SC,True,683,195,103765,103740,0.0044725388288497,-0.0512897372245788,0.9101847410202026,0.1808328330516815,0.3487179487179487,0.9538724523339908,ok,6b5eb84,af2066e1,precomputed,1.0,0.1
reconstruction,4S456Parcels,2,kernel_ridge,"kernel_ridge[alpha=1.0,gamma_mult=1.0]",FC+bv+demo,FC+bv+demo,SC,True,683,195,103765,103740,0.0042572980746626,0.0077207321301102,0.9146385788917542,0.1932391822338104,0.358974358974359,0.9675739644970416,ok,6b5eb84,e21584a7,precomputed,1.0,1.0
reconstruction,4S456Parcels,2,kernel_ridge,"kernel_ridge[alpha=10.0,gamma_mult=1.0]",FC+bv+demo,FC+bv+demo,SC,True,683,195,103765,103740,0.004295895807445,0.0126335900276899,0.9141271114349364,0.1857558488845825,0.2871794871794871,0.9452991452991452,ok,6b5eb84,90b3b567,precomputed,1.0,10.0
reconstruction,4S456Parcels,2,kernel_ridge,"kernel_ridge[alpha=0.1,gamma_mult=2.0]",FC+bv+demo,FC+bv+demo,SC,True,683,195,103765,103740,0.0045162723399698,-0.0628100112080574,0.9093438386917114,0.1818187832832336,0.3282051282051282,0.9576068376068376,ok,6b5eb84,e3e558fb,precomputed,2.0,0.1
reconstruction,4S456Parcels,2,kernel_ridge,"kernel_ridge[alpha=1.0,gamma_mult=2.0]",FC+bv+demo,FC+bv+demo,SC,True,683,195,103765,103740,0.0042864908464252,-0.0023610568605363,0.914057195186615,0.1924873143434524,0.3435897435897436,0.9664431295200526,ok,6b5eb84,21a2c869,precomputed,2.0,1.0
reconstruction,4S456Parcels,2,kernel_ridge,"kernel_ridge[alpha=10.0,gamma_mult=2.0]",FC+bv+demo,FC+bv+demo,SC,True,683,195,103765,103740,0.0042764763347804,0.0148452669382095,0.9143837690353394,0.186853677034378,0.3333333333333333,0.952189349112426,ok,6b5eb84,a3644ec6,precomputed,2.0,10.0
reconstruction,4S456Parcels,2,pca_pls,pca_pls,SC+bv+demo,SC+bv+demo,FC,True,683,195,103765,103740,0.0126121910288929,-0.0378350280225276,0.8148578405380249,0.1074245348572731,0.0512820512820512,0.7459040105193951,ok,6b5eb84,0d0350d5,precomputed,,
reconstruction,4S456Parcels,2,bayesian_ridge,bayesian_ridge,SC+bv+demo,SC+bv+demo,FC,True,683,195,103765,103740,0.0121154775843024,0.003098688321188,0.8231809735298157,0.1207962855696678,0.0564102564102564,0.7911374095989481,ok,6b5eb84,25ca289d,precomputed,,
reconstruction,4S456Parcels,2,kernel_ridge,"kernel_ridge[alpha=0.1,gamma_mult=0.5]",SC+bv+demo,SC+bv+demo,FC,True,683,195,103765,103740,0.0128589672967791,-0.0593605563044548,0.8113310933113098,0.1093426644802093,0.0564102564102564,0.7668639053254438,ok,6b5eb84,eca35dcc,precomputed,0.5,0.1
reconstruction,4S456Parcels,2,kernel_ridge,"kernel_ridge[alpha=1.0,gamma_mult=0.5]",SC+bv+demo,SC+bv+demo,FC,True,683,195,103765,103740,0.0121208140626549,0.0022325387690216,0.8230145573616028,0.1196328401565551,0.0564102564102564,0.7869559500328731,ok,6b5eb84,bb47cc0f,precomputed,0.5,1.0
reconstruction,4S456Parcels,2,kernel_ridge,"kernel_ridge[alpha=10.0,gamma_mult=0.5]",SC+bv+demo,SC+bv+demo,FC,True,683,195,103765,103740,0.0121993320062756,-0.0008133539231494,0.8219477534294128,0.1163723170757293,0.0461538461538461,0.7825904010519396,ok,6b5eb84,ac3f16a7,precomputed,0.5,10.0
reconstruction,4S456Parcels,2,kernel_ridge,"kernel_ridge[alpha=0.1,gamma_mult=1.0]",SC+bv+demo,SC+bv+demo,FC,True,683,195,103765,103740,0.0130468439310789,-0.0746432840824127,0.8085169196128845,0.1081650331616401,0.0564102564102564,0.7654437869822486,ok,6b5eb84,f0be811d,precomputed,1.0,0.1
reconstruction,4S456Parcels,2,kernel_ridge,"kernel_ridge[alpha=1.0,gamma_mult=1.0]",SC+bv+demo,SC+bv+demo,FC,True,683,195,103765,103740,0.0122043462470173,-0.0053438520990312,0.821628987789154,0.1174933016300201,0.0512820512820512,0.7835108481262327,ok,6b5eb84,6789ce7d,precomputed,1.0,1.0
reconstruction,4S456Parcels,2,kernel_ridge,"kernel_ridge[alpha=10.0,gamma_mult=1.0]",SC+bv+demo,SC+bv+demo,FC,True,683,195,103765,103740,0.0121655194088816,0.0014344507362693,0.8224640488624573,0.1188250035047531,0.0358974358974358,0.7886127547666009,ok,6b5eb84,98dc8cb9,precomputed,1.0,10.0
reconstruction,4S456Parcels,2,kernel_ridge,"kernel_ridge[alpha=0.1,gamma_mult=2.0]",SC+bv+demo,SC+bv+demo,FC,True,683,195,103765,103740,0.0131218219175934,-0.0807063281536102,0.8074525594711304,0.1080573871731758,0.0564102564102564,0.767784352399737,ok,6b5eb84,99d133e0,precomputed,2.0,0.1
reconstruction,4S456Parcels,2,kernel_ridge,"kernel_ridge[alpha=1.0,gamma_mult=2.0]",SC+bv+demo,SC+bv+demo,FC,True,683,195,103765,103740,0.0122920675203204,-0.0128459082916378,0.8202276229858398,0.1165869086980819,0.0512820512820512,0.7840631163708087,ok,6b5eb84,2bb0388b,precomputed,2.0,1.0
reconstruction,4S456Parcels,2,kernel_ridge,"kernel_ridge[alpha=10.0,gamma_mult=2.0]",SC+bv+demo,SC+bv+demo,FC,True,683,195,103765,103740,0.0121414232999086,0.0029894690960645,0.8228274583816528,0.1197037920355796,0.041025641025641,0.792215647600263,ok,6b5eb84,493d7370,precomputed,2.0,10.0
reconstruction,4S456Parcels,2,pca_pls,pca_pls,FC,FC,FC,False,683,195,103740,103740,0.010037031956017,0.1498744189739227,0.8527064919471741,0.4125473499298095,1.0,1.0,ok,6b5eb84,c3662d52,precomputed,,
reconstruction,4S456Parcels,2,bayesian_ridge,bayesian_ridge,FC,FC,FC,False,683,195,103740,103740,0.0071408185176551,0.3410100042819977,0.8959487676620483,0.6363169550895691,1.0,1.0,ok,6b5eb84,d58caef1,precomputed,,
reconstruction,4S456Parcels,2,kernel_ridge,"kernel_ridge[alpha=0.1,gamma_mult=0.5]",FC,FC,FC,False,683,195,103740,103740,0.0072327032685279,0.3397285044193268,0.8948537707328796,0.6363081932067871,1.0,1.0,ok,6b5eb84,fdbb3c2d,precomputed,0.5,0.1
reconstruction,4S456Parcels,2,kernel_ridge,"kernel_ridge[alpha=1.0,gamma_mult=0.5]",FC,FC,FC,False,683,195,103740,103740,0.0092231966555118,0.2101556807756424,0.8669660687446594,0.6362701058387756,1.0,1.0,ok,6b5eb84,4f74db96,precomputed,0.5,1.0
reconstruction,4S456Parcels,2,kernel_ridge,"kernel_ridge[alpha=10.0,gamma_mult=0.5]",FC,FC,FC,False,683,195,103740,103740,0.0117532080039381,0.0313527062535285,0.8287603855133057,0.6350556015968323,0.9897435897435898,0.999947403024326,ok,6b5eb84,3a641c84,precomputed,0.5,10.0
reconstruction,4S456Parcels,2,kernel_ridge,"kernel_ridge[alpha=0.1,gamma_mult=1.0]",FC,FC,FC,False,683,195,103740,103740,0.0071630752645432,0.3419282734394073,0.8957247138023376,0.6362811923027039,1.0,1.0,ok,6b5eb84,1dd9f247,precomputed,1.0,0.1
reconstruction,4S456Parcels,2,kernel_ridge,"kernel_ridge[alpha=1.0,gamma_mult=1.0]",FC,FC,FC,False,683,195,103740,103740,0.0084500610828399,0.263202428817749,0.8782896399497986,0.6361922025680542,1.0,1.0,ok,6b5eb84,c537111b,precomputed,1.0,1.0
reconstruction,4S456Parcels,2,kernel_ridge,"kernel_ridge[alpha=10.0,gamma_mult=1.0]",FC,FC,FC,False,683,195,103740,103740,0.0114344386383891,0.0541227050125598,0.833656370639801,0.634155809879303,0.9948717948717948,0.999973701512163,ok,6b5eb84,5a5d0751,precomputed,1.0,10.0
reconstruction,4S456Parcels,2,kernel_ridge,"kernel_ridge[alpha=0.1,gamma_mult=2.0]",FC,FC,FC,False,683,195,103740,103740,0.0071548139676451,0.3408645689487457,0.8958203196525574,0.6361520886421204,1.0,1.0,ok,6b5eb84,38cb3168,precomputed,2.0,0.1
reconstruction,4S456Parcels,2,kernel_ridge,"kernel_ridge[alpha=1.0,gamma_mult=2.0]",FC,FC,FC,False,683,195,103740,103740,0.0080171655863523,0.2920789718627929,0.8845670819282532,0.6358620524406433,1.0,1.0,ok,6b5eb84,b666ae65,precomputed,2.0,1.0
reconstruction,4S456Parcels,2,kernel_ridge,"kernel_ridge[alpha=10.0,gamma_mult=2.0]",FC,FC,FC,False,683,195,103740,103740,0.0111421262845397,0.0749384462833404,0.8381834626197815,0.6305273771286011,1.0,1.0,ok,6b5eb84,2f821efe,precomputed,2.0,10.0
reconstruction,4S456Parcels,2,pca_pls,pca_pls,SC,SC,SC,False,683,195,103740,103740,0.0035319773014634,0.0814937353134155,0.9295496344566344,0.4458071291446686,1.0,1.0,ok,6b5eb84,dda252c7,precomputed,,
reconstruction,4S456Parcels,2,bayesian_ridge,bayesian_ridge,SC,SC,SC,False,683,195,103740,103740,0.00271145417355,0.0676563158631324,0.9463561773300172,0.6211893558502197,1.0,1.0,ok,6b5eb84,1cb64876,precomputed,,
reconstruction,4S456Parcels,2,kernel_ridge,"kernel_ridge[alpha=0.1,gamma_mult=0.5]",SC,SC,SC,False,683,195,103740,103740,0.002746523823589,0.1025685667991638,0.9457295536994934,0.6211785674095154,1.0,1.0,ok,6b5eb84,72f9368c,precomputed,0.5,0.1
reconstruction,4S456Parcels,2,kernel_ridge,"kernel_ridge[alpha=1.0,gamma_mult=0.5]",SC,SC,SC,False,683,195,103740,103740,0.0034177766647189,0.1049830690026283,0.9328240752220154,0.6210950016975403,1.0,1.0,ok,6b5eb84,92cab306,precomputed,0.5,1.0
reconstruction,4S456Parcels,2,kernel_ridge,"kernel_ridge[alpha=10.0,gamma_mult=0.5]",SC,SC,SC,False,683,195,103740,103740,0.004254684317857,0.0136649226769804,0.9161376953125,0.6157099604606628,1.0,1.0,ok,6b5eb84,1d83a1ca,precomputed,0.5,10.0
reconstruction,4S456Parcels,2,kernel_ridge,"kernel_ridge[alpha=0.1,gamma_mult=1.0]",SC,SC,SC,False,683,195,103740,103740,0.0027236142195761,0.0893043503165245,0.946151077747345,0.6211456060409546,1.0,1.0,ok,6b5eb84,5a061579,precomputed,1.0,0.1
reconstruction,4S456Parcels,2,kernel_ridge,"kernel_ridge[alpha=1.0,gamma_mult=1.0]",SC,SC,SC,False,683,195,103740,103740,0.0031697351951152,0.12217478454113,0.9377120733261108,0.6209716200828552,1.0,1.0,ok,6b5eb84,d62ef37e,precomputed,1.0,1.0
reconstruction,4S456Parcels,2,kernel_ridge,"kernel_ridge[alpha=10.0,gamma_mult=1.0]",SC,SC,SC,False,683,195,103740,103740,0.0041534113697707,0.0264889746904373,0.9181888103485109,0.6122689247131348,1.0,1.0,ok,6b5eb84,5508a66f,precomputed,1.0,10.0
reconstruction,4S456Parcels,2,kernel_ridge,"kernel_ridge[alpha=0.1,gamma_mult=2.0]",SC,SC,SC,False,683,195,103740,103740,0.0027219138573855,0.0851651579141616,0.9461920857429504,0.6209799647331238,1.0,1.0,ok,6b5eb84,38c8e5e1,precomputed,2.0,0.1
reconstruction,4S456Parcels,2,kernel_ridge,"kernel_ridge[alpha=1.0,gamma_mult=2.0]",SC,SC,SC,False,683,195,103740,103740,0.0030438166577368,0.1271603107452392,0.9402182698249816,0.6204045414924622,1.0,1.0,ok,6b5eb84,401163a3,precomputed,2.0,1.0
reconstruction,4S456Parcels,2,kernel_ridge,"kernel_ridge[alpha=10.0,gamma_mult=2.0]",SC,SC,SC,False,683,195,103740,103740,0.0040679215453565,0.0371678583323955,0.919956386089325,0.5984999537467957,1.0,1.0,ok,6b5eb84,7492eb42,precomputed,2.0,10.0
reconstruction,4S456Parcels,3,pca_pls,pca_pls,FC,FC,SC,False,683,195,103740,103740,0.0045355572365224,-0.0100536299869418,0.9106094241142272,0.1495703160762787,0.1641025641025641,0.9045627876397108,ok,6b5eb84,d8903cf6,precomputed,,
reconstruction,4S456Parcels,3,bayesian_ridge,bayesian_ridge,FC,FC,SC,False,683,195,103740,103740,0.0044156345538794,0.0164111740887165,0.9130154848098756,0.1701611578464508,0.1128205128205128,0.8913346482577251,ok,6b5eb84,d900d83f,precomputed,,
reconstruction,4S456Parcels,3,kernel_ridge,"kernel_ridge[alpha=0.1,gamma_mult=0.5]",FC,FC,SC,False,683,195,103740,103740,0.0045969439670443,-0.0250613577663898,0.9093219637870787,0.1458404809236526,0.1846153846153846,0.9172912557527942,ok,6b5eb84,3ccafe00,precomputed,0.5,0.1
reconstruction,4S456Parcels,3,kernel_ridge,"kernel_ridge[alpha=1.0,gamma_mult=0.5]",FC,FC,SC,False,683,195,103740,103740,0.0044590150937438,0.0060849608853459,0.912578582763672,0.1462880373001098,0.1846153846153846,0.9312820512820512,ok,6b5eb84,9c7d9456,precomputed,0.5,1.0
reconstruction,4S456Parcels,3,kernel_ridge,"kernel_ridge[alpha=10.0,gamma_mult=0.5]",FC,FC,SC,False,683,195,103740,103740,0.0045334841124713,-0.0051981057040393,0.9115616083145142,0.1453613042831421,0.1641025641025641,0.9297041420118344,ok,6b5eb84,d845ff04,precomputed,0.5,10.0
reconstruction,4S456Parcels,3,kernel_ridge,"kernel_ridge[alpha=0.1,gamma_mult=1.0]",FC,FC,SC,False,683,195,103740,103740,0.0046543097123503,-0.0366272963583469,0.9081445932388306,0.1443333923816681,0.1794871794871795,0.9141091387245234,ok,6b5eb84,e6fe473a,precomputed,1.0,0.1
reconstruction,4S456Parcels,3,kernel_ridge,"kernel_ridge[alpha=1.0,gamma_mult=1.0]",FC,FC,SC,False,683,195,103740,103740,0.0044643054716289,0.0038208002224564,0.9122976660728456,0.1459508240222931,0.1794871794871795,0.9300986193293884,ok,6b5eb84,7d3a050a,precomputed,1.0,1.0
reconstruction,4S456Parcels,3,kernel_ridge,"kernel_ridge[alpha=10.0,gamma_mult=1.0]",FC,FC,SC,False,683,195,103740,103740,0.0045193727128207,-0.0028128798585385,0.9117868542671204,0.144678458571434,0.1589743589743589,0.9299671268902038,ok,6b5eb84,32a52fb8,precomputed,1.0,10.0
reconstruction,4S456Parcels,3,kernel_ridge,"kernel_ridge[alpha=0.1,gamma_mult=2.0]",FC,FC,SC,False,683,195,103740,103740,0.0047030998393893,-0.0463405214250087,0.907160222530365,0.1421603113412857,0.1948717948717948,0.9149506903353056,ok,6b5eb84,a7f248a0,precomputed,2.0,0.1
reconstruction,4S456Parcels,3,kernel_ridge,"kernel_ridge[alpha=1.0,gamma_mult=2.0]",FC,FC,SC,False,683,195,103740,103740,0.0044841468334198,-0.0008573483210057,0.9117896556854248,0.144918754696846,0.1897435897435897,0.9297567389875082,ok,6b5eb84,f2fb4e88,precomputed,2.0,1.0
reconstruction,4S456Parcels,3,kernel_ridge,"kernel_ridge[alpha=10.0,gamma_mult=2.0]",FC,FC,SC,False,683,195,103740,103740,0.0045068725012242,-0.0007168377051129,0.9119792580604552,0.1422670632600784,0.1589743589743589,0.9299408284023668,ok,6b5eb84,eec5e729,precomputed,2.0,10.0
reconstruction,4S456Parcels,3,pca_pls,pca_pls,SC,SC,FC,False,683,195,103740,103740,0.012472596950829,-0.0468473248183727,0.8111607432365417,0.089913509786129,0.0615384615384615,0.7375147928994084,ok,6b5eb84,5bd3342e,precomputed,,
reconstruction,4S456Parcels,3,bayesian_ridge,bayesian_ridge,SC,SC,FC,False,683,195,103740,103740,0.0119688054546713,-0.0036090712528675,0.8189682960510254,0.1008382141590118,0.0564102564102564,0.7754372123602893,ok,6b5eb84,cca61e8c,precomputed,,
reconstruction,4S456Parcels,3,kernel_ridge,"kernel_ridge[alpha=0.1,gamma_mult=0.5]",SC,SC,FC,False,683,195,103740,103740,0.0127941034734249,-0.0740104913711547,0.8066296577453613,0.0844722539186477,0.0871794871794871,0.7294148586456279,ok,6b5eb84,43b68e73,precomputed,0.5,0.1
reconstruction,4S456Parcels,3,kernel_ridge,"kernel_ridge[alpha=1.0,gamma_mult=0.5]",SC,SC,FC,False,683,195,103740,103740,0.012027982622385,-0.0087163615971803,0.8180679678916931,0.0842700749635696,0.0717948717948717,0.739750164365549,ok,6b5eb84,c3adcca4,precomputed,0.5,1.0
reconstruction,4S456Parcels,3,kernel_ridge,"kernel_ridge[alpha=10.0,gamma_mult=0.5]",SC,SC,FC,False,683,195,103740,103740,0.0120422234758734,-0.0065766549669206,0.8177241683006287,0.0828263238072395,0.0615384615384615,0.7393293885601577,ok,6b5eb84,b4a5b213,precomputed,0.5,10.0
reconstruction,4S456Parcels,3,kernel_ridge,"kernel_ridge[alpha=0.1,gamma_mult=1.0]",SC,SC,FC,False,683,195,103740,103740,0.0129884034395217,-0.0900505632162094,0.8037927150726318,0.0842190384864807,0.0974358974358974,0.7298356344510191,ok,6b5eb84,4546667c,precomputed,1.0,0.1
reconstruction,4S456Parcels,3,kernel_ridge,"kernel_ridge[alpha=1.0,gamma_mult=1.0]",SC,SC,FC,False,683,195,103740,103740,0.0121293785050511,-0.0179948378354311,0.8165428042411804,0.0842740163207054,0.0666666666666666,0.738698224852071,ok,6b5eb84,78ca2b9b,precomputed,1.0,1.0
reconstruction,4S456Parcels,3,kernel_ridge,"kernel_ridge[alpha=10.0,gamma_mult=1.0]",SC,SC,FC,False,683,195,103740,103740,0.0120243774726986,-0.0055168191902339,0.818024754524231,0.0822459384799003,0.0615384615384615,0.7394608809993426,ok,6b5eb84,2df9ad46,precomputed,1.0,10.0
reconstruction,4S456Parcels,3,kernel_ridge,"kernel_ridge[alpha=0.1,gamma_mult=2.0]",SC,SC,FC,False,683,195,103740,103740,0.0130947260186076,-0.0987963750958442,0.8022571802139282,0.0836227312684059,0.0974358974358974,0.7301775147928995,ok,6b5eb84,5154aaad,precomputed,2.0,0.1
reconstruction,4S456Parcels,3,kernel_ridge,"kernel_ridge[alpha=1.0,gamma_mult=2.0]",SC,SC,FC,False,683,195,103740,103740,0.0122323185205459,-0.0269344747066497,0.8149977326393127,0.083986572921276,0.0717948717948717,0.737120315581854,ok,6b5eb84,051f1ac4,precomputed,2.0,1.0
reconstruction,4S456Parcels,3,kernel_ridge,"kernel_ridge[alpha=10.0,gamma_mult=2.0]",SC,SC,FC,False,683,195,103740,103740,0.0120134204626083,-0.0049555487930774,0.8182224631309509,0.0801993310451507,0.0666666666666666,0.7389875082182775,ok,6b5eb84,f5226c61,precomputed,2.0,10.0
reconstruction,4S456Parcels,3,pca_pls,pca_pls,bv,bv,SC,False,683,195,16,103740,0.0043967314995825,0.0201956313103437,0.9127027988433838,0.1857165545225143,0.1333333333333333,0.9062984878369492,ok,6b5eb84,6d08d753,precomputed,,
reconstruction,4S456Parcels,3,bayesian_ridge,bayesian_ridge,bv,bv,SC,False,683,195,16,103740,0.0043553984723985,0.0288422275334596,0.91354638338089,0.1913637965917587,0.1076923076923077,0.9118474687705456,ok,6b5eb84,2405091e,precomputed,,
reconstruction,4S456Parcels,3,kernel_ridge,"kernel_ridge[alpha=0.1,gamma_mult=0.5]",bv,bv,SC,False,683,195,16,103740,0.0045900139957666,-0.016934672370553,0.9087849855422974,0.1577165126800537,0.082051282051282,0.8112557527942144,ok,6b5eb84,6103849c,precomputed,0.5,0.1
reconstruction,4S456Parcels,3,kernel_ridge,"kernel_ridge[alpha=1.0,gamma_mult=0.5]",bv,bv,SC,False,683,195,16,103740,0.004386487416923,0.0226845871657133,0.9129565358161926,0.184415727853775,0.1692307692307692,0.9107955292570676,ok,6b5eb84,a7bb3f2c,precomputed,0.5,1.0
reconstruction,4S456Parcels,3,kernel_ridge,"kernel_ridge[alpha=10.0,gamma_mult=0.5]",bv,bv,SC,False,683,195,16,103740,0.0043875323608517,0.0231141913682222,0.9133642911911012,0.1894562542438507,0.1743589743589743,0.9213412228796845,ok,6b5eb84,4ba6f93a,precomputed,0.5,10.0
reconstruction,4S456Parcels,3,kernel_ridge,"kernel_ridge[alpha=0.1,gamma_mult=1.0]",bv,bv,SC,False,683,195,16,103740,0.0047479034401476,-0.0476805567741394,0.9055402874946594,0.1390275955200195,0.082051282051282,0.7560026298487836,ok,6b5eb84,f282dc3a,precomputed,1.0,0.1
reconstruction,4S456Parcels,3,kernel_ridge,"kernel_ridge[alpha=1.0,gamma_mult=1.0]",bv,bv,SC,False,683,195,16,103740,0.0044254977256059,0.0153470104560256,0.912156343460083,0.1742895692586898,0.1282051282051282,0.8966469428007889,ok,6b5eb84,04742d8e,precomputed,1.0,1.0
reconstruction,4S456Parcels,3,kernel_ridge,"kernel_ridge[alpha=10.0,gamma_mult=1.0]",bv,bv,SC,False,683,195,16,103740,0.0043763229623436,0.0252879559993743,0.913457691669464,0.1880208104848861,0.1743589743589743,0.9222616699539776,ok,6b5eb84,1f383b89,precomputed,1.0,10.0
reconstruction,4S456Parcels,3,kernel_ridge,"kernel_ridge[alpha=0.1,gamma_mult=2.0]",bv,bv,SC,False,683,195,16,103740,0.0049876240082085,-0.0929687842726707,0.900700032711029,0.1162015795707702,0.041025641025641,0.7100065746219593,ok,6b5eb84,b69a641d,precomputed,2.0,0.1
reconstruction,4S456Parcels,3,kernel_ridge,"kernel_ridge[alpha=1.0,gamma_mult=2.0]",bv,bv,SC,False,683,195,16,103740,0.0044898698106408,0.0029419630300253,0.9108644127845764,0.1592214852571487,0.123076923076923,0.8777646285338593,ok,6b5eb84,26e18269,precomputed,2.0,1.0
reconstruction,4S456Parcels,3,kernel_ridge,"kernel_ridge[alpha=10.0,gamma_mult=2.0]",bv,bv,SC,False,683,195,16,103740,0.0043821698054671,0.0244115199893713,0.9133239984512328,0.1844007074832916,0.1435897435897435,0.9166600920447074,ok,6b5eb84,34a09799,precomputed,2.0,10.0
reconstruction,4S456Parcels,3,pca_pls,pca_pls,bv,bv,FC,False,683,195,16,103740,0.0122225517407059,-0.0209580212831497,0.8145526647567749,0.0502897948026657,0.0,0.6172781065088757,ok,6b5eb84,65dbf623,precomputed,,
reconstruction,4S456Parcels,3,bayesian_ridge,bayesian_ridge,bv,bv,FC,False,683,195,16,103740,0.012056971900165,-0.007612963207066,0.8173872828483582,0.0476230233907699,0.0,0.6268770545693623,ok,6b5eb84,13b25d1f,precomputed,,
reconstruction,4S456Parcels,3,kernel_ridge,"kernel_ridge[alpha=0.1,gamma_mult=0.5]",bv,bv,FC,False,683,195,16,103740,0.012753801420331,-0.0628341883420944,0.806359052658081,0.0428265705704689,0.0153846153846153,0.5861143984220907,ok,6b5eb84,e7c13050,precomputed,0.5,0.1
reconstruction,4S456Parcels,3,kernel_ridge,"kernel_ridge[alpha=1.0,gamma_mult=0.5]",bv,bv,FC,False,683,195,16,103740,0.0122109036892652,-0.0198318194597959,0.8147602081298828,0.0485440827906131,0.0,0.6196449704142012,ok,6b5eb84,9e881f75,precomputed,0.5,1.0
reconstruction,4S456Parcels,3,kernel_ridge,"kernel_ridge[alpha=10.0,gamma_mult=0.5]",bv,bv,FC,False,683,195,16,103740,0.0120659535750746,-0.0082461824640631,0.8172001838684082,0.0499516725540161,0.0,0.6362393162393163,ok,6b5eb84,0f2d9a38,precomputed,0.5,10.0
reconstruction,4S456Parcels,3,kernel_ridge,"kernel_ridge[alpha=0.1,gamma_mult=1.0]",bv,bv,FC,False,683,195,16,103740,0.0132267363369464,-0.1005679592490196,0.7994282841682434,0.0395248346030712,0.0307692307692307,0.5700723208415517,ok,6b5eb84,61e331f9,precomputed,1.0,0.1
reconstruction,4S456Parcels,3,kernel_ridge,"kernel_ridge[alpha=1.0,gamma_mult=1.0]",bv,bv,FC,False,683,195,16,103740,0.0123137515038251,-0.0280043985694646,0.8131158351898193,0.0464851967990398,0.0153846153846153,0.6143326758711374,ok,6b5eb84,3a51147d,precomputed,1.0,1.0
reconstruction,4S456Parcels,3,kernel_ridge,"kernel_ridge[alpha=10.0,gamma_mult=1.0]",bv,bv,FC,False,683,195,16,103740,0.012084012851119,-0.0097034657374024,0.8168888092041016,0.0492096245288848,0.0,0.6330046022353715,ok,6b5eb84,6b862e3c,precomputed,1.0,10.0
reconstruction,4S456Parcels,3,kernel_ridge,"kernel_ridge[alpha=0.1,gamma_mult=2.0]",bv,bv,FC,False,683,195,16,103740,0.0139452125877141,-0.1579120606184005,0.7891942858695984,0.0342350266873836,0.0102564102564102,0.5595792241946088,ok,6b5eb84,51231dc8,precomputed,2.0,0.1
reconstruction,4S456Parcels,3,kernel_ridge,"kernel_ridge[alpha=1.0,gamma_mult=2.0]",bv,bv,FC,False,683,195,16,103740,0.0124832559376955,-0.0415673144161701,0.8104753494262695,0.043034266680479,0.0153846153846153,0.6050493096646943,ok,6b5eb84,ef58d960,precomputed,2.0,1.0
reconstruction,4S456Parcels,3,kernel_ridge,"kernel_ridge[alpha=10.0,gamma_mult=2.0]",bv,bv,FC,False,683,195,16,103740,0.0121031235903501,-0.0112252254039049,0.816580593585968,0.0478291846811771,0.0051282051282051,0.6307692307692307,ok,6b5eb84,f2693c06,precomputed,2.0,10.0
reconstruction,4S456Parcels,3,pca_pls,pca_pls,demo,demo,SC,False,683,195,10,103740,0.0044973688200116,0.0015941704623401,0.9115231037139891,0.1326821744441986,0.0256410256410256,0.7843261012491781,ok,6b5eb84,b37d97e7,precomputed,,
reconstruction,4S456Parcels,3,bayesian_ridge,bayesian_ridge,demo,demo,SC,False,683,195,10,103740,0.0044638831168413,0.0084759360179305,0.9122112393379213,0.1423465758562088,0.0153846153846153,0.7960026298487837,ok,6b5eb84,c64e7328,precomputed,,
reconstruction,4S456Parcels,3,kernel_ridge,"kernel_ridge[alpha=0.1,gamma_mult=0.5]",demo,demo,SC,False,683,195,10,103740,0.0045833317562937,-0.0144205708056688,0.9098142385482788,0.1144448146224021,0.0051282051282051,0.7208152531229455,ok,6b5eb84,0ca42727,precomputed,0.5,0.1
reconstruction,4S456Parcels,3,kernel_ridge,"kernel_ridge[alpha=1.0,gamma_mult=0.5]",demo,demo,SC,False,683,195,10,103740,0.0045081553980708,0.0001318348950007,0.9113338589668274,0.1255623400211334,0.0205128205128205,0.7670479947403024,ok,6b5eb84,ff51c8d7,precomputed,0.5,1.0
reconstruction,4S456Parcels,3,kernel_ridge,"kernel_ridge[alpha=10.0,gamma_mult=0.5]",demo,demo,SC,False,683,195,10,103740,0.0044761961326003,0.0060630030930042,0.9120796322822572,0.1317012757062912,0.0153846153846153,0.7990269559500329,ok,6b5eb84,7a600956,precomputed,0.5,10.0
reconstruction,4S456Parcels,3,kernel_ridge,"kernel_ridge[alpha=0.1,gamma_mult=1.0]",demo,demo,SC,False,683,195,10,103740,0.0046388409100472,-0.0252193361520767,0.9087126851081848,0.1067543029785156,0.0102564102564102,0.6813412228796845,ok,6b5eb84,763164ca,precomputed,1.0,0.1
reconstruction,4S456Parcels,3,kernel_ridge,"kernel_ridge[alpha=1.0,gamma_mult=1.0]",demo,demo,SC,False,683,195,10,103740,0.004533227533102,-0.004403259139508,0.910835325717926,0.118587777018547,0.0051282051282051,0.7489283366206443,ok,6b5eb84,c95ace41,precomputed,1.0,1.0
reconstruction,4S456Parcels,3,kernel_ridge,"kernel_ridge[alpha=10.0,gamma_mult=1.0]",demo,demo,SC,False,683,195,10,103740,0.0044816392473876,0.0053514544852077,0.9119605422019958,0.1273726969957351,0.0256410256410256,0.796923076923077,ok,6b5eb84,949482e7,precomputed,1.0,10.0
reconstruction,4S456Parcels,3,kernel_ridge,"kernel_ridge[alpha=0.1,gamma_mult=2.0]",demo,demo,SC,False,683,195,10,103740,0.0047029331326484,-0.0378786772489547,0.9074628949165344,0.1001737713813781,0.0051282051282051,0.657146614069691,ok,6b5eb84,d3eb5197,precomputed,2.0,0.1
reconstruction,4S456Parcels,3,kernel_ridge,"kernel_ridge[alpha=1.0,gamma_mult=2.0]",demo,demo,SC,False,683,195,10,103740,0.0045650009997189,-0.010429666377604,0.910190761089325,0.1112943962216377,0.0102564102564102,0.7217094017094017,ok,6b5eb84,a8ea1b5a,precomputed,2.0,1.0
reconstruction,4S456Parcels,3,kernel_ridge,"kernel_ridge[alpha=10.0,gamma_mult=2.0]",demo,demo,SC,False,683,195,10,103740,0.0044921631924808,0.0036549745127558,0.9117684960365297,0.1208918616175651,0.0102564102564102,0.7876397107166337,ok,6b5eb84,9807fba8,precomputed,2.0,10.0
reconstruction,4S456Parcels,3,pca_pls,pca_pls,demo,demo,FC,False,683,195,10,103740,0.012007531709969,-0.0048274844884872,0.8182223439216614,0.1083998754620552,0.0051282051282051,0.6773175542406311,ok,6b5eb84,93156eca,precomputed,,
reconstruction,4S456Parcels,3,bayesian_ridge,bayesian_ridge,demo,demo,FC,False,683,195,10,103740,0.0118761956691741,0.0053402092307806,0.8202721476554871,0.1221003606915474,0.0051282051282051,0.7016699539776463,ok,6b5eb84,8a6d09fa,precomputed,,
reconstruction,4S456Parcels,3,kernel_ridge,"kernel_ridge[alpha=0.1,gamma_mult=0.5]",demo,demo,FC,False,683,195,10,103740,0.0122254937887191,-0.0230402816087007,0.8153215646743774,0.0951923877000808,0.0153846153846153,0.6646942800788955,ok,6b5eb84,09ac26b9,precomputed,0.5,0.1
reconstruction,4S456Parcels,3,kernel_ridge,"kernel_ridge[alpha=1.0,gamma_mult=0.5]",demo,demo,FC,False,683,195,10,103740,0.0120095890015363,-0.0053836065344512,0.8182989954948425,0.1062626391649246,0.0,0.6795003287310979,ok,6b5eb84,b519c17c,precomputed,0.5,1.0
reconstruction,4S456Parcels,3,kernel_ridge,"kernel_ridge[alpha=10.0,gamma_mult=0.5]",demo,demo,FC,False,683,195,10,103740,0.0119026992470026,0.0033918460831046,0.8198244571685791,0.1148862168192863,0.0051282051282051,0.7133201840894149,ok,6b5eb84,9a24a179,precomputed,0.5,10.0
reconstruction,4S456Parcels,3,kernel_ridge,"kernel_ridge[alpha=0.1,gamma_mult=1.0]",demo,demo,FC,False,683,195,10,103740,0.0123784048482775,-0.0352908447384834,0.8131837248802185,0.088679701089859,0.0153846153846153,0.6558842866535175,ok,6b5eb84,53cc1f6e,precomputed,1.0,0.1
reconstruction,4S456Parcels,3,kernel_ridge,"kernel_ridge[alpha=1.0,gamma_mult=1.0]",demo,demo,FC,False,683,195,10,103740,0.0120751839131116,-0.0108658755198121,0.8173313140869141,0.0997645258903503,0.0051282051282051,0.6746351084812623,ok,6b5eb84,c3e11773,precomputed,1.0,1.0
reconstruction,4S456Parcels,3,kernel_ridge,"kernel_ridge[alpha=10.0,gamma_mult=1.0]",demo,demo,FC,False,683,195,10,103740,0.0119064897298812,0.0029177682008594,0.8197587728500366,0.1118680089712143,0.0,0.7074293228139382,ok,6b5eb84,7d865229,precomputed,1.0,10.0
reconstruction,4S456Parcels,3,kernel_ridge,"kernel_ridge[alpha=0.1,gamma_mult=2.0]",demo,demo,FC,False,683,195,10,103740,0.0125521812587976,-0.0491043925285339,0.8108713030815125,0.0836021900177002,0.0205128205128205,0.6451808021038791,ok,6b5eb84,9e1dcd37,precomputed,2.0,0.1
reconstruction,4S456Parcels,3,kernel_ridge,"kernel_ridge[alpha=1.0,gamma_mult=2.0]",demo,demo,FC,False,683,195,10,103740,0.0121622495353221,-0.0179952792823314,0.8160249590873718,0.0932880267500877,0.0102564102564102,0.6699013806706114,ok,6b5eb84,e678330b,precomputed,2.0,1.0
reconstruction,4S456Parcels,3,kernel_ridge,"kernel_ridge[alpha=10.0,gamma_mult=2.0]",demo,demo,FC,False,683,195,10,103740,0.0119232516735792,0.0014039331581443,0.8194977641105652,0.1066684052348136,0.0153846153846153,0.7002498356344511,ok,6b5eb84,164fdbd5,precomputed,2.0,10.0
reconstruction,4S456Parcels,3,pca_pls,pca_pls,bv+demo,bv+demo,SC,False,683,195,26,103740,0.0044146566651761,0.0168717131018638,0.9123380184173584,0.1931729465723037,0.2051282051282051,0.915292570677186,ok,6b5eb84,7f945a19,precomputed,,
reconstruction,4S456Parcels,3,bayesian_ridge,bayesian_ridge,bv+demo,bv+demo,SC,False,683,195,26,103740,0.0043326304294168,0.0326571650803089,0.9140030145645142,0.2070154845714569,0.1897435897435897,0.936620644312952,ok,6b5eb84,18ffc0f3,precomputed,,
reconstruction,4S456Parcels,3,kernel_ridge,"kernel_ridge[alpha=0.1,gamma_mult=0.5]",bv+demo,bv+demo,SC,False,683,195,26,103740,0.0045912782661616,-0.0156398899853229,0.9088369607925416,0.1678836196660995,0.1487179487179487,0.8346351084812623,ok,6b5eb84,7473618e,precomputed,0.5,0.1
reconstruction,4S456Parcels,3,kernel_ridge,"kernel_ridge[alpha=1.0,gamma_mult=0.5]",bv+demo,bv+demo,SC,False,683,195,26,103740,0.0043759723193943,0.0250572338700294,0.9131953120231628,0.1945851594209671,0.2205128205128205,0.932991452991453,ok,6b5eb84,5e27e5db,precomputed,0.5,1.0
reconstruction,4S456Parcels,3,kernel_ridge,"kernel_ridge[alpha=10.0,gamma_mult=0.5]",bv+demo,bv+demo,SC,False,683,195,26,103740,0.004397923592478,0.0212316773831844,0.9133788347244264,0.1971950381994247,0.2,0.9388560157790928,ok,6b5eb84,1de6e13e,precomputed,0.5,10.0
reconstruction,4S456Parcels,3,kernel_ridge,"kernel_ridge[alpha=0.1,gamma_mult=1.0]",bv+demo,bv+demo,SC,False,683,195,26,103740,0.0048281881026923,-0.06020063534379,0.9040457010269164,0.1420541256666183,0.0717948717948717,0.7602366863905325,ok,6b5eb84,305dd768,precomputed,1.0,0.1
reconstruction,4S456Parcels,3,kernel_ridge,"kernel_ridge[alpha=1.0,gamma_mult=1.0]",bv+demo,bv+demo,SC,False,683,195,26,103740,0.0044105816632509,0.0190675165504217,0.9124886393547058,0.1852970272302627,0.1794871794871795,0.9258119658119658,ok,6b5eb84,47b057da,precomputed,1.0,1.0
reconstruction,4S456Parcels,3,kernel_ridge,"kernel_ridge[alpha=10.0,gamma_mult=1.0]",bv+demo,bv+demo,SC,False,683,195,26,103740,0.0043798647820949,0.0248400904238224,0.9135697484016418,0.1952136754989624,0.2051282051282051,0.939750164365549,ok,6b5eb84,9c7ce5a2,precomputed,1.0,10.0
reconstruction,4S456Parcels,3,kernel_ridge,"kernel_ridge[alpha=0.1,gamma_mult=2.0]",bv+demo,bv+demo,SC,False,683,195,26,103740,0.0050548510625958,-0.1041129827499389,0.8994958400726318,0.1207797154784202,0.0564102564102564,0.7405917159763313,ok,6b5eb84,24222522,precomputed,2.0,0.1
reconstruction,4S456Parcels,3,kernel_ridge,"kernel_ridge[alpha=1.0,gamma_mult=2.0]",bv+demo,bv+demo,SC,False,683,195,26,103740,0.0044739050790667,0.0075937053188681,0.9112306237220764,0.1687068045139312,0.1794871794871795,0.912741617357002,ok,6b5eb84,29f61103,precomputed,2.0,1.0
reconstruction,4S456Parcels,3,kernel_ridge,"kernel_ridge[alpha=10.0,gamma_mult=2.0]",bv+demo,bv+demo,SC,False,683,195,26,103740,0.0043829483911395,0.0246533192694187,0.91347336769104,0.1902605891227722,0.2153846153846154,0.935016436554898,ok,6b5eb84,dd648ab8,precomputed,2.0,10.0
reconstruction,4S456Parcels,3,pca_pls,pca_pls,bv+demo,bv+demo,FC,False,683,195,26,103740,0.0121678858995437,-0.0178517866879701,0.8155264258384705,0.1044628843665123,0.0153846153846153,0.711111111111111,ok,6b5eb84,5eb7ef5c,precomputed,,
reconstruction,4S456Parcels,3,bayesian_ridge,bayesian_ridge,bv+demo,bv+demo,FC,False,683,195,26,103740,0.0118701979517936,0.0054103541187942,0.8203227519989014,0.124177373945713,0.0102564102564102,0.7187113740959895,ok,6b5eb84,bbd7f972,precomputed,,
reconstruction,4S456Parcels,3,kernel_ridge,"kernel_ridge[alpha=0.1,gamma_mult=0.5]",bv+demo,bv+demo,FC,False,683,195,26,103740,0.0126736108213663,-0.0579799972474575,0.8078106045722961,0.0859693586826324,0.0205128205128205,0.6566206443129521,ok,6b5eb84,c9fc1199,precomputed,0.5,0.1
reconstruction,4S456Parcels,3,kernel_ridge,"kernel_ridge[alpha=1.0,gamma_mult=0.5]",bv+demo,bv+demo,FC,False,683,195,26,103740,0.0120714176446199,-0.0101919155567884,0.8170411586761475,0.1029117256402969,0.0205128205128205,0.7188691650230112,ok,6b5eb84,2582a179,precomputed,0.5,1.0
reconstruction,4S456Parcels,3,kernel_ridge,"kernel_ridge[alpha=10.0,gamma_mult=0.5]",bv+demo,bv+demo,FC,False,683,195,26,103740,0.0119423912838101,0.0006513580447062,0.8191742897033691,0.1052329465746879,0.0051282051282051,0.7345167652859961,ok,6b5eb84,cf57af79,precomputed,0.5,10.0
reconstruction,4S456Parcels,3,kernel_ridge,"kernel_ridge[alpha=0.1,gamma_mult=1.0]",bv+demo,bv+demo,FC,False,683,195,26,103740,0.0133673418313264,-0.1133350357413292,0.7977588176727295,0.0709239020943641,0.0102564102564102,0.6327942143326759,ok,6b5eb84,5fa1f676,precomputed,1.0,0.1
reconstruction,4S456Parcels,3,kernel_ridge,"kernel_ridge[alpha=1.0,gamma_mult=1.0]",bv+demo,bv+demo,FC,False,683,195,26,103740,0.0121646160259842,-0.0175674445927143,0.8155702352523804,0.0970823466777801,0.0153846153846153,0.7097435897435898,ok,6b5eb84,05eddc77,precomputed,1.0,1.0
reconstruction,4S456Parcels,3,kernel_ridge,"kernel_ridge[alpha=10.0,gamma_mult=1.0]",bv+demo,bv+demo,FC,False,683,195,26,103740,0.011932898312807,0.0011561141582205,0.8192718625068665,0.1047597229480743,0.0102564102564102,0.7314924391847468,ok,6b5eb84,2ae2276a,precomputed,1.0,10.0
reconstruction,4S456Parcels,3,kernel_ridge,"kernel_ridge[alpha=0.1,gamma_mult=2.0]",bv+demo,bv+demo,FC,False,683,195,26,103740,0.0140517661347985,-0.1679606586694717,0.7883484959602356,0.0578685365617275,0.0051282051282051,0.6179881656804733,ok,6b5eb84,9f3a35dd,precomputed,2.0,0.1
reconstruction,4S456Parcels,3,kernel_ridge,"kernel_ridge[alpha=1.0,gamma_mult=2.0]",bv+demo,bv+demo,FC,False,683,195,26,103740,0.0123395388945937,-0.0314541012048721,0.8128846883773804,0.0853909030556678,0.0102564102564102,0.6877580539119001,ok,6b5eb84,bcc4d91b,precomputed,2.0,1.0
reconstruction,4S456Parcels,3,kernel_ridge,"kernel_ridge[alpha=10.0,gamma_mult=2.0]",bv+demo,bv+demo,FC,False,683,195,26,103740,0.0119357444345951,0.0008231594692915,0.8191776871681213,0.1027645990252494,0.0153846153846153,0.7265220249835634,ok,6b5eb84,e0a4f635,precomputed,2.0,10.0
reconstruction,4S456Parcels,3,pca_pls,pca_pls,FC+bv+demo,FC+bv+demo,SC,True,683,195,103766,103740,0.0044619082473218,0.0030085246544331,0.911377727985382,0.1858391016721725,0.2358974358974359,0.9465088757396448,ok,6b5eb84,432f0758,precomputed,,
reconstruction,4S456Parcels,3,bayesian_ridge,bayesian_ridge,FC+bv+demo,FC+bv+demo,SC,True,683,195,103766,103740,0.0043512992560863,0.0278956536203622,0.9136413335800172,0.2013997733592987,0.1435897435897435,0.9312820512820512,ok,6b5eb84,df31782c,precomputed,,
reconstruction,4S456Parcels,3,kernel_ridge,"kernel_ridge[alpha=0.1,gamma_mult=0.5]",FC+bv+demo,FC+bv+demo,SC,True,683,195,103766,103740,0.004526640754193,-0.01231559086591,0.9100138545036316,0.1865171194076538,0.3025641025641025,0.9515581854043392,ok,6b5eb84,2dbc517f,precomputed,0.5,0.1
reconstruction,4S456Parcels,3,kernel_ridge,"kernel_ridge[alpha=1.0,gamma_mult=0.5]",FC+bv+demo,FC+bv+demo,SC,True,683,195,103766,103740,0.0043482687324285,0.0267816483974456,0.9137177467346193,0.202276811003685,0.2974358974358974,0.9650756081525312,ok,6b5eb84,b273d556,precomputed,0.5,1.0
reconstruction,4S456Parcels,3,kernel_ridge,"kernel_ridge[alpha=10.0,gamma_mult=0.5]",FC+bv+demo,FC+bv+demo,SC,True,683,195,103766,103740,0.0044374838471412,0.0127448299899697,0.9124593734741212,0.1922410279512405,0.2051282051282051,0.9285996055226824,ok,6b5eb84,2e5703da,precomputed,0.5,10.0
reconstruction,4S456Parcels,3,kernel_ridge,"kernel_ridge[alpha=0.1,gamma_mult=1.0]",FC+bv+demo,FC+bv+demo,SC,True,683,195,103766,103740,0.0045888447202742,-0.0245208851993083,0.9087767004966736,0.1850488483905792,0.3128205128205128,0.9492439184746876,ok,6b5eb84,0be0f661,precomputed,1.0,0.1
reconstruction,4S456Parcels,3,kernel_ridge,"kernel_ridge[alpha=1.0,gamma_mult=1.0]",FC+bv+demo,FC+bv+demo,SC,True,683,195,103766,103740,0.0043636355549097,0.0227544717490673,0.913374364376068,0.2003432065248489,0.3333333333333333,0.9638395792241946,ok,6b5eb84,fbe8fd4a,precomputed,1.0,1.0
reconstruction,4S456Parcels,3,kernel_ridge,"kernel_ridge[alpha=10.0,gamma_mult=1.0]",FC+bv+demo,FC+bv+demo,SC,True,683,195,103766,103740,0.0044052959419786,0.0185491964221,0.9128594994544984,0.1952365636825561,0.2769230769230769,0.9464036817882971,ok,6b5eb84,97033c0d,precomputed,1.0,10.0
reconstruction,4S456Parcels,3,kernel_ridge,"kernel_ridge[alpha=0.1,gamma_mult=2.0]",FC+bv+demo,FC+bv+demo,SC,True,683,195,103766,103740,0.0046362150460481,-0.0335573628544807,0.907906413078308,0.1861922293901443,0.3128205128205128,0.9512163050624588,ok,6b5eb84,1f4a78dd,precomputed,2.0,0.1
reconstruction,4S456Parcels,3,kernel_ridge,"kernel_ridge[alpha=1.0,gamma_mult=2.0]",FC+bv+demo,FC+bv+demo,SC,True,683,195,103766,103740,0.0043948176316916,0.0161767899990081,0.9127713441848756,0.1994576454162597,0.3179487179487179,0.9615779092702168,ok,6b5eb84,95d414cc,precomputed,2.0,1.0
reconstruction,4S456Parcels,3,kernel_ridge,"kernel_ridge[alpha=10.0,gamma_mult=2.0]",FC+bv+demo,FC+bv+demo,SC,True,683,195,103766,103740,0.0043833637610077,0.022492054849863,0.9131408929824828,0.1964030712842941,0.2769230769230769,0.9537146614069693,ok,6b5eb84,eb852c31,precomputed,2.0,10.0
reconstruction,4S456Parcels,3,pca_pls,pca_pls,SC+bv+demo,SC+bv+demo,FC,True,683,195,103766,103740,0.0123580554500222,-0.0385156013071537,0.8130090236663818,0.1114315688610076,0.041025641025641,0.7845627876397108,ok,6b5eb84,0f50a338,precomputed,,
reconstruction,4S456Parcels,3,bayesian_ridge,bayesian_ridge,SC+bv+demo,SC+bv+demo,FC,True,683,195,103766,103740,0.011900084093213,0.0013026165543124,0.8199847936630249,0.1210170537233352,0.082051282051282,0.7860618014464169,ok,6b5eb84,d6e1b64c,precomputed,,
reconstruction,4S456Parcels,3,kernel_ridge,"kernel_ridge[alpha=0.1,gamma_mult=0.5]",SC+bv+demo,SC+bv+demo,FC,True,683,195,103766,103740,0.0127379857003688,-0.069798819720745,0.807371973991394,0.1035959124565124,0.0974358974358974,0.7445364891518738,ok,6b5eb84,b2532fd1,precomputed,0.5,0.1
reconstruction,4S456Parcels,3,kernel_ridge,"kernel_ridge[alpha=1.0,gamma_mult=0.5]",SC+bv+demo,SC+bv+demo,FC,True,683,195,103766,103740,0.0119251944124698,-0.0012593906139954,0.8195915222167969,0.117674134671688,0.082051282051282,0.7811965811965812,ok,6b5eb84,f88114a5,precomputed,0.5,1.0
reconstruction,4S456Parcels,3,kernel_ridge,"kernel_ridge[alpha=10.0,gamma_mult=0.5]",SC+bv+demo,SC+bv+demo,FC,True,683,195,103766,103740,0.0119911599904298,-0.0029397259932011,0.81852126121521,0.1141509413719177,0.0512820512820512,0.7759631821170283,ok,6b5eb84,7efeef2e,precomputed,0.5,10.0
reconstruction,4S456Parcels,3,kernel_ridge,"kernel_ridge[alpha=0.1,gamma_mult=1.0]",SC+bv+demo,SC+bv+demo,FC,True,683,195,103766,103740,0.0129362465813755,-0.0860812813043594,0.8045153617858887,0.1024852246046066,0.0923076923076923,0.7408021038790269,ok,6b5eb84,1ec33f8d,precomputed,1.0,0.1
reconstruction,4S456Parcels,3,kernel_ridge,"kernel_ridge[alpha=1.0,gamma_mult=1.0]",SC+bv+demo,SC+bv+demo,FC,True,683,195,103766,103740,0.0120201064273715,-0.0099371122196316,0.8181443214416504,0.1148229390382766,0.082051282051282,0.7737541091387246,ok,6b5eb84,6b9a814c,precomputed,1.0,1.0
reconstruction,4S456Parcels,3,kernel_ridge,"kernel_ridge[alpha=10.0,gamma_mult=1.0]",SC+bv+demo,SC+bv+demo,FC,True,683,195,103766,103740,0.0119596375152468,-0.0009198660263791,0.8190233111381531,0.1163043975830078,0.0615384615384615,0.78077580539119,ok,6b5eb84,8c135bf0,precomputed,1.0,10.0
reconstruction,4S456Parcels,3,kernel_ridge,"kernel_ridge[alpha=0.1,gamma_mult=2.0]",SC+bv+demo,SC+bv+demo,FC,True,683,195,103766,103740,0.0129992235451936,-0.0913065299391746,0.8036643266677856,0.1034141331911087,0.0974358974358974,0.7413017751479289,ok,6b5eb84,cf77ab61,precomputed,2.0,0.1
reconstruction,4S456Parcels,3,kernel_ridge,"kernel_ridge[alpha=1.0,gamma_mult=2.0]",SC+bv+demo,SC+bv+demo,FC,True,683,195,103766,103740,0.0121158817782998,-0.0182447880506515,0.816704511642456,0.1139608025550842,0.0974358974358974,0.7675739644970414,ok,6b5eb84,74bc2d99,precomputed,2.0,1.0
reconstruction,4S456Parcels,3,kernel_ridge,"kernel_ridge[alpha=10.0,gamma_mult=2.0]",SC+bv+demo,SC+bv+demo,FC,True,683,195,103766,103740,0.0119401384145021,0.0002353373856749,0.8193396925926208,0.1162584573030471,0.0666666666666666,0.7805917159763314,ok,6b5eb84,b415b9fe,precomputed,2.0,10.0
reconstruction,4S456Parcels,3,pca_pls,pca_pls,FC,FC,FC,False,683,195,103740,103740,0.0099788894876837,0.1365098804235458,0.8495103120803833,0.400830864906311,0.9897435897435898,0.999947403024326,ok,6b5eb84,0f3f994c,precomputed,,
reconstruction,4S456Parcels,3,bayesian_ridge,bayesian_ridge,FC,FC,FC,False,683,195,103740,103740,0.0070910584181547,0.3329872190952301,0.8932075500488281,0.6339633464813232,1.0,1.0,ok,6b5eb84,3971ed24,precomputed,,
reconstruction,4S456Parcels,3,kernel_ridge,"kernel_ridge[alpha=0.1,gamma_mult=0.5]",FC,FC,FC,False,683,195,103740,103740,0.007178034633398,0.3318316042423248,0.8920796513557434,0.6339552402496338,1.0,1.0,ok,6b5eb84,56c6b58a,precomputed,0.5,0.1
reconstruction,4S456Parcels,3,kernel_ridge,"kernel_ridge[alpha=1.0,gamma_mult=0.5]",FC,FC,FC,False,683,195,103740,103740,0.009107363410294,0.2045069336891174,0.8634616732597351,0.6339221000671387,1.0,1.0,ok,6b5eb84,a9d175b2,precomputed,0.5,1.0
reconstruction,4S456Parcels,3,kernel_ridge,"kernel_ridge[alpha=10.0,gamma_mult=0.5]",FC,FC,FC,False,683,195,103740,103740,0.0115602137520909,0.0287796501070261,0.8252143859863281,0.6329951882362366,0.958974358974359,0.9997633136094676,ok,6b5eb84,198705da,precomputed,0.5,10.0
reconstruction,4S456Parcels,3,kernel_ridge,"kernel_ridge[alpha=0.1,gamma_mult=1.0]",FC,FC,FC,False,683,195,103740,103740,0.0071100648492574,0.3339861333370209,0.8929933309555054,0.6339303255081177,1.0,1.0,ok,6b5eb84,ac0915f6,precomputed,1.0,0.1
reconstruction,4S456Parcels,3,kernel_ridge,"kernel_ridge[alpha=1.0,gamma_mult=1.0]",FC,FC,FC,False,683,195,103740,103740,0.008353634737432,0.2569393813610077,0.8750340938568115,0.6338521838188171,1.0,1.0,ok,6b5eb84,24ba0653,precomputed,1.0,1.0
reconstruction,4S456Parcels,3,kernel_ridge,"kernel_ridge[alpha=10.0,gamma_mult=1.0]",FC,FC,FC,False,683,195,103740,103740,0.0112497732043266,0.0512646250426769,0.8300787806510925,0.6322614550590515,0.9794871794871794,0.9998685075608152,ok,6b5eb84,a62b68df,precomputed,1.0,10.0
reconstruction,4S456Parcels,3,kernel_ridge,"kernel_ridge[alpha=0.1,gamma_mult=2.0]",FC,FC,FC,False,683,195,103740,103740,0.0071012009866535,0.3329038918018341,0.89309161901474,0.6338129043579102,1.0,1.0,ok,6b5eb84,ef861a62,precomputed,2.0,0.1
reconstruction,4S456Parcels,3,kernel_ridge,"kernel_ridge[alpha=1.0,gamma_mult=2.0]",FC,FC,FC,False,683,195,103740,103740,0.0079262983053922,0.2858456969261169,0.8815582990646362,0.633554995059967,1.0,1.0,ok,6b5eb84,6cae98b3,precomputed,2.0,1.0
reconstruction,4S456Parcels,3,kernel_ridge,"kernel_ridge[alpha=10.0,gamma_mult=2.0]",FC,FC,FC,False,683,195,103740,103740,0.0109623679891228,0.0720258355140686,0.8346109986305237,0.6292897462844849,0.9897435897435898,0.999947403024326,ok,6b5eb84,ceaf36fb,precomputed,2.0,10.0
reconstruction,4S456Parcels,3,pca_pls,pca_pls,SC,SC,SC,False,683,195,103740,103740,0.0036773055326193,0.0954989343881607,0.9274581670761108,0.4349474906921386,1.0,1.0,ok,6b5eb84,2dbf6371,precomputed,,
reconstruction,4S456Parcels,3,bayesian_ridge,bayesian_ridge,SC,SC,SC,False,683,195,103740,103740,0.0027819231618195,0.1131293699145317,0.9455628991127014,0.6223176717758179,1.0,1.0,ok,6b5eb84,aa2b4d27,precomputed,,
reconstruction,4S456Parcels,3,kernel_ridge,"kernel_ridge[alpha=0.1,gamma_mult=0.5]",SC,SC,SC,False,683,195,103740,103740,0.002818233333528,0.136973351240158,0.9449287056922911,0.6223074197769165,1.0,1.0,ok,6b5eb84,cb402ed9,precomputed,0.5,0.1
reconstruction,4S456Parcels,3,kernel_ridge,"kernel_ridge[alpha=1.0,gamma_mult=0.5]",SC,SC,SC,False,683,195,103740,103740,0.0035106264986097,0.112740159034729,0.9318085312843324,0.6222249865531921,1.0,1.0,ok,6b5eb84,9b063703,precomputed,0.5,1.0
reconstruction,4S456Parcels,3,kernel_ridge,"kernel_ridge[alpha=10.0,gamma_mult=0.5]",SC,SC,SC,False,683,195,103740,103740,0.0043765287846326,0.0137953357771039,0.9147714376449584,0.6167779564857483,1.0,1.0,ok,6b5eb84,e8efe679,precomputed,0.5,10.0
reconstruction,4S456Parcels,3,kernel_ridge,"kernel_ridge[alpha=0.1,gamma_mult=1.0]",SC,SC,SC,False,683,195,103740,103740,0.002794926520437,0.1281400024890899,0.9453496932983398,0.6222760081291199,1.0,1.0,ok,6b5eb84,44133fcb,precomputed,1.0,0.1
reconstruction,4S456Parcels,3,kernel_ridge,"kernel_ridge[alpha=1.0,gamma_mult=1.0]",SC,SC,SC,False,683,195,103740,103740,0.0032558131497353,0.1343991607427597,0.9367662668228148,0.6221063137054443,1.0,1.0,ok,6b5eb84,e6e38482,precomputed,1.0,1.0
reconstruction,4S456Parcels,3,kernel_ridge,"kernel_ridge[alpha=10.0,gamma_mult=1.0]",SC,SC,SC,False,683,195,103740,103740,0.0042725028470158,0.0267181433737278,0.91685289144516,0.6132479906082153,1.0,1.0,ok,6b5eb84,e9827b74,precomputed,1.0,10.0
reconstruction,4S456Parcels,3,kernel_ridge,"kernel_ridge[alpha=0.1,gamma_mult=2.0]",SC,SC,SC,False,683,195,103740,103740,0.0027939728461205,0.1247576028108596,0.9453775882720948,0.6221203804016113,1.0,1.0,ok,6b5eb84,13d1f827,precomputed,2.0,0.1
reconstruction,4S456Parcels,3,kernel_ridge,"kernel_ridge[alpha=1.0,gamma_mult=2.0]",SC,SC,SC,False,683,195,103740,103740,0.0031284668948501,0.1419961601495742,0.9392778277397156,0.6215491890907288,1.0,1.0,ok,6b5eb84,b4497cb4,precomputed,2.0,1.0
reconstruction,4S456Parcels,3,kernel_ridge,"kernel_ridge[alpha=10.0,gamma_mult=2.0]",SC,SC,SC,False,683,195,103740,103740,0.0041861585341393,0.0369952507317066,0.9186211824417114,0.5989965796470642,1.0,1.0,ok,6b5eb84,00dd7c36,precomputed,2.0,10.0
reconstruction,4S456Parcels,4,pca_pls,pca_pls,FC,FC,SC,False,683,195,103740,103740,0.0044240155257284,-0.017477786168456,0.9110568165779114,0.1416241526603698,0.1282051282051282,0.8851545036160421,ok,6b5eb84,e12a6ea3,precomputed,,
reconstruction,4S456Parcels,4,bayesian_ridge,bayesian_ridge,FC,FC,SC,False,683,195,103740,103740,0.0042840028181672,0.0162919592112302,0.9139227271080016,0.1639692187309265,0.1435897435897435,0.8842077580539119,ok,6b5eb84,e610a787,precomputed,,
reconstruction,4S456Parcels,4,kernel_ridge,"kernel_ridge[alpha=0.1,gamma_mult=0.5]",FC,FC,SC,False,683,195,103740,103740,0.0044854572042822,-0.0386206731200218,0.9097574949264526,0.1404008269309997,0.2153846153846154,0.9035108481262328,ok,6b5eb84,6d8ed263,precomputed,0.5,0.1
reconstruction,4S456Parcels,4,kernel_ridge,"kernel_ridge[alpha=1.0,gamma_mult=0.5]",FC,FC,SC,False,683,195,103740,103740,0.0043209167197346,0.0040310318581759,0.9134593605995178,0.1403848528861999,0.2153846153846154,0.9177383300460225,ok,6b5eb84,f23257f0,precomputed,0.5,1.0
reconstruction,4S456Parcels,4,kernel_ridge,"kernel_ridge[alpha=10.0,gamma_mult=0.5]",FC,FC,SC,False,683,195,103740,103740,0.0043861051090061,-0.0053749345242977,0.9125427007675172,0.1379030644893646,0.1692307692307692,0.9144247205785668,ok,6b5eb84,92345039,precomputed,0.5,10.0
reconstruction,4S456Parcels,4,kernel_ridge,"kernel_ridge[alpha=0.1,gamma_mult=1.0]",FC,FC,SC,False,683,195,103740,103740,0.0045448131859302,-0.0526825375854969,0.9085397720336914,0.1393520981073379,0.2051282051282051,0.902380013149244,ok,6b5eb84,6e1accc0,precomputed,1.0,0.1
reconstruction,4S456Parcels,4,kernel_ridge,"kernel_ridge[alpha=1.0,gamma_mult=1.0]",FC,FC,SC,False,683,195,103740,103740,0.0043314513750374,-0.0002118220727425,0.9131092429161072,0.1401968002319336,0.2256410256410256,0.916844181459566,ok,6b5eb84,b4ee7b66,precomputed,1.0,1.0
reconstruction,4S456Parcels,4,kernel_ridge,"kernel_ridge[alpha=10.0,gamma_mult=1.0]",FC,FC,SC,False,683,195,103740,103740,0.0043734437786042,-0.0031998741906136,0.9127530455589294,0.1369063407182693,0.1794871794871795,0.9151347797501644,ok,6b5eb84,9122f29d,precomputed,1.0,10.0
reconstruction,4S456Parcels,4,kernel_ridge,"kernel_ridge[alpha=0.1,gamma_mult=2.0]",FC,FC,SC,False,683,195,103740,103740,0.0045908591710031,-0.0635865405201911,0.9076021909713744,0.1375028789043426,0.1897435897435897,0.9047468770545694,ok,6b5eb84,63ba733c,precomputed,2.0,0.1
reconstruction,4S456Parcels,4,kernel_ridge,"kernel_ridge[alpha=1.0,gamma_mult=2.0]",FC,FC,SC,False,683,195,103740,103740,0.0043546049855649,-0.0067036426626145,0.9125589728355408,0.1393357962369918,0.2205128205128205,0.916870479947403,ok,6b5eb84,e5cb373f,precomputed,2.0,1.0
reconstruction,4S456Parcels,4,kernel_ridge,"kernel_ridge[alpha=10.0,gamma_mult=2.0]",FC,FC,SC,False,683,195,103740,103740,0.004363196901977,-0.0015842600259929,0.9129210114479064,0.1334365606307983,0.1846153846153846,0.9150295857988164,ok,6b5eb84,7063a862,precomputed,2.0,10.0
reconstruction,4S456Parcels,4,pca_pls,pca_pls,SC,SC,FC,False,683,195,103740,103740,0.0127290645614266,-0.0440259426832199,0.8157191276550293,0.085873082280159,0.0512820512820512,0.7359894806048652,ok,6b5eb84,e06d478b,precomputed,,
reconstruction,4S456Parcels,4,bayesian_ridge,bayesian_ridge,SC,SC,FC,False,683,195,103740,103740,0.0122300647199153,-0.0028810428921133,0.8237935304641724,0.1047262549400329,0.0256410256410256,0.8128599605522683,ok,6b5eb84,af4c9bf3,precomputed,,
reconstruction,4S456Parcels,4,kernel_ridge,"kernel_ridge[alpha=0.1,gamma_mult=0.5]",SC,SC,FC,False,683,195,103740,103740,0.0130157768726348,-0.0684041380882263,0.8113976716995239,0.0835050344467163,0.0307692307692307,0.7395397764628534,ok,6b5eb84,b1d68b36,precomputed,0.5,0.1
reconstruction,4S456Parcels,4,kernel_ridge,"kernel_ridge[alpha=1.0,gamma_mult=0.5]",SC,SC,FC,False,683,195,103740,103740,0.012312825769186,-0.0095130614936351,0.8224767446517944,0.0833178386092186,0.0512820512820512,0.7547403024326101,ok,6b5eb84,4aa7ee59,precomputed,0.5,1.0
reconstruction,4S456Parcels,4,kernel_ridge,"kernel_ridge[alpha=10.0,gamma_mult=0.5]",SC,SC,FC,False,683,195,103740,103740,0.0123268943279981,-0.0077137504704296,0.8223512172698975,0.082466073334217,0.041025641025641,0.75534516765286,ok,6b5eb84,55e1d2a1,precomputed,0.5,10.0
reconstruction,4S456Parcels,4,kernel_ridge,"kernel_ridge[alpha=0.1,gamma_mult=1.0]",SC,SC,FC,False,683,195,103740,103740,0.0132034765556454,-0.0836626589298248,0.808529257774353,0.0830893665552139,0.0205128205128205,0.7368310322156476,ok,6b5eb84,9f76bd78,precomputed,1.0,0.1
reconstruction,4S456Parcels,4,kernel_ridge,"kernel_ridge[alpha=1.0,gamma_mult=1.0]",SC,SC,FC,False,683,195,103740,103740,0.0124061796814203,-0.0179191548377275,0.820945680141449,0.0834181308746337,0.0512820512820512,0.7523997370151216,ok,6b5eb84,f913fe5d,precomputed,1.0,1.0
reconstruction,4S456Parcels,4,kernel_ridge,"kernel_ridge[alpha=10.0,gamma_mult=1.0]",SC,SC,FC,False,683,195,103740,103740,0.0123097645118832,-0.0066982642747461,0.8226180672645569,0.0821313634514808,0.0461538461538461,0.756370808678501,ok,6b5eb84,fadd8a23,precomputed,1.0,10.0
reconstruction,4S456Parcels,4,kernel_ridge,"kernel_ridge[alpha=0.1,gamma_mult=2.0]",SC,SC,FC,False,683,195,103740,103740,0.0133211631327867,-0.0932222157716751,0.8067221641540527,0.0820702463388443,0.0153846153846153,0.7361209730440499,ok,6b5eb84,08ef30ef,precomputed,2.0,0.1
reconstruction,4S456Parcels,4,kernel_ridge,"kernel_ridge[alpha=1.0,gamma_mult=2.0]",SC,SC,FC,False,683,195,103740,103740,0.012503401376307,-0.0262579098343849,0.8193808794021606,0.0831664055585861,0.0461538461538461,0.7501643655489809,ok,6b5eb84,61936f65,precomputed,2.0,1.0
reconstruction,4S456Parcels,4,kernel_ridge,"kernel_ridge[alpha=10.0,gamma_mult=2.0]",SC,SC,FC,False,683,195,103740,103740,0.0122985560446977,-0.0061155073344707,0.8227907419204712,0.0805063545703888,0.0461538461538461,0.7569230769230769,ok,6b5eb84,cd3f64e2,precomputed,2.0,10.0
reconstruction,4S456Parcels,4,pca_pls,pca_pls,bv,bv,SC,False,683,195,16,103740,0.0042642760090529,0.0164932291954755,0.9134681224822998,0.1818394958972931,0.1282051282051282,0.9015384615384616,ok,6b5eb84,378719bc,precomputed,,
reconstruction,4S456Parcels,4,bayesian_ridge,bayesian_ridge,bv,bv,SC,False,683,195,16,103740,0.0042250715196132,0.0283071137964725,0.9143239855766296,0.1904837191104889,0.1384615384615384,0.9006443129520053,ok,6b5eb84,e295419c,precomputed,,
reconstruction,4S456Parcels,4,kernel_ridge,"kernel_ridge[alpha=0.1,gamma_mult=0.5]",bv,bv,SC,False,683,195,16,103740,0.0044322018511593,-0.0174746979027986,0.9099016189575196,0.1567108184099197,0.082051282051282,0.8173307034845496,ok,6b5eb84,56ac7a94,precomputed,0.5,0.1
reconstruction,4S456Parcels,4,kernel_ridge,"kernel_ridge[alpha=1.0,gamma_mult=0.5]",bv,bv,SC,False,683,195,16,103740,0.0042514712549746,0.0207452960312366,0.91379714012146,0.183548241853714,0.1179487179487179,0.9124260355029584,ok,6b5eb84,d7a1b689,precomputed,0.5,1.0
reconstruction,4S456Parcels,4,kernel_ridge,"kernel_ridge[alpha=10.0,gamma_mult=0.5]",bv,bv,SC,False,683,195,16,103740,0.004252400714904,0.0226743798702955,0.9141865372657776,0.1867062747478485,0.1384615384615384,0.9156870479947404,ok,6b5eb84,3c680387,precomputed,0.5,10.0
reconstruction,4S456Parcels,4,kernel_ridge,"kernel_ridge[alpha=0.1,gamma_mult=1.0]",bv,bv,SC,False,683,195,16,103740,0.0045884535647928,-0.0486556887626647,0.9066799283027648,0.136307030916214,0.0564102564102564,0.7596055226824457,ok,6b5eb84,0dbe9abc,precomputed,1.0,0.1
reconstruction,4S456Parcels,4,kernel_ridge,"kernel_ridge[alpha=1.0,gamma_mult=1.0]",bv,bv,SC,False,683,195,16,103740,0.0042898920364677,0.0134310619905591,0.9130138158798218,0.1733892261981964,0.123076923076923,0.8987771203155819,ok,6b5eb84,6646c899,precomputed,1.0,1.0
reconstruction,4S456Parcels,4,kernel_ridge,"kernel_ridge[alpha=10.0,gamma_mult=1.0]",bv,bv,SC,False,683,195,16,103740,0.0042431028559803,0.0247091725468635,0.9142778515815736,0.1862964481115341,0.1384615384615384,0.917422748191979,ok,6b5eb84,35ad1387,precomputed,1.0,10.0
reconstruction,4S456Parcels,4,kernel_ridge,"kernel_ridge[alpha=0.1,gamma_mult=2.0]",bv,bv,SC,False,683,195,16,103740,0.0048476858064532,-0.1022138744592666,0.9014477729797364,0.1102213114500045,0.0307692307692307,0.7046942800788955,ok,6b5eb84,319215c9,precomputed,2.0,0.1
reconstruction,4S456Parcels,4,kernel_ridge,"kernel_ridge[alpha=1.0,gamma_mult=2.0]",bv,bv,SC,False,683,195,16,103740,0.0043568052351474,4.043623266625218e-05,0.911689043045044,0.1565864831209182,0.0923076923076923,0.8760815253122946,ok,6b5eb84,3ef63f19,precomputed,2.0,1.0
reconstruction,4S456Parcels,4,kernel_ridge,"kernel_ridge[alpha=10.0,gamma_mult=2.0]",bv,bv,SC,False,683,195,16,103740,0.0042496374808251,0.0237683020532131,0.9141585230827332,0.1828522533178329,0.1333333333333333,0.912189349112426,ok,6b5eb84,361d614b,precomputed,2.0,10.0
reconstruction,4S456Parcels,4,pca_pls,pca_pls,bv,bv,FC,False,683,195,16,103740,0.0124997179955244,-0.0207051914185285,0.8194687366485596,0.0432857647538185,0.0205128205128205,0.623852728468113,ok,6b5eb84,8c69b0b0,precomputed,,
reconstruction,4S456Parcels,4,bayesian_ridge,bayesian_ridge,bv,bv,FC,False,683,195,16,103740,0.0123233189806342,-0.0072494223713874,0.8224091529846191,0.0522637888789176,0.0153846153846153,0.6587508218277449,ok,6b5eb84,a8b20c1b,precomputed,,
reconstruction,4S456Parcels,4,kernel_ridge,"kernel_ridge[alpha=0.1,gamma_mult=0.5]",bv,bv,FC,False,683,195,16,103740,0.0130349323153495,-0.0632141008973121,0.8108891248703003,0.0356245189905166,0.0153846153846153,0.5773044049967127,ok,6b5eb84,cd904f36,precomputed,0.5,0.1
reconstruction,4S456Parcels,4,kernel_ridge,"kernel_ridge[alpha=1.0,gamma_mult=0.5]",bv,bv,FC,False,683,195,16,103740,0.01248424872756,-0.0196455288678407,0.8197640180587769,0.0439555533230304,0.0205128205128205,0.6227218934911243,ok,6b5eb84,553dca1e,precomputed,0.5,1.0
reconstruction,4S456Parcels,4,kernel_ridge,"kernel_ridge[alpha=10.0,gamma_mult=0.5]",bv,bv,FC,False,683,195,16,103740,0.0123493103310465,-0.0090359691530466,0.8219484090805054,0.0454968214035034,0.0205128205128205,0.6404207758053913,ok,6b5eb84,5c5d46a3,precomputed,0.5,10.0
reconstruction,4S456Parcels,4,kernel_ridge,"kernel_ridge[alpha=0.1,gamma_mult=1.0]",bv,bv,FC,False,683,195,16,103740,0.0135385105386376,-0.1027153953909874,0.8031835556030273,0.0313145667314529,0.0153846153846153,0.5669428007889546,ok,6b5eb84,93b12568,precomputed,1.0,0.1
reconstruction,4S456Parcels,4,kernel_ridge,"kernel_ridge[alpha=1.0,gamma_mult=1.0]",bv,bv,FC,False,683,195,16,103740,0.0126010831445455,-0.0289161298424005,0.8179406523704529,0.0409582182765007,0.0256410256410256,0.6108349769888232,ok,6b5eb84,820ad0b3,precomputed,1.0,1.0
reconstruction,4S456Parcels,4,kernel_ridge,"kernel_ridge[alpha=10.0,gamma_mult=1.0]",bv,bv,FC,False,683,195,16,103740,0.0123625667765736,-0.0100797293707728,0.8217372894287109,0.046144887804985,0.0205128205128205,0.6412623274161735,ok,6b5eb84,238ff274,precomputed,1.0,10.0
reconstruction,4S456Parcels,4,kernel_ridge,"kernel_ridge[alpha=0.1,gamma_mult=2.0]",bv,bv,FC,False,683,195,16,103740,0.0142831774428486,-0.1614031940698623,0.7921334505081177,0.0260300878435373,0.0,0.5498224852071006,ok,6b5eb84,6b029376,precomputed,2.0,0.1
reconstruction,4S456Parcels,4,kernel_ridge,"kernel_ridge[alpha=1.0,gamma_mult=2.0]",bv,bv,FC,False,683,195,16,103740,0.0127880619838833,-0.043697252869606,0.8150094747543335,0.0368443503975868,0.0153846153846153,0.598974358974359,ok,6b5eb84,9c063450,precomputed,2.0,1.0
reconstruction,4S456Parcels,4,kernel_ridge,"kernel_ridge[alpha=10.0,gamma_mult=2.0]",bv,bv,FC,False,683,195,16,103740,0.0123785911127924,-0.0113588087260723,0.8214896321296692,0.045911818742752,0.0205128205128205,0.6356081525312294,ok,6b5eb84,9879b3ae,precomputed,2.0,10.0
reconstruction,4S456Parcels,4,pca_pls,pca_pls,demo,demo,SC,False,683,195,10,103740,0.0043564559891819,0.0012828491162508,0.9124422669410706,0.1347177773714065,0.0307692307692307,0.7354372123602892,ok,6b5eb84,f87d56f4,precomputed,,
reconstruction,4S456Parcels,4,bayesian_ridge,bayesian_ridge,demo,demo,SC,False,683,195,10,103740,0.0043195388279855,0.009696127846837,0.913184404373169,0.1419980227947235,0.0307692307692307,0.7550295857988165,ok,6b5eb84,e2b13dba,precomputed,,
reconstruction,4S456Parcels,4,kernel_ridge,"kernel_ridge[alpha=0.1,gamma_mult=0.5]",demo,demo,SC,False,683,195,10,103740,0.0044234259985387,-0.014056384563446,0.911114513874054,0.1235173717141151,0.0205128205128205,0.6935437212360289,ok,6b5eb84,3e316107,precomputed,0.5,0.1
reconstruction,4S456Parcels,4,kernel_ridge,"kernel_ridge[alpha=1.0,gamma_mult=0.5]",demo,demo,SC,False,683,195,10,103740,0.0043625361286103,-8.32732155231497e-07,0.9122907519340516,0.1297314167022705,0.0205128205128205,0.7313083497698882,ok,6b5eb84,5c2d06be,precomputed,0.5,1.0
reconstruction,4S456Parcels,4,kernel_ridge,"kernel_ridge[alpha=10.0,gamma_mult=0.5]",demo,demo,SC,False,683,195,10,103740,0.0043321391567587,0.0071926582604646,0.9129919409751892,0.1331338882446289,0.0205128205128205,0.7603418803418803,ok,6b5eb84,5a103107,precomputed,0.5,10.0
reconstruction,4S456Parcels,4,kernel_ridge,"kernel_ridge[alpha=0.1,gamma_mult=1.0]",demo,demo,SC,False,683,195,10,103740,0.0044594448991119,-0.0225325189530849,0.9104532599449158,0.1204746142029762,0.0205128205128205,0.6778172255095332,ok,6b5eb84,fe6fe14d,precomputed,1.0,0.1
reconstruction,4S456Parcels,4,kernel_ridge,"kernel_ridge[alpha=1.0,gamma_mult=1.0]",demo,demo,SC,False,683,195,10,103740,0.0043833595700562,-0.0046698744408786,0.9118767976760864,0.1251098811626434,0.0153846153846153,0.7143195266272189,ok,6b5eb84,7fee658d,precomputed,1.0,1.0
reconstruction,4S456Parcels,4,kernel_ridge,"kernel_ridge[alpha=10.0,gamma_mult=1.0]",demo,demo,SC,False,683,195,10,103740,0.0043356716632843,0.0067059737630188,0.9129061102867126,0.1297386586666107,0.0256410256410256,0.7556607495069034,ok,6b5eb84,d71e70cf,precomputed,1.0,10.0
reconstruction,4S456Parcels,4,kernel_ridge,"kernel_ridge[alpha=0.1,gamma_mult=2.0]",demo,demo,SC,False,683,195,10,103740,0.0044976896606385,-0.0319999866187572,0.9097438454627992,0.1171749830245971,0.0,0.6678763971071664,ok,6b5eb84,553896db,precomputed,2.0,0.1
reconstruction,4S456Parcels,4,kernel_ridge,"kernel_ridge[alpha=1.0,gamma_mult=2.0]",demo,demo,SC,False,683,195,10,103740,0.0044067101553082,-0.0099924374371767,0.9114296436309814,0.121423415839672,0.041025641025641,0.7004076265614727,ok,6b5eb84,fc3758e9,precomputed,2.0,1.0
reconstruction,4S456Parcels,4,kernel_ridge,"kernel_ridge[alpha=10.0,gamma_mult=2.0]",demo,demo,SC,False,683,195,10,103740,0.0043413802050054,0.0056105689145624,0.9127877950668336,0.1259941756725311,0.0307692307692307,0.7557659434582511,ok,6b5eb84,37214aa0,precomputed,2.0,10.0
reconstruction,4S456Parcels,4,pca_pls,pca_pls,demo,demo,FC,False,683,195,10,103740,0.0122372014448046,-0.0022518900223076,0.8233016729354858,0.1148121207952499,0.0051282051282051,0.6931229454306378,ok,6b5eb84,a2d5a4d4,precomputed,,
reconstruction,4S456Parcels,4,bayesian_ridge,bayesian_ridge,demo,demo,FC,False,683,195,10,103740,0.0121761010959744,0.0029104289133101,0.8241634368896484,0.1177553609013557,0.0102564102564102,0.6824194608809994,ok,6b5eb84,4bb93733,precomputed,,
reconstruction,4S456Parcels,4,kernel_ridge,"kernel_ridge[alpha=0.1,gamma_mult=0.5]",demo,demo,FC,False,683,195,10,103740,0.0123649556189775,-0.012240145355463,0.821117639541626,0.1089304238557815,0.0307692307692307,0.6775805391190006,ok,6b5eb84,3464ddfc,precomputed,0.5,0.1
reconstruction,4S456Parcels,4,kernel_ridge,"kernel_ridge[alpha=1.0,gamma_mult=0.5]",demo,demo,FC,False,683,195,10,103740,0.0122426133602857,-0.0025111527647823,0.8230655193328857,0.1141949370503425,0.0256410256410256,0.6946745562130178,ok,6b5eb84,b78bd54d,precomputed,0.5,1.0
reconstruction,4S456Parcels,4,kernel_ridge,"kernel_ridge[alpha=10.0,gamma_mult=0.5]",demo,demo,FC,False,683,195,10,103740,0.0121870301663875,0.0021570203825831,0.8241099715232849,0.1170429214835167,0.0051282051282051,0.6963050624589087,ok,6b5eb84,722c970e,precomputed,0.5,10.0
reconstruction,4S456Parcels,4,kernel_ridge,"kernel_ridge[alpha=0.1,gamma_mult=1.0]",demo,demo,FC,False,683,195,10,103740,0.0124427629634737,-0.0183818116784095,0.8198636770248413,0.1063135415315628,0.0205128205128205,0.6734516765285996,ok,6b5eb84,913ef150,precomputed,1.0,0.1
reconstruction,4S456Parcels,4,kernel_ridge,"kernel_ridge[alpha=1.0,gamma_mult=1.0]",demo,demo,FC,False,683,195,10,103740,0.0122834155336022,-0.0057004867121577,0.8223986625671387,0.1110008805990219,0.0307692307692307,0.6851282051282052,ok,6b5eb84,e50e1d4f,precomputed,1.0,1.0
reconstruction,4S456Parcels,4,kernel_ridge,"kernel_ridge[alpha=10.0,gamma_mult=1.0]",demo,demo,FC,False,683,195,10,103740,0.0121895624324679,0.0018674754537642,0.8240153193473816,0.1161005273461341,0.0,0.6988034188034188,ok,6b5eb84,988c786a,precomputed,1.0,10.0
reconstruction,4S456Parcels,4,kernel_ridge,"kernel_ridge[alpha=0.1,gamma_mult=2.0]",demo,demo,FC,False,683,195,10,103740,0.0125450296327471,-0.0263651218265295,0.8182262182235718,0.1012594774365425,0.0051282051282051,0.6575936883629191,ok,6b5eb84,6fedc746,precomputed,2.0,0.1
reconstruction,4S456Parcels,4,kernel_ridge,"kernel_ridge[alpha=1.0,gamma_mult=2.0]",demo,demo,FC,False,683,195,10,103740,0.0123325325548648,-0.0095660779625177,0.8216102123260498,0.1079112142324447,0.0153846153846153,0.6816831032215648,ok,6b5eb84,1999e2a9,precomputed,2.0,1.0
reconstruction,4S456Parcels,4,kernel_ridge,"kernel_ridge[alpha=10.0,gamma_mult=2.0]",demo,demo,FC,False,683,195,10,103740,0.012199587188661,0.0010594081832095,0.8238192200660706,0.1139478236436843,0.0205128205128205,0.7008809993425378,ok,6b5eb84,b49bcb9d,precomputed,2.0,10.0
reconstruction,4S456Parcels,4,pca_pls,pca_pls,bv+demo,bv+demo,SC,False,683,195,26,103740,0.0042929579503834,0.0096224127337336,0.9128745198249816,0.1857717335224151,0.1487179487179487,0.8969625246548324,ok,6b5eb84,a79f8fc2,precomputed,,
reconstruction,4S456Parcels,4,bayesian_ridge,bayesian_ridge,bv+demo,bv+demo,SC,False,683,195,26,103740,0.0042175967246294,0.0295636970549821,0.914485514163971,0.1979913562536239,0.1538461538461538,0.9066666666666668,ok,6b5eb84,f982bc17,precomputed,,
reconstruction,4S456Parcels,4,kernel_ridge,"kernel_ridge[alpha=0.1,gamma_mult=0.5]",bv+demo,bv+demo,SC,False,683,195,26,103740,0.0044305906631052,-0.0190151631832122,0.910000205039978,0.1658610552549362,0.082051282051282,0.8386061801446417,ok,6b5eb84,e21384ef,precomputed,0.5,0.1
reconstruction,4S456Parcels,4,kernel_ridge,"kernel_ridge[alpha=1.0,gamma_mult=0.5]",bv+demo,bv+demo,SC,False,683,195,26,103740,0.004251365084201,0.0206735096871852,0.9138271808624268,0.1886985152959823,0.1743589743589743,0.9164234056541748,ok,6b5eb84,9d6e7aea,precomputed,0.5,1.0
reconstruction,4S456Parcels,4,kernel_ridge,"kernel_ridge[alpha=10.0,gamma_mult=0.5]",bv+demo,bv+demo,SC,False,683,195,26,103740,0.0042665302753448,0.01987886428833,0.9141130447387696,0.1892110556364059,0.1384615384615384,0.9176331360946746,ok,6b5eb84,3db90688,precomputed,0.5,10.0
reconstruction,4S456Parcels,4,kernel_ridge,"kernel_ridge[alpha=0.1,gamma_mult=1.0]",bv+demo,bv+demo,SC,False,683,195,26,103740,0.0046588834375143,-0.0671679303050041,0.9053264260292052,0.1409822255373001,0.0666666666666666,0.7669953977646286,ok,6b5eb84,1305f75e,precomputed,1.0,0.1
reconstruction,4S456Parcels,4,kernel_ridge,"kernel_ridge[alpha=1.0,gamma_mult=1.0]",bv+demo,bv+demo,SC,False,683,195,26,103740,0.0042824046686291,0.0146054374054074,0.9131970405578612,0.1813884228467941,0.1794871794871795,0.9102958579881656,ok,6b5eb84,73b140ff,precomputed,1.0,1.0
reconstruction,4S456Parcels,4,kernel_ridge,"kernel_ridge[alpha=10.0,gamma_mult=1.0]",bv+demo,bv+demo,SC,False,683,195,26,103740,0.0042493198998272,0.0235915333032608,0.914311707019806,0.1885993033647537,0.1948717948717948,0.9209204470742932,ok,6b5eb84,ddd57392,precomputed,1.0,10.0
reconstruction,4S456Parcels,4,kernel_ridge,"kernel_ridge[alpha=0.1,gamma_mult=2.0]",bv+demo,bv+demo,SC,False,683,195,26,103740,0.0049098059535026,-0.1179114878177642,0.9003156423568726,0.1164878457784652,0.041025641025641,0.7322550953320184,ok,6b5eb84,4a89d22f,precomputed,2.0,0.1
reconstruction,4S456Parcels,4,kernel_ridge,"kernel_ridge[alpha=1.0,gamma_mult=2.0]",bv+demo,bv+demo,SC,False,683,195,26,103740,0.0043454347178339,0.0022909890394657,0.911957025527954,0.1654588729143142,0.1487179487179487,0.8937278106508876,ok,6b5eb84,4a34ab81,precomputed,2.0,1.0
reconstruction,4S456Parcels,4,kernel_ridge,"kernel_ridge[alpha=10.0,gamma_mult=2.0]",bv+demo,bv+demo,SC,False,683,195,26,103740,0.0042500523850321,0.0239519551396369,0.9142733216285706,0.1851426810026168,0.1641025641025641,0.9181854043392504,ok,6b5eb84,6530fe64,precomputed,2.0,10.0
reconstruction,4S456Parcels,4,pca_pls,pca_pls,bv+demo,bv+demo,FC,False,683,195,26,103740,0.0124170128256082,-0.0158253423869609,0.820338785648346,0.0961936563253402,0.0461538461538461,0.6844444444444444,ok,6b5eb84,39e1f2b9,precomputed,,
reconstruction,4S456Parcels,4,bayesian_ridge,bayesian_ridge,bv+demo,bv+demo,FC,False,683,195,26,103740,0.0121877016499638,0.0021236916072666,0.8240709900856018,0.1174429357051849,0.0102564102564102,0.7017225509533203,ok,6b5eb84,cf35b483,precomputed,,
reconstruction,4S456Parcels,4,kernel_ridge,"kernel_ridge[alpha=0.1,gamma_mult=0.5]",bv+demo,bv+demo,FC,False,683,195,26,103740,0.0128214191645383,-0.0480429790914058,0.8140013217926025,0.0828384086489677,0.0205128205128205,0.6521761998685076,ok,6b5eb84,50a1d4c0,precomputed,0.5,0.1
reconstruction,4S456Parcels,4,kernel_ridge,"kernel_ridge[alpha=1.0,gamma_mult=0.5]",bv+demo,bv+demo,FC,False,683,195,26,103740,0.0123300310224294,-0.0089509282261133,0.8218080401420593,0.0969052463769912,0.0461538461538461,0.6920184089414858,ok,6b5eb84,c63cc470,precomputed,0.5,1.0
reconstruction,4S456Parcels,4,kernel_ridge,"kernel_ridge[alpha=10.0,gamma_mult=0.5]",bv+demo,bv+demo,FC,False,683,195,26,103740,0.0122351422905921,-0.0008683021878823,0.8235651254653931,0.0985606983304023,0.0512820512820512,0.6994608809993426,ok,6b5eb84,0eef3140,precomputed,0.5,10.0
reconstruction,4S456Parcels,4,kernel_ridge,"kernel_ridge[alpha=0.1,gamma_mult=1.0]",bv+demo,bv+demo,FC,False,683,195,26,103740,0.0135060902684926,-0.1017551571130752,0.8036655783653259,0.0674855485558509,0.0205128205128205,0.6173833004602236,ok,6b5eb84,896d2dbc,precomputed,1.0,0.1
reconstruction,4S456Parcels,4,kernel_ridge,"kernel_ridge[alpha=1.0,gamma_mult=1.0]",bv+demo,bv+demo,FC,False,683,195,26,103740,0.0124220745638012,-0.0162367392331361,0.8203492760658264,0.0921996757388114,0.0307692307692307,0.6879947403024327,ok,6b5eb84,bd8e79f1,precomputed,1.0,1.0
reconstruction,4S456Parcels,4,kernel_ridge,"kernel_ridge[alpha=10.0,gamma_mult=1.0]",bv+demo,bv+demo,FC,False,683,195,26,103740,0.0122318873181939,-0.0007800634484738,0.8235534429550171,0.0981936901807785,0.0358974358974358,0.6996186719263642,ok,6b5eb84,04aa7936,precomputed,1.0,10.0
reconstruction,4S456Parcels,4,kernel_ridge,"kernel_ridge[alpha=0.1,gamma_mult=2.0]",bv+demo,bv+demo,FC,False,683,195,26,103740,0.0142810773104429,-0.162520483136177,0.7926463484764099,0.0530932582914829,0.0102564102564102,0.5941354372123603,ok,6b5eb84,2fb2a125,precomputed,2.0,0.1
reconstruction,4S456Parcels,4,kernel_ridge,"kernel_ridge[alpha=1.0,gamma_mult=2.0]",bv+demo,bv+demo,FC,False,683,195,26,103740,0.0126082496717572,-0.0308183468878269,0.8174136281013489,0.0816598385572433,0.0102564102564102,0.6753451676528599,ok,6b5eb84,f11ea4a3,precomputed,2.0,1.0
reconstruction,4S456Parcels,4,kernel_ridge,"kernel_ridge[alpha=10.0,gamma_mult=2.0]",bv+demo,bv+demo,FC,False,683,195,26,103740,0.0122457025572657,-0.0019033746793866,0.8233001828193665,0.0966125875711441,0.041025641025641,0.6974095989480604,ok,6b5eb84,71583f0e,precomputed,2.0,10.0
reconstruction,4S456Parcels,4,pca_pls,pca_pls,FC+bv+demo,FC+bv+demo,SC,True,683,195,103766,103740,0.0043431338854134,-0.0053751626983284,0.9118943214416504,0.1810507625341415,0.2102564102564102,0.930913872452334,ok,6b5eb84,828f81b1,precomputed,,
reconstruction,4S456Parcels,4,bayesian_ridge,bayesian_ridge,FC+bv+demo,FC+bv+demo,SC,True,683,195,103766,103740,0.004215704742819,0.0279487445950508,0.9145930409431458,0.1998416632413864,0.2102564102564102,0.9298093359631822,ok,6b5eb84,76ca9d23,precomputed,,
reconstruction,4S456Parcels,4,kernel_ridge,"kernel_ridge[alpha=0.1,gamma_mult=0.5]",FC+bv+demo,FC+bv+demo,SC,True,683,195,103766,103740,0.0044098100624978,-0.0255442969501018,0.9105022549629213,0.1821074336767196,0.2769230769230769,0.9409861932938856,ok,6b5eb84,e6bfa739,precomputed,0.5,0.1
reconstruction,4S456Parcels,4,kernel_ridge,"kernel_ridge[alpha=1.0,gamma_mult=0.5]",FC+bv+demo,FC+bv+demo,SC,True,683,195,103766,103740,0.0042129601351916,0.0260855052620172,0.9146338701248168,0.200995534658432,0.3282051282051282,0.9611308349769888,ok,6b5eb84,eb798deb,precomputed,0.5,1.0
reconstruction,4S456Parcels,4,kernel_ridge,"kernel_ridge[alpha=10.0,gamma_mult=0.5]",FC+bv+demo,FC+bv+demo,SC,True,683,195,103766,103740,0.0042938315309584,0.0141803789883852,0.913448452949524,0.1944913864135742,0.1846153846153846,0.9268902038132808,ok,6b5eb84,8079ca9d,precomputed,0.5,10.0
reconstruction,4S456Parcels,4,kernel_ridge,"kernel_ridge[alpha=0.1,gamma_mult=1.0]",FC+bv+demo,FC+bv+demo,SC,True,683,195,103766,103740,0.0044714156538248,-0.040057323873043,0.9092422723770142,0.1810502111911773,0.2769230769230769,0.940749506903353,ok,6b5eb84,2ed135d8,precomputed,1.0,0.1
reconstruction,4S456Parcels,4,kernel_ridge,"kernel_ridge[alpha=1.0,gamma_mult=1.0]",FC+bv+demo,FC+bv+demo,SC,True,683,195,103766,103740,0.0042313719168305,0.0198246371001005,0.914231300354004,0.198233425617218,0.3179487179487179,0.9593425378040764,ok,6b5eb84,8d8241a5,precomputed,1.0,1.0
reconstruction,4S456Parcels,4,kernel_ridge,"kernel_ridge[alpha=10.0,gamma_mult=1.0]",FC+bv+demo,FC+bv+demo,SC,True,683,195,103766,103740,0.0042629246599972,0.0202341675758361,0.9138526916503906,0.197086751461029,0.2256410256410256,0.9450361604207758,ok,6b5eb84,e160d0a3,precomputed,1.0,10.0
reconstruction,4S456Parcels,4,kernel_ridge,"kernel_ridge[alpha=0.1,gamma_mult=2.0]",FC+bv+demo,FC+bv+demo,SC,True,683,195,103766,103740,0.0045137992128729,-0.049707755446434,0.9084333181381226,0.1829404979944229,0.2769230769230769,0.9446153846153846,ok,6b5eb84,4167171f,precomputed,2.0,0.1
reconstruction,4S456Parcels,4,kernel_ridge,"kernel_ridge[alpha=1.0,gamma_mult=2.0]",FC+bv+demo,FC+bv+demo,SC,True,683,195,103766,103740,0.0042630219832062,0.0114180855453014,0.913607895374298,0.1974369883537292,0.2923076923076923,0.958422090729783,ok,6b5eb84,ff1d3403,precomputed,2.0,1.0
reconstruction,4S456Parcels,4,kernel_ridge,"kernel_ridge[alpha=10.0,gamma_mult=2.0]",FC+bv+demo,FC+bv+demo,SC,True,683,195,103766,103740,0.0042417016811668,0.0242627058178186,0.9141413569450378,0.1979771703481674,0.2666666666666666,0.9546088099934252,ok,6b5eb84,ad26faf6,precomputed,2.0,10.0
reconstruction,4S456Parcels,4,pca_pls,pca_pls,SC+bv+demo,SC+bv+demo,FC,True,683,195,103766,103740,0.0126310037449002,-0.0367573536932468,0.8170040249824524,0.1042146012187004,0.0512820512820512,0.7586587771203156,ok,6b5eb84,7422aa16,precomputed,,
reconstruction,4S456Parcels,4,bayesian_ridge,bayesian_ridge,SC+bv+demo,SC+bv+demo,FC,True,683,195,103766,103740,0.0121647268533706,0.0018031923100352,0.8246575593948364,0.1239148378372192,0.0615384615384615,0.8176988823142669,ok,6b5eb84,a577063c,precomputed,,
reconstruction,4S456Parcels,4,kernel_ridge,"kernel_ridge[alpha=0.1,gamma_mult=0.5]",SC+bv+demo,SC+bv+demo,FC,True,683,195,103766,103740,0.012925305403769,-0.0617379732429981,0.8125475645065308,0.1035062819719314,0.0256410256410256,0.7682051282051282,ok,6b5eb84,5e0295fd,precomputed,0.5,0.1
reconstruction,4S456Parcels,4,kernel_ridge,"kernel_ridge[alpha=1.0,gamma_mult=0.5]",SC+bv+demo,SC+bv+demo,FC,True,683,195,103766,103740,0.0122014582157135,-0.001419115345925,0.8240138292312622,0.1167392954230308,0.0512820512820512,0.7947403024326101,ok,6b5eb84,489f734c,precomputed,0.5,1.0
reconstruction,4S456Parcels,4,kernel_ridge,"kernel_ridge[alpha=10.0,gamma_mult=0.5]",SC+bv+demo,SC+bv+demo,FC,True,683,195,103766,103740,0.0122740641236305,-0.0039217481389641,0.8231410980224609,0.1149577498435974,0.041025641025641,0.7814858645627876,ok,6b5eb84,020128db,precomputed,0.5,10.0
reconstruction,4S456Parcels,4,kernel_ridge,"kernel_ridge[alpha=0.1,gamma_mult=1.0]",SC+bv+demo,SC+bv+demo,FC,True,683,195,103766,103740,0.013116150163114,-0.0771232917904853,0.809644877910614,0.1022684946656227,0.0358974358974358,0.7644970414201184,ok,6b5eb84,2cf49b81,precomputed,1.0,0.1
reconstruction,4S456Parcels,4,kernel_ridge,"kernel_ridge[alpha=1.0,gamma_mult=1.0]",SC+bv+demo,SC+bv+demo,FC,True,683,195,103766,103740,0.0122835142537951,-0.0089168287813663,0.8226207494735718,0.1142290160059928,0.0512820512820512,0.7919526627218935,ok,6b5eb84,1ed63d3a,precomputed,1.0,1.0
reconstruction,4S456Parcels,4,kernel_ridge,"kernel_ridge[alpha=10.0,gamma_mult=1.0]",SC+bv+demo,SC+bv+demo,FC,True,683,195,103766,103740,0.012241750024259,-0.001820187899284,0.8236138820648193,0.1172675266861915,0.0461538461538461,0.7882971729125575,ok,6b5eb84,ed1bb3c1,precomputed,1.0,10.0
reconstruction,4S456Parcels,4,kernel_ridge,"kernel_ridge[alpha=0.1,gamma_mult=2.0]",SC+bv+demo,SC+bv+demo,FC,True,683,195,103766,103740,0.0131999980658292,-0.0839425399899482,0.8083871603012085,0.1026589721441268,0.0358974358974358,0.7654700854700854,ok,6b5eb84,1ff9cd7f,precomputed,2.0,0.1
reconstruction,4S456Parcels,4,kernel_ridge,"kernel_ridge[alpha=1.0,gamma_mult=2.0]",SC+bv+demo,SC+bv+demo,FC,True,683,195,103766,103740,0.012371914461255,-0.0165296364575624,0.8211693167686462,0.1135132014751434,0.0461538461538461,0.7878500986193294,ok,6b5eb84,54db49fc,precomputed,2.0,1.0
reconstruction,4S456Parcels,4,kernel_ridge,"kernel_ridge[alpha=10.0,gamma_mult=2.0]",SC+bv+demo,SC+bv+demo,FC,True,683,195,103766,103740,0.0122194392606616,-0.0004396120493765,0.8239243626594543,0.1181370764970779,0.0512820512820512,0.7904010519395135,ok,6b5eb84,145dfbe3,precomputed,2.0,10.0
reconstruction,4S456Parcels,4,pca_pls,pca_pls,FC,FC,FC,False,683,195,103740,103740,0.010353248566389,0.1291130483150482,0.8507558703422546,0.3934759795665741,0.9948717948717948,0.9999211045364892,ok,6b5eb84,63bf5ac3,precomputed,,
reconstruction,4S456Parcels,4,bayesian_ridge,bayesian_ridge,FC,FC,FC,False,683,195,103740,103740,0.0073510212823748,0.3284854590892792,0.8948076367378235,0.628868818283081,1.0,1.0,ok,6b5eb84,2b48b349,precomputed,,
reconstruction,4S456Parcels,4,kernel_ridge,"kernel_ridge[alpha=0.1,gamma_mult=0.5]",FC,FC,FC,False,683,195,103740,103740,0.007443806156516,0.3272763192653656,0.8937413692474365,0.6288601160049438,1.0,1.0,ok,6b5eb84,76cca38b,precomputed,0.5,0.1
reconstruction,4S456Parcels,4,kernel_ridge,"kernel_ridge[alpha=1.0,gamma_mult=0.5]",FC,FC,FC,False,683,195,103740,103740,0.0093955639749765,0.2003560960292816,0.8667898178100586,0.6288235187530518,1.0,1.0,ok,6b5eb84,2eb03099,precomputed,0.5,1.0
reconstruction,4S456Parcels,4,kernel_ridge,"kernel_ridge[alpha=10.0,gamma_mult=0.5]",FC,FC,FC,False,683,195,103740,103740,0.0118468375876545,0.0270225647836923,0.8297572135925293,0.6277561783790588,0.9846153846153848,0.9998948060486522,ok,6b5eb84,ee756a5a,precomputed,0.5,10.0
reconstruction,4S456Parcels,4,kernel_ridge,"kernel_ridge[alpha=0.1,gamma_mult=1.0]",FC,FC,FC,False,683,195,103740,103740,0.0073747364804148,0.3295038342475891,0.8945745825767517,0.6288331747055054,1.0,1.0,ok,6b5eb84,571d1228,precomputed,1.0,0.1
reconstruction,4S456Parcels,4,kernel_ridge,"kernel_ridge[alpha=1.0,gamma_mult=1.0]",FC,FC,FC,False,683,195,103740,103740,0.0086438572034239,0.2519553601741791,0.8776933550834656,0.628746747970581,1.0,1.0,ok,6b5eb84,56468c13,precomputed,1.0,1.0
reconstruction,4S456Parcels,4,kernel_ridge,"kernel_ridge[alpha=10.0,gamma_mult=1.0]",FC,FC,FC,False,683,195,103740,103740,0.011540382169187,0.0489404797554016,0.8344929814338684,0.6269576549530029,0.9897435897435898,0.999947403024326,ok,6b5eb84,8dd9c162,precomputed,1.0,10.0
reconstruction,4S456Parcels,4,kernel_ridge,"kernel_ridge[alpha=0.1,gamma_mult=2.0]",FC,FC,FC,False,683,195,103740,103740,0.0073655019514262,0.3286572694778442,0.8946710228919983,0.628705620765686,1.0,1.0,ok,6b5eb84,a6ea1240,precomputed,2.0,0.1
reconstruction,4S456Parcels,4,kernel_ridge,"kernel_ridge[alpha=1.0,gamma_mult=2.0]",FC,FC,FC,False,683,195,103740,103740,0.0082249222323298,0.2799374759197235,0.8836707472801208,0.6284257769584656,1.0,1.0,ok,6b5eb84,ea3d9866,precomputed,2.0,1.0
reconstruction,4S456Parcels,4,kernel_ridge,"kernel_ridge[alpha=10.0,gamma_mult=2.0]",FC,FC,FC,False,683,195,103740,103740,0.0112610701471567,0.0688690841197967,0.8388423919677734,0.6237291097640991,1.0,1.0,ok,6b5eb84,008cabfa,precomputed,2.0,10.0
reconstruction,4S456Parcels,4,pca_pls,pca_pls,SC,SC,SC,False,683,195,103740,103740,0.0037950035184621,0.0538018643856048,0.9233359098434448,0.3697032034397125,1.0,1.0,ok,6b5eb84,949a0792,precomputed,,
reconstruction,4S456Parcels,4,bayesian_ridge,bayesian_ridge,SC,SC,SC,False,683,195,103740,103740,0.0027151603717356,0.0890187621116638,0.9457076787948608,0.6185323596000671,1.0,1.0,ok,6b5eb84,2efad749,precomputed,,
reconstruction,4S456Parcels,4,kernel_ridge,"kernel_ridge[alpha=0.1,gamma_mult=0.5]",SC,SC,SC,False,683,195,103740,103740,0.0027481943834573,0.1188334450125694,0.9450990557670592,0.6185222864151001,1.0,1.0,ok,6b5eb84,0847a30f,precomputed,0.5,0.1
reconstruction,4S456Parcels,4,kernel_ridge,"kernel_ridge[alpha=1.0,gamma_mult=0.5]",SC,SC,SC,False,683,195,103740,103740,0.0034034333657473,0.1106040701270103,0.9322879314422609,0.6184400320053101,1.0,1.0,ok,6b5eb84,631882ff,precomputed,0.5,1.0
reconstruction,4S456Parcels,4,kernel_ridge,"kernel_ridge[alpha=10.0,gamma_mult=0.5]",SC,SC,SC,False,683,195,103740,103740,0.0042327302508056,0.0144141903147101,0.9156857132911682,0.612987756729126,1.0,1.0,ok,6b5eb84,8e2ba204,precomputed,0.5,10.0
reconstruction,4S456Parcels,4,kernel_ridge,"kernel_ridge[alpha=0.1,gamma_mult=1.0]",SC,SC,SC,False,683,195,103740,103740,0.0027261257637292,0.1068294197320938,0.9455176591873168,0.6184912323951721,1.0,1.0,ok,6b5eb84,3a514a98,precomputed,1.0,0.1
reconstruction,4S456Parcels,4,kernel_ridge,"kernel_ridge[alpha=1.0,gamma_mult=1.0]",SC,SC,SC,False,683,195,103740,103740,0.0031589679419994,0.1298860162496566,0.937159776687622,0.6183217167854309,1.0,1.0,ok,6b5eb84,a24be937,precomputed,1.0,1.0
reconstruction,4S456Parcels,4,kernel_ridge,"kernel_ridge[alpha=10.0,gamma_mult=1.0]",SC,SC,SC,False,683,195,103740,103740,0.0041310111992061,0.0278640519827604,0.9177300930023192,0.609481155872345,1.0,1.0,ok,6b5eb84,ce6a6a10,precomputed,1.0,10.0
reconstruction,4S456Parcels,4,kernel_ridge,"kernel_ridge[alpha=0.1,gamma_mult=2.0]",SC,SC,SC,False,683,195,103740,103740,0.0027247490361332,0.1019563227891922,0.9455536603927612,0.6183357834815979,1.0,1.0,ok,6b5eb84,c9c23b66,precomputed,2.0,0.1
reconstruction,4S456Parcels,4,kernel_ridge,"kernel_ridge[alpha=1.0,gamma_mult=2.0]",SC,SC,SC,False,683,195,103740,103740,0.0030344144906848,0.1359758079051971,0.939674198627472,0.6177661418914795,1.0,1.0,ok,6b5eb84,d3fb276d,precomputed,2.0,1.0
reconstruction,4S456Parcels,4,kernel_ridge,"kernel_ridge[alpha=10.0,gamma_mult=2.0]",SC,SC,SC,False,683,195,103740,103740,0.0040441257879137,0.0392247289419174,0.9194958806037904,0.595377504825592,1.0,1.0,ok,6b5eb84,4e557d05,precomputed,2.0,10.0
reconstruction,4S456Parcels,5,pca_pls,pca_pls,FC,FC,SC,False,683,195,103740,103740,0.0045250165276229,-0.0120035810396075,0.9104799032211304,0.149930402636528,0.1692307692307692,0.8981985535831689,ok,6b5eb84,inf,precomputed,,
reconstruction,4S456Parcels,5,bayesian_ridge,bayesian_ridge,FC,FC,SC,False,683,195,103740,103740,0.0043997881002724,0.0181200932711362,0.9130899906158448,0.175261303782463,0.1538461538461538,0.8912031558185405,ok,6b5eb84,8ea5ff8e,precomputed,,
reconstruction,4S456Parcels,5,kernel_ridge,"kernel_ridge[alpha=0.1,gamma_mult=0.5]",FC,FC,SC,False,683,195,103740,103740,0.0045819543302059,-0.0273812133818864,0.9093040823936462,0.1467638462781906,0.2358974358974359,0.9089020381328072,ok,6b5eb84,82ded854,precomputed,0.5,0.1
reconstruction,4S456Parcels,5,kernel_ridge,"kernel_ridge[alpha=1.0,gamma_mult=0.5]",FC,FC,SC,False,683,195,103740,103740,0.0044447854161262,0.0079326322302222,0.9125974774360656,0.147389605641365,0.1846153846153846,0.9176068376068376,ok,6b5eb84,6d7a55c8,precomputed,0.5,1.0
reconstruction,4S456Parcels,5,kernel_ridge,"kernel_ridge[alpha=10.0,gamma_mult=0.5]",FC,FC,SC,False,683,195,103740,103740,0.0045202989131212,-0.0043810387142002,0.9115195274353028,0.1472770422697067,0.1641025641025641,0.9123208415516108,ok,6b5eb84,955a9089,precomputed,0.5,10.0
reconstruction,4S456Parcels,5,kernel_ridge,"kernel_ridge[alpha=0.1,gamma_mult=1.0]",FC,FC,SC,False,683,195,103740,103740,0.0046396157704293,-0.0407023429870605,0.908093273639679,0.1451738178730011,0.2,0.90387902695595,ok,6b5eb84,06b12a50,precomputed,1.0,0.1
reconstruction,4S456Parcels,5,kernel_ridge,"kernel_ridge[alpha=1.0,gamma_mult=1.0]",FC,FC,SC,False,683,195,103740,103740,0.0044493814930319,0.005313710309565,0.9123311638832092,0.1470488756895065,0.2256410256410256,0.9180539119000656,ok,6b5eb84,cb059781,precomputed,1.0,1.0
reconstruction,4S456Parcels,5,kernel_ridge,"kernel_ridge[alpha=10.0,gamma_mult=1.0]",FC,FC,SC,False,683,195,103740,103740,0.0045062084682285,-0.001821975922212,0.9117494821548462,0.1469042748212814,0.1641025641025641,0.9126364234056542,ok,6b5eb84,23bccc09,precomputed,1.0,10.0
reconstruction,4S456Parcels,5,kernel_ridge,"kernel_ridge[alpha=0.1,gamma_mult=2.0]",FC,FC,SC,False,683,195,103740,103740,0.0046878191642463,-0.0516144335269928,0.9070990681648254,0.1430245637893676,0.1948717948717948,0.9032215647600264,ok,6b5eb84,c6712f19,precomputed,2.0,0.1
reconstruction,4S456Parcels,5,kernel_ridge,"kernel_ridge[alpha=1.0,gamma_mult=2.0]",FC,FC,SC,False,683,195,103740,103740,0.0044688819907605,-7.710601494181901e-05,0.9118182063102722,0.1460665315389633,0.2256410256410256,0.9166074950690336,ok,6b5eb84,2fea62e6,precomputed,2.0,1.0
reconstruction,4S456Parcels,5,kernel_ridge,"kernel_ridge[alpha=10.0,gamma_mult=2.0]",FC,FC,SC,False,683,195,103740,103740,0.0044936267659068,0.000386986444937,0.9119467735290528,0.1454682499170303,0.1743589743589743,0.9120578566732414,ok,6b5eb84,0260f670,precomputed,2.0,10.0
reconstruction,4S456Parcels,5,pca_pls,pca_pls,SC,SC,FC,False,683,195,103740,103740,0.012504257261753,-0.0508278086781501,0.8183746933937073,0.0832001119852066,0.041025641025641,0.7247337278106509,ok,6b5eb84,88ca6b1e,precomputed,,
reconstruction,4S456Parcels,5,bayesian_ridge,bayesian_ridge,SC,SC,FC,False,683,195,103740,103740,0.0119594549760222,-0.0051923971623182,0.8268983364105225,0.0960935726761818,0.0461538461538461,0.7570282708744247,ok,6b5eb84,e49f3f9a,precomputed,,
reconstruction,4S456Parcels,5,kernel_ridge,"kernel_ridge[alpha=0.1,gamma_mult=0.5]",SC,SC,FC,False,683,195,103740,103740,0.0128114009276032,-0.0773530676960945,0.81378573179245,0.0754531845450401,0.0358974358974358,0.7228928336620644,ok,6b5eb84,191942b2,precomputed,0.5,0.1
reconstruction,4S456Parcels,5,kernel_ridge,"kernel_ridge[alpha=1.0,gamma_mult=0.5]",SC,SC,FC,False,683,195,103740,103740,0.0120224570855498,-0.0106304977089166,0.8259299993515015,0.0756318718194961,0.0615384615384615,0.7283629191321499,ok,6b5eb84,ea3e69d4,precomputed,0.5,1.0
reconstruction,4S456Parcels,5,kernel_ridge,"kernel_ridge[alpha=10.0,gamma_mult=0.5]",SC,SC,FC,False,683,195,103740,103740,0.0120073165744543,-0.0067494763061404,0.8262459635734558,0.0755813792347908,0.041025641025641,0.7241025641025641,ok,6b5eb84,53191850,precomputed,0.5,10.0
reconstruction,4S456Parcels,5,kernel_ridge,"kernel_ridge[alpha=0.1,gamma_mult=1.0]",SC,SC,FC,False,683,195,103740,103740,0.0130050582811236,-0.0935226455330848,0.8109856843948364,0.0748047530651092,0.041025641025641,0.7223931623931623,ok,6b5eb84,e401d841,precomputed,1.0,0.1
reconstruction,4S456Parcels,5,kernel_ridge,"kernel_ridge[alpha=1.0,gamma_mult=1.0]",SC,SC,FC,False,683,195,103740,103740,0.0121310381218791,-0.0203545410186052,0.8241938948631287,0.0757264792919159,0.041025641025641,0.728862590401052,ok,6b5eb84,c1466ff1,precomputed,1.0,1.0
reconstruction,4S456Parcels,5,kernel_ridge,"kernel_ridge[alpha=10.0,gamma_mult=1.0]",SC,SC,FC,False,683,195,103740,103740,0.0119922710582613,-0.0058545945212244,0.8264856338500977,0.0756235346198082,0.0512820512820512,0.7257593688362919,ok,6b5eb84,2142e9bb,precomputed,1.0,10.0
reconstruction,4S456Parcels,5,kernel_ridge,"kernel_ridge[alpha=0.1,gamma_mult=2.0]",SC,SC,FC,False,683,195,103740,103740,0.0131121734157204,-0.1025428846478462,0.8094462752342224,0.0737024471163749,0.0461538461538461,0.7219460880999342,ok,6b5eb84,90e1f2bf,precomputed,2.0,0.1
reconstruction,4S456Parcels,5,kernel_ridge,"kernel_ridge[alpha=1.0,gamma_mult=2.0]",SC,SC,FC,False,683,195,103740,103740,0.0122362058609724,-0.0295031778514385,0.8225594758987427,0.0756118670105934,0.0461538461538461,0.728809993425378,ok,6b5eb84,7cc79b23,precomputed,2.0,1.0
reconstruction,4S456Parcels,5,kernel_ridge,"kernel_ridge[alpha=10.0,gamma_mult=2.0]",SC,SC,FC,False,683,195,103740,103740,0.0119822546839714,-0.0053456546738743,0.8266491293907166,0.0750834941864013,0.0512820512820512,0.7278369493754109,ok,6b5eb84,04de7141,precomputed,2.0,10.0
reconstruction,4S456Parcels,5,pca_pls,pca_pls,bv,bv,SC,False,683,195,16,103740,0.0043856599368155,0.0148571291938424,0.9125234484672546,0.186639055609703,0.1076923076923077,0.9008021038790268,ok,6b5eb84,65e8ad90,precomputed,,
reconstruction,4S456Parcels,5,bayesian_ridge,bayesian_ridge,bv,bv,SC,False,683,195,16,103740,0.0043501891195774,0.0250732898712158,0.913299560546875,0.1936525851488113,0.0666666666666666,0.8892307692307693,ok,6b5eb84,d7e0ca87,precomputed,,
reconstruction,4S456Parcels,5,kernel_ridge,"kernel_ridge[alpha=0.1,gamma_mult=0.5]",bv,bv,SC,False,683,195,16,103740,0.0046071917749941,-0.0291735660284757,0.9079563021659852,0.152298092842102,0.0769230769230769,0.7837738330046022,ok,6b5eb84,04a379bd,precomputed,0.5,0.1
reconstruction,4S456Parcels,5,kernel_ridge,"kernel_ridge[alpha=1.0,gamma_mult=0.5]",bv,bv,SC,False,683,195,16,103740,0.0043845502659678,0.0179293453693389,0.9126378893852234,0.1836293935775756,0.0974358974358974,0.9029848783694936,ok,6b5eb84,73a47aae,precomputed,0.5,1.0
reconstruction,4S456Parcels,5,kernel_ridge,"kernel_ridge[alpha=10.0,gamma_mult=0.5]",bv,bv,SC,False,683,195,16,103740,0.0043785190209746,0.0230288058519363,0.9131900072097778,0.1882878690958023,0.1282051282051282,0.9095069033530572,ok,6b5eb84,b5eaf574,precomputed,0.5,10.0
reconstruction,4S456Parcels,5,kernel_ridge,"kernel_ridge[alpha=0.1,gamma_mult=1.0]",bv,bv,SC,False,683,195,16,103740,0.0047962912358343,-0.0669708624482154,0.9041025042533876,0.1307659596204757,0.041025641025641,0.7256015779092702,ok,6b5eb84,6513555c,precomputed,1.0,0.1
reconstruction,4S456Parcels,5,kernel_ridge,"kernel_ridge[alpha=1.0,gamma_mult=1.0]",bv,bv,SC,False,683,195,16,103740,0.0044324812479317,0.0086844088509678,0.9116739630699158,0.170885756611824,0.0974358974358974,0.8865746219592373,ok,6b5eb84,020aefcc,precomputed,1.0,1.0
reconstruction,4S456Parcels,5,kernel_ridge,"kernel_ridge[alpha=10.0,gamma_mult=1.0]",bv,bv,SC,False,683,195,16,103740,0.0043710093013942,0.0243544746190309,0.9132405519485474,0.1865821033716201,0.1128205128205128,0.9113740959894806,ok,6b5eb84,347bcd39,precomputed,1.0,10.0
reconstruction,4S456Parcels,5,kernel_ridge,"kernel_ridge[alpha=0.1,gamma_mult=2.0]",bv,bv,SC,False,683,195,16,103740,0.0050965892150998,-0.1284404247999191,0.8982197046279907,0.1062580570578575,0.0153846153846153,0.684681130834977,ok,6b5eb84,726b3d62,precomputed,2.0,0.1
reconstruction,4S456Parcels,5,kernel_ridge,"kernel_ridge[alpha=1.0,gamma_mult=2.0]",bv,bv,SC,False,683,195,16,103740,0.0045070745982229,-0.0058900690637528,0.91022527217865,0.1525991261005401,0.0666666666666666,0.860302432610125,ok,6b5eb84,c88af419,precomputed,2.0,1.0
reconstruction,4S456Parcels,5,kernel_ridge,"kernel_ridge[alpha=10.0,gamma_mult=2.0]",bv,bv,SC,False,683,195,16,103740,0.0043809390626847,0.0227046962827444,0.9130640029907228,0.1817061156034469,0.0923076923076923,0.9038001314924392,ok,6b5eb84,e65c67a0,precomputed,2.0,10.0
reconstruction,4S456Parcels,5,pca_pls,pca_pls,bv,bv,FC,False,683,195,16,103740,0.0121777029708027,-0.0203664842993021,0.8234580159187317,0.0494324862957,0.0,0.6361341222879684,ok,6b5eb84,3127b848,precomputed,,
reconstruction,4S456Parcels,5,bayesian_ridge,bayesian_ridge,bv,bv,FC,False,683,195,16,103740,0.0120008205994963,-0.0062219300307333,0.8263887166976929,0.0552598237991333,0.0102564102564102,0.6573307034845497,ok,6b5eb84,6ec29b32,precomputed,,
reconstruction,4S456Parcels,5,kernel_ridge,"kernel_ridge[alpha=0.1,gamma_mult=0.5]",bv,bv,FC,False,683,195,16,103740,0.0127349095419049,-0.0651284754276275,0.8146547079086304,0.0464633405208587,0.0256410256410256,0.5940565417488495,ok,6b5eb84,9f583994,precomputed,0.5,0.1
reconstruction,4S456Parcels,5,kernel_ridge,"kernel_ridge[alpha=1.0,gamma_mult=0.5]",bv,bv,FC,False,683,195,16,103740,0.0121244527399539,-0.016279837116599,0.824188232421875,0.0588186793029308,0.0256410256410256,0.6575936883629191,ok,6b5eb84,b2f043fe,precomputed,0.5,1.0
reconstruction,4S456Parcels,5,kernel_ridge,"kernel_ridge[alpha=10.0,gamma_mult=0.5]",bv,bv,FC,False,683,195,16,103740,0.0120027232915163,-0.0063767372630536,0.8262414336204529,0.0582514256238937,0.0153846153846153,0.6684812623274161,ok,6b5eb84,9f969f91,precomputed,0.5,10.0
reconstruction,4S456Parcels,5,kernel_ridge,"kernel_ridge[alpha=0.1,gamma_mult=1.0]",bv,bv,FC,False,683,195,16,103740,0.0132975801825523,-0.1104867607355117,0.8063172101974487,0.0371464565396308,0.0307692307692307,0.5666535174227482,ok,6b5eb84,c895a90c,precomputed,1.0,0.1
reconstruction,4S456Parcels,5,kernel_ridge,"kernel_ridge[alpha=1.0,gamma_mult=1.0]",bv,bv,FC,False,683,195,16,103740,0.0122377052903175,-0.025426048785448,0.8223356008529663,0.0539714805781841,0.0358974358974358,0.6419197896120974,ok,6b5eb84,f77c0ddf,precomputed,1.0,1.0
reconstruction,4S456Parcels,5,kernel_ridge,"kernel_ridge[alpha=10.0,gamma_mult=1.0]",bv,bv,FC,False,683,195,16,103740,0.0120055489242076,-0.0066860700026154,0.8261656761169434,0.0603365860879421,0.0256410256410256,0.6720578566732414,ok,6b5eb84,7f7a81ab,precomputed,1.0,10.0
reconstruction,4S456Parcels,5,kernel_ridge,"kernel_ridge[alpha=0.1,gamma_mult=2.0]",bv,bv,FC,False,683,195,16,103740,0.0141776604577898,-0.1813361644744873,0.7936959266662598,0.0286772362887859,0.0205128205128205,0.5526890203813281,ok,6b5eb84,ddab2e8a,precomputed,2.0,0.1
reconstruction,4S456Parcels,5,kernel_ridge,"kernel_ridge[alpha=1.0,gamma_mult=2.0]",bv,bv,FC,False,683,195,16,103740,0.0124324643984436,-0.0411478653550148,0.8192766308784485,0.0448171161115169,0.0256410256410256,0.6152531229454307,ok,6b5eb84,8e877834,precomputed,2.0,1.0
reconstruction,4S456Parcels,5,kernel_ridge,"kernel_ridge[alpha=10.0,gamma_mult=2.0]",bv,bv,FC,False,683,195,16,103740,0.0120156500488519,-0.0075293267145752,0.825981080532074,0.0598895475268363,0.0358974358974358,0.6666666666666667,ok,6b5eb84,ac32954e,precomputed,2.0,10.0
reconstruction,4S456Parcels,5,pca_pls,pca_pls,demo,demo,SC,False,683,195,10,103740,0.0044688796624541,0.0034289269242435,0.911647379398346,0.1460720002651214,0.0307692307692307,0.7860880999342538,ok,6b5eb84,5c71d7f5,precomputed,,
reconstruction,4S456Parcels,5,bayesian_ridge,bayesian_ridge,demo,demo,SC,False,683,195,10,103740,0.0044334777630865,0.0111465277150273,0.912360429763794,0.1576254069805145,0.0307692307692307,0.8164628533859304,ok,6b5eb84,58741692,precomputed,,
reconstruction,4S456Parcels,5,kernel_ridge,"kernel_ridge[alpha=0.1,gamma_mult=0.5]",demo,demo,SC,False,683,195,10,103740,0.0045244651846587,-0.0090124206617474,0.9105404615402222,0.1379191875457763,0.041025641025641,0.742905982905983,ok,6b5eb84,38751656,precomputed,0.5,0.1
reconstruction,4S456Parcels,5,kernel_ridge,"kernel_ridge[alpha=1.0,gamma_mult=0.5]",demo,demo,SC,False,683,195,10,103740,0.0044634779915213,0.0040291012264788,0.911785125732422,0.1472098976373672,0.0307692307692307,0.7957133464825772,ok,6b5eb84,87a544a7,precomputed,0.5,1.0
reconstruction,4S456Parcels,5,kernel_ridge,"kernel_ridge[alpha=10.0,gamma_mult=0.5]",demo,demo,SC,False,683,195,10,103740,0.0044491151347756,0.0084547763690352,0.9122480154037476,0.1502094268798828,0.0205128205128205,0.818198553583169,ok,6b5eb84,6a897845,precomputed,0.5,10.0
reconstruction,4S456Parcels,5,kernel_ridge,"kernel_ridge[alpha=0.1,gamma_mult=1.0]",demo,demo,SC,False,683,195,10,103740,0.0045563471503555,-0.0155158806592226,0.9099127650260924,0.1338662803173065,0.0256410256410256,0.7195003287310979,ok,6b5eb84,cdb2e9d3,precomputed,1.0,0.1
reconstruction,4S456Parcels,5,kernel_ridge,"kernel_ridge[alpha=1.0,gamma_mult=1.0]",demo,demo,SC,False,683,195,10,103740,0.0044831181876361,-7.145611016312614e-05,0.9113902449607848,0.1414945870637893,0.0205128205128205,0.7781459566074951,ok,6b5eb84,b035695f,precomputed,1.0,1.0
reconstruction,4S456Parcels,5,kernel_ridge,"kernel_ridge[alpha=10.0,gamma_mult=1.0]",demo,demo,SC,False,683,195,10,103740,0.0044479579664766,0.0083818053826689,0.9122207760810852,0.1478888541460037,0.0358974358974358,0.8146745562130178,ok,6b5eb84,f76310b1,precomputed,1.0,10.0
reconstruction,4S456Parcels,5,kernel_ridge,"kernel_ridge[alpha=0.1,gamma_mult=2.0]",demo,demo,SC,False,683,195,10,103740,0.0045943539589643,-0.0237704720348119,0.909170627593994,0.1295073926448822,0.0153846153846153,0.7002235371466141,ok,6b5eb84,4677508c,precomputed,2.0,0.1
reconstruction,4S456Parcels,5,kernel_ridge,"kernel_ridge[alpha=1.0,gamma_mult=2.0]",demo,demo,SC,False,683,195,10,103740,0.0045038722455501,-0.0042099803686141,0.910976767539978,0.136306032538414,0.0256410256410256,0.7571597633136095,ok,6b5eb84,e84ad045,precomputed,2.0,1.0
reconstruction,4S456Parcels,5,kernel_ridge,"kernel_ridge[alpha=10.0,gamma_mult=2.0]",demo,demo,SC,False,683,195,10,103740,0.0044525586999952,0.0074247838929295,0.912116289138794,0.1436554938554763,0.0153846153846153,0.8100197238658777,ok,6b5eb84,bc8a4390,precomputed,2.0,10.0
reconstruction,4S456Parcels,5,pca_pls,pca_pls,demo,demo,FC,False,683,195,10,103740,0.0119948722422122,-0.0073335734196007,0.8265162706375122,0.0977531149983406,0.0,0.6672452333990796,ok,6b5eb84,3aeef19c,precomputed,,
reconstruction,4S456Parcels,5,bayesian_ridge,bayesian_ridge,demo,demo,FC,False,683,195,10,103740,0.0118900770321488,0.0014286409132182,0.8281288146972656,0.106823094189167,0.0102564102564102,0.6674293228139382,ok,6b5eb84,c0924cc8,precomputed,,
reconstruction,4S456Parcels,5,kernel_ridge,"kernel_ridge[alpha=0.1,gamma_mult=0.5]",demo,demo,FC,False,683,195,10,103740,0.0121576841920614,-0.0202532690018415,0.8238325119018555,0.0911145433783531,0.0051282051282051,0.6564102564102564,ok,6b5eb84,b9c3d120,precomputed,0.5,0.1
reconstruction,4S456Parcels,5,kernel_ridge,"kernel_ridge[alpha=1.0,gamma_mult=0.5]",demo,demo,FC,False,683,195,10,103740,0.0119916070252656,-0.0069203875027596,0.8264966011047363,0.0975962877273559,0.0051282051282051,0.6672452333990796,ok,6b5eb84,5402e0fd,precomputed,0.5,1.0
reconstruction,4S456Parcels,5,kernel_ridge,"kernel_ridge[alpha=10.0,gamma_mult=0.5]",demo,demo,FC,False,683,195,10,103740,0.011905257590115,0.000217696710024,0.8278800845146179,0.102011926472187,0.0051282051282051,0.6734779750164366,ok,6b5eb84,527c3e95,precomputed,0.5,10.0
reconstruction,4S456Parcels,5,kernel_ridge,"kernel_ridge[alpha=0.1,gamma_mult=1.0]",demo,demo,FC,False,683,195,10,103740,0.0122472224757075,-0.0274505801498889,0.8223356604576111,0.0884992182254791,0.0102564102564102,0.6494411571334648,ok,6b5eb84,a6cd19e9,precomputed,1.0,0.1
reconstruction,4S456Parcels,5,kernel_ridge,"kernel_ridge[alpha=1.0,gamma_mult=1.0]",demo,demo,FC,False,683,195,10,103740,0.0120472759008407,-0.0112828835844993,0.8255610466003418,0.0936518907546997,0.0256410256410256,0.6646679815910586,ok,6b5eb84,e268da1d,precomputed,1.0,1.0
reconstruction,4S456Parcels,5,kernel_ridge,"kernel_ridge[alpha=10.0,gamma_mult=1.0]",demo,demo,FC,False,683,195,10,103740,0.0119202192872762,-0.0009901404846459,0.827632486820221,0.0995408296585083,0.0102564102564102,0.6771334648257725,ok,6b5eb84,349b1bbe,precomputed,1.0,10.0
reconstruction,4S456Parcels,5,kernel_ridge,"kernel_ridge[alpha=0.1,gamma_mult=2.0]",demo,demo,FC,False,683,195,10,103740,0.0123551627621054,-0.0360269099473953,0.8205476999282837,0.0847491025924682,0.0102564102564102,0.6342406311637081,ok,6b5eb84,21afcbef,precomputed,2.0,0.1
reconstruction,4S456Parcels,5,kernel_ridge,"kernel_ridge[alpha=1.0,gamma_mult=2.0]",demo,demo,FC,False,683,195,10,103740,0.0121031329035758,-0.0156710762530565,0.8246203064918518,0.0903222039341926,0.0153846153846153,0.6569362261669953,ok,6b5eb84,a4496d9a,precomputed,2.0,1.0
reconstruction,4S456Parcels,5,kernel_ridge,"kernel_ridge[alpha=10.0,gamma_mult=2.0]",demo,demo,FC,False,683,195,10,103740,0.011939987540245,-0.0024840293917804,0.827288031578064,0.0965699255466461,0.0205128205128205,0.6771334648257725,ok,6b5eb84,75d17e67,precomputed,2.0,10.0
reconstruction,4S456Parcels,5,pca_pls,pca_pls,bv+demo,bv+demo,SC,False,683,195,26,103740,0.0043967640958726,0.0091878352686762,0.9123267531394958,0.1960734874010086,0.1487179487179487,0.9145562130177516,ok,6b5eb84,b9f933e6,precomputed,,
reconstruction,4S456Parcels,5,bayesian_ridge,bayesian_ridge,bv+demo,bv+demo,SC,False,683,195,26,103740,0.0043300711549818,0.0284427590668201,0.9137365221977234,0.2066182792186737,0.1179487179487179,0.9134779750164366,ok,6b5eb84,0eb7338e,precomputed,,
reconstruction,4S456Parcels,5,kernel_ridge,"kernel_ridge[alpha=0.1,gamma_mult=0.5]",bv+demo,bv+demo,SC,False,683,195,26,103740,0.004579558968544,-0.0244951229542493,0.9085916876792908,0.1656073182821273,0.1128205128205128,0.8309007232084156,ok,6b5eb84,1d8cd52b,precomputed,0.5,0.1
reconstruction,4S456Parcels,5,kernel_ridge,"kernel_ridge[alpha=1.0,gamma_mult=0.5]",bv+demo,bv+demo,SC,False,683,195,26,103740,0.004366504959762,0.0198566131293773,0.913058578968048,0.1958570033311844,0.1487179487179487,0.9259697567389876,ok,6b5eb84,0b7422cb,precomputed,0.5,1.0
reconstruction,4S456Parcels,5,kernel_ridge,"kernel_ridge[alpha=10.0,gamma_mult=0.5]",bv+demo,bv+demo,SC,False,683,195,26,103740,0.0043866205960512,0.021079484373331,0.9132795333862304,0.1971625238656997,0.1641025641025641,0.927363576594346,ok,6b5eb84,dba99df9,precomputed,0.5,10.0
reconstruction,4S456Parcels,5,kernel_ridge,"kernel_ridge[alpha=0.1,gamma_mult=1.0]",bv+demo,bv+demo,SC,False,683,195,26,103740,0.0048295613378286,-0.0743985101580619,0.9035078287124634,0.1371262073516845,0.0769230769230769,0.7504010519395135,ok,6b5eb84,c7bd39fc,precomputed,1.0,0.1
reconstruction,4S456Parcels,5,kernel_ridge,"kernel_ridge[alpha=1.0,gamma_mult=1.0]",bv+demo,bv+demo,SC,False,683,195,26,103740,0.0044050542637705,0.0126758944243192,0.9122862219810486,0.1852918565273285,0.1487179487179487,0.9169756738987508,ok,6b5eb84,69a8fbf7,precomputed,1.0,1.0
reconstruction,4S456Parcels,5,kernel_ridge,"kernel_ridge[alpha=10.0,gamma_mult=1.0]",bv+demo,bv+demo,SC,False,683,195,26,103740,0.004369247239083,0.0240614768117666,0.9134711623191832,0.1953925043344497,0.1589743589743589,0.930966469428008,ok,6b5eb84,2e06d3eb,precomputed,1.0,10.0
reconstruction,4S456Parcels,5,kernel_ridge,"kernel_ridge[alpha=0.1,gamma_mult=2.0]",bv+demo,bv+demo,SC,False,683,195,26,103740,0.0050842436030507,-0.1261232942342758,0.8985023498535156,0.1141173988580703,0.041025641025641,0.721078238001315,ok,6b5eb84,05862605,precomputed,2.0,0.1
reconstruction,4S456Parcels,5,kernel_ridge,"kernel_ridge[alpha=1.0,gamma_mult=2.0]",bv+demo,bv+demo,SC,False,683,195,26,103740,0.0044776322320103,-0.0007557142525911,0.9108663201332092,0.1657880395650863,0.1179487179487179,0.8984615384615384,ok,6b5eb84,a5f3c097,precomputed,2.0,1.0
reconstruction,4S456Parcels,5,kernel_ridge,"kernel_ridge[alpha=10.0,gamma_mult=2.0]",bv+demo,bv+demo,SC,False,683,195,26,103740,0.004372764378786,0.0234000701457262,0.9133773446083068,0.190287247300148,0.1846153846153846,0.9263642340565418,ok,6b5eb84,10d9121c,precomputed,2.0,10.0
reconstruction,4S456Parcels,5,pca_pls,pca_pls,bv+demo,bv+demo,FC,False,683,195,26,103740,0.0121884746477007,-0.0230361670255661,0.8234052062034607,0.0876131281256675,0.0205128205128205,0.6819986850756081,ok,6b5eb84,8c4ca099,precomputed,,
reconstruction,4S456Parcels,5,bayesian_ridge,bayesian_ridge,bv+demo,bv+demo,FC,False,683,195,26,103740,0.0118871219456195,0.0016529083950445,0.828199028968811,0.1101086512207984,0.0205128205128205,0.6927021696252466,ok,6b5eb84,14e20901,precomputed,,
reconstruction,4S456Parcels,5,kernel_ridge,"kernel_ridge[alpha=0.1,gamma_mult=0.5]",bv+demo,bv+demo,FC,False,683,195,26,103740,0.0126019539311528,-0.0565865598618984,0.8167638778686523,0.0801130160689354,0.0307692307692307,0.6522024983563446,ok,6b5eb84,8d13f5f5,precomputed,0.5,0.1
reconstruction,4S456Parcels,5,kernel_ridge,"kernel_ridge[alpha=1.0,gamma_mult=0.5]",bv+demo,bv+demo,FC,False,683,195,26,103740,0.01203428581357,-0.0106021668761968,0.8257076144218445,0.0964902266860008,0.0358974358974358,0.7066140696909928,ok,6b5eb84,7016903d,precomputed,0.5,1.0
reconstruction,4S456Parcels,5,kernel_ridge,"kernel_ridge[alpha=10.0,gamma_mult=0.5]",bv+demo,bv+demo,FC,False,683,195,26,103740,0.0119126010686159,-3.3045744203263894e-05,0.8276925683021545,0.0967314466834068,0.0256410256410256,0.7141354372123603,ok,6b5eb84,141f0d43,precomputed,0.5,10.0
reconstruction,4S456Parcels,5,kernel_ridge,"kernel_ridge[alpha=0.1,gamma_mult=1.0]",bv+demo,bv+demo,FC,False,683,195,26,103740,0.0133188096806406,-0.1139589771628379,0.8058406114578247,0.063393510878086,0.0205128205128205,0.6180933596318212,ok,6b5eb84,f60189c0,precomputed,1.0,0.1
reconstruction,4S456Parcels,5,kernel_ridge,"kernel_ridge[alpha=1.0,gamma_mult=1.0]",bv+demo,bv+demo,FC,False,683,195,26,103740,0.0121201602742075,-0.0175847560167312,0.8242591023445129,0.0914391800761222,0.041025641025641,0.7019855358316897,ok,6b5eb84,325ebc16,precomputed,1.0,1.0
reconstruction,4S456Parcels,5,kernel_ridge,"kernel_ridge[alpha=10.0,gamma_mult=1.0]",bv+demo,bv+demo,FC,False,683,195,26,103740,0.0119070373475551,0.0001824698265409,0.8277448415756226,0.09772190451622,0.0307692307692307,0.7169756738987508,ok,6b5eb84,b5a4146a,precomputed,1.0,10.0
reconstruction,4S456Parcels,5,kernel_ridge,"kernel_ridge[alpha=0.1,gamma_mult=2.0]",bv+demo,bv+demo,FC,False,683,195,26,103740,0.0140474122017622,-0.1720962226390838,0.7950320243835449,0.0496123991906642,0.0256410256410256,0.5982905982905984,ok,6b5eb84,1f0ebd85,precomputed,2.0,0.1
reconstruction,4S456Parcels,5,kernel_ridge,"kernel_ridge[alpha=1.0,gamma_mult=2.0]",bv+demo,bv+demo,FC,False,683,195,26,103740,0.0123035740107297,-0.0322699509561061,0.8212862610816956,0.0789467021822929,0.0358974358974358,0.6826824457593688,ok,6b5eb84,c45717fd,precomputed,2.0,1.0
reconstruction,4S456Parcels,5,kernel_ridge,"kernel_ridge[alpha=10.0,gamma_mult=2.0]",bv+demo,bv+demo,FC,False,683,195,26,103740,0.0119176628068089,-0.0007052783039398,0.8275351524353027,0.0964897125959396,0.041025641025641,0.7105588428665353,ok,6b5eb84,2e3d4e8c,precomputed,2.0,10.0
reconstruction,4S456Parcels,5,pca_pls,pca_pls,FC+bv+demo,FC+bv+demo,SC,True,683,195,103766,103740,0.0044415132142603,-0.0004563866532407,0.9114116430282592,0.1908428072929382,0.2358974358974359,0.942432610124918,ok,6b5eb84,ef43f356,precomputed,,
reconstruction,4S456Parcels,5,bayesian_ridge,bayesian_ridge,FC+bv+demo,FC+bv+demo,SC,True,683,195,103766,103740,0.0043265293352305,0.0283970087766647,0.9138250946998596,0.2083807587623596,0.2153846153846154,0.9309401709401708,ok,6b5eb84,e4cb118a,precomputed,,
reconstruction,4S456Parcels,5,kernel_ridge,"kernel_ridge[alpha=0.1,gamma_mult=0.5]",FC+bv+demo,FC+bv+demo,SC,True,683,195,103766,103740,0.0044961660169065,-0.0156233385205268,0.9102734923362732,0.19156114757061,0.3384615384615385,0.9503747534516764,ok,6b5eb84,d386fdeb,precomputed,0.5,0.1
reconstruction,4S456Parcels,5,kernel_ridge,"kernel_ridge[alpha=1.0,gamma_mult=0.5]",FC+bv+demo,FC+bv+demo,SC,True,683,195,103766,103740,0.0043255677446722,0.0275693461298942,0.9138505458831788,0.2086849063634872,0.3128205128205128,0.9643655489809336,ok,6b5eb84,01d3ff98,precomputed,0.5,1.0
reconstruction,4S456Parcels,5,kernel_ridge,"kernel_ridge[alpha=10.0,gamma_mult=0.5]",FC+bv+demo,FC+bv+demo,SC,True,683,195,103766,103740,0.0044218762777745,0.0141641264781355,0.9124583005905152,0.1984757632017135,0.2205128205128205,0.9313346482577252,ok,6b5eb84,8bb8d582,precomputed,0.5,10.0
reconstruction,4S456Parcels,5,kernel_ridge,"kernel_ridge[alpha=0.1,gamma_mult=1.0]",FC+bv+demo,FC+bv+demo,SC,True,683,195,103766,103740,0.0045562419109046,-0.029404692351818,0.9090673327445984,0.1900153458118438,0.3128205128205128,0.9486916502301118,ok,6b5eb84,5b572f3a,precomputed,1.0,0.1
reconstruction,4S456Parcels,5,kernel_ridge,"kernel_ridge[alpha=1.0,gamma_mult=1.0]",FC+bv+demo,FC+bv+demo,SC,True,683,195,103766,103740,0.0043387962505221,0.0224546864628791,0.9135448932647704,0.2063976228237152,0.3333333333333333,0.9638395792241946,ok,6b5eb84,78478c9d,precomputed,1.0,1.0
reconstruction,4S456Parcels,5,kernel_ridge,"kernel_ridge[alpha=10.0,gamma_mult=1.0]",FC+bv+demo,FC+bv+demo,SC,True,683,195,103766,103740,0.0043881204910576,0.0201108884066343,0.9128862619400024,0.2014449834823608,0.2923076923076923,0.9471137409598948,ok,6b5eb84,e375c4df,precomputed,1.0,10.0
reconstruction,4S456Parcels,5,kernel_ridge,"kernel_ridge[alpha=0.1,gamma_mult=2.0]",FC+bv+demo,FC+bv+demo,SC,True,683,195,103766,103740,0.0046024173498153,-0.0402899794280529,0.9082198143005372,0.19122976064682,0.3128205128205128,0.9510585141354372,ok,6b5eb84,568d511a,precomputed,2.0,0.1
reconstruction,4S456Parcels,5,kernel_ridge,"kernel_ridge[alpha=1.0,gamma_mult=2.0]",FC+bv+demo,FC+bv+demo,SC,True,683,195,103766,103740,0.0043681049719452,0.014229979366064,0.9129773378372192,0.2053465992212295,0.3230769230769231,0.9618671926364234,ok,6b5eb84,58abeb9b,precomputed,2.0,1.0
reconstruction,4S456Parcels,5,kernel_ridge,"kernel_ridge[alpha=10.0,gamma_mult=2.0]",FC+bv+demo,FC+bv+demo,SC,True,683,195,103766,103740,0.0043645706027746,0.0240467637777328,0.9131962060928344,0.2025324553251266,0.3128205128205128,0.9555292570677186,ok,6b5eb84,a16acb40,precomputed,2.0,10.0
reconstruction,4S456Parcels,5,pca_pls,pca_pls,SC+bv+demo,SC+bv+demo,FC,True,683,195,103766,103740,0.0124205779284238,-0.044756431132555,0.8196921944618225,0.1014386266469955,0.0615384615384615,0.7592636423405654,ok,6b5eb84,235703db,precomputed,,
reconstruction,4S456Parcels,5,bayesian_ridge,bayesian_ridge,SC+bv+demo,SC+bv+demo,FC,True,683,195,103766,103740,0.0119067542254924,-0.0014552465872839,0.8276930451393127,0.1116521582007408,0.0512820512820512,0.7777777777777778,ok,6b5eb84,cb432696,precomputed,,
reconstruction,4S456Parcels,5,kernel_ridge,"kernel_ridge[alpha=0.1,gamma_mult=0.5]",SC+bv+demo,SC+bv+demo,FC,True,683,195,103766,103740,0.0127485850825905,-0.0728479027748107,0.8147310614585876,0.0936800315976142,0.0512820512820512,0.7576331360946745,ok,6b5eb84,1b37acca,precomputed,0.5,0.1
reconstruction,4S456Parcels,5,kernel_ridge,"kernel_ridge[alpha=1.0,gamma_mult=0.5]",SC+bv+demo,SC+bv+demo,FC,True,683,195,103766,103740,0.0119316540658473,-0.0040472070686519,0.8273886442184448,0.1061752811074256,0.0512820512820512,0.7783826429980276,ok,6b5eb84,27e89c36,precomputed,0.5,1.0
reconstruction,4S456Parcels,5,kernel_ridge,"kernel_ridge[alpha=10.0,gamma_mult=0.5]",SC+bv+demo,SC+bv+demo,FC,True,683,195,103766,103740,0.0119569106027483,-0.003127013798803,0.8270554542541504,0.1053627803921699,0.0307692307692307,0.7582642998027613,ok,6b5eb84,6d1f8b25,precomputed,0.5,10.0
reconstruction,4S456Parcels,5,kernel_ridge,"kernel_ridge[alpha=0.1,gamma_mult=1.0]",SC+bv+demo,SC+bv+demo,FC,True,683,195,103766,103740,0.0129405278712511,-0.0887636765837669,0.8118839263916016,0.0926911979913711,0.0512820512820512,0.7564760026298487,ok,6b5eb84,539c40c1,precomputed,1.0,0.1
reconstruction,4S456Parcels,5,kernel_ridge,"kernel_ridge[alpha=1.0,gamma_mult=1.0]",SC+bv+demo,SC+bv+demo,FC,True,683,195,103766,103740,0.0120327435433864,-0.0131050376221537,0.8257566690444946,0.1042035818099975,0.0615384615384615,0.7777251808021038,ok,6b5eb84,156833c4,precomputed,1.0,1.0
reconstruction,4S456Parcels,5,kernel_ridge,"kernel_ridge[alpha=10.0,gamma_mult=1.0]",SC+bv+demo,SC+bv+demo,FC,True,683,195,103766,103740,0.0119291516020894,-0.0013247904134914,0.8274891376495361,0.1075758934020996,0.0358974358974358,0.7659960552268245,ok,6b5eb84,48ddec5f,precomputed,1.0,10.0
reconstruction,4S456Parcels,5,kernel_ridge,"kernel_ridge[alpha=0.1,gamma_mult=2.0]",SC+bv+demo,SC+bv+demo,FC,True,683,195,103766,103740,0.0130052343010902,-0.0942099541425705,0.8109331130981445,0.0935108587145805,0.0615384615384615,0.7591584483892176,ok,6b5eb84,3a9a552b,precomputed,2.0,0.1
reconstruction,4S456Parcels,5,kernel_ridge,"kernel_ridge[alpha=1.0,gamma_mult=2.0]",SC+bv+demo,SC+bv+demo,FC,True,683,195,103766,103740,0.0121299978345632,-0.0215258859097957,0.8242137432098389,0.104033462703228,0.0615384615384615,0.7791190006574622,ok,6b5eb84,ed6c7ab1,precomputed,2.0,1.0
reconstruction,4S456Parcels,5,kernel_ridge,"kernel_ridge[alpha=10.0,gamma_mult=2.0]",SC+bv+demo,SC+bv+demo,FC,True,683,195,103766,103740,0.0119104292243719,-0.000177447203896,0.8277720808982849,0.1091281399130821,0.0358974358974358,0.7723865877712032,ok,6b5eb84,e5100001,precomputed,2.0,10.0
reconstruction,4S456Parcels,5,pca_pls,pca_pls,FC,FC,FC,False,683,195,103740,103740,0.0100489035248756,0.1307425647974014,0.8550627827644348,0.3946124613285064,0.9897435897435898,0.999500328731098,ok,6b5eb84,1dcfbd8a,precomputed,,
reconstruction,4S456Parcels,5,bayesian_ridge,bayesian_ridge,FC,FC,FC,False,683,195,103740,103740,0.0070590139366686,0.3369700610637665,0.8980522155761719,0.634027361869812,1.0,1.0,ok,6b5eb84,ed528d6f,precomputed,,
reconstruction,4S456Parcels,5,kernel_ridge,"kernel_ridge[alpha=0.1,gamma_mult=0.5]",FC,FC,FC,False,683,195,103740,103740,0.0071499180048704,0.3355230093002319,0.896999716758728,0.63401859998703,1.0,1.0,ok,6b5eb84,886cf4f5,precomputed,0.5,0.1
reconstruction,4S456Parcels,5,kernel_ridge,"kernel_ridge[alpha=1.0,gamma_mult=0.5]",FC,FC,FC,False,683,195,103740,103740,0.0090948948636651,0.2052424848079681,0.8702067732810974,0.6339781880378723,1.0,1.0,ok,6b5eb84,1618402e,precomputed,0.5,1.0
reconstruction,4S456Parcels,5,kernel_ridge,"kernel_ridge[alpha=10.0,gamma_mult=0.5]",FC,FC,FC,False,683,195,103740,103740,0.0115282945334911,0.0287442430853843,0.8336001634597778,0.6327621340751648,0.9743589743589745,0.9998685075608152,ok,6b5eb84,b53cc2f5,precomputed,0.5,10.0
reconstruction,4S456Parcels,5,kernel_ridge,"kernel_ridge[alpha=0.1,gamma_mult=1.0]",FC,FC,FC,False,683,195,103740,103740,0.0070801065303385,0.3379057347774505,0.8978444933891296,0.6339918971061707,1.0,1.0,ok,6b5eb84,6a47520d,precomputed,1.0,0.1
reconstruction,4S456Parcels,5,kernel_ridge,"kernel_ridge[alpha=1.0,gamma_mult=1.0]",FC,FC,FC,False,683,195,103740,103740,0.0083383116871118,0.258579283952713,0.8811495900154114,0.6338967084884644,1.0,1.0,ok,6b5eb84,63f93874,precomputed,1.0,1.0
reconstruction,4S456Parcels,5,kernel_ridge,"kernel_ridge[alpha=10.0,gamma_mult=1.0]",FC,FC,FC,False,683,195,103740,103740,0.0112211983650922,0.0512437373399734,0.8383298516273499,0.6318621635437012,0.9897435897435898,0.999947403024326,ok,6b5eb84,a00f7719,precomputed,1.0,10.0
reconstruction,4S456Parcels,5,kernel_ridge,"kernel_ridge[alpha=0.1,gamma_mult=2.0]",FC,FC,FC,False,683,195,103740,103740,0.0070703364908695,0.3369433581829071,0.8979414105415344,0.6338616013526917,1.0,1.0,ok,6b5eb84,6e3e4ba1,precomputed,2.0,0.1
reconstruction,4S456Parcels,5,kernel_ridge,"kernel_ridge[alpha=1.0,gamma_mult=2.0]",FC,FC,FC,False,683,195,103740,103740,0.0079056052491068,0.2882701456546783,0.8873136639595032,0.6335596442222595,1.0,1.0,ok,6b5eb84,68a86a4d,precomputed,2.0,1.0
reconstruction,4S456Parcels,5,kernel_ridge,"kernel_ridge[alpha=10.0,gamma_mult=2.0]",FC,FC,FC,False,683,195,103740,103740,0.010934418067336,0.0721860826015472,0.842785656452179,0.6282774209976196,1.0,1.0,ok,6b5eb84,5eb4d275,precomputed,2.0,10.0
reconstruction,4S456Parcels,5,pca_pls,pca_pls,SC,SC,SC,False,683,195,103740,103740,0.0038914000615477,0.0502079352736473,0.922715961933136,0.3749793469905853,1.0,1.0,ok,6b5eb84,ffea6f7a,precomputed,,
reconstruction,4S456Parcels,5,bayesian_ridge,bayesian_ridge,SC,SC,SC,False,683,195,103740,103740,0.0027783799450844,0.0897640362381935,0.9454142451286316,0.6220595240592957,1.0,1.0,ok,6b5eb84,5d70f42c,precomputed,,
reconstruction,4S456Parcels,5,kernel_ridge,"kernel_ridge[alpha=0.1,gamma_mult=0.5]",SC,SC,SC,False,683,195,103740,103740,0.0028147620614618,0.1194193586707115,0.9447841644287108,0.62204909324646,1.0,1.0,ok,6b5eb84,d6cab3e0,precomputed,0.5,0.1
reconstruction,4S456Parcels,5,kernel_ridge,"kernel_ridge[alpha=1.0,gamma_mult=0.5]",SC,SC,SC,False,683,195,103740,103740,0.0035057780332863,0.1088542714715004,0.9316529631614684,0.6219757199287415,1.0,1.0,ok,6b5eb84,076feed1,precomputed,0.5,1.0
reconstruction,4S456Parcels,5,kernel_ridge,"kernel_ridge[alpha=10.0,gamma_mult=0.5]",SC,SC,SC,False,683,195,103740,103740,0.0043648867867887,0.0140500292181968,0.914698839187622,0.6173670887947083,1.0,1.0,ok,6b5eb84,699b5398,precomputed,0.5,10.0
reconstruction,4S456Parcels,5,kernel_ridge,"kernel_ridge[alpha=0.1,gamma_mult=1.0]",SC,SC,SC,False,683,195,103740,103740,0.0027911637444049,0.1081784218549728,0.9452096819877625,0.6220174431800842,1.0,1.0,ok,6b5eb84,4151ad04,precomputed,1.0,0.1
reconstruction,4S456Parcels,5,kernel_ridge,"kernel_ridge[alpha=1.0,gamma_mult=1.0]",SC,SC,SC,False,683,195,103740,103740,0.0032505968119949,0.1282727271318435,0.9366294145584106,0.6218631267547607,1.0,1.0,ok,6b5eb84,ce948d42,precomputed,1.0,1.0
reconstruction,4S456Parcels,5,kernel_ridge,"kernel_ridge[alpha=10.0,gamma_mult=1.0]",SC,SC,SC,False,683,195,103740,103740,0.0042610326781868,0.0269745271652936,0.9167804718017578,0.6144099235534668,1.0,1.0,ok,6b5eb84,50adb21b,precomputed,1.0,10.0
reconstruction,4S456Parcels,5,kernel_ridge,"kernel_ridge[alpha=0.1,gamma_mult=2.0]",SC,SC,SC,False,683,195,103740,103740,0.0027896310202777,0.1040829271078109,0.9452466368675232,0.6218592524528503,1.0,1.0,ok,6b5eb84,ee3b722b,precomputed,2.0,0.1
reconstruction,4S456Parcels,5,kernel_ridge,"kernel_ridge[alpha=1.0,gamma_mult=2.0]",SC,SC,SC,False,683,195,103740,103740,0.0031208200380206,0.134534478187561,0.9391864538192748,0.6213478446006775,1.0,1.0,ok,6b5eb84,f00aff39,precomputed,2.0,1.0
reconstruction,4S456Parcels,5,kernel_ridge,"kernel_ridge[alpha=10.0,gamma_mult=2.0]",SC,SC,SC,False,683,195,103740,103740,0.0041731731034815,0.0376812852919101,0.9185764193534852,0.6024718284606934,1.0,1.0,ok,6b5eb84,89334f4a,precomputed,2.0,10.0
reconstruction,4S456Parcels,6,pca_pls,pca_pls,FC,FC,SC,False,683,195,103740,103740,0.0044037331826984,-0.0218510087579488,0.9124308228492736,0.1469221115112304,0.1743589743589743,0.8878369493754109,ok,e8f290e,79f98e7c,precomputed,,
reconstruction,4S456Parcels,6,bayesian_ridge,bayesian_ridge,FC,FC,SC,False,683,195,103740,103740,0.0042566512711346,0.0158518142998218,0.9154099822044371,0.1747328788042068,0.1384615384615384,0.9057462195923734,ok,e8f290e,afe064da,precomputed,,
reconstruction,4S456Parcels,6,kernel_ridge,"kernel_ridge[alpha=0.1,gamma_mult=0.5]",FC,FC,SC,False,683,195,103740,103740,0.0044641769491136,-0.0371836312115192,0.911117136478424,0.144180417060852,0.2,0.9123471400394476,ok,e8f290e,8801d0b8,precomputed,0.5,0.1
reconstruction,4S456Parcels,6,kernel_ridge,"kernel_ridge[alpha=1.0,gamma_mult=0.5]",FC,FC,SC,False,683,195,103740,103740,0.0043097701855003,0.0055481940507888,0.914761245250702,0.1443557888269424,0.1897435897435897,0.9244444444444444,ok,e8f290e,280aa6c6,precomputed,0.5,1.0
reconstruction,4S456Parcels,6,kernel_ridge,"kernel_ridge[alpha=10.0,gamma_mult=0.5]",FC,FC,SC,False,683,195,103740,103740,0.0043802666477859,-0.0049664401449263,0.9138153791427612,0.1430533975362777,0.1538461538461538,0.9205785667324128,ok,e8f290e,80020bfb,precomputed,0.5,10.0
reconstruction,4S456Parcels,6,kernel_ridge,"kernel_ridge[alpha=0.1,gamma_mult=1.0]",FC,FC,SC,False,683,195,103740,103740,0.0045230821706354,-0.0514926612377166,0.9098923802375792,0.1431253254413604,0.1897435897435897,0.9104010519395136,ok,e8f290e,0a53c30b,precomputed,1.0,0.1
reconstruction,4S456Parcels,6,kernel_ridge,"kernel_ridge[alpha=1.0,gamma_mult=1.0]",FC,FC,SC,False,683,195,103740,103740,0.0043182964436709,0.0013940872158855,0.9144126772880554,0.1441642194986343,0.2,0.9238658777120315,ok,e8f290e,24066655,precomputed,1.0,1.0
reconstruction,4S456Parcels,6,kernel_ridge,"kernel_ridge[alpha=10.0,gamma_mult=1.0]",FC,FC,SC,False,683,195,103740,103740,0.0043666469864547,-0.0025625554844737,0.914031982421875,0.1424112170934677,0.1538461538461538,0.9207363576594346,ok,e8f290e,f849c92a,precomputed,1.0,10.0
reconstruction,4S456Parcels,6,kernel_ridge,"kernel_ridge[alpha=0.1,gamma_mult=2.0]",FC,FC,SC,False,683,195,103740,103740,0.0045711253769695,-0.0629228129982948,0.908918023109436,0.1413604021072387,0.1846153846153846,0.9111111111111112,ok,e8f290e,0058085c,precomputed,2.0,0.1
reconstruction,4S456Parcels,6,kernel_ridge,"kernel_ridge[alpha=1.0,gamma_mult=2.0]",FC,FC,SC,False,683,195,103740,103740,0.0043401247821748,-0.0051413238979876,0.9138590693473816,0.1433852314949035,0.2,0.9226824457593688,ok,e8f290e,976542e6,precomputed,2.0,1.0
reconstruction,4S456Parcels,6,kernel_ridge,"kernel_ridge[alpha=10.0,gamma_mult=2.0]",FC,FC,SC,False,683,195,103740,103740,0.0043552038259804,-0.0007003032369539,0.914205014705658,0.139990895986557,0.1743589743589743,0.9198159105851412,ok,e8f290e,c3ae0a15,precomputed,2.0,10.0
reconstruction,4S456Parcels,6,pca_pls,pca_pls,SC,SC,FC,False,683,195,103740,103740,0.0126654440537095,-0.0544542148709297,0.8141711950302124,0.0746928378939628,0.0461538461538461,0.6937804076265615,ok,e8f290e,b6cb637d,precomputed,,
reconstruction,4S456Parcels,6,bayesian_ridge,bayesian_ridge,SC,SC,FC,False,683,195,103740,103740,0.0120772784575819,-0.0062806787900626,0.8233652114868164,0.0920031443238258,0.082051282051282,0.7684944115713347,ok,e8f290e,6edcd7c4,precomputed,,
reconstruction,4S456Parcels,6,kernel_ridge,"kernel_ridge[alpha=0.1,gamma_mult=0.5]",SC,SC,FC,False,683,195,103740,103740,0.0129763232544064,-0.0800854712724685,0.8096686601638794,0.0694270953536033,0.0358974358974358,0.6978303747534518,ok,e8f290e,8e916393,precomputed,0.5,0.1
reconstruction,4S456Parcels,6,kernel_ridge,"kernel_ridge[alpha=1.0,gamma_mult=0.5]",SC,SC,FC,False,683,195,103740,103740,0.0121640032157301,-0.0129460440948605,0.8219927549362183,0.0699350237846374,0.0512820512820512,0.7059303090072321,ok,e8f290e,931f3ec9,precomputed,0.5,1.0
reconstruction,4S456Parcels,6,kernel_ridge,"kernel_ridge[alpha=10.0,gamma_mult=0.5]",SC,SC,FC,False,683,195,103740,103740,0.0121331522241234,-0.0080739576369524,0.8225600719451904,0.0691611766815185,0.0461538461538461,0.7036686390532545,ok,e8f290e,20bbb13c,precomputed,0.5,10.0
reconstruction,4S456Parcels,6,kernel_ridge,"kernel_ridge[alpha=0.1,gamma_mult=1.0]",SC,SC,FC,False,683,195,103740,103740,0.013189791701734,-0.0972589254379272,0.8065192103385925,0.0679846331477165,0.0358974358974358,0.6922024983563445,ok,e8f290e,3c21a597,precomputed,1.0,0.1
reconstruction,4S456Parcels,6,kernel_ridge,"kernel_ridge[alpha=1.0,gamma_mult=1.0]",SC,SC,FC,False,683,195,103740,103740,0.0122820483520627,-0.0231520645320415,0.8201218843460083,0.0694960057735443,0.0512820512820512,0.7041157133464826,ok,e8f290e,251ab1ca,precomputed,1.0,1.0
reconstruction,4S456Parcels,6,kernel_ridge,"kernel_ridge[alpha=10.0,gamma_mult=1.0]",SC,SC,FC,False,683,195,103740,103740,0.012120584025979,-0.0073602125048637,0.8227536082267761,0.0685072764754295,0.0461538461538461,0.7036160420775806,ok,e8f290e,6a789f34,precomputed,1.0,10.0
reconstruction,4S456Parcels,6,kernel_ridge,"kernel_ridge[alpha=0.1,gamma_mult=2.0]",SC,SC,FC,False,683,195,103740,103740,0.0133207673206925,-0.1077748835086822,0.8045512437820435,0.0661515742540359,0.041025641025641,0.6878895463510848,ok,e8f290e,0e328621,precomputed,2.0,0.1
reconstruction,4S456Parcels,6,kernel_ridge,"kernel_ridge[alpha=1.0,gamma_mult=2.0]",SC,SC,FC,False,683,195,103740,103740,0.0124003151431679,-0.0330422408878803,0.8182727694511414,0.0683671236038208,0.0564102564102564,0.6999605522682446,ok,e8f290e,7e5725b5,precomputed,2.0,1.0
reconstruction,4S456Parcels,6,kernel_ridge,"kernel_ridge[alpha=10.0,gamma_mult=2.0]",SC,SC,FC,False,683,195,103740,103740,0.0121141327545046,-0.0071024717763066,0.822851300239563,0.0664746537804603,0.0512820512820512,0.701301775147929,ok,e8f290e,e3706d5c,precomputed,2.0,10.0
reconstruction,4S456Parcels,6,pca_pls,pca_pls,bv,bv,SC,False,683,195,16,103740,0.0042469329200685,0.0191207733005285,0.9148010015487672,0.1849198192358017,0.123076923076923,0.9011702827087442,ok,e8f290e,7c29712d,precomputed,,
reconstruction,4S456Parcels,6,bayesian_ridge,bayesian_ridge,bv,bv,SC,False,683,195,16,103740,0.0042024734430015,0.0302194785326719,0.9157880544662476,0.1923743188381195,0.0974358974358974,0.9035371466140696,ok,e8f290e,e07b1d5a,precomputed,,
reconstruction,4S456Parcels,6,kernel_ridge,"kernel_ridge[alpha=0.1,gamma_mult=0.5]",bv,bv,SC,False,683,195,16,103740,0.0044387928210198,-0.0194271188229322,0.9107216596603394,0.1503199487924575,0.0871794871794871,0.7881919789612097,ok,e8f290e,a6c3e6f4,precomputed,0.5,0.1
reconstruction,4S456Parcels,6,kernel_ridge,"kernel_ridge[alpha=1.0,gamma_mult=0.5]",bv,bv,SC,False,683,195,16,103740,0.0042399689555168,0.0228701066225767,0.915019989013672,0.1803809553384781,0.1179487179487179,0.8932281393819855,ok,e8f290e,c4c09822,precomputed,0.5,1.0
reconstruction,4S456Parcels,6,kernel_ridge,"kernel_ridge[alpha=10.0,gamma_mult=0.5]",bv,bv,SC,False,683,195,16,103740,0.0042387517169117,0.0245054922997951,0.915515124797821,0.1851103603839874,0.1128205128205128,0.9054043392504932,ok,e8f290e,cc904319,precomputed,0.5,10.0
reconstruction,4S456Parcels,6,kernel_ridge,"kernel_ridge[alpha=0.1,gamma_mult=1.0]",bv,bv,SC,False,683,195,16,103740,0.0046150693669915,-0.0568592846393585,0.9071460366249084,0.12884221971035,0.0615384615384615,0.7322813938198554,ok,e8f290e,95a686e1,precomputed,1.0,0.1
reconstruction,4S456Parcels,6,kernel_ridge,"kernel_ridge[alpha=1.0,gamma_mult=1.0]",bv,bv,SC,False,683,195,16,103740,0.0042835632339119,0.013850137591362,0.9141285419464112,0.1682105213403701,0.1179487179487179,0.8721893491124261,ok,e8f290e,5620a4b5,precomputed,1.0,1.0
reconstruction,4S456Parcels,6,kernel_ridge,"kernel_ridge[alpha=10.0,gamma_mult=1.0]",bv,bv,SC,False,683,195,16,103740,0.0042304662056267,0.0261572320014238,0.9155586361885072,0.1830720007419586,0.123076923076923,0.9062195923734384,ok,e8f290e,6edb581a,precomputed,1.0,10.0
reconstruction,4S456Parcels,6,kernel_ridge,"kernel_ridge[alpha=0.1,gamma_mult=2.0]",bv,bv,SC,False,683,195,16,103740,0.0048757209442555,-0.1128376275300979,0.9019972681999208,0.104396216571331,0.0256410256410256,0.6874424720578567,ok,e8f290e,9f786c00,precomputed,2.0,0.1
reconstruction,4S456Parcels,6,kernel_ridge,"kernel_ridge[alpha=1.0,gamma_mult=2.0]",bv,bv,SC,False,683,195,16,103740,0.0043561616912484,-0.001826214371249,0.9127062559127808,0.1500675678253173,0.0871794871794871,0.8487573964497042,ok,e8f290e,9b3e25d7,precomputed,2.0,1.0
reconstruction,4S456Parcels,6,kernel_ridge,"kernel_ridge[alpha=10.0,gamma_mult=2.0]",bv,bv,SC,False,683,195,16,103740,0.0042413021437823,0.0239000171422958,0.9153447151184082,0.1776465326547622,0.0923076923076923,0.8964102564102564,ok,e8f290e,5006ac1a,precomputed,2.0,10.0
reconstruction,4S456Parcels,6,pca_pls,pca_pls,bv,bv,FC,False,683,195,16,103740,0.0123219033703207,-0.0227619502693414,0.8195406198501587,0.0417953766882419,0.0153846153846153,0.6146219592373439,ok,e8f290e,98e0f54b,precomputed,,
reconstruction,4S456Parcels,6,bayesian_ridge,bayesian_ridge,bv,bv,FC,False,683,195,16,103740,0.0121150109916925,-0.0066500208340585,0.8229723572731018,0.0553223043680191,0.0153846153846153,0.6603287310979618,ok,e8f290e,f7571041,precomputed,,
reconstruction,4S456Parcels,6,kernel_ridge,"kernel_ridge[alpha=0.1,gamma_mult=0.5]",bv,bv,FC,False,683,195,16,103740,0.0129135362803936,-0.0695192441344261,0.8103477954864502,0.0365786999464035,0.0,0.5586061801446416,ok,e8f290e,fb8cc991,precomputed,0.5,0.1
reconstruction,4S456Parcels,6,kernel_ridge,"kernel_ridge[alpha=1.0,gamma_mult=0.5]",bv,bv,FC,False,683,195,16,103740,0.0122899431735277,-0.0203524325042963,0.8198859691619873,0.0469341874122619,0.0,0.6175410913872452,ok,e8f290e,c490e79c,precomputed,0.5,1.0
reconstruction,4S456Parcels,6,kernel_ridge,"kernel_ridge[alpha=10.0,gamma_mult=0.5]",bv,bv,FC,False,683,195,16,103740,0.0121417269110679,-0.008572737686336,0.8223724961280823,0.0478004850447177,0.0153846153846153,0.6352399737015122,ok,e8f290e,23d1f5e1,precomputed,0.5,10.0
reconstruction,4S456Parcels,6,kernel_ridge,"kernel_ridge[alpha=0.1,gamma_mult=1.0]",bv,bv,FC,False,683,195,16,103740,0.0134077966213226,-0.1085848659276962,0.8031443953514099,0.0328699797391891,0.0153846153846153,0.5425378040762656,ok,e8f290e,6857323a,precomputed,1.0,0.1
reconstruction,4S456Parcels,6,kernel_ridge,"kernel_ridge[alpha=1.0,gamma_mult=1.0]",bv,bv,FC,False,683,195,16,103740,0.0124025838449597,-0.0292849298566579,0.8180505037307739,0.0443615540862083,0.0,0.5998685075608152,ok,e8f290e,64e4219f,precomputed,1.0,1.0
reconstruction,4S456Parcels,6,kernel_ridge,"kernel_ridge[alpha=10.0,gamma_mult=1.0]",bv,bv,FC,False,683,195,16,103740,0.0121534271165728,-0.0095407553017139,0.8221522569656372,0.049236599355936,0.0051282051282051,0.6337146614069691,ok,e8f290e,08f3a021,precomputed,1.0,10.0
reconstruction,4S456Parcels,6,kernel_ridge,"kernel_ridge[alpha=0.1,gamma_mult=2.0]",bv,bv,FC,False,683,195,16,103740,0.0140846585854887,-0.1624780595302581,0.7932587265968323,0.02976905554533,0.0153846153846153,0.5412228796844181,ok,e8f290e,b8019ca4,precomputed,2.0,0.1
reconstruction,4S456Parcels,6,kernel_ridge,"kernel_ridge[alpha=1.0,gamma_mult=2.0]",bv,bv,FC,False,683,195,16,103740,0.0125776967033743,-0.0431622639298439,0.8152755498886108,0.0399882011115551,0.0,0.5831426692965155,ok,e8f290e,808076db,precomputed,2.0,1.0
reconstruction,4S456Parcels,6,kernel_ridge,"kernel_ridge[alpha=10.0,gamma_mult=2.0]",bv,bv,FC,False,683,195,16,103740,0.0121661266312003,-0.0105678625404834,0.82191401720047,0.0500274859368801,0.0,0.6258777120315582,ok,e8f290e,f76b070e,precomputed,2.0,10.0
reconstruction,4S456Parcels,6,pca_pls,pca_pls,demo,demo,SC,False,683,195,9,103740,0.004375752992928,-0.0082578342407941,0.9132870435714722,0.1194280162453651,0.0153846153846153,0.7160552268244575,ok,e8f290e,4ea97399,precomputed,,
reconstruction,4S456Parcels,6,bayesian_ridge,bayesian_ridge,demo,demo,SC,False,683,195,9,103740,0.0043326937593519,0.0016204765997827,0.9141348004341124,0.1337035298347473,0.0256410256410256,0.7308612754766601,ok,e8f290e,4eb7d2be,precomputed,,
reconstruction,4S456Parcels,6,kernel_ridge,"kernel_ridge[alpha=0.1,gamma_mult=0.5]",demo,demo,SC,False,683,195,9,103740,0.0044601080007851,-0.0287021938711404,0.9116458296775818,0.1083486378192901,0.041025641025641,0.6608284023668639,ok,e8f290e,746c90a9,precomputed,0.5,0.1
reconstruction,4S456Parcels,6,kernel_ridge,"kernel_ridge[alpha=1.0,gamma_mult=0.5]",demo,demo,SC,False,683,195,9,103740,0.0043837130069732,-0.0107728438451886,0.9131404161453248,0.116876408457756,0.0358974358974358,0.7090335305719921,ok,e8f290e,b516ded9,precomputed,0.5,1.0
reconstruction,4S456Parcels,6,kernel_ridge,"kernel_ridge[alpha=10.0,gamma_mult=0.5]",demo,demo,SC,False,683,195,9,103740,0.0043433089740574,0.0003292188630439,0.9139978885650636,0.1223212480545044,0.0205128205128205,0.7345956607495069,ok,e8f290e,65e6247d,precomputed,0.5,10.0
reconstruction,4S456Parcels,6,kernel_ridge,"kernel_ridge[alpha=0.1,gamma_mult=1.0]",demo,demo,SC,False,683,195,9,103740,0.0045223240740597,-0.0431949682533741,0.9104434847831726,0.102292388677597,0.0205128205128205,0.6463905325443786,ok,e8f290e,98506d15,precomputed,1.0,0.1
reconstruction,4S456Parcels,6,kernel_ridge,"kernel_ridge[alpha=1.0,gamma_mult=1.0]",demo,demo,SC,False,683,195,9,103740,0.0044090892188251,-0.0168830882757902,0.912628412246704,0.1115786805748939,0.0307692307692307,0.6830243261012492,ok,e8f290e,264fd60f,precomputed,1.0,1.0
reconstruction,4S456Parcels,6,kernel_ridge,"kernel_ridge[alpha=10.0,gamma_mult=1.0]",demo,demo,SC,False,683,195,9,103740,0.0043492377735674,-0.0015941944438964,0.9138688445091248,0.1184126809239387,0.0205128205128205,0.7307034845496384,ok,e8f290e,e9f62179,precomputed,1.0,10.0
reconstruction,4S456Parcels,6,kernel_ridge,"kernel_ridge[alpha=0.1,gamma_mult=2.0]",demo,demo,SC,False,683,195,9,103740,0.0045801512897014,-0.0567282289266586,0.9093480110168456,0.097766064107418,0.0205128205128205,0.6317685733070348,ok,e8f290e,6ebe74da,precomputed,2.0,0.1
reconstruction,4S456Parcels,6,kernel_ridge,"kernel_ridge[alpha=1.0,gamma_mult=2.0]",demo,demo,SC,False,683,195,9,103740,0.0044429223053157,-0.0247164033353328,0.911943793296814,0.1055841073393821,0.0205128205128205,0.6647994740302432,ok,e8f290e,d2b9464b,precomputed,2.0,1.0
reconstruction,4S456Parcels,6,kernel_ridge,"kernel_ridge[alpha=10.0,gamma_mult=2.0]",demo,demo,SC,False,683,195,9,103740,0.0043573039583861,-0.0037008838262408,0.9137030243873596,0.1131000220775604,0.0153846153846153,0.7181854043392505,ok,e8f290e,7309dc34,precomputed,2.0,10.0
reconstruction,4S456Parcels,6,pca_pls,pca_pls,demo,demo,FC,False,683,195,9,103740,0.0120936846360564,-0.0062746093608438,0.8229988813400269,0.102740354835987,0.0102564102564102,0.6587508218277449,ok,e8f290e,df9702c0,precomputed,,
reconstruction,4S456Parcels,6,bayesian_ridge,bayesian_ridge,demo,demo,FC,False,683,195,9,103740,0.0119929481297731,0.0019755505491048,0.8246590495109558,0.1111064404249191,0.0153846153846153,0.6577251808021038,ok,e8f290e,4b153ee8,precomputed,,
reconstruction,4S456Parcels,6,kernel_ridge,"kernel_ridge[alpha=0.1,gamma_mult=0.5]",demo,demo,FC,False,683,195,9,103740,0.0122739309445023,-0.0205024257302284,0.8200162649154663,0.0898825824260711,0.0051282051282051,0.6483629191321498,ok,e8f290e,73121118,precomputed,0.5,0.1
reconstruction,4S456Parcels,6,kernel_ridge,"kernel_ridge[alpha=1.0,gamma_mult=0.5]",demo,demo,FC,False,683,195,9,103740,0.0121132628992199,-0.0076454882510006,0.8226072788238525,0.0982606709003448,0.0102564102564102,0.6617751479289941,ok,e8f290e,f76bf489,precomputed,0.5,1.0
reconstruction,4S456Parcels,6,kernel_ridge,"kernel_ridge[alpha=10.0,gamma_mult=0.5]",demo,demo,FC,False,683,195,9,103740,0.0120207741856575,-0.0001570703607285,0.8241862058639526,0.1031776443123817,0.0102564102564102,0.668007889546351,ok,e8f290e,2f8c4132,precomputed,0.5,10.0
reconstruction,4S456Parcels,6,kernel_ridge,"kernel_ridge[alpha=0.1,gamma_mult=1.0]",demo,demo,FC,False,683,195,9,103740,0.012425472959876,-0.0325799509882926,0.8177053332328796,0.0828247964382171,0.0051282051282051,0.6331623931623931,ok,e8f290e,dec2803d,precomputed,1.0,0.1
reconstruction,4S456Parcels,6,kernel_ridge,"kernel_ridge[alpha=1.0,gamma_mult=1.0]",demo,demo,FC,False,683,195,9,103740,0.0121712805703282,-0.0122783435508608,0.821656346321106,0.0933359786868095,0.0,0.6553320184089415,ok,e8f290e,311a4f57,precomputed,1.0,1.0
reconstruction,4S456Parcels,6,kernel_ridge,"kernel_ridge[alpha=10.0,gamma_mult=1.0]",demo,demo,FC,False,683,195,9,103740,0.012035172432661,-0.001343565643765,0.8239163160324097,0.0999535024166107,0.0153846153846153,0.6622222222222223,ok,e8f290e,0c208615,precomputed,1.0,10.0
reconstruction,4S456Parcels,6,kernel_ridge,"kernel_ridge[alpha=0.1,gamma_mult=2.0]",demo,demo,FC,False,683,195,9,103740,0.0125841703265905,-0.0451713427901268,0.8153786659240723,0.0756737738847732,0.0051282051282051,0.6206443129520052,ok,e8f290e,799ec9a9,precomputed,2.0,0.1
reconstruction,4S456Parcels,6,kernel_ridge,"kernel_ridge[alpha=1.0,gamma_mult=2.0]",demo,demo,FC,False,683,195,9,103740,0.0122528262436389,-0.0188033897429704,0.8203767538070679,0.0872731804847717,0.0051282051282051,0.6459697567389875,ok,e8f290e,f63faf19,precomputed,2.0,1.0
reconstruction,4S456Parcels,6,kernel_ridge,"kernel_ridge[alpha=10.0,gamma_mult=2.0]",demo,demo,FC,False,683,195,9,103740,0.0120560796931386,-0.0030238716863095,0.8235531449317932,0.09555284678936,0.0102564102564102,0.659750164365549,ok,e8f290e,8a261e23,precomputed,2.0,10.0
reconstruction,4S456Parcels,6,pca_pls,pca_pls,bv+demo,bv+demo,SC,False,683,195,25,103740,0.0042754774913191,0.0108417309820652,0.9141963124275208,0.1875089555978775,0.1692307692307692,0.8948323471400395,ok,e8f290e,39396dce,precomputed,,
reconstruction,4S456Parcels,6,bayesian_ridge,bayesian_ridge,bv+demo,bv+demo,SC,False,683,195,25,103740,0.0041900230571627,0.0317204073071479,0.9160558581352234,0.2008892893791198,0.1435897435897435,0.9173175542406312,ok,e8f290e,baa0e1fb,precomputed,,
reconstruction,4S456Parcels,6,kernel_ridge,"kernel_ridge[alpha=0.1,gamma_mult=0.5]",bv+demo,bv+demo,SC,False,683,195,25,103740,0.0044436026364564,-0.0235364511609077,0.9106618762016296,0.1576969921588897,0.0923076923076923,0.8124128862590401,ok,e8f290e,9a1d6669,precomputed,0.5,0.1
reconstruction,4S456Parcels,6,kernel_ridge,"kernel_ridge[alpha=1.0,gamma_mult=0.5]",bv+demo,bv+demo,SC,False,683,195,25,103740,0.0042372061870992,0.0210380051285028,0.9151101112365724,0.1867547035217285,0.1846153846153846,0.9056673241288626,ok,e8f290e,0e7c7ccc,precomputed,0.5,1.0
reconstruction,4S456Parcels,6,kernel_ridge,"kernel_ridge[alpha=10.0,gamma_mult=0.5]",bv+demo,bv+demo,SC,False,683,195,25,103740,0.0042560859583318,0.0201873946934938,0.9154005646705629,0.1883865743875503,0.1487179487179487,0.9136357659434582,ok,e8f290e,6cd3605e,precomputed,0.5,10.0
reconstruction,4S456Parcels,6,kernel_ridge,"kernel_ridge[alpha=0.1,gamma_mult=1.0]",bv+demo,bv+demo,SC,False,683,195,25,103740,0.0046993722207844,-0.0772257968783378,0.9054667949676514,0.1282243579626083,0.041025641025641,0.7305982905982906,ok,e8f290e,e950c782,precomputed,1.0,0.1
reconstruction,4S456Parcels,6,kernel_ridge,"kernel_ridge[alpha=1.0,gamma_mult=1.0]",bv+demo,bv+demo,SC,False,683,195,25,103740,0.0042755207978188,0.0129961650818586,0.9143269658088684,0.1762203872203827,0.1487179487179487,0.8918606180144641,ok,e8f290e,4ad8e94a,precomputed,1.0,1.0
reconstruction,4S456Parcels,6,kernel_ridge,"kernel_ridge[alpha=10.0,gamma_mult=1.0]",bv+demo,bv+demo,SC,False,683,195,25,103740,0.0042399768717586,0.0231528673321008,0.9155496954917908,0.1866542398929596,0.1897435897435897,0.9133727810650888,ok,e8f290e,7fddb310,precomputed,1.0,10.0
reconstruction,4S456Parcels,6,kernel_ridge,"kernel_ridge[alpha=0.1,gamma_mult=2.0]",bv+demo,bv+demo,SC,False,683,195,25,103740,0.0049627758562564,-0.1332709938287735,0.9003565311431885,0.1035841703414917,0.0256410256410256,0.7015647600262984,ok,e8f290e,971005c8,precomputed,2.0,0.1
reconstruction,4S456Parcels,6,kernel_ridge,"kernel_ridge[alpha=1.0,gamma_mult=2.0]",bv+demo,bv+demo,SC,False,683,195,25,103740,0.0043513146229088,-0.0028363715391606,0.9128440022468568,0.1559795588254928,0.1025641025641025,0.8689283366206443,ok,e8f290e,8d374c77,precomputed,2.0,1.0
reconstruction,4S456Parcels,6,kernel_ridge,"kernel_ridge[alpha=10.0,gamma_mult=2.0]",bv+demo,bv+demo,SC,False,683,195,25,103740,0.0042464407160878,0.0216290093958377,0.9153832197189332,0.1808798313140869,0.1743589743589743,0.9024589086127548,ok,e8f290e,7ac50bf6,precomputed,2.0,10.0
reconstruction,4S456Parcels,6,pca_pls,pca_pls,bv+demo,bv+demo,FC,False,683,195,25,103740,0.0122964009642601,-0.0225339047610759,0.8198369145393372,0.0903908759355545,0.0205128205128205,0.6670348454963839,ok,e8f290e,5bab4680,precomputed,,
reconstruction,4S456Parcels,6,bayesian_ridge,bayesian_ridge,bv+demo,bv+demo,FC,False,683,195,25,103740,0.0119956312701106,0.0015021135332062,0.8246611952781677,0.1121857240796089,0.0051282051282051,0.6838921761998684,ok,e8f290e,8f240554,precomputed,,
reconstruction,4S456Parcels,6,kernel_ridge,"kernel_ridge[alpha=0.1,gamma_mult=0.5]",bv+demo,bv+demo,FC,False,683,195,25,103740,0.0128084374591708,-0.0625264048576355,0.8115662932395935,0.0714240223169326,0.0153846153846153,0.6174095989480605,ok,e8f290e,b0fde07a,precomputed,0.5,0.1
reconstruction,4S456Parcels,6,kernel_ridge,"kernel_ridge[alpha=1.0,gamma_mult=0.5]",bv+demo,bv+demo,FC,False,683,195,25,103740,0.0121753150597214,-0.0128029426559805,0.8215196132659912,0.0932356119155883,0.0153846153846153,0.677922419460881,ok,e8f290e,6d99716b,precomputed,0.5,1.0
reconstruction,4S456Parcels,6,kernel_ridge,"kernel_ridge[alpha=10.0,gamma_mult=0.5]",bv+demo,bv+demo,FC,False,683,195,25,103740,0.0120435450226068,-0.0016730132047086,0.8238449692726135,0.0964726358652114,0.0205128205128205,0.6918606180144642,ok,e8f290e,237f45d2,precomputed,0.5,10.0
reconstruction,4S456Parcels,6,kernel_ridge,"kernel_ridge[alpha=0.1,gamma_mult=1.0]",bv+demo,bv+demo,FC,False,683,195,25,103740,0.0135605754330754,-0.1215219944715499,0.800513505935669,0.0542238764464855,0.0051282051282051,0.5835108481262328,ok,e8f290e,54c485a8,precomputed,1.0,0.1
reconstruction,4S456Parcels,6,kernel_ridge,"kernel_ridge[alpha=1.0,gamma_mult=1.0]",bv+demo,bv+demo,FC,False,683,195,25,103740,0.0122723821550607,-0.0203683078289031,0.8198591470718384,0.0858592614531517,0.0153846153846153,0.6671926364234056,ok,e8f290e,aed10576,precomputed,1.0,1.0
reconstruction,4S456Parcels,6,kernel_ridge,"kernel_ridge[alpha=10.0,gamma_mult=1.0]",bv+demo,bv+demo,FC,False,683,195,25,103740,0.0120385391637682,-0.0015162811614573,0.8238492012023926,0.0959698036313057,0.0153846153846153,0.6917028270874425,ok,e8f290e,0bfb06c6,precomputed,1.0,10.0
reconstruction,4S456Parcels,6,kernel_ridge,"kernel_ridge[alpha=0.1,gamma_mult=2.0]",bv+demo,bv+demo,FC,False,683,195,25,103740,0.0142523506656289,-0.1760434806346893,0.7905721068382263,0.0404960699379444,0.0102564102564102,0.5671005917159764,ok,e8f290e,466d014d,precomputed,2.0,0.1
reconstruction,4S456Parcels,6,kernel_ridge,"kernel_ridge[alpha=1.0,gamma_mult=2.0]",bv+demo,bv+demo,FC,False,683,195,25,103740,0.0124511765316128,-0.0343004874885082,0.8169717788696289,0.0726396366953849,0.0051282051282051,0.6508086785009861,ok,e8f290e,7d829a88,precomputed,2.0,1.0
reconstruction,4S456Parcels,6,kernel_ridge,"kernel_ridge[alpha=10.0,gamma_mult=2.0]",bv+demo,bv+demo,FC,False,683,195,25,103740,0.0120462756603956,-0.0021939894650131,0.8236508369445801,0.0939097851514816,0.0205128205128205,0.6880736357659434,ok,e8f290e,892a18a2,precomputed,2.0,10.0
reconstruction,4S456Parcels,6,pca_pls,pca_pls,FC+bv+demo,FC+bv+demo,SC,True,683,195,103765,103740,0.0043351557105779,-0.0083651486784219,0.913067638874054,0.1785554885864257,0.2153846153846154,0.9267850098619328,ok,e8f290e,5bed5914,precomputed,,
reconstruction,4S456Parcels,6,bayesian_ridge,bayesian_ridge,FC+bv+demo,FC+bv+demo,SC,True,683,195,103765,103740,0.0041974345222115,0.0273551195859909,0.9159778952598572,0.201566144824028,0.2153846153846154,0.9387771203155818,ok,e8f290e,cc07441f,precomputed,,
reconstruction,4S456Parcels,6,kernel_ridge,"kernel_ridge[alpha=0.1,gamma_mult=0.5]",FC+bv+demo,FC+bv+demo,SC,True,683,195,103765,103740,0.0044020060449838,-0.0255988482385873,0.9116841554641724,0.1793623268604278,0.2615384615384615,0.9456673241288626,ok,e8f290e,4994b2c5,precomputed,0.5,0.1
reconstruction,4S456Parcels,6,kernel_ridge,"kernel_ridge[alpha=1.0,gamma_mult=0.5]",FC+bv+demo,FC+bv+demo,SC,True,683,195,103765,103740,0.004203958902508,0.0263331476598978,0.915842831134796,0.1969966739416122,0.3128205128205128,0.9612623274161736,ok,e8f290e,b1222220,precomputed,0.5,1.0
reconstruction,4S456Parcels,6,kernel_ridge,"kernel_ridge[alpha=10.0,gamma_mult=0.5]",FC+bv+demo,FC+bv+demo,SC,True,683,195,103765,103740,0.0042826365679502,0.0156873352825641,0.9147540926933287,0.1892424523830413,0.1333333333333333,0.925680473372781,ok,e8f290e,c332b2fd,precomputed,0.5,10.0
reconstruction,4S456Parcels,6,kernel_ridge,"kernel_ridge[alpha=0.1,gamma_mult=1.0]",FC+bv+demo,FC+bv+demo,SC,True,683,195,103765,103740,0.0044663501903414,-0.0403743013739585,0.910386860370636,0.1777445822954177,0.2666666666666666,0.943405654174885,ok,e8f290e,2d9bb896,precomputed,1.0,0.1
reconstruction,4S456Parcels,6,kernel_ridge,"kernel_ridge[alpha=1.0,gamma_mult=1.0]",FC+bv+demo,FC+bv+demo,SC,True,683,195,103765,103740,0.004223643336445,0.0196713674813509,0.915405809879303,0.1944582760334015,0.3076923076923077,0.9591847468770546,ok,e8f290e,950e5c88,precomputed,1.0,1.0
reconstruction,4S456Parcels,6,kernel_ridge,"kernel_ridge[alpha=10.0,gamma_mult=1.0]",FC+bv+demo,FC+bv+demo,SC,True,683,195,103765,103740,0.0042517869733273,0.0216488819569349,0.9151431322097778,0.1917325854301452,0.2358974358974359,0.9447468770545694,ok,e8f290e,78d0ea0d,precomputed,1.0,10.0
reconstruction,4S456Parcels,6,kernel_ridge,"kernel_ridge[alpha=0.1,gamma_mult=2.0]",FC+bv+demo,FC+bv+demo,SC,True,683,195,103765,103740,0.0045121437869966,-0.050861407071352,0.9095376133918762,0.1789999902248382,0.2717948717948718,0.9446153846153846,ok,e8f290e,c179401c,precomputed,2.0,0.1
reconstruction,4S456Parcels,6,kernel_ridge,"kernel_ridge[alpha=1.0,gamma_mult=2.0]",FC+bv+demo,FC+bv+demo,SC,True,683,195,103765,103740,0.0042562414892017,0.0109203131869435,0.9147606492042542,0.1933689564466476,0.3076923076923077,0.9562393162393162,ok,e8f290e,36b3fbfe,precomputed,2.0,1.0
reconstruction,4S456Parcels,6,kernel_ridge,"kernel_ridge[alpha=10.0,gamma_mult=2.0]",FC+bv+demo,FC+bv+demo,SC,True,683,195,103765,103740,0.0042316014878451,0.0254231374710798,0.9154029488563538,0.1923862546682357,0.2717948717948718,0.9540565417488496,ok,e8f290e,2d3f89b1,precomputed,2.0,10.0
reconstruction,4S456Parcels,6,pca_pls,pca_pls,SC+bv+demo,SC+bv+demo,FC,True,683,195,103765,103740,0.0125478841364383,-0.0461559072136879,0.8160644769668579,0.0943967550992965,0.0153846153846153,0.7281262327416174,ok,e8f290e,88b3ab62,precomputed,,
reconstruction,4S456Parcels,6,bayesian_ridge,bayesian_ridge,SC+bv+demo,SC+bv+demo,FC,True,683,195,103765,103740,0.0120311062783002,-0.0030703202355653,0.8240709900856018,0.107291854918003,0.0564102564102564,0.7704404996712689,ok,e8f290e,a5a01302,precomputed,,
reconstruction,4S456Parcels,6,kernel_ridge,"kernel_ridge[alpha=0.1,gamma_mult=0.5]",SC+bv+demo,SC+bv+demo,FC,True,683,195,103765,103740,0.0128954825922846,-0.0744910314679145,0.8110254406929016,0.087994284927845,0.0564102564102564,0.7247863247863249,ok,e8f290e,0d7061d0,precomputed,0.5,0.1
reconstruction,4S456Parcels,6,kernel_ridge,"kernel_ridge[alpha=1.0,gamma_mult=0.5]",SC+bv+demo,SC+bv+demo,FC,True,683,195,103765,103740,0.0120618874207139,-0.0055641727522015,0.8236381411552429,0.102746345102787,0.041025641025641,0.7531360946745562,ok,e8f290e,079730db,precomputed,0.5,1.0
reconstruction,4S456Parcels,6,kernel_ridge,"kernel_ridge[alpha=10.0,gamma_mult=0.5]",SC+bv+demo,SC+bv+demo,FC,True,683,195,103765,103740,0.0120767829939723,-0.0039929542690515,0.8234891295433044,0.1093684881925582,0.0461538461538461,0.762577251808021,ok,e8f290e,78d23749,precomputed,0.5,10.0
reconstruction,4S456Parcels,6,kernel_ridge,"kernel_ridge[alpha=0.1,gamma_mult=1.0]",SC+bv+demo,SC+bv+demo,FC,True,683,195,103765,103740,0.0130992103368043,-0.091017298400402,0.8080552816390991,0.0865775495767593,0.0461538461538461,0.7198422090729784,ok,e8f290e,6bf63343,precomputed,1.0,0.1
reconstruction,4S456Parcels,6,kernel_ridge,"kernel_ridge[alpha=1.0,gamma_mult=1.0]",SC+bv+demo,SC+bv+demo,FC,True,683,195,103765,103740,0.0121709620580077,-0.0150772863999009,0.8219072222709656,0.0993148237466812,0.0358974358974358,0.747560815253123,ok,e8f290e,479404cb,precomputed,1.0,1.0
reconstruction,4S456Parcels,6,kernel_ridge,"kernel_ridge[alpha=10.0,gamma_mult=1.0]",SC+bv+demo,SC+bv+demo,FC,True,683,195,103765,103740,0.0120492931455373,-0.0022113188169896,0.8239203691482544,0.1097704395651817,0.0666666666666666,0.7645759368836291,ok,e8f290e,1d486f33,precomputed,1.0,10.0
reconstruction,4S456Parcels,6,kernel_ridge,"kernel_ridge[alpha=0.1,gamma_mult=2.0]",SC+bv+demo,SC+bv+demo,FC,True,683,195,103765,103740,0.0131806610152125,-0.0976662635803222,0.8068662285804749,0.0869992300868034,0.0461538461538461,0.7212360289283366,ok,e8f290e,5c26b13d,precomputed,2.0,0.1
reconstruction,4S456Parcels,6,kernel_ridge,"kernel_ridge[alpha=1.0,gamma_mult=2.0]",SC+bv+demo,SC+bv+demo,FC,True,683,195,103765,103740,0.0122773479670286,-0.0240622442215681,0.8202502727508545,0.0981502905488014,0.0461538461538461,0.7442209072978303,ok,e8f290e,d41975d8,precomputed,2.0,1.0
reconstruction,4S456Parcels,6,kernel_ridge,"kernel_ridge[alpha=10.0,gamma_mult=2.0]",SC+bv+demo,SC+bv+demo,FC,True,683,195,103765,103740,0.0120316660031676,-0.0011554573429748,0.8241901397705078,0.1095029711723327,0.0615384615384615,0.7643655489809336,ok,e8f290e,401fa1b4,precomputed,2.0,10.0
reconstruction,4S456Parcels,6,pca_pls,pca_pls,FC,FC,FC,False,683,195,103740,103740,0.0098805092275142,0.1515323668718338,0.8547095656394958,0.4214511215686798,1.0,1.0,ok,e8f290e,0e753204,precomputed,,
reconstruction,4S456Parcels,6,bayesian_ridge,bayesian_ridge,FC,FC,FC,False,683,195,103740,103740,0.0072217700071632,0.3290996551513672,0.8944259285926819,0.6298940181732178,1.0,1.0,ok,e8f290e,649ff9eb,precomputed,,
reconstruction,4S456Parcels,6,kernel_ridge,"kernel_ridge[alpha=0.1,gamma_mult=0.5]",FC,FC,FC,False,683,195,103740,103740,0.0073077376000583,0.3279682695865631,0.893420398235321,0.6298848390579224,1.0,1.0,ok,e8f290e,282f37e2,precomputed,0.5,0.1
reconstruction,4S456Parcels,6,kernel_ridge,"kernel_ridge[alpha=1.0,gamma_mult=0.5]",FC,FC,FC,False,683,195,103740,103740,0.0092079285532236,0.2025132626295089,0.8668455481529236,0.6298426985740662,1.0,1.0,ok,e8f290e,c043708e,precomputed,0.5,1.0
reconstruction,4S456Parcels,6,kernel_ridge,"kernel_ridge[alpha=10.0,gamma_mult=0.5]",FC,FC,FC,False,683,195,103740,103740,0.0116455592215061,0.0276779811829328,0.8300425410270691,0.6285616159439087,1.0,1.0,ok,e8f290e,0d9cd194,precomputed,0.5,10.0
reconstruction,4S456Parcels,6,kernel_ridge,"kernel_ridge[alpha=0.1,gamma_mult=1.0]",FC,FC,FC,False,683,195,103740,103740,0.0072418716736137,0.3300571143627167,0.894230842590332,0.6298567056655884,1.0,1.0,ok,e8f290e,b094560f,precomputed,1.0,0.1
reconstruction,4S456Parcels,6,kernel_ridge,"kernel_ridge[alpha=1.0,gamma_mult=1.0]",FC,FC,FC,False,683,195,103740,103740,0.0084706749767065,0.2538373172283172,0.877616822719574,0.6297568082809448,1.0,1.0,ok,e8f290e,f5c49662,precomputed,1.0,1.0
reconstruction,4S456Parcels,6,kernel_ridge,"kernel_ridge[alpha=10.0,gamma_mult=1.0]",FC,FC,FC,False,683,195,103740,103740,0.0113413836807012,0.0497406981885433,0.8347182273864746,0.6275895237922668,1.0,1.0,ok,e8f290e,c63479e9,precomputed,1.0,10.0
reconstruction,4S456Parcels,6,kernel_ridge,"kernel_ridge[alpha=0.1,gamma_mult=2.0]",FC,FC,FC,False,683,195,103740,103740,0.0072335237637162,0.3290925621986389,0.8943067789077759,0.6297191977500916,1.0,1.0,ok,e8f290e,e1ce4923,precomputed,2.0,0.1
reconstruction,4S456Parcels,6,kernel_ridge,"kernel_ridge[alpha=1.0,gamma_mult=2.0]",FC,FC,FC,False,683,195,103740,103740,0.0080631282180547,0.281416654586792,0.883506715297699,0.6293932199478149,1.0,1.0,ok,e8f290e,dd8f7bfc,precomputed,2.0,1.0
reconstruction,4S456Parcels,6,kernel_ridge,"kernel_ridge[alpha=10.0,gamma_mult=2.0]",FC,FC,FC,False,683,195,103740,103740,0.0110687464475631,0.0694654807448387,0.8389390110969543,0.6236286163330078,1.0,1.0,ok,e8f290e,4666c939,precomputed,2.0,10.0
reconstruction,4S456Parcels,6,pca_pls,pca_pls,SC,SC,SC,False,683,195,103740,103740,0.0037709733005613,0.0559282153844833,0.9247544407844543,0.3731796741485595,1.0,1.0,ok,e8f290e,181372c0,precomputed,,
reconstruction,4S456Parcels,6,bayesian_ridge,bayesian_ridge,SC,SC,SC,False,683,195,103740,103740,0.0026917974464595,0.0951714068651199,0.9468415379524232,0.6218902468681335,1.0,1.0,ok,e8f290e,ccb7c608,precomputed,,
reconstruction,4S456Parcels,6,kernel_ridge,"kernel_ridge[alpha=0.1,gamma_mult=0.5]",SC,SC,SC,False,683,195,103740,103740,0.0027256878092885,0.1255039423704147,0.946249783039093,0.6218793988227844,1.0,1.0,ok,e8f290e,06705ee4,precomputed,0.5,0.1
reconstruction,4S456Parcels,6,kernel_ridge,"kernel_ridge[alpha=1.0,gamma_mult=0.5]",SC,SC,SC,False,683,195,103740,103740,0.0033917832188308,0.1147697195410728,0.9335120320320128,0.6217982172966003,1.0,1.0,ok,e8f290e,ed7042b4,precomputed,0.5,1.0
reconstruction,4S456Parcels,6,kernel_ridge,"kernel_ridge[alpha=10.0,gamma_mult=0.5]",SC,SC,SC,False,683,195,103740,103740,0.004228311125189,0.0151092205196619,0.9169411659240724,0.6164227724075317,1.0,1.0,ok,e8f290e,6ccaece5,precomputed,0.5,10.0
reconstruction,4S456Parcels,6,kernel_ridge,"kernel_ridge[alpha=0.1,gamma_mult=1.0]",SC,SC,SC,False,683,195,103740,103740,0.0027029193006455,0.1134293600916862,0.946662962436676,0.6218463778495789,1.0,1.0,ok,e8f290e,677a0634,precomputed,1.0,0.1
reconstruction,4S456Parcels,6,kernel_ridge,"kernel_ridge[alpha=1.0,gamma_mult=1.0]",SC,SC,SC,False,683,195,103740,103740,0.0031436653807759,0.1351953893899917,0.93837571144104,0.6216771602630615,1.0,1.0,ok,e8f290e,31402496,precomputed,1.0,1.0
reconstruction,4S456Parcels,6,kernel_ridge,"kernel_ridge[alpha=10.0,gamma_mult=1.0]",SC,SC,SC,False,683,195,103740,103740,0.0041264123283326,0.0290204640477895,0.9189885854721068,0.6129881143569946,1.0,1.0,ok,e8f290e,41e6e714,precomputed,1.0,10.0
reconstruction,4S456Parcels,6,kernel_ridge,"kernel_ridge[alpha=0.1,gamma_mult=2.0]",SC,SC,SC,False,683,195,103740,103740,0.0027008850593119,0.1085332781076431,0.946706473827362,0.6216817498207092,1.0,1.0,ok,e8f290e,ca3c6024,precomputed,2.0,0.1
reconstruction,4S456Parcels,6,kernel_ridge,"kernel_ridge[alpha=1.0,gamma_mult=2.0]",SC,SC,SC,False,683,195,103740,103740,0.0030163440387696,0.1419298201799392,0.9408987164497375,0.6211186647415161,1.0,1.0,ok,e8f290e,097ca470,precomputed,2.0,1.0
reconstruction,4S456Parcels,6,kernel_ridge,"kernel_ridge[alpha=10.0,gamma_mult=2.0]",SC,SC,SC,False,683,195,103740,103740,0.0040396680124104,0.0408894829452037,0.9207666516304016,0.5991326570510864,1.0,1.0,ok,e8f290e,86598f2e,precomputed,2.0,10.0
reconstruction,4S456Parcels,7,pca_pls,pca_pls,FC,FC,SC,False,683,195,103740,103740,0.00448844069615,-0.0080440510064363,0.9109064936637878,0.1454919725656509,0.1435897435897435,0.9044838921761998,ok,e8f290e,0e0991c8,precomputed,,
reconstruction,4S456Parcels,7,bayesian_ridge,bayesian_ridge,FC,FC,SC,False,683,195,103740,103740,0.0043598301708698,0.0220206435769796,0.9136150479316713,0.1735296994447708,0.1743589743589743,0.908007889546351,ok,e8f290e,aeab5f19,precomputed,,
reconstruction,4S456Parcels,7,kernel_ridge,"kernel_ridge[alpha=0.1,gamma_mult=0.5]",FC,FC,SC,False,683,195,103740,103740,0.0045471033081412,-0.0232904478907585,0.9097055196762084,0.1434838473796844,0.1948717948717948,0.920552268244576,ok,e8f290e,787b75fb,precomputed,0.5,0.1
reconstruction,4S456Parcels,7,kernel_ridge,"kernel_ridge[alpha=1.0,gamma_mult=0.5]",FC,FC,SC,False,683,195,103740,103740,0.0044096172787249,0.0087822778150439,0.9129499197006226,0.1434819400310516,0.2358974358974359,0.9327810650887574,ok,e8f290e,8ca29101,precomputed,0.5,1.0
reconstruction,4S456Parcels,7,kernel_ridge,"kernel_ridge[alpha=10.0,gamma_mult=0.5]",FC,FC,SC,False,683,195,103740,103740,0.0044810539111495,-0.0041351960971951,0.9118571877479552,0.1423824578523636,0.1794871794871795,0.9274950690335306,ok,e8f290e,68d137f3,precomputed,0.5,10.0
reconstruction,4S456Parcels,7,kernel_ridge,"kernel_ridge[alpha=0.1,gamma_mult=1.0]",FC,FC,SC,False,683,195,103740,103740,0.0046021142043173,-0.0358244851231575,0.9085428714752196,0.1426809430122375,0.1641025641025641,0.9186324786324788,ok,e8f290e,8fcddce6,precomputed,1.0,0.1
reconstruction,4S456Parcels,7,kernel_ridge,"kernel_ridge[alpha=1.0,gamma_mult=1.0]",FC,FC,SC,False,683,195,103740,103740,0.0044150087051093,0.0067293718457221,0.912697970867157,0.1434516310691833,0.2256410256410256,0.9327021696252464,ok,e8f290e,45978201,precomputed,1.0,1.0
reconstruction,4S456Parcels,7,kernel_ridge,"kernel_ridge[alpha=10.0,gamma_mult=1.0]",FC,FC,SC,False,683,195,103740,103740,0.0044676759280264,-0.0016119255451485,0.9120852947235109,0.1418499648571014,0.1948717948717948,0.928257725180802,ok,e8f290e,e1f44093,precomputed,1.0,10.0
reconstruction,4S456Parcels,7,kernel_ridge,"kernel_ridge[alpha=0.1,gamma_mult=2.0]",FC,FC,SC,False,683,195,103740,103740,0.0046482146717607,-0.0464183613657951,0.907592236995697,0.1410989463329315,0.1589743589743589,0.9223142669296516,ok,e8f290e,c4d71c8a,precomputed,2.0,0.1
reconstruction,4S456Parcels,7,kernel_ridge,"kernel_ridge[alpha=1.0,gamma_mult=2.0]",FC,FC,SC,False,683,195,103740,103740,0.004433911293745,0.0019242425914853,0.912215769290924,0.1429415941238403,0.2256410256410256,0.932439184746877,ok,e8f290e,61354cfc,precomputed,2.0,1.0
reconstruction,4S456Parcels,7,kernel_ridge,"kernel_ridge[alpha=10.0,gamma_mult=2.0]",FC,FC,SC,False,683,195,103740,103740,0.0044561168178915,0.0004722249577753,0.9122751355171204,0.1395720988512039,0.2051282051282051,0.9288888888888888,ok,e8f290e,7467fc5c,precomputed,2.0,10.0
reconstruction,4S456Parcels,7,pca_pls,pca_pls,SC,SC,FC,False,683,195,103740,103740,0.0129486685618758,-0.0520031526684761,0.8052970767021179,0.0904059782624244,0.0717948717948717,0.7187113740959895,ok,e8f290e,e245b84b,precomputed,,
reconstruction,4S456Parcels,7,bayesian_ridge,bayesian_ridge,SC,SC,FC,False,683,195,103740,103740,0.012388308532536,-0.0055998126044869,0.8139828443527222,0.1074404567480087,0.0615384615384615,0.7957396449704142,ok,e8f290e,409a0d08,precomputed,,
reconstruction,4S456Parcels,7,kernel_ridge,"kernel_ridge[alpha=0.1,gamma_mult=0.5]",SC,SC,FC,False,683,195,103740,103740,0.0132048958912491,-0.0735506117343902,0.8020414113998413,0.0897587239742279,0.0461538461538461,0.7479815910585141,ok,e8f290e,da234268,precomputed,0.5,0.1
reconstruction,4S456Parcels,7,kernel_ridge,"kernel_ridge[alpha=1.0,gamma_mult=0.5]",SC,SC,FC,False,683,195,103740,103740,0.0124583160504698,-0.0114105464890599,0.8128947019577026,0.0902646407485008,0.0564102564102564,0.7534253780407627,ok,e8f290e,b71f657f,precomputed,0.5,1.0
reconstruction,4S456Parcels,7,kernel_ridge,"kernel_ridge[alpha=10.0,gamma_mult=0.5]",SC,SC,FC,False,683,195,103740,103740,0.0124856727197766,-0.0102608241140842,0.8123008012771606,0.0903023555874824,0.041025641025641,0.7522419460880999,ok,e8f290e,14272bd0,precomputed,0.5,10.0
reconstruction,4S456Parcels,7,kernel_ridge,"kernel_ridge[alpha=0.1,gamma_mult=1.0]",SC,SC,FC,False,683,195,103740,103740,0.0134035758674144,-0.0895910337567329,0.7992558479309082,0.0884318053722381,0.0564102564102564,0.7468770545693623,ok,e8f290e,49a55014,precomputed,1.0,0.1
reconstruction,4S456Parcels,7,kernel_ridge,"kernel_ridge[alpha=1.0,gamma_mult=1.0]",SC,SC,FC,False,683,195,103740,103740,0.0125549752265214,-0.0201127063482999,0.811499834060669,0.0899832099676132,0.0564102564102564,0.7531886916502301,ok,e8f290e,a65df0ee,precomputed,1.0,1.0
reconstruction,4S456Parcels,7,kernel_ridge,"kernel_ridge[alpha=10.0,gamma_mult=1.0]",SC,SC,FC,False,683,195,103740,103740,0.01246546395123,-0.0090588713064789,0.8126364946365356,0.090003564953804,0.0461538461538461,0.7517685733070348,ok,e8f290e,d87d8f91,precomputed,1.0,10.0
reconstruction,4S456Parcels,7,kernel_ridge,"kernel_ridge[alpha=0.1,gamma_mult=2.0]",SC,SC,FC,False,683,195,103740,103740,0.0135158756747841,-0.098618559539318,0.7977177500724792,0.086745798587799,0.0512820512820512,0.747008547008547,ok,e8f290e,61995a65,precomputed,2.0,0.1
reconstruction,4S456Parcels,7,kernel_ridge,"kernel_ridge[alpha=1.0,gamma_mult=2.0]",SC,SC,FC,False,683,195,103740,103740,0.0126557853072881,-0.0286936778575181,0.8100480437278748,0.0891504138708114,0.0564102564102564,0.7542143326758711,ok,e8f290e,74f9bdec,precomputed,2.0,1.0
reconstruction,4S456Parcels,7,kernel_ridge,"kernel_ridge[alpha=10.0,gamma_mult=2.0]",SC,SC,FC,False,683,195,103740,103740,0.0124512165784835,-0.0082720108330249,0.8128839731216431,0.0888352617621421,0.0564102564102564,0.7531623931623932,ok,e8f290e,0170c7bd,precomputed,2.0,10.0
reconstruction,4S456Parcels,7,pca_pls,pca_pls,bv,bv,SC,False,683,195,16,103740,0.0043609072454273,0.0132025266066193,0.91280996799469,0.1835747361183166,0.1333333333333333,0.8957001972386588,ok,e8f290e,8dcf3437,precomputed,,
reconstruction,4S456Parcels,7,bayesian_ridge,bayesian_ridge,bv,bv,SC,False,683,195,16,103740,0.0043010716326534,0.0293640457093715,0.9139711260795592,0.1929475218057632,0.0923076923076923,0.8960683760683761,ok,e8f290e,3dd9f161,precomputed,,
reconstruction,4S456Parcels,7,kernel_ridge,"kernel_ridge[alpha=0.1,gamma_mult=0.5]",bv,bv,SC,False,683,195,16,103740,0.004579528234899,-0.0309977550059556,0.9083587527275084,0.1492928862571716,0.0461538461538461,0.7822485207100591,ok,e8f290e,0d5be656,precomputed,0.5,0.1
reconstruction,4S456Parcels,7,kernel_ridge,"kernel_ridge[alpha=1.0,gamma_mult=0.5]",bv,bv,SC,False,683,195,16,103740,0.0043431078083813,0.0191195346415042,0.9131925106048584,0.1810040026903152,0.1538461538461538,0.8990664036817883,ok,e8f290e,468a1e06,precomputed,0.5,1.0
reconstruction,4S456Parcels,7,kernel_ridge,"kernel_ridge[alpha=10.0,gamma_mult=0.5]",bv,bv,SC,False,683,195,16,103740,0.0043376865796744,0.0236079040914773,0.9137033224105836,0.1858169138431549,0.1589743589743589,0.909033530571992,ok,e8f290e,5dedae33,precomputed,0.5,10.0
reconstruction,4S456Parcels,7,kernel_ridge,"kernel_ridge[alpha=0.1,gamma_mult=1.0]",bv,bv,SC,False,683,195,16,103740,0.0047428198158741,-0.0607558973133564,0.9049049019813538,0.1286160051822662,0.0307692307692307,0.7290466798159105,ok,e8f290e,dfa61203,precomputed,1.0,0.1
reconstruction,4S456Parcels,7,kernel_ridge,"kernel_ridge[alpha=1.0,gamma_mult=1.0]",bv,bv,SC,False,683,195,16,103740,0.0043883170001208,0.0112816737964749,0.9122801423072816,0.1683735847473144,0.0769230769230769,0.8788691650230112,ok,e8f290e,f1c47abb,precomputed,1.0,1.0
reconstruction,4S456Parcels,7,kernel_ridge,"kernel_ridge[alpha=10.0,gamma_mult=1.0]",bv,bv,SC,False,683,195,16,103740,0.0043318457901477,0.0248207226395607,0.9137396216392516,0.183810606598854,0.1589743589743589,0.906508875739645,ok,e8f290e,70daa8ec,precomputed,1.0,10.0
reconstruction,4S456Parcels,7,kernel_ridge,"kernel_ridge[alpha=0.1,gamma_mult=2.0]",bv,bv,SC,False,683,195,16,103740,0.0049845501780509,-0.1082755923271179,0.9000582098960876,0.1070825830101966,0.0153846153846153,0.6854700854700855,ok,e8f290e,4d5c7164,precomputed,2.0,0.1
reconstruction,4S456Parcels,7,kernel_ridge,"kernel_ridge[alpha=1.0,gamma_mult=2.0]",bv,bv,SC,False,683,195,16,103740,0.0044605233706533,-0.0018117895815521,0.9108553528785706,0.150503784418106,0.0461538461538461,0.8523865877712031,ok,e8f290e,788ba98c,precomputed,2.0,1.0
reconstruction,4S456Parcels,7,kernel_ridge,"kernel_ridge[alpha=10.0,gamma_mult=2.0]",bv,bv,SC,False,683,195,16,103740,0.0043443762697279,0.0228886902332305,0.9135081768035888,0.1784006953239441,0.1282051282051282,0.8936489151873768,ok,e8f290e,a48a8164,precomputed,2.0,10.0
reconstruction,4S456Parcels,7,pca_pls,pca_pls,bv,bv,FC,False,683,195,16,103740,0.0126996990293264,-0.0268115047365427,0.8090579509735107,0.0453335084021091,0.0051282051282051,0.6440236686390532,ok,e8f290e,22f94962,precomputed,,
reconstruction,4S456Parcels,7,bayesian_ridge,bayesian_ridge,bv,bv,FC,False,683,195,16,103740,0.0124993743374943,-0.0109617495909333,0.8121085166931152,0.0466994270682334,0.0153846153846153,0.680999342537804,ok,e8f290e,38335f4c,precomputed,,
reconstruction,4S456Parcels,7,kernel_ridge,"kernel_ridge[alpha=0.1,gamma_mult=0.5]",bv,bv,FC,False,683,195,16,103740,0.0133666144683957,-0.0783593654632568,0.7988924980163574,0.0264087673276662,0.0051282051282051,0.5727284681130835,ok,e8f290e,7796fa0c,precomputed,0.5,0.1
reconstruction,4S456Parcels,7,kernel_ridge,"kernel_ridge[alpha=1.0,gamma_mult=0.5]",bv,bv,FC,False,683,195,16,103740,0.0126968175172805,-0.0263469908386468,0.8090882897377014,0.0389680415391922,0.0051282051282051,0.6407626561472715,ok,e8f290e,2497c668,precomputed,0.5,1.0
reconstruction,4S456Parcels,7,kernel_ridge,"kernel_ridge[alpha=10.0,gamma_mult=0.5]",bv,bv,FC,False,683,195,16,103740,0.0125248683616518,-0.0129207875579595,0.8117225170135498,0.0417827032506465,0.0153846153846153,0.6544378698224852,ok,e8f290e,7d7c6021,precomputed,0.5,10.0
reconstruction,4S456Parcels,7,kernel_ridge,"kernel_ridge[alpha=0.1,gamma_mult=1.0]",bv,bv,FC,False,683,195,16,103740,0.0138514442369341,-0.1162041202187538,0.7918965816497803,0.0197975151240825,0.0102564102564102,0.5484812623274162,ok,e8f290e,854da76e,precomputed,1.0,0.1
reconstruction,4S456Parcels,7,kernel_ridge,"kernel_ridge[alpha=1.0,gamma_mult=1.0]",bv,bv,FC,False,683,195,16,103740,0.0128220114856958,-0.0360870398581028,0.8072047829627991,0.0327451452612876,0.0,0.6190927021696252,ok,e8f290e,8d20447f,precomputed,1.0,1.0
reconstruction,4S456Parcels,7,kernel_ridge,"kernel_ridge[alpha=10.0,gamma_mult=1.0]",bv,bv,FC,False,683,195,16,103740,0.0125454179942607,-0.0144950803369283,0.8114396929740906,0.0394049510359764,0.0102564102564102,0.6512820512820513,ok,e8f290e,ceaae852,precomputed,1.0,10.0
reconstruction,4S456Parcels,7,kernel_ridge,"kernel_ridge[alpha=0.1,gamma_mult=2.0]",bv,bv,FC,False,683,195,16,103740,0.0145299704745411,-0.1689746081829071,0.7821530103683472,0.0171253941953182,0.0102564102564102,0.5372781065088758,ok,e8f290e,b91f2d04,precomputed,2.0,0.1
reconstruction,4S456Parcels,7,kernel_ridge,"kernel_ridge[alpha=1.0,gamma_mult=2.0]",bv,bv,FC,False,683,195,16,103740,0.0130015378817915,-0.0501007847487926,0.804448664188385,0.0255950018763542,0.0051282051282051,0.5899539776462853,ok,e8f290e,1cb553a8,precomputed,2.0,1.0
reconstruction,4S456Parcels,7,kernel_ridge,"kernel_ridge[alpha=10.0,gamma_mult=2.0]",bv,bv,FC,False,683,195,16,103740,0.0125653464347124,-0.0160224959254264,0.8111501932144165,0.0348596274852752,0.0102564102564102,0.6404733727810651,ok,e8f290e,bad14318,precomputed,2.0,10.0
reconstruction,4S456Parcels,7,pca_pls,pca_pls,demo,demo,SC,False,683,195,8,103740,0.0044317753054201,0.0048850448802113,0.9122623801231384,0.1390166282653808,0.0307692307692307,0.7996318211702826,ok,e8f290e,0756b68c,precomputed,,
reconstruction,4S456Parcels,7,bayesian_ridge,bayesian_ridge,demo,demo,SC,False,683,195,8,103740,0.0044119120575487,0.0102729620411992,0.9126634001731871,0.143239140510559,0.0256410256410256,0.7990269559500329,ok,e8f290e,01af85ff,precomputed,,
reconstruction,4S456Parcels,7,kernel_ridge,"kernel_ridge[alpha=0.1,gamma_mult=0.5]",demo,demo,SC,False,683,195,8,103740,0.0045073851943016,-0.0105529939755797,0.9107195138931274,0.1244269162416458,0.0358974358974358,0.7233925049309664,ok,e8f290e,b901c538,precomputed,0.5,0.1
reconstruction,4S456Parcels,7,kernel_ridge,"kernel_ridge[alpha=1.0,gamma_mult=0.5]",demo,demo,SC,False,683,195,8,103740,0.0044399076141417,0.0034319725818932,0.912070095539093,0.1340431421995163,0.0256410256410256,0.7849572649572649,ok,e8f290e,08eaab54,precomputed,0.5,1.0
reconstruction,4S456Parcels,7,kernel_ridge,"kernel_ridge[alpha=10.0,gamma_mult=0.5]",demo,demo,SC,False,683,195,8,103740,0.0044174436479806,0.0091229323297739,0.9125505685806274,0.1377820670604705,0.0153846153846153,0.8067850098619329,ok,e8f290e,d07500ba,precomputed,0.5,10.0
reconstruction,4S456Parcels,7,kernel_ridge,"kernel_ridge[alpha=0.1,gamma_mult=1.0]",demo,demo,SC,False,683,195,8,103740,0.0045520588755607,-0.0196772553026676,0.9098230600357056,0.1193434298038482,0.0256410256410256,0.6908086785009862,ok,e8f290e,165b1b74,precomputed,1.0,0.1
reconstruction,4S456Parcels,7,kernel_ridge,"kernel_ridge[alpha=1.0,gamma_mult=1.0]",demo,demo,SC,False,683,195,8,103740,0.0044639026746153,-0.0017800033092498,0.9115843176841736,0.1283295005559921,0.0307692307692307,0.755266272189349,ok,e8f290e,359f0176,precomputed,1.0,1.0
reconstruction,4S456Parcels,7,kernel_ridge,"kernel_ridge[alpha=10.0,gamma_mult=1.0]",demo,demo,SC,False,683,195,8,103740,0.0044190757907927,0.0084664765745401,0.9124918580055236,0.1353771686553955,0.0051282051282051,0.8061012491781723,ok,e8f290e,4a4a25ca,precomputed,1.0,10.0
reconstruction,4S456Parcels,7,kernel_ridge,"kernel_ridge[alpha=0.1,gamma_mult=2.0]",demo,demo,SC,False,683,195,8,103740,0.004596444312483,-0.0290245190262794,0.9089455604553224,0.1146383807063102,0.0153846153846153,0.6694017094017094,ok,e8f290e,60652fa2,precomputed,2.0,0.1
reconstruction,4S456Parcels,7,kernel_ridge,"kernel_ridge[alpha=1.0,gamma_mult=2.0]",demo,demo,SC,False,683,195,8,103740,0.0044916761107742,-0.0076296688057482,0.911019504070282,0.1227231919765472,0.0358974358974358,0.72525969756739,ok,e8f290e,a53e7f48,precomputed,2.0,1.0
reconstruction,4S456Parcels,7,kernel_ridge,"kernel_ridge[alpha=10.0,gamma_mult=2.0]",demo,demo,SC,False,683,195,8,103740,0.0044260821305215,0.0066656791605055,0.9123445749282836,0.1308426111936569,0.0153846153846153,0.7990532544378698,ok,e8f290e,9312793c,precomputed,2.0,10.0
reconstruction,4S456Parcels,7,pca_pls,pca_pls,demo,demo,FC,False,683,195,8,103740,0.0123725635930895,-0.0039501283317804,0.8140493631362915,0.1056026741862297,0.0153846153846153,0.6804470742932281,ok,e8f290e,7da99317,precomputed,,
reconstruction,4S456Parcels,7,bayesian_ridge,bayesian_ridge,demo,demo,FC,False,683,195,8,103740,0.0122980521991848,0.0021431245841085,0.8152600526809692,0.1135045737028122,0.0205128205128205,0.678948060486522,ok,e8f290e,a92f0ba0,precomputed,,
reconstruction,4S456Parcels,7,kernel_ridge,"kernel_ridge[alpha=0.1,gamma_mult=0.5]",demo,demo,FC,False,683,195,8,103740,0.0125426482409238,-0.0169533155858516,0.8113237619400024,0.0970197170972824,0.0102564102564102,0.6761341222879684,ok,e8f290e,2adfffe3,precomputed,0.5,0.1
reconstruction,4S456Parcels,7,kernel_ridge,"kernel_ridge[alpha=1.0,gamma_mult=0.5]",demo,demo,FC,False,683,195,8,103740,0.0123786376789212,-0.004251470323652,0.813877522945404,0.1061521470546722,0.0205128205128205,0.6920973044049967,ok,e8f290e,dfe62a56,precomputed,0.5,1.0
reconstruction,4S456Parcels,7,kernel_ridge,"kernel_ridge[alpha=10.0,gamma_mult=0.5]",demo,demo,FC,False,683,195,8,103740,0.0123292049393057,6.558083987329155e-05,0.8146562576293945,0.1093677431344986,0.0102564102564102,0.6954635108481262,ok,e8f290e,2f84c02c,precomputed,0.5,10.0
reconstruction,4S456Parcels,7,kernel_ridge,"kernel_ridge[alpha=0.1,gamma_mult=1.0]",demo,demo,FC,False,683,195,8,103740,0.0126493647694587,-0.0252819322049617,0.8097323179244995,0.0922288745641708,0.0153846153846153,0.6679815910585142,ok,e8f290e,d773d42a,precomputed,1.0,0.1
reconstruction,4S456Parcels,7,kernel_ridge,"kernel_ridge[alpha=1.0,gamma_mult=1.0]",demo,demo,FC,False,683,195,8,103740,0.0124331768602132,-0.0084037231281399,0.813007116317749,0.101722851395607,0.0102564102564102,0.6889414858645628,ok,e8f290e,28347403,precomputed,1.0,1.0
reconstruction,4S456Parcels,7,kernel_ridge,"kernel_ridge[alpha=10.0,gamma_mult=1.0]",demo,demo,FC,False,683,195,8,103740,0.0123322177678346,-0.0002851255703717,0.8146002292633057,0.1085793748497963,0.0307692307692307,0.700276134122288,ok,e8f290e,c35c5912,precomputed,1.0,10.0
reconstruction,4S456Parcels,7,kernel_ridge,"kernel_ridge[alpha=0.1,gamma_mult=2.0]",demo,demo,FC,False,683,195,8,103740,0.0127631211653351,-0.0341728292405605,0.8080570101737976,0.0866127908229827,0.0153846153846153,0.6562524654832347,ok,e8f290e,79981d99,precomputed,2.0,0.1
reconstruction,4S456Parcels,7,kernel_ridge,"kernel_ridge[alpha=1.0,gamma_mult=2.0]",demo,demo,FC,False,683,195,8,103740,0.0124966874718666,-0.0132733648642897,0.8120211958885193,0.0966731160879135,0.0102564102564102,0.6842077580539119,ok,e8f290e,3ad1c565,precomputed,2.0,1.0
reconstruction,4S456Parcels,7,kernel_ridge,"kernel_ridge[alpha=10.0,gamma_mult=2.0]",demo,demo,FC,False,683,195,8,103740,0.0123494639992713,-0.0015538200968876,0.8143119812011719,0.1058164536952972,0.0153846153846153,0.6942800788954635,ok,e8f290e,10a822b6,precomputed,2.0,10.0
reconstruction,4S456Parcels,7,pca_pls,pca_pls,bv+demo,bv+demo,SC,False,683,195,24,103740,0.0043618166819214,0.0108222449198365,0.9127713441848756,0.1962866634130478,0.1538461538461538,0.920552268244576,ok,e8f290e,07437077,precomputed,,
reconstruction,4S456Parcels,7,bayesian_ridge,bayesian_ridge,bv+demo,bv+demo,SC,False,683,195,24,103740,0.0042747696861624,0.0337349623441696,0.9145074486732484,0.2102464288473129,0.1384615384615384,0.9333333333333332,ok,e8f290e,73a0f40d,precomputed,,
reconstruction,4S456Parcels,7,kernel_ridge,"kernel_ridge[alpha=0.1,gamma_mult=0.5]",bv+demo,bv+demo,SC,False,683,195,24,103740,0.004546686541289,-0.0279963817447423,0.9091054797172546,0.1699301749467849,0.082051282051282,0.8320052596975674,ok,e8f290e,c953b75a,precomputed,0.5,0.1
reconstruction,4S456Parcels,7,kernel_ridge,"kernel_ridge[alpha=1.0,gamma_mult=0.5]",bv+demo,bv+demo,SC,False,683,195,24,103740,0.0043171709403395,0.0226860772818326,0.9137475490570068,0.1981566250324249,0.2205128205128205,0.9349638395792242,ok,e8f290e,57f27cfb,precomputed,0.5,1.0
reconstruction,4S456Parcels,7,kernel_ridge,"kernel_ridge[alpha=10.0,gamma_mult=0.5]",bv+demo,bv+demo,SC,False,683,195,24,103740,0.0043428824283182,0.0225372444838285,0.91380113363266,0.1986057013273239,0.1794871794871795,0.9375147928994084,ok,e8f290e,eacc76cc,precomputed,0.5,10.0
reconstruction,4S456Parcels,7,kernel_ridge,"kernel_ridge[alpha=0.1,gamma_mult=1.0]",bv+demo,bv+demo,SC,False,683,195,24,103740,0.0047713941894471,-0.0709558054804802,0.9044087529182434,0.1430528908967971,0.0615384615384615,0.7569230769230769,ok,e8f290e,92ce1687,precomputed,1.0,0.1
reconstruction,4S456Parcels,7,kernel_ridge,"kernel_ridge[alpha=1.0,gamma_mult=1.0]",bv+demo,bv+demo,SC,False,683,195,24,103740,0.0043536545708775,0.015893954783678,0.9130034446716307,0.1880779713392257,0.1794871794871795,0.922656147271532,ok,e8f290e,72211fbb,precomputed,1.0,1.0
reconstruction,4S456Parcels,7,kernel_ridge,"kernel_ridge[alpha=10.0,gamma_mult=1.0]",bv+demo,bv+demo,SC,False,683,195,24,103740,0.0043246201239526,0.0258987918496131,0.914027452468872,0.197390079498291,0.2102564102564102,0.9388560157790928,ok,e8f290e,f0f03d20,precomputed,1.0,10.0
reconstruction,4S456Parcels,7,kernel_ridge,"kernel_ridge[alpha=0.1,gamma_mult=2.0]",bv+demo,bv+demo,SC,False,683,195,24,103740,0.0050070127472281,-0.1153936311602592,0.8996272087097168,0.1206662133336067,0.0256410256410256,0.7259697567389876,ok,e8f290e,5e1eac4b,precomputed,2.0,0.1
reconstruction,4S456Parcels,7,kernel_ridge,"kernel_ridge[alpha=1.0,gamma_mult=2.0]",bv+demo,bv+demo,SC,False,683,195,24,103740,0.0044244192540645,0.0032267796341329,0.9115886688232422,0.1695590317249298,0.0974358974358974,0.8995660749506903,ok,e8f290e,949faeb1,precomputed,2.0,1.0
reconstruction,4S456Parcels,7,kernel_ridge,"kernel_ridge[alpha=10.0,gamma_mult=2.0]",bv+demo,bv+demo,SC,False,683,195,24,103740,0.004328385926783,0.0254243724048137,0.913918435573578,0.1926601678133011,0.1948717948717948,0.9326758711374096,ok,e8f290e,7973c365,precomputed,2.0,10.0
reconstruction,4S456Parcels,7,pca_pls,pca_pls,bv+demo,bv+demo,FC,False,683,195,24,103740,0.0126072708517313,-0.0222900174558162,0.8106101155281067,0.0939522981643676,0.0358974358974358,0.689362261669954,ok,e8f290e,588e41e3,precomputed,,
reconstruction,4S456Parcels,7,bayesian_ridge,bayesian_ridge,bv+demo,bv+demo,FC,False,683,195,24,103740,0.0123099945485591,0.0015871805371716,0.8150614500045776,0.1157306283712387,0.0153846153846153,0.7079552925706771,ok,e8f290e,cd5c1cf2,precomputed,,
reconstruction,4S456Parcels,7,kernel_ridge,"kernel_ridge[alpha=0.1,gamma_mult=0.5]",bv+demo,bv+demo,FC,False,683,195,24,103740,0.0131890699267387,-0.0671419352293014,0.8014389276504517,0.0705123022198677,0.041025641025641,0.6557527942143326,ok,e8f290e,aa1ecea7,precomputed,0.5,0.1
reconstruction,4S456Parcels,7,kernel_ridge,"kernel_ridge[alpha=1.0,gamma_mult=0.5]",bv+demo,bv+demo,FC,False,683,195,24,103740,0.0125193046405911,-0.0149327013641595,0.8118864893913269,0.0916883200407028,0.0307692307692307,0.698671926364234,ok,e8f290e,79ace16b,precomputed,0.5,1.0
reconstruction,4S456Parcels,7,kernel_ridge,"kernel_ridge[alpha=10.0,gamma_mult=0.5]",bv+demo,bv+demo,FC,False,683,195,24,103740,0.0123940641060471,-0.0040905033238232,0.8137174844741821,0.0946244522929191,0.0205128205128205,0.7105062458908613,ok,e8f290e,525128b7,precomputed,0.5,10.0
reconstruction,4S456Parcels,7,kernel_ridge,"kernel_ridge[alpha=0.1,gamma_mult=1.0]",bv+demo,bv+demo,FC,False,683,195,24,103740,0.0138664711266756,-0.1198584660887718,0.7914110422134399,0.0541866794228553,0.0153846153846153,0.6193293885601578,ok,e8f290e,13cba7b0,precomputed,1.0,0.1
reconstruction,4S456Parcels,7,kernel_ridge,"kernel_ridge[alpha=1.0,gamma_mult=1.0]",bv+demo,bv+demo,FC,False,683,195,24,103740,0.0126395253464579,-0.0241617131978273,0.8100450038909912,0.0827426686882972,0.0307692307692307,0.6871794871794872,ok,e8f290e,f640aa80,precomputed,1.0,1.0
reconstruction,4S456Parcels,7,kernel_ridge,"kernel_ridge[alpha=10.0,gamma_mult=1.0]",bv+demo,bv+demo,FC,False,683,195,24,103740,0.0123961251229047,-0.0044570043683052,0.813720703125,0.0924594178795814,0.0256410256410256,0.7076397107166338,ok,e8f290e,b77cd3b8,precomputed,1.0,10.0
reconstruction,4S456Parcels,7,kernel_ridge,"kernel_ridge[alpha=0.1,gamma_mult=2.0]",bv+demo,bv+demo,FC,False,683,195,24,103740,0.0145323928445577,-0.1715506911277771,0.7821129560470581,0.0431841984391212,0.0102564102564102,0.5958974358974359,ok,e8f290e,1e5faadf,precomputed,2.0,0.1
reconstruction,4S456Parcels,7,kernel_ridge,"kernel_ridge[alpha=1.0,gamma_mult=2.0]",bv+demo,bv+demo,FC,False,683,195,24,103740,0.0128347324207425,-0.0391677021980285,0.8070428967475891,0.068941093981266,0.0256410256410256,0.6692439184746877,ok,e8f290e,3548e305,precomputed,2.0,1.0
reconstruction,4S456Parcels,7,kernel_ridge,"kernel_ridge[alpha=10.0,gamma_mult=2.0]",bv+demo,bv+demo,FC,False,683,195,24,103740,0.0124160191044211,-0.0059719709679484,0.8134288787841797,0.0873141959309578,0.0153846153846153,0.700749506903353,ok,e8f290e,1cc2ca9b,precomputed,2.0,10.0
reconstruction,4S456Parcels,7,pca_pls,pca_pls,FC+bv+demo,FC+bv+demo,SC,True,683,195,103764,103740,0.0044052246958017,0.0015529771335422,0.9118051528930664,0.1881693452596664,0.2564102564102564,0.9499013806706116,ok,e8f290e,3398d265,precomputed,,
reconstruction,4S456Parcels,7,bayesian_ridge,bayesian_ridge,FC+bv+demo,FC+bv+demo,SC,True,683,195,103764,103740,0.0042841378599405,0.031885452568531,0.9143343567848206,0.2088027596473693,0.2307692307692307,0.9471137409598948,ok,e8f290e,4a67112d,precomputed,,
reconstruction,4S456Parcels,7,kernel_ridge,"kernel_ridge[alpha=0.1,gamma_mult=0.5]",FC+bv+demo,FC+bv+demo,SC,True,683,195,103764,103740,0.0044581182301044,-0.0122849615290761,0.9106825590133668,0.1899104565382003,0.2974358974358974,0.9574753451676528,ok,e8f290e,1d3dbc65,precomputed,0.5,0.1
reconstruction,4S456Parcels,7,kernel_ridge,"kernel_ridge[alpha=1.0,gamma_mult=0.5]",FC+bv+demo,FC+bv+demo,SC,True,683,195,103764,103740,0.0042903712019324,0.0281457379460334,0.914220929145813,0.2054180800914764,0.3692307692307692,0.9742011834319526,ok,e8f290e,6d53c396,precomputed,0.5,1.0
reconstruction,4S456Parcels,7,kernel_ridge,"kernel_ridge[alpha=10.0,gamma_mult=0.5]",FC+bv+demo,FC+bv+demo,SC,True,683,195,103764,103740,0.0043843649327754,0.0142702478915452,0.912800431251526,0.1934377402067184,0.1435897435897435,0.9356476002629848,ok,e8f290e,0a2702fc,precomputed,0.5,10.0
reconstruction,4S456Parcels,7,kernel_ridge,"kernel_ridge[alpha=0.1,gamma_mult=1.0]",FC+bv+demo,FC+bv+demo,SC,True,683,195,103764,103740,0.0045163379982113,-0.0256399046629667,0.9095004200935364,0.188749149441719,0.282051282051282,0.9566863905325445,ok,e8f290e,46f915cc,precomputed,1.0,0.1
reconstruction,4S456Parcels,7,kernel_ridge,"kernel_ridge[alpha=1.0,gamma_mult=1.0]",FC+bv+demo,FC+bv+demo,SC,True,683,195,103764,103740,0.0043030721135437,0.0235990770161151,0.9139328598976136,0.2035401314496994,0.358974358974359,0.972965154503616,ok,e8f290e,5e41c39f,precomputed,1.0,1.0
reconstruction,4S456Parcels,7,kernel_ridge,"kernel_ridge[alpha=10.0,gamma_mult=1.0]",FC+bv+demo,FC+bv+demo,SC,True,683,195,103764,103740,0.0043520955368876,0.0200680270791053,0.9132275581359864,0.1969084590673446,0.2717948717948718,0.9559500328731098,ok,e8f290e,a3d0a7c1,precomputed,1.0,10.0
reconstruction,4S456Parcels,7,kernel_ridge,"kernel_ridge[alpha=0.1,gamma_mult=2.0]",FC+bv+demo,FC+bv+demo,SC,True,683,195,103764,103740,0.0045592351816594,-0.0360743068158626,0.9086915850639344,0.1901184916496276,0.282051282051282,0.9600262984878368,ok,e8f290e,7a00045b,precomputed,2.0,0.1
reconstruction,4S456Parcels,7,kernel_ridge,"kernel_ridge[alpha=1.0,gamma_mult=2.0]",FC+bv+demo,FC+bv+demo,SC,True,683,195,103764,103740,0.0043303170241415,0.0161139126867055,0.913400173187256,0.2029334008693695,0.3230769230769231,0.9718080210387904,ok,e8f290e,fd7633be,precomputed,2.0,1.0
reconstruction,4S456Parcels,7,kernel_ridge,"kernel_ridge[alpha=10.0,gamma_mult=2.0]",FC+bv+demo,FC+bv+demo,SC,True,683,195,103764,103740,0.0043300073593854,0.0238599143922328,0.9135363698005676,0.1983485221862793,0.3333333333333333,0.9655226824457592,ok,e8f290e,482f15e0,precomputed,2.0,10.0
reconstruction,4S456Parcels,7,pca_pls,pca_pls,SC+bv+demo,SC+bv+demo,FC,True,683,195,103764,103740,0.0128382742404937,-0.0435980781912803,0.8069184422492981,0.1079921647906303,0.0769230769230769,0.7453254437869823,ok,e8f290e,a4679117,precomputed,,
reconstruction,4S456Parcels,7,bayesian_ridge,bayesian_ridge,SC+bv+demo,SC+bv+demo,FC,True,683,195,103764,103740,0.0123172402381896,-0.0007544346153736,0.8150197863578796,0.1251779347658157,0.0666666666666666,0.7975016436554898,ok,e8f290e,8089345b,precomputed,,
reconstruction,4S456Parcels,7,kernel_ridge,"kernel_ridge[alpha=0.1,gamma_mult=0.5]",SC+bv+demo,SC+bv+demo,FC,True,683,195,103764,103740,0.0131129501387476,-0.0670588165521621,0.8032763600349426,0.1078369840979576,0.0461538461538461,0.7687310979618671,ok,e8f290e,96220147,precomputed,0.5,0.1
reconstruction,4S456Parcels,7,kernel_ridge,"kernel_ridge[alpha=1.0,gamma_mult=0.5]",SC+bv+demo,SC+bv+demo,FC,True,683,195,103764,103740,0.0123494509607553,-0.0039102556183934,0.8145269751548767,0.1197594255208969,0.0512820512820512,0.7902695595003287,ok,e8f290e,f2aa715f,precomputed,0.5,1.0
reconstruction,4S456Parcels,7,kernel_ridge,"kernel_ridge[alpha=10.0,gamma_mult=0.5]",SC+bv+demo,SC+bv+demo,FC,True,683,195,103764,103740,0.0124326609075069,-0.0066351271234452,0.8131343126296997,0.1162735074758529,0.0512820512820512,0.7870874424720579,ok,e8f290e,84487b1f,precomputed,0.5,10.0
reconstruction,4S456Parcels,7,kernel_ridge,"kernel_ridge[alpha=0.1,gamma_mult=1.0]",SC+bv+demo,SC+bv+demo,FC,True,683,195,103764,103740,0.0133023783564567,-0.0822750627994537,0.8006356954574585,0.1067497581243515,0.041025641025641,0.7692307692307692,ok,e8f290e,01981a5e,precomputed,1.0,0.1
reconstruction,4S456Parcels,7,kernel_ridge,"kernel_ridge[alpha=1.0,gamma_mult=1.0]",SC+bv+demo,SC+bv+demo,FC,True,683,195,103764,103740,0.0124368872493505,-0.0118483416736125,0.8132477402687073,0.1175714060664177,0.0564102564102564,0.7874293228139382,ok,e8f290e,f6f1493f,precomputed,1.0,1.0
reconstruction,4S456Parcels,7,kernel_ridge,"kernel_ridge[alpha=10.0,gamma_mult=1.0]",SC+bv+demo,SC+bv+demo,FC,True,683,195,103764,103740,0.0123990466818213,-0.0045478167012333,0.8136740922927856,0.1181022822856903,0.0461538461538461,0.7907955292570678,ok,e8f290e,bcd5194e,precomputed,1.0,10.0
reconstruction,4S456Parcels,7,kernel_ridge,"kernel_ridge[alpha=0.1,gamma_mult=2.0]",SC+bv+demo,SC+bv+demo,FC,True,683,195,103764,103740,0.0133698610588908,-0.0876874402165412,0.7997764945030212,0.1073790714144706,0.0461538461538461,0.7741485864562787,ok,e8f290e,b585b4e3,precomputed,2.0,0.1
reconstruction,4S456Parcels,7,kernel_ridge,"kernel_ridge[alpha=1.0,gamma_mult=2.0]",SC+bv+demo,SC+bv+demo,FC,True,683,195,103764,103740,0.0125279892235994,-0.0196249298751354,0.8119409680366516,0.1168530955910682,0.0769230769230769,0.7887442472057857,ok,e8f290e,90e2f33c,precomputed,2.0,1.0
reconstruction,4S456Parcels,7,kernel_ridge,"kernel_ridge[alpha=10.0,gamma_mult=2.0]",SC+bv+demo,SC+bv+demo,FC,True,683,195,103764,103740,0.0123781953006982,-0.0033512094523757,0.8140235543251038,0.1178132444620132,0.0564102564102564,0.7913477975016436,ok,e8f290e,e51cdb9e,precomputed,2.0,10.0
reconstruction,4S456Parcels,7,pca_pls,pca_pls,FC,FC,FC,False,683,195,103740,103740,0.0102618113160133,0.1381086409091949,0.8465906381607056,0.4055984020233154,1.0,1.0,ok,e8f290e,3b3c6bea,precomputed,,
reconstruction,4S456Parcels,7,bayesian_ridge,bayesian_ridge,FC,FC,FC,False,683,195,103740,103740,0.007296192459762,0.335330069065094,0.8914992809295654,0.6345779299736023,1.0,1.0,ok,e8f290e,00e4d044,precomputed,,
reconstruction,4S456Parcels,7,kernel_ridge,"kernel_ridge[alpha=0.1,gamma_mult=0.5]",FC,FC,FC,False,683,195,103740,103740,0.0073900609277188,0.3338666558265686,0.890281617641449,0.6345693469047546,1.0,1.0,ok,e8f290e,729e4017,precomputed,0.5,0.1
reconstruction,4S456Parcels,7,kernel_ridge,"kernel_ridge[alpha=1.0,gamma_mult=0.5]",FC,FC,FC,False,683,195,103740,103740,0.0094204330816864,0.2034892290830612,0.8600606918334961,0.6345351338386536,1.0,1.0,ok,e8f290e,94308230,precomputed,0.5,1.0
reconstruction,4S456Parcels,7,kernel_ridge,"kernel_ridge[alpha=10.0,gamma_mult=0.5]",FC,FC,FC,False,683,195,103740,103740,0.0119848903268575,0.0252923052757978,0.820056140422821,0.6334875822067261,0.882051282051282,0.9987639710716634,ok,e8f290e,cde8326f,precomputed,0.5,10.0
reconstruction,4S456Parcels,7,kernel_ridge,"kernel_ridge[alpha=0.1,gamma_mult=1.0]",FC,FC,FC,False,683,195,103740,103740,0.0073183882050216,0.3362014293670654,0.8912486433982849,0.6345425844192505,1.0,1.0,ok,e8f290e,2e97da1b,precomputed,1.0,0.1
reconstruction,4S456Parcels,7,kernel_ridge,"kernel_ridge[alpha=1.0,gamma_mult=1.0]",FC,FC,FC,False,683,195,103740,103740,0.0086316242814064,0.25675168633461,0.8722155690193176,0.6344641447067261,1.0,1.0,ok,e8f290e,02271e19,precomputed,1.0,1.0
reconstruction,4S456Parcels,7,kernel_ridge,"kernel_ridge[alpha=10.0,gamma_mult=1.0]",FC,FC,FC,False,683,195,103740,103740,0.0116611365228891,0.0479952618479728,0.8251155018806458,0.6326775550842285,0.9076923076923076,0.9992636423405654,ok,e8f290e,72cdfa7d,precomputed,1.0,10.0
reconstruction,4S456Parcels,7,kernel_ridge,"kernel_ridge[alpha=0.1,gamma_mult=2.0]",FC,FC,FC,False,683,195,103740,103740,0.0073094093240797,0.3351916372776031,0.8913604021072388,0.6344197392463684,1.0,1.0,ok,e8f290e,f9c462b9,precomputed,2.0,0.1
reconstruction,4S456Parcels,7,kernel_ridge,"kernel_ridge[alpha=1.0,gamma_mult=2.0]",FC,FC,FC,False,683,195,103740,103740,0.0081864250823855,0.2859877645969391,0.8790343999862671,0.6341644525527954,1.0,1.0,ok,e8f290e,3ae1c26c,precomputed,2.0,1.0
reconstruction,4S456Parcels,7,kernel_ridge,"kernel_ridge[alpha=10.0,gamma_mult=2.0]",FC,FC,FC,False,683,195,103740,103740,0.0113614238798618,0.068916268646717,0.8298327326774597,0.6294237971305847,0.958974358974359,0.9997633136094676,ok,e8f290e,f2443f8d,precomputed,2.0,10.0
reconstruction,4S456Parcels,7,pca_pls,pca_pls,SC,SC,SC,False,683,195,103740,103740,0.0038972406182438,0.0526809617877006,0.9223305583000184,0.3630695044994354,1.0,1.0,ok,e8f290e,dac191ad,precomputed,,
reconstruction,4S456Parcels,7,bayesian_ridge,bayesian_ridge,SC,SC,SC,False,683,195,103740,103740,0.0027372546028345,0.1086803674697876,0.9460040926933287,0.6241047978401184,1.0,1.0,ok,e8f290e,9cba00f8,precomputed,,
reconstruction,4S456Parcels,7,kernel_ridge,"kernel_ridge[alpha=0.1,gamma_mult=0.5]",SC,SC,SC,False,683,195,103740,103740,0.002772721229121,0.1352759301662445,0.9453796148300172,0.6240940093994141,1.0,1.0,ok,e8f290e,d492785a,precomputed,0.5,0.1
reconstruction,4S456Parcels,7,kernel_ridge,"kernel_ridge[alpha=1.0,gamma_mult=0.5]",SC,SC,SC,False,683,195,103740,103740,0.0034582435619086,0.1162652522325515,0.932255208492279,0.6240140795707703,1.0,1.0,ok,e8f290e,bec8cee0,precomputed,0.5,1.0
reconstruction,4S456Parcels,7,kernel_ridge,"kernel_ridge[alpha=10.0,gamma_mult=0.5]",SC,SC,SC,False,683,195,103740,103740,0.0043219402432441,0.0156800579279661,0.9151073098182678,0.6190212965011597,1.0,1.0,ok,e8f290e,ff6cdeea,precomputed,0.5,10.0
reconstruction,4S456Parcels,7,kernel_ridge,"kernel_ridge[alpha=0.1,gamma_mult=1.0]",SC,SC,SC,False,683,195,103740,103740,0.0027497035916894,0.1252560913562774,0.945801079273224,0.6240606904029846,1.0,1.0,ok,e8f290e,41e91aa5,precomputed,1.0,0.1
reconstruction,4S456Parcels,7,kernel_ridge,"kernel_ridge[alpha=1.0,gamma_mult=1.0]",SC,SC,SC,False,683,195,103740,103740,0.0032049352303147,0.1376962512731552,0.9372321367263794,0.623892068862915,1.0,1.0,ok,e8f290e,ba6da058,precomputed,1.0,1.0
reconstruction,4S456Parcels,7,kernel_ridge,"kernel_ridge[alpha=10.0,gamma_mult=1.0]",SC,SC,SC,False,683,195,103740,103740,0.004217215348035,0.0293512661010026,0.9172168970108032,0.6157689690589905,1.0,1.0,ok,e8f290e,04a66a22,precomputed,1.0,10.0
reconstruction,4S456Parcels,7,kernel_ridge,"kernel_ridge[alpha=0.1,gamma_mult=2.0]",SC,SC,SC,False,683,195,103740,103740,0.0027485103346407,0.1216314509510994,0.9458361268043518,0.6238912343978882,1.0,1.0,ok,e8f290e,b097cb41,precomputed,2.0,0.1
reconstruction,4S456Parcels,7,kernel_ridge,"kernel_ridge[alpha=1.0,gamma_mult=2.0]",SC,SC,SC,False,683,195,103740,103740,0.0030781554523855,0.1451902389526367,0.9397578239440918,0.6233276724815369,1.0,1.0,ok,e8f290e,21eb1c96,precomputed,2.0,1.0
reconstruction,4S456Parcels,7,kernel_ridge,"kernel_ridge[alpha=10.0,gamma_mult=2.0]",SC,SC,SC,False,683,195,103740,103740,0.004129419568926,0.0407154075801372,0.9190208911895752,0.6026511788368225,1.0,1.0,ok,e8f290e,08c4c411,precomputed,2.0,10.0
reconstruction,4S456Parcels,8,pca_pls,pca_pls,FC,FC,SC,False,683,195,103740,103740,0.0045345467515289,-0.0123280668631196,0.9101244807243348,0.1457051783800125,0.1435897435897435,0.8824194608809993,ok,6b5eb84,38729609,precomputed,,
reconstruction,4S456Parcels,8,bayesian_ridge,bayesian_ridge,FC,FC,SC,False,683,195,103740,103740,0.004393296316266,0.0175466537475585,0.9130156636238098,0.1711710542440414,0.1589743589743589,0.8947797501643655,ok,6b5eb84,2ceb1e48,precomputed,,
reconstruction,4S456Parcels,8,kernel_ridge,"kernel_ridge[alpha=0.1,gamma_mult=0.5]",FC,FC,SC,False,683,195,103740,103740,0.0045871012844145,-0.0264953300356864,0.909016251564026,0.1447649449110031,0.2205128205128205,0.907087442472058,ok,6b5eb84,8f7371f5,precomputed,0.5,0.1
reconstruction,4S456Parcels,8,kernel_ridge,"kernel_ridge[alpha=1.0,gamma_mult=0.5]",FC,FC,SC,False,683,195,103740,103740,0.0044368021190166,0.0075822467915713,0.912415325641632,0.1448367238044738,0.2153846153846154,0.9222616699539776,ok,6b5eb84,8818a4d3,precomputed,0.5,1.0
reconstruction,4S456Parcels,8,kernel_ridge,"kernel_ridge[alpha=10.0,gamma_mult=0.5]",FC,FC,SC,False,683,195,103740,103740,0.0045088687911629,-0.0043161651119589,0.9113697409629822,0.1442817747592926,0.2,0.9195266272189347,ok,6b5eb84,27d8d350,precomputed,0.5,10.0
reconstruction,4S456Parcels,8,kernel_ridge,"kernel_ridge[alpha=0.1,gamma_mult=1.0]",FC,FC,SC,False,683,195,103740,103740,0.0046432078815996,-0.0385263562202453,0.9078691601753236,0.1440011858940124,0.2051282051282051,0.9078500986193294,ok,6b5eb84,a0522cd8,precomputed,1.0,0.1
reconstruction,4S456Parcels,8,kernel_ridge,"kernel_ridge[alpha=1.0,gamma_mult=1.0]",FC,FC,SC,False,683,195,103740,103740,0.0044430922716856,0.0052426094189286,0.91214257478714,0.1448299139738083,0.2358974358974359,0.9224457593688364,ok,6b5eb84,08af5a39,precomputed,1.0,1.0
reconstruction,4S456Parcels,8,kernel_ridge,"kernel_ridge[alpha=10.0,gamma_mult=1.0]",FC,FC,SC,False,683,195,103740,103740,0.0044948337599635,-0.0017869964940473,0.9116013646125792,0.1439627259969711,0.2,0.9201577909270215,ok,6b5eb84,862581f8,precomputed,1.0,10.0
reconstruction,4S456Parcels,8,kernel_ridge,"kernel_ridge[alpha=0.1,gamma_mult=2.0]",FC,FC,SC,False,683,195,103740,103740,0.0046859895810484,-0.0476556867361068,0.9069949984550476,0.1425992399454116,0.1846153846153846,0.9138724523339908,ok,6b5eb84,2ad5bb6f,precomputed,2.0,0.1
reconstruction,4S456Parcels,8,kernel_ridge,"kernel_ridge[alpha=1.0,gamma_mult=2.0]",FC,FC,SC,False,683,195,103740,103740,0.0044616684317588,0.0007052879082038,0.9116731286048888,0.144436240196228,0.2358974358974359,0.9248389217619988,ok,6b5eb84,5dc9e73d,precomputed,2.0,1.0
reconstruction,4S456Parcels,8,kernel_ridge,"kernel_ridge[alpha=10.0,gamma_mult=2.0]",FC,FC,SC,False,683,195,103740,103740,0.0044822907075285,0.0004557428183034,0.9118018746376038,0.1423474997282028,0.2051282051282051,0.9207363576594346,ok,6b5eb84,7f536bf0,precomputed,2.0,10.0
reconstruction,4S456Parcels,8,pca_pls,pca_pls,SC,SC,FC,False,683,195,103740,103740,0.0127634750679135,-0.0445194356143474,0.8161170482635498,0.090523824095726,0.0461538461538461,0.7362261669953978,ok,6b5eb84,f9899afa,precomputed,,
reconstruction,4S456Parcels,8,bayesian_ridge,bayesian_ridge,SC,SC,FC,False,683,195,103740,103740,0.0122699700295925,-0.0035642683506011,0.8241766691207886,0.0977765098214149,0.0666666666666666,0.7752005259697567,ok,6b5eb84,f0f7ad14,precomputed,,
reconstruction,4S456Parcels,8,kernel_ridge,"kernel_ridge[alpha=0.1,gamma_mult=0.5]",SC,SC,FC,False,683,195,103740,103740,0.013113004155457,-0.0729170516133308,0.8108018636703491,0.0779417157173156,0.0461538461538461,0.7263642340565417,ok,6b5eb84,f8abd2a9,precomputed,0.5,0.1
reconstruction,4S456Parcels,8,kernel_ridge,"kernel_ridge[alpha=1.0,gamma_mult=0.5]",SC,SC,FC,False,683,195,103740,103740,0.0123449703678488,-0.0095592606812715,0.82294100522995,0.0780429020524025,0.0461538461538461,0.7409598948060487,ok,6b5eb84,dd13c0e7,precomputed,0.5,1.0
reconstruction,4S456Parcels,8,kernel_ridge,"kernel_ridge[alpha=10.0,gamma_mult=0.5]",SC,SC,FC,False,683,195,103740,103740,0.0123427417129278,-0.0065018432214856,0.8230040669441223,0.0768664851784706,0.0307692307692307,0.7431426692965155,ok,6b5eb84,a2575742,precomputed,0.5,10.0
reconstruction,4S456Parcels,8,kernel_ridge,"kernel_ridge[alpha=0.1,gamma_mult=1.0]",SC,SC,FC,False,683,195,103740,103740,0.0133164543658494,-0.0892158970236778,0.8076644539833069,0.0769718438386917,0.041025641025641,0.7205785667324129,ok,6b5eb84,e9163024,precomputed,1.0,0.1
reconstruction,4S456Parcels,8,kernel_ridge,"kernel_ridge[alpha=1.0,gamma_mult=1.0]",SC,SC,FC,False,683,195,103740,103740,0.0124507267028093,-0.0188339594751596,0.8212292790412903,0.0777516067028045,0.0512820512820512,0.7379618671926365,ok,6b5eb84,08532b1d,precomputed,1.0,1.0
reconstruction,4S456Parcels,8,kernel_ridge,"kernel_ridge[alpha=10.0,gamma_mult=1.0]",SC,SC,FC,False,683,195,103740,103740,0.0123277734965085,-0.0056599760428071,0.8232462406158447,0.0761130675673484,0.0307692307692307,0.7434319526627219,ok,6b5eb84,c4e4811e,precomputed,1.0,10.0
reconstruction,4S456Parcels,8,kernel_ridge,"kernel_ridge[alpha=0.1,gamma_mult=2.0]",SC,SC,FC,False,683,195,103740,103740,0.0134397204965353,-0.0990368425846099,0.8057670593261719,0.0754565373063087,0.0512820512820512,0.7185798816568048,ok,6b5eb84,f3876bbc,precomputed,2.0,0.1
reconstruction,4S456Parcels,8,kernel_ridge,"kernel_ridge[alpha=1.0,gamma_mult=2.0]",SC,SC,FC,False,683,195,103740,103740,0.012559968046844,-0.0279840137809515,0.8194766044616699,0.076835811138153,0.0564102564102564,0.7346745562130177,ok,6b5eb84,fc0510bc,precomputed,2.0,1.0
reconstruction,4S456Parcels,8,kernel_ridge,"kernel_ridge[alpha=10.0,gamma_mult=2.0]",SC,SC,FC,False,683,195,103740,103740,0.0123198647052049,-0.0053255883976817,0.8233778476715088,0.0737282708287239,0.0307692307692307,0.7419329388560157,ok,6b5eb84,b8dd2ee5,precomputed,2.0,10.0
reconstruction,4S456Parcels,8,pca_pls,pca_pls,bv,bv,SC,False,683,195,16,103740,0.0043927165679633,0.0147204510867595,0.9123947620391846,0.1852811574935913,0.1435897435897435,0.90603550295858,ok,6b5eb84,46036780,precomputed,,
reconstruction,4S456Parcels,8,bayesian_ridge,bayesian_ridge,bv,bv,SC,False,683,195,16,103740,0.0043367929756641,0.0277310125529766,0.9134509563446044,0.1935243606567382,0.1076923076923077,0.9161867192636424,ok,6b5eb84,9efb8a2a,precomputed,,
reconstruction,4S456Parcels,8,kernel_ridge,"kernel_ridge[alpha=0.1,gamma_mult=0.5]",bv,bv,SC,False,683,195,16,103740,0.0045348708517849,-0.01145701110363,0.9094177484512328,0.1560037732124328,0.0666666666666666,0.8282445759368836,ok,6b5eb84,4e089812,precomputed,0.5,0.1
reconstruction,4S456Parcels,8,kernel_ridge,"kernel_ridge[alpha=1.0,gamma_mult=0.5]",bv,bv,SC,False,683,195,16,103740,0.004357099533081,0.0234759505838155,0.9130839705467224,0.1847954988479614,0.1692307692307692,0.9175805391190006,ok,6b5eb84,0dfd8264,precomputed,0.5,1.0
reconstruction,4S456Parcels,8,kernel_ridge,"kernel_ridge[alpha=10.0,gamma_mult=0.5]",bv,bv,SC,False,683,195,16,103740,0.0043724402785301,0.0220972970128059,0.9131613969802856,0.1874220371246338,0.1589743589743589,0.9193162393162392,ok,6b5eb84,c4c66525,precomputed,0.5,10.0
reconstruction,4S456Parcels,8,kernel_ridge,"kernel_ridge[alpha=0.1,gamma_mult=1.0]",bv,bv,SC,False,683,195,16,103740,0.0046972432173788,-0.041817333549261,0.9060462117195128,0.1338699758052826,0.041025641025641,0.7665746219592373,ok,6b5eb84,38490557,precomputed,1.0,0.1
reconstruction,4S456Parcels,8,kernel_ridge,"kernel_ridge[alpha=1.0,gamma_mult=1.0]",bv,bv,SC,False,683,195,16,103740,0.0043933610431849,0.0174018386751413,0.9123440980911256,0.1734420359134674,0.1179487179487179,0.9046679815910584,ok,6b5eb84,f8ed3577,precomputed,1.0,1.0
reconstruction,4S456Parcels,8,kernel_ridge,"kernel_ridge[alpha=10.0,gamma_mult=1.0]",bv,bv,SC,False,683,195,16,103740,0.004358930978924,0.0249303765594959,0.9133217930793762,0.1865071207284927,0.1487179487179487,0.9216568047337278,ok,6b5eb84,cdd5b3e3,precomputed,1.0,10.0
reconstruction,4S456Parcels,8,kernel_ridge,"kernel_ridge[alpha=0.1,gamma_mult=2.0]",bv,bv,SC,False,683,195,16,103740,0.0049446187913417,-0.0887954384088516,0.9010441899299622,0.1104740798473358,0.0205128205128205,0.7124260355029586,ok,6b5eb84,bec94d69,precomputed,2.0,0.1
reconstruction,4S456Parcels,8,kernel_ridge,"kernel_ridge[alpha=1.0,gamma_mult=2.0]",bv,bv,SC,False,683,195,16,103740,0.0044614044018089,0.0054637207649648,0.910976767539978,0.1553383469581604,0.1025641025641025,0.884181459566075,ok,6b5eb84,b8915665,precomputed,2.0,1.0
reconstruction,4S456Parcels,8,kernel_ridge,"kernel_ridge[alpha=10.0,gamma_mult=2.0]",bv,bv,SC,False,683,195,16,103740,0.0043640588410198,0.0245668273419141,0.9132099151611328,0.1822345852851867,0.1589743589743589,0.9146088099934254,ok,6b5eb84,7a12d3e2,precomputed,2.0,10.0
reconstruction,4S456Parcels,8,pca_pls,pca_pls,bv,bv,FC,False,683,195,16,103740,0.0126212984323501,-0.0275569874793291,0.8190982341766357,0.0483348444104194,0.0051282051282051,0.6309533201840895,ok,6b5eb84,f361b9e1,precomputed,,
reconstruction,4S456Parcels,8,bayesian_ridge,bayesian_ridge,bv,bv,FC,False,683,195,16,103740,0.0123458737507462,-0.0065242261625826,0.8229166865348816,0.0536432303488254,0.0102564102564102,0.6483629191321498,ok,6b5eb84,bed3fdc8,precomputed,,
reconstruction,4S456Parcels,8,kernel_ridge,"kernel_ridge[alpha=0.1,gamma_mult=0.5]",bv,bv,FC,False,683,195,16,103740,0.0129920793697237,-0.0568114332854747,0.8121000528335571,0.0380429029464721,0.0051282051282051,0.5786193293885602,ok,6b5eb84,0d04892c,precomputed,0.5,0.1
reconstruction,4S456Parcels,8,kernel_ridge,"kernel_ridge[alpha=1.0,gamma_mult=0.5]",bv,bv,FC,False,683,195,16,103740,0.0124846063554286,-0.0171116981655359,0.8205552101135254,0.0481008812785148,0.0102564102564102,0.6273767258382643,ok,6b5eb84,dbb3d0f3,precomputed,0.5,1.0
reconstruction,4S456Parcels,8,kernel_ridge,"kernel_ridge[alpha=10.0,gamma_mult=0.5]",bv,bv,FC,False,683,195,16,103740,0.0123545369133353,-0.0070239421911537,0.8227645754814148,0.0497429855167865,0.0153846153846153,0.6458382642998028,ok,6b5eb84,24bdb3e4,precomputed,0.5,10.0
reconstruction,4S456Parcels,8,kernel_ridge,"kernel_ridge[alpha=0.1,gamma_mult=1.0]",bv,bv,FC,False,683,195,16,103740,0.0134402047842741,-0.0920948684215545,0.8049601316452026,0.0331567749381065,0.0051282051282051,0.5534253780407626,ok,6b5eb84,0584c8ec,precomputed,1.0,0.1
reconstruction,4S456Parcels,8,kernel_ridge,"kernel_ridge[alpha=1.0,gamma_mult=1.0]",bv,bv,FC,False,683,195,16,103740,0.0125787174329161,-0.0245848353952169,0.8189368844032288,0.0440028347074985,0.0153846153846153,0.6128073635765943,ok,6b5eb84,45fcc61d,precomputed,1.0,1.0
reconstruction,4S456Parcels,8,kernel_ridge,"kernel_ridge[alpha=10.0,gamma_mult=1.0]",bv,bv,FC,False,683,195,16,103740,0.0123651567846536,-0.0078900810331106,0.8225780129432678,0.0501550510525703,0.0153846153846153,0.6473898750821827,ok,6b5eb84,c74e6679,precomputed,1.0,10.0
reconstruction,4S456Parcels,8,kernel_ridge,"kernel_ridge[alpha=0.1,gamma_mult=2.0]",bv,bv,FC,False,683,195,16,103740,0.0141047099605202,-0.1443617343902588,0.7946972846984863,0.0287828743457794,0.0153846153846153,0.5327284681130835,ok,6b5eb84,b7e4783d,precomputed,2.0,0.1
reconstruction,4S456Parcels,8,kernel_ridge,"kernel_ridge[alpha=1.0,gamma_mult=2.0]",bv,bv,FC,False,683,195,16,103740,0.0127453645691275,-0.0378184989094734,0.816167414188385,0.0395104847848415,0.0153846153846153,0.5957922419460882,ok,6b5eb84,a0dab7db,precomputed,2.0,1.0
reconstruction,4S456Parcels,8,kernel_ridge,"kernel_ridge[alpha=10.0,gamma_mult=2.0]",bv,bv,FC,False,683,195,16,103740,0.0123774046078324,-0.0089358575642108,0.8223541378974915,0.0495097860693931,0.0102564102564102,0.645706771860618,ok,6b5eb84,c57ddcf1,precomputed,2.0,10.0
reconstruction,4S456Parcels,8,pca_pls,pca_pls,demo,demo,SC,False,683,195,10,103740,0.0044781193137168,-0.0007269541965797,0.9112905859947203,0.1283531039953231,0.0307692307692307,0.7519789612097304,ok,6b5eb84,4efd6c70,precomputed,,
reconstruction,4S456Parcels,8,bayesian_ridge,bayesian_ridge,demo,demo,SC,False,683,195,10,103740,0.0044393204152584,0.0078039555810391,0.9120951294898988,0.1395958960056305,0.0358974358974358,0.7720973044049967,ok,6b5eb84,49b0beba,precomputed,,
reconstruction,4S456Parcels,8,kernel_ridge,"kernel_ridge[alpha=0.1,gamma_mult=0.5]",demo,demo,SC,False,683,195,10,103740,0.0045924880541861,-0.0205280371010303,0.9089813828468324,0.1109162643551826,0.0102564102564102,0.6720315581854044,ok,6b5eb84,901fa572,precomputed,0.5,0.1
reconstruction,4S456Parcels,8,kernel_ridge,"kernel_ridge[alpha=1.0,gamma_mult=0.5]",demo,demo,SC,False,683,195,10,103740,0.0044906632974743,-0.0022225792054086,0.9110523462295532,0.1220943555235862,0.0153846153846153,0.7405391190006575,ok,6b5eb84,80f988fc,precomputed,0.5,1.0
reconstruction,4S456Parcels,8,kernel_ridge,"kernel_ridge[alpha=10.0,gamma_mult=0.5]",demo,demo,SC,False,683,195,10,103740,0.0044546672143042,0.0053353738039731,0.9118569493293762,0.1288193464279174,0.0307692307692307,0.7739644970414201,ok,6b5eb84,0fd509da,precomputed,0.5,10.0
reconstruction,4S456Parcels,8,kernel_ridge,"kernel_ridge[alpha=0.1,gamma_mult=1.0]",demo,demo,SC,False,683,195,10,103740,0.0046537336893379,-0.0317206606268882,0.9077844619750975,0.105557844042778,0.0256410256410256,0.6522024983563446,ok,6b5eb84,803d93ab,precomputed,1.0,0.1
reconstruction,4S456Parcels,8,kernel_ridge,"kernel_ridge[alpha=1.0,gamma_mult=1.0]",demo,demo,SC,False,683,195,10,103740,0.0045194015838205,-0.0072676395066082,0.9104727506637572,0.1151522099971771,0.0153846153846153,0.7098224852071007,ok,6b5eb84,1fe48b09,precomputed,1.0,1.0
reconstruction,4S456Parcels,8,kernel_ridge,"kernel_ridge[alpha=10.0,gamma_mult=1.0]",demo,demo,SC,False,683,195,10,103740,0.004459848627448,0.0041319164447486,0.911752700805664,0.1243819519877433,0.0256410256410256,0.7611571334648257,ok,6b5eb84,db440992,precomputed,1.0,10.0
reconstruction,4S456Parcels,8,kernel_ridge,"kernel_ridge[alpha=0.1,gamma_mult=2.0]",demo,demo,SC,False,683,195,10,103740,0.0046991296112537,-0.0406590364873409,0.9069257974624634,0.1014184802770614,0.0102564102564102,0.6396055226824457,ok,6b5eb84,bfd1f3d0,precomputed,2.0,0.1
reconstruction,4S456Parcels,8,kernel_ridge,"kernel_ridge[alpha=1.0,gamma_mult=2.0]",demo,demo,SC,False,683,195,10,103740,0.0045511731877923,-0.0129161588847637,0.9098345041275024,0.1088895946741104,0.0102564102564102,0.689335963182117,ok,6b5eb84,871260db,precomputed,2.0,1.0
reconstruction,4S456Parcels,8,kernel_ridge,"kernel_ridge[alpha=10.0,gamma_mult=2.0]",demo,demo,SC,False,683,195,10,103740,0.0044695721007883,0.0022891156841069,0.911576509475708,0.118265725672245,0.0256410256410256,0.7508744247205785,ok,6b5eb84,64b3db70,precomputed,2.0,10.0
reconstruction,4S456Parcels,8,pca_pls,pca_pls,demo,demo,FC,False,683,195,10,103740,0.0122490851208567,-0.0008484133868478,0.8241700530052185,0.1161098554730415,0.0153846153846153,0.7124260355029586,ok,6b5eb84,316296ac,precomputed,,
reconstruction,4S456Parcels,8,bayesian_ridge,bayesian_ridge,demo,demo,FC,False,683,195,10,103740,0.0121767800301313,0.0051688882522284,0.8253723978996277,0.1221288666129112,0.0153846153846153,0.72310322156476,ok,6b5eb84,490dbe00,precomputed,,
reconstruction,4S456Parcels,8,kernel_ridge,"kernel_ridge[alpha=0.1,gamma_mult=0.5]",demo,demo,FC,False,683,195,10,103740,0.0125091476365923,-0.0209528151899576,0.8199720978736877,0.1022560223937034,0.0307692307692307,0.6787902695595003,ok,6b5eb84,04e9d61e,precomputed,0.5,0.1
reconstruction,4S456Parcels,8,kernel_ridge,"kernel_ridge[alpha=1.0,gamma_mult=0.5]",demo,demo,FC,False,683,195,10,103740,0.0122625846415758,-0.0017103790305554,0.8239275217056274,0.1136567592620849,0.0256410256410256,0.7136883629191322,ok,6b5eb84,cab8f8b4,precomputed,0.5,1.0
reconstruction,4S456Parcels,8,kernel_ridge,"kernel_ridge[alpha=10.0,gamma_mult=0.5]",demo,demo,FC,False,683,195,10,103740,0.0121954688802361,0.0037911834660917,0.8251380324363708,0.1194041743874549,0.0153846153846153,0.7259697567389876,ok,6b5eb84,b779b615,precomputed,0.5,10.0
reconstruction,4S456Parcels,8,kernel_ridge,"kernel_ridge[alpha=0.1,gamma_mult=1.0]",demo,demo,FC,False,683,195,10,103740,0.0126795070245862,-0.0342362001538276,0.8173680901527405,0.0960164964199066,0.0205128205128205,0.6583037475345168,ok,6b5eb84,435831ac,precomputed,1.0,0.1
reconstruction,4S456Parcels,8,kernel_ridge,"kernel_ridge[alpha=1.0,gamma_mult=1.0]",demo,demo,FC,False,683,195,10,103740,0.0123237213119864,-0.0063906130380928,0.822913408279419,0.1074176654219627,0.0153846153846153,0.6991190006574621,ok,6b5eb84,d8aede59,precomputed,1.0,1.0
reconstruction,4S456Parcels,8,kernel_ridge,"kernel_ridge[alpha=10.0,gamma_mult=1.0]",demo,demo,FC,False,683,195,10,103740,0.0121962437406182,0.0036485854070633,0.8250700235366821,0.1171798929572105,0.0051282051282051,0.7218934911242603,ok,6b5eb84,966f6f12,precomputed,1.0,10.0
reconstruction,4S456Parcels,8,kernel_ridge,"kernel_ridge[alpha=0.1,gamma_mult=2.0]",demo,demo,FC,False,683,195,10,103740,0.0127975987270474,-0.0434040613472461,0.8156212568283081,0.0902422964572906,0.0205128205128205,0.6335831689677844,ok,6b5eb84,618f6d3f,precomputed,2.0,0.1
reconstruction,4S456Parcels,8,kernel_ridge,"kernel_ridge[alpha=1.0,gamma_mult=2.0]",demo,demo,FC,False,683,195,10,103740,0.0124041605740785,-0.0125693893060088,0.8216317296028137,0.1006912216544151,0.0307692307692307,0.6872583826429981,ok,6b5eb84,f5cf355f,precomputed,2.0,1.0
reconstruction,4S456Parcels,8,kernel_ridge,"kernel_ridge[alpha=10.0,gamma_mult=2.0]",demo,demo,FC,False,683,195,10,103740,0.012208878993988,0.0026828504633158,0.8248212933540344,0.1128795519471168,0.0256410256410256,0.7153977646285339,ok,6b5eb84,b4fd6176,precomputed,2.0,10.0
reconstruction,4S456Parcels,8,pca_pls,pca_pls,bv+demo,bv+demo,SC,False,683,195,26,103740,0.0044202869758009,0.008415063843131,0.9118525385856628,0.1865750849246978,0.1948717948717948,0.903826429980276,ok,6b5eb84,9efc8dd4,precomputed,,
reconstruction,4S456Parcels,8,bayesian_ridge,bayesian_ridge,bv+demo,bv+demo,SC,False,683,195,26,103740,0.0043228045105934,0.0300042890012264,0.9137465357780457,0.2005078643560409,0.1589743589743589,0.9180802103879028,ok,6b5eb84,8c31322a,precomputed,,
reconstruction,4S456Parcels,8,kernel_ridge,"kernel_ridge[alpha=0.1,gamma_mult=0.5]",bv+demo,bv+demo,SC,False,683,195,26,103740,0.0045147049240767,-0.0090228747576475,0.9098623394966124,0.1669500470161438,0.1487179487179487,0.8544115713346483,ok,6b5eb84,01126180,precomputed,0.5,0.1
reconstruction,4S456Parcels,8,kernel_ridge,"kernel_ridge[alpha=1.0,gamma_mult=0.5]",bv+demo,bv+demo,SC,False,683,195,26,103740,0.0043546864762902,0.0229887794703245,0.9131587147712708,0.1892240047454834,0.2102564102564102,0.9252333990795528,ok,6b5eb84,6e5164c2,precomputed,0.5,1.0
reconstruction,4S456Parcels,8,kernel_ridge,"kernel_ridge[alpha=10.0,gamma_mult=0.5]",bv+demo,bv+demo,SC,False,683,195,26,103740,0.0043900273740291,0.0183886252343654,0.913023829460144,0.1883191168308258,0.1897435897435897,0.92155161078238,ok,6b5eb84,84a66c89,precomputed,0.5,10.0
reconstruction,4S456Parcels,8,kernel_ridge,"kernel_ridge[alpha=0.1,gamma_mult=1.0]",bv+demo,bv+demo,SC,False,683,195,26,103740,0.0047391126863658,-0.0513173043727874,0.9052767753601074,0.1395221203565597,0.0666666666666666,0.7801446416831033,ok,6b5eb84,16b72c5b,precomputed,1.0,0.1
reconstruction,4S456Parcels,8,kernel_ridge,"kernel_ridge[alpha=1.0,gamma_mult=1.0]",bv+demo,bv+demo,SC,False,683,195,26,103740,0.0043826778419315,0.0180437620729208,0.9125904440879822,0.1817707121372223,0.1897435897435897,0.9187902695595004,ok,6b5eb84,2a06c53a,precomputed,1.0,1.0
reconstruction,4S456Parcels,8,kernel_ridge,"kernel_ridge[alpha=10.0,gamma_mult=1.0]",bv+demo,bv+demo,SC,False,683,195,26,103740,0.0043684188276529,0.0225178133696317,0.9132992625236512,0.1879284530878067,0.2153846153846154,0.9229717291255752,ok,6b5eb84,4f9aca50,precomputed,1.0,10.0
reconstruction,4S456Parcels,8,kernel_ridge,"kernel_ridge[alpha=0.1,gamma_mult=2.0]",bv+demo,bv+demo,SC,False,683,195,26,103740,0.0049941879697144,-0.0998129248619079,0.9001539945602417,0.1135634779930114,0.0205128205128205,0.741275476660092,ok,6b5eb84,8adaab10,precomputed,2.0,0.1
reconstruction,4S456Parcels,8,kernel_ridge,"kernel_ridge[alpha=1.0,gamma_mult=2.0]",bv+demo,bv+demo,SC,False,683,195,26,103740,0.0044466056860983,0.006786523386836,0.9113189578056335,0.1645180732011795,0.1641025641025641,0.8995397764628534,ok,6b5eb84,4a40a878,precomputed,2.0,1.0
reconstruction,4S456Parcels,8,kernel_ridge,"kernel_ridge[alpha=10.0,gamma_mult=2.0]",bv+demo,bv+demo,SC,False,683,195,26,103740,0.0043677412904798,0.0229030884802341,0.9132649898529052,0.1840260773897171,0.2051282051282051,0.916344510190664,ok,6b5eb84,50ae6e2b,precomputed,2.0,10.0
reconstruction,4S456Parcels,8,pca_pls,pca_pls,bv+demo,bv+demo,FC,False,683,195,26,103740,0.0125330286100506,-0.0223549026995897,0.8202385306358337,0.0977031588554382,0.0102564102564102,0.7186587771203157,ok,6b5eb84,7d439d42,precomputed,,
reconstruction,4S456Parcels,8,bayesian_ridge,bayesian_ridge,bv+demo,bv+demo,FC,False,683,195,26,103740,0.0121873570606112,0.0044193905778229,0.825189471244812,0.1185286566615104,0.0102564102564102,0.7348849441157134,ok,6b5eb84,1a06db38,precomputed,,
reconstruction,4S456Parcels,8,kernel_ridge,"kernel_ridge[alpha=0.1,gamma_mult=0.5]",bv+demo,bv+demo,FC,False,683,195,26,103740,0.012811810709536,-0.0442985109984874,0.8149027228355408,0.0808324590325355,0.0153846153846153,0.6720841551610783,ok,6b5eb84,af465962,precomputed,0.5,0.1
reconstruction,4S456Parcels,8,kernel_ridge,"kernel_ridge[alpha=1.0,gamma_mult=0.5]",bv+demo,bv+demo,FC,False,683,195,26,103740,0.0123273385688662,-0.0063854428008198,0.8228736519813538,0.0994545593857765,0.0205128205128205,0.7260749506903352,ok,6b5eb84,c659e79c,precomputed,0.5,1.0
reconstruction,4S456Parcels,8,kernel_ridge,"kernel_ridge[alpha=10.0,gamma_mult=0.5]",bv+demo,bv+demo,FC,False,683,195,26,103740,0.0122486436739563,0.0004680675338022,0.8243568539619446,0.100868135690689,0.0153846153846153,0.7440105193951347,ok,6b5eb84,ba3e167c,precomputed,0.5,10.0
reconstruction,4S456Parcels,8,kernel_ridge,"kernel_ridge[alpha=0.1,gamma_mult=1.0]",bv+demo,bv+demo,FC,False,683,195,26,103740,0.0134387649595737,-0.0933207347989082,0.8049987554550171,0.0646504983305931,0.0102564102564102,0.6294280078895463,ok,6b5eb84,cb0df2d7,precomputed,1.0,0.1
reconstruction,4S456Parcels,8,kernel_ridge,"kernel_ridge[alpha=1.0,gamma_mult=1.0]",bv+demo,bv+demo,FC,False,683,195,26,103740,0.0124036921188235,-0.0124326264485716,0.8215208649635315,0.0931108519434928,0.0153846153846153,0.7139776462853387,ok,6b5eb84,6d57d6aa,precomputed,1.0,1.0
reconstruction,4S456Parcels,8,kernel_ridge,"kernel_ridge[alpha=10.0,gamma_mult=1.0]",bv+demo,bv+demo,FC,False,683,195,26,103740,0.0122358566150069,0.0012398002436384,0.8244959115982056,0.1010048985481262,0.0307692307692307,0.7445890861275477,ok,6b5eb84,eb70b358,precomputed,1.0,10.0
reconstruction,4S456Parcels,8,kernel_ridge,"kernel_ridge[alpha=0.1,gamma_mult=2.0]",bv+demo,bv+demo,FC,False,683,195,26,103740,0.0141062280163168,-0.1454207599163055,0.7948347330093384,0.0531373918056488,0.0051282051282051,0.6052596975673898,ok,6b5eb84,bad47d4a,precomputed,2.0,0.1
reconstruction,4S456Parcels,8,kernel_ridge,"kernel_ridge[alpha=1.0,gamma_mult=2.0]",bv+demo,bv+demo,FC,False,683,195,26,103740,0.0125563135370612,-0.024448437616229,0.8189587593078613,0.0815650522708892,0.0153846153846153,0.6994345825115056,ok,6b5eb84,1a39f5cf,precomputed,2.0,1.0
reconstruction,4S456Parcels,8,kernel_ridge,"kernel_ridge[alpha=10.0,gamma_mult=2.0]",bv+demo,bv+demo,FC,False,683,195,26,103740,0.0122381877154111,0.0009283830877393,0.8243991732597351,0.0988227650523185,0.0153846153846153,0.7412228796844181,ok,6b5eb84,230dc538,precomputed,2.0,10.0
reconstruction,4S456Parcels,8,pca_pls,pca_pls,FC+bv+demo,FC+bv+demo,SC,True,683,195,103766,103740,0.0044548995792865,-0.0008629729854874,0.9110682010650636,0.1797869503498077,0.2307692307692307,0.9281788297172912,ok,6b5eb84,1aadd60c,precomputed,,
reconstruction,4S456Parcels,8,bayesian_ridge,bayesian_ridge,FC+bv+demo,FC+bv+demo,SC,True,683,195,103766,103740,0.0043265810236334,0.0277897510677576,0.913753867149353,0.2019931524991989,0.2564102564102564,0.932965154503616,ok,6b5eb84,5ae7dfec,precomputed,,
reconstruction,4S456Parcels,8,kernel_ridge,"kernel_ridge[alpha=0.1,gamma_mult=0.5]",FC+bv+demo,FC+bv+demo,SC,True,683,195,103766,103740,0.0045238989405334,-0.0169545970857143,0.9096711277961732,0.1807779818773269,0.2461538461538461,0.9406706114398422,ok,6b5eb84,cde41940,precomputed,0.5,0.1
reconstruction,4S456Parcels,8,kernel_ridge,"kernel_ridge[alpha=1.0,gamma_mult=0.5]",FC+bv+demo,FC+bv+demo,SC,True,683,195,103766,103740,0.0043313731439411,0.0260316506028175,0.9136012196540833,0.1972972005605697,0.3076923076923077,0.9588165680473372,ok,6b5eb84,c12bea6a,precomputed,0.5,1.0
reconstruction,4S456Parcels,8,kernel_ridge,"kernel_ridge[alpha=10.0,gamma_mult=0.5]",FC+bv+demo,FC+bv+demo,SC,True,683,195,103766,103740,0.0044183633290231,0.0128595409914851,0.9122717976570128,0.1864971816539764,0.1487179487179487,0.9248652202498356,ok,6b5eb84,1bc9e343,precomputed,0.5,10.0
reconstruction,4S456Parcels,8,kernel_ridge,"kernel_ridge[alpha=0.1,gamma_mult=1.0]",FC+bv+demo,FC+bv+demo,SC,True,683,195,103766,103740,0.0045862039551138,-0.0301005877554416,0.9084428548812866,0.1797259151935577,0.2358974358974359,0.9409861932938856,ok,6b5eb84,f15aadab,precomputed,1.0,0.1
reconstruction,4S456Parcels,8,kernel_ridge,"kernel_ridge[alpha=1.0,gamma_mult=1.0]",FC+bv+demo,FC+bv+demo,SC,True,683,195,103766,103740,0.0043473299592733,0.021442973986268,0.9132702946662904,0.1953047960996627,0.3025641025641025,0.958422090729783,ok,6b5eb84,04069452,precomputed,1.0,1.0
reconstruction,4S456Parcels,8,kernel_ridge,"kernel_ridge[alpha=10.0,gamma_mult=1.0]",FC+bv+demo,FC+bv+demo,SC,True,683,195,103766,103740,0.0043870355002582,0.0185318049043416,0.9126921892166138,0.1896703839302063,0.1846153846153846,0.940802103879027,ok,6b5eb84,07e3775d,precomputed,1.0,10.0
reconstruction,4S456Parcels,8,kernel_ridge,"kernel_ridge[alpha=0.1,gamma_mult=2.0]",FC+bv+demo,FC+bv+demo,SC,True,683,195,103766,103740,0.004626584239304,-0.0388905815780162,0.9077240824699402,0.1816432923078537,0.2666666666666666,0.94698224852071,ok,6b5eb84,857deb6d,precomputed,2.0,0.1
reconstruction,4S456Parcels,8,kernel_ridge,"kernel_ridge[alpha=1.0,gamma_mult=2.0]",FC+bv+demo,FC+bv+demo,SC,True,683,195,103766,103740,0.0043765916489064,0.0145254032686352,0.9127305150032043,0.1946374326944351,0.3230769230769231,0.9580802103879028,ok,6b5eb84,71933f17,precomputed,2.0,1.0
reconstruction,4S456Parcels,8,kernel_ridge,"kernel_ridge[alpha=10.0,gamma_mult=2.0]",FC+bv+demo,FC+bv+demo,SC,True,683,195,103766,103740,0.004365352448076,0.02239122800529,0.913000464439392,0.1909670382738113,0.2256410256410256,0.9486653517422748,ok,6b5eb84,bac52cda,precomputed,2.0,10.0
reconstruction,4S456Parcels,8,pca_pls,pca_pls,SC+bv+demo,SC+bv+demo,FC,True,683,195,103766,103740,0.0126658575609326,-0.0372596234083175,0.8175399303436279,0.1072108894586563,0.0615384615384615,0.7735700197238659,ok,6b5eb84,54d266e2,precomputed,,
reconstruction,4S456Parcels,8,bayesian_ridge,bayesian_ridge,SC+bv+demo,SC+bv+demo,FC,True,683,195,103766,103740,0.0122090009972453,0.0007331791566684,0.8250391483306885,0.1170776337385177,0.0615384615384615,0.8049967126890204,ok,6b5eb84,a902a814,precomputed,,
reconstruction,4S456Parcels,8,kernel_ridge,"kernel_ridge[alpha=0.1,gamma_mult=0.5]",SC+bv+demo,SC+bv+demo,FC,True,683,195,103766,103740,0.0130202118307352,-0.0662336125969886,0.8120280504226685,0.0985589772462844,0.0512820512820512,0.7640499671268902,ok,6b5eb84,826ced1d,precomputed,0.5,0.1
reconstruction,4S456Parcels,8,kernel_ridge,"kernel_ridge[alpha=1.0,gamma_mult=0.5]",SC+bv+demo,SC+bv+demo,FC,True,683,195,103766,103740,0.0122337574139237,-0.00158393883612,0.824553370475769,0.1131386011838913,0.0461538461538461,0.80310322156476,ok,6b5eb84,84b80202,precomputed,0.5,1.0
reconstruction,4S456Parcels,8,kernel_ridge,"kernel_ridge[alpha=10.0,gamma_mult=0.5]",SC+bv+demo,SC+bv+demo,FC,True,683,195,103766,103740,0.0122916428372263,-0.0029139269609004,0.8238077759742737,0.1112452074885368,0.041025641025641,0.7886653517422748,ok,6b5eb84,0deca5ca,precomputed,0.5,10.0
reconstruction,4S456Parcels,8,kernel_ridge,"kernel_ridge[alpha=0.1,gamma_mult=1.0]",SC+bv+demo,SC+bv+demo,FC,True,683,195,103766,103740,0.0132113778963685,-0.0815889611840248,0.8090968728065491,0.0979684889316558,0.0564102564102564,0.759973701512163,ok,6b5eb84,b11dd2de,precomputed,1.0,0.1
reconstruction,4S456Parcels,8,kernel_ridge,"kernel_ridge[alpha=1.0,gamma_mult=1.0]",SC+bv+demo,SC+bv+demo,FC,True,683,195,103766,103740,0.0123234950006008,-0.0095918951556086,0.8230418562889099,0.1104487106204032,0.041025641025641,0.7975805391190007,ok,6b5eb84,0d541edc,precomputed,1.0,1.0
reconstruction,4S456Parcels,8,kernel_ridge,"kernel_ridge[alpha=10.0,gamma_mult=1.0]",SC+bv+demo,SC+bv+demo,FC,True,683,195,103766,103740,0.0122610321268439,-0.0009754871716722,0.824276328086853,0.1137335151433944,0.0461538461538461,0.7960289283366206,ok,6b5eb84,cbbc5a2a,precomputed,1.0,10.0
reconstruction,4S456Parcels,8,kernel_ridge,"kernel_ridge[alpha=0.1,gamma_mult=2.0]",SC+bv+demo,SC+bv+demo,FC,True,683,195,103766,103740,0.0132723115384578,-0.0865605100989341,0.8081774711608887,0.0993449762463569,0.0512820512820512,0.7627613412228796,ok,6b5eb84,3496d00c,precomputed,2.0,0.1
reconstruction,4S456Parcels,8,kernel_ridge,"kernel_ridge[alpha=1.0,gamma_mult=2.0]",SC+bv+demo,SC+bv+demo,FC,True,683,195,103766,103740,0.0124126123264431,-0.0171812511980533,0.8215686678886414,0.1100296229124069,0.0512820512820512,0.7965811965811966,ok,6b5eb84,4299b9fe,precomputed,2.0,1.0
reconstruction,4S456Parcels,8,kernel_ridge,"kernel_ridge[alpha=10.0,gamma_mult=2.0]",SC+bv+demo,SC+bv+demo,FC,True,683,195,103766,103740,0.0122401574626564,0.0002768282720353,0.8245826363563538,0.1146367415785789,0.041025641025641,0.7976594345825114,ok,6b5eb84,cf78532d,precomputed,2.0,10.0
reconstruction,4S456Parcels,8,pca_pls,pca_pls,FC,FC,FC,False,683,195,103740,103740,0.0105514051392674,0.1148000881075859,0.8486035466194153,0.3713221251964569,1.0,1.0,ok,6b5eb84,fd40f516,precomputed,,
reconstruction,4S456Parcels,8,bayesian_ridge,bayesian_ridge,FC,FC,FC,False,683,195,103740,103740,0.0073026618920266,0.3314796388149261,0.8949386477470398,0.6296659708023071,1.0,1.0,ok,6b5eb84,7fd34eca,precomputed,,
reconstruction,4S456Parcels,8,kernel_ridge,"kernel_ridge[alpha=0.1,gamma_mult=0.5]",FC,FC,FC,False,683,195,103740,103740,0.0073983841575682,0.33026322722435,0.8938822150230408,0.6296573877334595,1.0,1.0,ok,6b5eb84,19cfb231,precomputed,0.5,0.1
reconstruction,4S456Parcels,8,kernel_ridge,"kernel_ridge[alpha=1.0,gamma_mult=0.5]",FC,FC,FC,False,683,195,103740,103740,0.0093744918704032,0.2028098702430725,0.8671825528144836,0.6296218633651733,1.0,1.0,ok,6b5eb84,66d31004,precomputed,0.5,1.0
reconstruction,4S456Parcels,8,kernel_ridge,"kernel_ridge[alpha=10.0,gamma_mult=0.5]",FC,FC,FC,False,683,195,103740,103740,0.0118544343858957,0.0286095961928367,0.8303987979888916,0.6287136077880859,1.0,1.0,ok,6b5eb84,7eab1745,precomputed,0.5,10.0
reconstruction,4S456Parcels,8,kernel_ridge,"kernel_ridge[alpha=0.1,gamma_mult=1.0]",FC,FC,FC,False,683,195,103740,103740,0.0073294867761433,0.3324075639247894,0.894702672958374,0.6296311020851135,1.0,1.0,ok,6b5eb84,8aeac2ca,precomputed,1.0,0.1
reconstruction,4S456Parcels,8,kernel_ridge,"kernel_ridge[alpha=1.0,gamma_mult=1.0]",FC,FC,FC,False,683,195,103740,103740,0.0086176730692386,0.2543691396713257,0.8779724836349487,0.6295464038848877,1.0,1.0,ok,6b5eb84,b1859ded,precomputed,1.0,1.0
reconstruction,4S456Parcels,8,kernel_ridge,"kernel_ridge[alpha=10.0,gamma_mult=1.0]",FC,FC,FC,False,683,195,103740,103740,0.0115458108484745,0.050524566322565,0.8350939750671387,0.6280068159103394,1.0,1.0,ok,6b5eb84,68102cf6,precomputed,1.0,10.0
reconstruction,4S456Parcels,8,kernel_ridge,"kernel_ridge[alpha=0.1,gamma_mult=2.0]",FC,FC,FC,False,683,195,103740,103740,0.007323476485908,0.3313363790512085,0.8947694301605225,0.6295066475868225,1.0,1.0,ok,6b5eb84,a4de8d07,precomputed,2.0,0.1
reconstruction,4S456Parcels,8,kernel_ridge,"kernel_ridge[alpha=1.0,gamma_mult=2.0]",FC,FC,FC,False,683,195,103740,103740,0.0082011194899678,0.2819359898567199,0.8838748335838318,0.6292346119880676,1.0,1.0,ok,6b5eb84,9d810df0,precomputed,2.0,1.0
reconstruction,4S456Parcels,8,kernel_ridge,"kernel_ridge[alpha=10.0,gamma_mult=2.0]",FC,FC,FC,False,683,195,103740,103740,0.0112668639048933,0.0702617093920707,0.8393760323524475,0.625194251537323,1.0,1.0,ok,6b5eb84,9b9fe6c2,precomputed,2.0,10.0
reconstruction,4S456Parcels,8,pca_pls,pca_pls,SC,SC,SC,False,683,195,103740,103740,0.0038597588427364,0.0601266175508499,0.9233353137969972,0.3793974220752716,1.0,1.0,ok,6b5eb84,7acc6481,precomputed,,
reconstruction,4S456Parcels,8,bayesian_ridge,bayesian_ridge,SC,SC,SC,False,683,195,103740,103740,0.0027821059338748,0.1030225455760955,0.9452967047691344,0.6194165945053101,1.0,1.0,ok,6b5eb84,5b644140,precomputed,,
reconstruction,4S456Parcels,8,kernel_ridge,"kernel_ridge[alpha=0.1,gamma_mult=0.5]",SC,SC,SC,False,683,195,103740,103740,0.0028182731475681,0.1286501884460449,0.9446478486061096,0.6194064021110535,1.0,1.0,ok,6b5eb84,d1b4dac2,precomputed,0.5,0.1
reconstruction,4S456Parcels,8,kernel_ridge,"kernel_ridge[alpha=1.0,gamma_mult=0.5]",SC,SC,SC,False,683,195,103740,103740,0.003503602463752,0.1095489040017128,0.931481957435608,0.6193230152130127,1.0,1.0,ok,6b5eb84,1123439c,precomputed,0.5,1.0
reconstruction,4S456Parcels,8,kernel_ridge,"kernel_ridge[alpha=10.0,gamma_mult=0.5]",SC,SC,SC,False,683,195,103740,103740,0.0043551758863031,0.0138678085058927,0.9145368337631226,0.6136744618415833,1.0,1.0,ok,6b5eb84,65a996b1,precomputed,0.5,10.0
reconstruction,4S456Parcels,8,kernel_ridge,"kernel_ridge[alpha=0.1,gamma_mult=1.0]",SC,SC,SC,False,683,195,103740,103740,0.0027949463110417,0.1190597712993621,0.945076823234558,0.6193752884864807,1.0,1.0,ok,6b5eb84,4b76862a,precomputed,1.0,0.1
reconstruction,4S456Parcels,8,kernel_ridge,"kernel_ridge[alpha=1.0,gamma_mult=1.0]",SC,SC,SC,False,683,195,103740,103740,0.0032510871533304,0.130116194486618,0.93645441532135,0.6192062497138977,1.0,1.0,ok,6b5eb84,5ebe3e60,precomputed,1.0,1.0
reconstruction,4S456Parcels,8,kernel_ridge,"kernel_ridge[alpha=10.0,gamma_mult=1.0]",SC,SC,SC,False,683,195,103740,103740,0.0042525585740804,0.026552639901638,0.9166110157966614,0.6100494265556335,1.0,1.0,ok,6b5eb84,604db103,precomputed,1.0,10.0
reconstruction,4S456Parcels,8,kernel_ridge,"kernel_ridge[alpha=0.1,gamma_mult=2.0]",SC,SC,SC,False,683,195,103740,103740,0.0027936052065342,0.115391656756401,0.9451109766960144,0.6192247271537781,1.0,1.0,ok,6b5eb84,c74bdfc8,precomputed,2.0,0.1
reconstruction,4S456Parcels,8,kernel_ridge,"kernel_ridge[alpha=1.0,gamma_mult=2.0]",SC,SC,SC,False,683,195,103740,103740,0.0031233602203428,0.1371656060218811,0.9389992952346802,0.6186581254005432,1.0,1.0,ok,6b5eb84,74f17bfb,precomputed,2.0,1.0
reconstruction,4S456Parcels,8,kernel_ridge,"kernel_ridge[alpha=10.0,gamma_mult=2.0]",SC,SC,SC,False,683,195,103740,103740,0.0041663944721221,0.0368195436894893,0.9183928370475768,0.5955172181129456,1.0,1.0,ok,6b5eb84,46a1f036,precomputed,2.0,10.0
reconstruction,4S456Parcels,9,pca_pls,pca_pls,FC,FC,SC,False,682,196,103740,103740,0.004404904320836,-0.0186866223812103,0.9116287231445312,0.1459838896989822,0.1326530612244898,0.9003019575177009,ok,6b5eb84,aebc9896,precomputed,,
reconstruction,4S456Parcels,9,bayesian_ridge,bayesian_ridge,FC,FC,SC,False,682,196,103740,103740,0.0042646257206797,0.0155811728909611,0.9144646525382996,0.1767112910747528,0.1479591836734693,0.9130049979175344,ok,6b5eb84,f97454e5,precomputed,,
reconstruction,4S456Parcels,9,kernel_ridge,"kernel_ridge[alpha=0.1,gamma_mult=0.5]",FC,FC,SC,False,682,196,103740,103740,0.0044566565193235,-0.0313465110957622,0.9105661511421204,0.1461614668369293,0.1989795918367347,0.9205799666805498,ok,6b5eb84,f4a6076f,precomputed,0.5,0.1
reconstruction,4S456Parcels,9,kernel_ridge,"kernel_ridge[alpha=1.0,gamma_mult=0.5]",FC,FC,SC,False,682,196,103740,103740,0.0043127601966261,0.0066937399096786,0.9138903617858888,0.1463169902563095,0.2295918367346938,0.9347667638483964,ok,6b5eb84,fec2efc3,precomputed,0.5,1.0
reconstruction,4S456Parcels,9,kernel_ridge,"kernel_ridge[alpha=10.0,gamma_mult=0.5]",FC,FC,SC,False,682,196,103740,103740,0.0043840985745191,-0.0049772756174206,0.912885844707489,0.1430704593658447,0.1938775510204081,0.9308100791336944,ok,6b5eb84,0de80624,precomputed,0.5,10.0
reconstruction,4S456Parcels,9,kernel_ridge,"kernel_ridge[alpha=0.1,gamma_mult=1.0]",FC,FC,SC,False,682,196,103740,103740,0.0045137428678572,-0.0449975095689296,0.9094020128250122,0.144763246178627,0.1785714285714285,0.9184714702207414,ok,6b5eb84,10221d29,precomputed,1.0,0.1
reconstruction,4S456Parcels,9,kernel_ridge,"kernel_ridge[alpha=1.0,gamma_mult=1.0]",FC,FC,SC,False,682,196,103740,103740,0.0043194512836635,0.0035232717636972,0.9136016964912416,0.1460082530975341,0.2448979591836734,0.9332569762598916,ok,6b5eb84,741d96be,precomputed,1.0,1.0
reconstruction,4S456Parcels,9,kernel_ridge,"kernel_ridge[alpha=10.0,gamma_mult=1.0]",FC,FC,SC,False,682,196,103740,103740,0.0043709343299269,-0.0025552054867148,0.9131022691726683,0.1417855620384216,0.2040816326530612,0.9319033735943356,ok,6b5eb84,a8dd4323,precomputed,1.0,10.0
reconstruction,4S456Parcels,9,kernel_ridge,"kernel_ridge[alpha=0.1,gamma_mult=2.0]",FC,FC,SC,False,682,196,103740,103740,0.0045604603365063,-0.0559576712548732,0.9084686636924744,0.1425867527723312,0.1989795918367347,0.9201114119117034,ok,6b5eb84,ad099d2d,precomputed,2.0,0.1
reconstruction,4S456Parcels,9,kernel_ridge,"kernel_ridge[alpha=1.0,gamma_mult=2.0]",FC,FC,SC,False,682,196,103740,103740,0.0043399957939982,-0.0022303368896245,0.91309654712677,0.1448689252138137,0.2448979591836734,0.9330747605164514,ok,6b5eb84,d076bb2a,precomputed,2.0,1.0
reconstruction,4S456Parcels,9,kernel_ridge,"kernel_ridge[alpha=10.0,gamma_mult=2.0]",FC,FC,SC,False,682,196,103740,103740,0.0043601421639323,-0.0006721705431118,0.9132763743400574,0.137486919760704,0.1989795918367347,0.931747188671387,ok,6b5eb84,94ed9c69,precomputed,2.0,10.0
reconstruction,4S456Parcels,9,pca_pls,pca_pls,SC,SC,FC,False,682,196,103740,103740,0.0126023292541503,-0.0413866117596626,0.8130097389221191,0.0921065360307693,0.0306122448979591,0.7434922948771345,ok,6b5eb84,be8c7871,precomputed,,
reconstruction,4S456Parcels,9,bayesian_ridge,bayesian_ridge,SC,SC,FC,False,682,196,103740,103740,0.0121092107146978,-0.0013803464826196,0.8207716941833496,0.1059544458985328,0.0357142857142857,0.781106830487297,ok,6b5eb84,445d4653,precomputed,,
reconstruction,4S456Parcels,9,kernel_ridge,"kernel_ridge[alpha=0.1,gamma_mult=0.5]",SC,SC,FC,False,682,196,103740,103740,0.0128996176645159,-0.0662794262170791,0.8082795143127441,0.0879675224423408,0.0612244897959183,0.733991045397751,ok,6b5eb84,49076a78,precomputed,0.5,0.1
reconstruction,4S456Parcels,9,kernel_ridge,"kernel_ridge[alpha=1.0,gamma_mult=0.5]",SC,SC,FC,False,682,196,103740,103740,0.0121672181412577,-0.0061576329171657,0.8197570443153381,0.0880574136972427,0.0408163265306122,0.7464077467721782,ok,6b5eb84,6f6c729a,precomputed,0.5,1.0
reconstruction,4S456Parcels,9,kernel_ridge,"kernel_ridge[alpha=10.0,gamma_mult=0.5]",SC,SC,FC,False,682,196,103740,103740,0.0121881971135735,-0.0055486909113824,0.8195946216583252,0.0877282544970512,0.0357142857142857,0.7492190753852561,ok,6b5eb84,5c8a4f5a,precomputed,0.5,10.0
reconstruction,4S456Parcels,9,kernel_ridge,"kernel_ridge[alpha=0.1,gamma_mult=1.0]",SC,SC,FC,False,682,196,103740,103740,0.0130941402167081,-0.0819303020834922,0.8053344488143921,0.0874732732772827,0.0612244897959183,0.7295918367346939,ok,6b5eb84,ca05bb50,precomputed,1.0,0.1
reconstruction,4S456Parcels,9,kernel_ridge,"kernel_ridge[alpha=1.0,gamma_mult=1.0]",SC,SC,FC,False,682,196,103740,103740,0.0122625455260276,-0.0144434245303273,0.8181933760643005,0.0881817415356636,0.0510204081632653,0.7439348188254894,ok,6b5eb84,3e78bd8f,precomputed,1.0,1.0
reconstruction,4S456Parcels,9,kernel_ridge,"kernel_ridge[alpha=10.0,gamma_mult=1.0]",SC,SC,FC,False,682,196,103740,103740,0.0121692661195993,-0.0043217567726969,0.8198791146278381,0.0876549482345581,0.0357142857142857,0.750338400666389,ok,6b5eb84,f3269bfb,precomputed,1.0,10.0
reconstruction,4S456Parcels,9,kernel_ridge,"kernel_ridge[alpha=0.1,gamma_mult=2.0]",SC,SC,FC,False,682,196,103740,103740,0.0132117718458175,-0.0914045348763465,0.8035544753074646,0.0865738540887832,0.0612244897959183,0.7265982923781757,ok,6b5eb84,831a3f0d,precomputed,2.0,0.1
reconstruction,4S456Parcels,9,kernel_ridge,"kernel_ridge[alpha=1.0,gamma_mult=2.0]",SC,SC,FC,False,682,196,103740,103740,0.0123626952990889,-0.0228206291794776,0.8165919780731201,0.0881031453609466,0.0510204081632653,0.7425812161599333,ok,6b5eb84,6470186a,precomputed,2.0,1.0
reconstruction,4S456Parcels,9,kernel_ridge,"kernel_ridge[alpha=10.0,gamma_mult=2.0]",SC,SC,FC,False,682,196,103740,103740,0.0121558029204607,-0.0034939213655889,0.8200803995132446,0.0867450982332229,0.0408163265306122,0.7505987088713036,ok,6b5eb84,2540259d,precomputed,2.0,10.0
reconstruction,4S456Parcels,9,pca_pls,pca_pls,bv,bv,SC,False,682,196,16,103740,0.0042472598142921,0.0180298648774623,0.9141018986701964,0.1912501603364944,0.1224489795918367,0.9106101624323198,ok,6b5eb84,50039436,precomputed,,
reconstruction,4S456Parcels,9,bayesian_ridge,bayesian_ridge,bv,bv,SC,False,682,196,16,103740,0.0042064394801855,0.0289570745080709,0.9149551391601562,0.1977254301309585,0.1479591836734693,0.915634110787172,ok,6b5eb84,9019a729,precomputed,,
reconstruction,4S456Parcels,9,kernel_ridge,"kernel_ridge[alpha=0.1,gamma_mult=0.5]",bv,bv,SC,False,682,196,16,103740,0.0044233589433133,-0.0162323210388422,0.9104200005531312,0.1605638563632965,0.0765306122448979,0.8190077051228655,ok,6b5eb84,e4b5cc1f,precomputed,0.5,0.1
reconstruction,4S456Parcels,9,kernel_ridge,"kernel_ridge[alpha=1.0,gamma_mult=0.5]",bv,bv,SC,False,682,196,16,103740,0.0042358376085758,0.0226775761693716,0.9143738746643066,0.1911769062280655,0.1632653061224489,0.9199031653477716,ok,6b5eb84,df7ee9a1,precomputed,0.5,1.0
reconstruction,4S456Parcels,9,kernel_ridge,"kernel_ridge[alpha=10.0,gamma_mult=0.5]",bv,bv,SC,False,682,196,16,103740,0.0042390786111354,0.0250847451388835,0.9147183895111084,0.1953205168247223,0.1224489795918367,0.926176593086214,ok,6b5eb84,d6036eef,precomputed,0.5,10.0
reconstruction,4S456Parcels,9,kernel_ridge,"kernel_ridge[alpha=0.1,gamma_mult=1.0]",bv,bv,SC,False,682,196,16,103740,0.0045930142514407,-0.0498766116797924,0.9068809747695924,0.136982187628746,0.0510204081632653,0.7545553935860059,ok,6b5eb84,b31d80ce,precomputed,1.0,0.1
reconstruction,4S456Parcels,9,kernel_ridge,"kernel_ridge[alpha=1.0,gamma_mult=1.0]",bv,bv,SC,False,682,196,16,103740,0.0042747189290821,0.0153819620609283,0.9135477542877196,0.1796965301036834,0.1275510204081632,0.9050135360266556,ok,6b5eb84,2dad6fa5,precomputed,1.0,1.0
reconstruction,4S456Parcels,9,kernel_ridge,"kernel_ridge[alpha=10.0,gamma_mult=1.0]",bv,bv,SC,False,682,196,16,103740,0.0042262752540409,0.0276768673211336,0.914851725101471,0.1943852007389068,0.1428571428571428,0.9312526030820492,ok,6b5eb84,07ded8fe,precomputed,1.0,10.0
reconstruction,4S456Parcels,9,kernel_ridge,"kernel_ridge[alpha=0.1,gamma_mult=2.0]",bv,bv,SC,False,682,196,16,103740,0.0048608593642711,-0.1027387455105781,0.9014061093330384,0.1095102280378341,0.0306122448979591,0.6958819241982508,ok,6b5eb84,ef42e00e,precomputed,2.0,0.1
reconstruction,4S456Parcels,9,kernel_ridge,"kernel_ridge[alpha=1.0,gamma_mult=2.0]",bv,bv,SC,False,682,196,16,103740,0.0043442850001156,0.0023430862929672,0.912123203277588,0.160385400056839,0.0816326530612244,0.8816378592253228,ok,6b5eb84,8494068a,precomputed,2.0,1.0
reconstruction,4S456Parcels,9,kernel_ridge,"kernel_ridge[alpha=10.0,gamma_mult=2.0]",bv,bv,SC,False,682,196,16,103740,0.0042322515510022,0.0268330946564674,0.9147247076034546,0.1902097463607788,0.1632653061224489,0.9247188671386922,ok,6b5eb84,c7c6ed35,precomputed,2.0,10.0
reconstruction,4S456Parcels,9,pca_pls,pca_pls,bv,bv,FC,False,682,196,16,103740,0.0123357875272631,-0.0169433038681745,0.8170908689498901,0.0490954928100109,0.0153061224489795,0.6322365680966264,ok,6b5eb84,d56af3fd,precomputed,,
reconstruction,4S456Parcels,9,bayesian_ridge,bayesian_ridge,bv,bv,FC,False,682,196,16,103740,0.0121766794472932,-0.0045286137610673,0.8197946548461914,0.055337157100439,0.0204081632653061,0.659490837151187,ok,6b5eb84,6dd06935,precomputed,,
reconstruction,4S456Parcels,9,kernel_ridge,"kernel_ridge[alpha=0.1,gamma_mult=0.5]",bv,bv,FC,False,682,196,16,103740,0.0128699643537402,-0.0583190098404884,0.8084441423416138,0.035173300653696,0.0051020408163265,0.5798625572678051,ok,6b5eb84,90e28c3c,precomputed,0.5,0.1
reconstruction,4S456Parcels,9,kernel_ridge,"kernel_ridge[alpha=1.0,gamma_mult=0.5]",bv,bv,FC,False,682,196,16,103740,0.0123207634314894,-0.015661533921957,0.8172932267189026,0.0470500886440277,0.0153061224489795,0.6356986672219909,ok,6b5eb84,9c66190b,precomputed,0.5,1.0
reconstruction,4S456Parcels,9,kernel_ridge,"kernel_ridge[alpha=10.0,gamma_mult=0.5]",bv,bv,FC,False,682,196,16,103740,0.0121924234554171,-0.0057055172510445,0.8194698691368103,0.0502951927483081,0.0051020408163265,0.648557892544773,ok,6b5eb84,c727ca0c,precomputed,0.5,10.0
reconstruction,4S456Parcels,9,kernel_ridge,"kernel_ridge[alpha=0.1,gamma_mult=1.0]",bv,bv,FC,False,682,196,16,103740,0.0133803253993391,-0.0978145450353622,0.8006047606468201,0.0319372527301311,0.010204081632653,0.5654675135360266,ok,6b5eb84,f5add7e6,precomputed,1.0,0.1
reconstruction,4S456Parcels,9,kernel_ridge,"kernel_ridge[alpha=1.0,gamma_mult=1.0]",bv,bv,FC,False,682,196,16,103740,0.0124351857230067,-0.024492509663105,0.8154382705688477,0.0428474768996238,0.0051020408163265,0.6217461474385673,ok,6b5eb84,9efa6ef0,precomputed,1.0,1.0
reconstruction,4S456Parcels,9,kernel_ridge,"kernel_ridge[alpha=10.0,gamma_mult=1.0]",bv,bv,FC,False,682,196,16,103740,0.0122058689594268,-0.0067194164730608,0.8192405104637146,0.0501004345715045,0.0051020408163265,0.6468398583923365,ok,6b5eb84,2cc99521,precomputed,1.0,10.0
reconstruction,4S456Parcels,9,kernel_ridge,"kernel_ridge[alpha=0.1,gamma_mult=2.0]",bv,bv,FC,False,682,196,16,103740,0.0141514632850885,-0.1574899852275848,0.7893638014793396,0.0269331634044647,0.010204081632653,0.5437317784256559,ok,6b5eb84,6115802c,precomputed,2.0,0.1
reconstruction,4S456Parcels,9,kernel_ridge,"kernel_ridge[alpha=1.0,gamma_mult=2.0]",bv,bv,FC,False,682,196,16,103740,0.0126250516623258,-0.0391612388193607,0.8124247193336487,0.0387095436453819,0.010204081632653,0.6029258642232403,ok,6b5eb84,0c91dcc3,precomputed,2.0,1.0
reconstruction,4S456Parcels,9,kernel_ridge,"kernel_ridge[alpha=10.0,gamma_mult=2.0]",bv,bv,FC,False,682,196,16,103740,0.0122249526903033,-0.008130450733006,0.8189229965209961,0.0492240786552429,0.0153061224489795,0.6432476051645148,ok,6b5eb84,2e282246,precomputed,2.0,10.0
reconstruction,4S456Parcels,9,pca_pls,pca_pls,demo,demo,SC,False,682,196,9,103740,0.0043388125486671,0.0008854516781866,0.9130434393882751,0.1363590955734253,0.0255102040816326,0.7861307788421491,ok,6b5eb84,4eedfadf,precomputed,,
reconstruction,4S456Parcels,9,bayesian_ridge,bayesian_ridge,demo,demo,SC,False,682,196,9,103740,0.0043075280264019,0.0083802165463566,0.913682460784912,0.1439483761787414,0.0051020408163265,0.8081268221574345,ok,6b5eb84,c6ce43be,precomputed,,
reconstruction,4S456Parcels,9,kernel_ridge,"kernel_ridge[alpha=0.1,gamma_mult=0.5]",demo,demo,SC,False,682,196,9,103740,0.0043995073065161,-0.0125489998608827,0.911809504032135,0.1243405267596244,0.010204081632653,0.7406028738025823,ok,6b5eb84,1e9cfc43,precomputed,0.5,0.1
reconstruction,4S456Parcels,9,kernel_ridge,"kernel_ridge[alpha=1.0,gamma_mult=0.5]",demo,demo,SC,False,682,196,9,103740,0.0043478137813508,-0.0008986886241473,0.912855625152588,0.1318239122629165,0.010204081632653,0.7789983340274885,ok,6b5eb84,b69c7ba6,precomputed,0.5,1.0
reconstruction,4S456Parcels,9,kernel_ridge,"kernel_ridge[alpha=10.0,gamma_mult=0.5]",demo,demo,SC,False,682,196,9,103740,0.0043188398703932,0.0069845151156187,0.9135262370109558,0.1367155462503433,0.0051020408163265,0.8224958350687214,ok,6b5eb84,da5232b1,precomputed,0.5,10.0
reconstruction,4S456Parcels,9,kernel_ridge,"kernel_ridge[alpha=0.1,gamma_mult=1.0]",demo,demo,SC,False,682,196,9,103740,0.004428771790117,-0.0189727582037448,0.9112247824668884,0.1206933408975601,0.0153061224489795,0.7244377342773844,ok,6b5eb84,290ed4df,precomputed,1.0,0.1
reconstruction,4S456Parcels,9,kernel_ridge,"kernel_ridge[alpha=1.0,gamma_mult=1.0]",demo,demo,SC,False,682,196,9,103740,0.0043671838939189,-0.0051071858033537,0.9124598503112792,0.127368226647377,0.0051020408163265,0.7630154102457309,ok,6b5eb84,260125b5,precomputed,1.0,1.0
reconstruction,4S456Parcels,9,kernel_ridge,"kernel_ridge[alpha=10.0,gamma_mult=1.0]",demo,demo,SC,False,682,196,9,103740,0.0043239099904894,0.0056893317960202,0.9134142994880676,0.1333505809307098,0.010204081632653,0.8136974177426073,ok,6b5eb84,0e22dca7,precomputed,1.0,10.0
reconstruction,4S456Parcels,9,kernel_ridge,"kernel_ridge[alpha=0.1,gamma_mult=2.0]",demo,demo,SC,False,682,196,9,103740,0.0044664982706308,-0.027347557246685,0.9104769229888916,0.1165280863642692,0.0204081632653061,0.7067367763431904,ok,6b5eb84,d0904a2e,precomputed,2.0,0.1
reconstruction,4S456Parcels,9,kernel_ridge,"kernel_ridge[alpha=1.0,gamma_mult=2.0]",demo,demo,SC,False,682,196,9,103740,0.0043875644914805,-0.0094139371067285,0.912045955657959,0.1235405057668685,0.0051020408163265,0.7503644314868805,ok,6b5eb84,e91ae39a,precomputed,2.0,1.0
reconstruction,4S456Parcels,9,kernel_ridge,"kernel_ridge[alpha=10.0,gamma_mult=2.0]",demo,demo,SC,False,682,196,9,103740,0.0043312264606356,0.0041561787948012,0.9132702946662904,0.1292908787727356,0.0,0.8012807163681799,ok,6b5eb84,a4615e27,precomputed,2.0,10.0
reconstruction,4S456Parcels,9,pca_pls,pca_pls,demo,demo,FC,False,682,196,9,103740,0.0121848918497562,-0.0061943694017827,0.819059431552887,0.1035975217819213,0.0357142857142857,0.6632913369429405,ok,6b5eb84,4dc28b60,precomputed,,
reconstruction,4S456Parcels,9,bayesian_ridge,bayesian_ridge,demo,demo,FC,False,682,196,9,103740,0.0121070137247443,0.0002049402537522,0.8205083608627319,0.1056941896677017,0.0204081632653061,0.6514212827988338,ok,6b5eb84,ed88e89e,precomputed,,
reconstruction,4S456Parcels,9,kernel_ridge,"kernel_ridge[alpha=0.1,gamma_mult=0.5]",demo,demo,FC,False,682,196,9,103740,0.0123390387743711,-0.018382316455245,0.8166824579238892,0.0930715501308441,0.0204081632653061,0.6562890462307371,ok,6b5eb84,66cd03c8,precomputed,0.5,0.1
reconstruction,4S456Parcels,9,kernel_ridge,"kernel_ridge[alpha=1.0,gamma_mult=0.5]",demo,demo,FC,False,682,196,9,103740,0.0121910721063613,-0.0067097865976393,0.8190546035766602,0.101173460483551,0.0255102040816326,0.6603498542274053,ok,6b5eb84,d9d1f8c6,precomputed,0.5,1.0
reconstruction,4S456Parcels,9,kernel_ridge,"kernel_ridge[alpha=10.0,gamma_mult=0.5]",demo,demo,FC,False,682,196,9,103740,0.0120848314836621,0.0016486471286043,0.8209097981452942,0.1067242696881294,0.0357142857142857,0.6650354019158684,ok,6b5eb84,384dff89,precomputed,0.5,10.0
reconstruction,4S456Parcels,9,kernel_ridge,"kernel_ridge[alpha=0.1,gamma_mult=1.0]",demo,demo,FC,False,682,196,9,103740,0.0124287344515323,-0.0254830233752727,0.8153546452522278,0.0882918015122413,0.0153061224489795,0.6445231153685964,ok,6b5eb84,83ea0ffd,precomputed,1.0,0.1
reconstruction,4S456Parcels,9,kernel_ridge,"kernel_ridge[alpha=1.0,gamma_mult=1.0]",demo,demo,FC,False,682,196,9,103740,0.0122426189482212,-0.010835918597877,0.8182416558265686,0.0969941690564155,0.0255102040816326,0.6604800083298625,ok,6b5eb84,39a8faab,precomputed,1.0,1.0
reconstruction,4S456Parcels,9,kernel_ridge,"kernel_ridge[alpha=10.0,gamma_mult=1.0]",demo,demo,FC,False,682,196,9,103740,0.0121010914444923,0.0003534060670062,0.820605993270874,0.1044438779354095,0.0357142857142857,0.6628488129945855,ok,6b5eb84,e37310f5,precomputed,1.0,10.0
reconstruction,4S456Parcels,9,kernel_ridge,"kernel_ridge[alpha=0.1,gamma_mult=2.0]",demo,demo,FC,False,682,196,9,103740,0.0125478589907288,-0.0349155329167842,0.8136845231056213,0.0817538574337959,0.0357142857142857,0.64173781757601,ok,6b5eb84,c75fe539,precomputed,2.0,0.1
reconstruction,4S456Parcels,9,kernel_ridge,"kernel_ridge[alpha=1.0,gamma_mult=2.0]",demo,demo,FC,False,682,196,9,103740,0.0123070795089006,-0.0159770958125591,0.8172703385353088,0.09186302870512,0.010204081632653,0.6560287380258225,ok,6b5eb84,f93771ac,precomputed,2.0,1.0
reconstruction,4S456Parcels,9,kernel_ridge,"kernel_ridge[alpha=10.0,gamma_mult=2.0]",demo,demo,FC,False,682,196,9,103740,0.0121207842603325,-0.0012219444615766,0.8202895522117615,0.1008206084370613,0.0204081632653061,0.6603498542274053,ok,6b5eb84,22a50382,precomputed,2.0,10.0
reconstruction,4S456Parcels,9,pca_pls,pca_pls,bv+demo,bv+demo,SC,False,682,196,25,103740,0.0042597004212439,0.0135067487135529,0.9138239622116088,0.200119212269783,0.1938775510204081,0.9238858808829654,ok,6b5eb84,df35620b,precomputed,,
reconstruction,4S456Parcels,9,bayesian_ridge,bayesian_ridge,bv+demo,bv+demo,SC,False,682,196,25,103740,0.0041886414401233,0.0312340576201677,0.915314793586731,0.2112249284982681,0.1683673469387755,0.9293002915451896,ok,6b5eb84,e3d4c64d,precomputed,,
reconstruction,4S456Parcels,9,kernel_ridge,"kernel_ridge[alpha=0.1,gamma_mult=0.5]",bv+demo,bv+demo,SC,False,682,196,25,103740,0.0044233901426196,-0.0197802707552909,0.9104827642440796,0.1740096509456634,0.1122448979591836,0.8525093710953769,ok,6b5eb84,6b13c863,precomputed,0.5,0.1
reconstruction,4S456Parcels,9,kernel_ridge,"kernel_ridge[alpha=1.0,gamma_mult=0.5]",bv+demo,bv+demo,SC,False,682,196,25,103740,0.0042249062098562,0.0229057967662811,0.9146403074264526,0.2010564655065536,0.2448979591836734,0.937213660974594,ok,6b5eb84,378c73ad,precomputed,0.5,1.0
reconstruction,4S456Parcels,9,kernel_ridge,"kernel_ridge[alpha=10.0,gamma_mult=0.5]",bv+demo,bv+demo,SC,False,682,196,25,103740,0.0042491713538765,0.0224086176604032,0.9147367477416992,0.2021290510892868,0.1785714285714285,0.9405716368179924,ok,6b5eb84,b69d8493,precomputed,0.5,10.0
reconstruction,4S456Parcels,9,kernel_ridge,"kernel_ridge[alpha=0.1,gamma_mult=1.0]",bv+demo,bv+demo,SC,False,682,196,25,103740,0.0046708770096302,-0.0697111114859581,0.9053792953491212,0.1453330516815185,0.0714285714285714,0.7644471053727614,ok,6b5eb84,d0024d09,precomputed,1.0,0.1
reconstruction,4S456Parcels,9,kernel_ridge,"kernel_ridge[alpha=1.0,gamma_mult=1.0]",bv+demo,bv+demo,SC,False,682,196,25,103740,0.0042585465125739,0.0160949900746345,0.9139381647109984,0.1924040615558624,0.2193877551020408,0.9266711786755518,ok,6b5eb84,4e29a54a,precomputed,1.0,1.0
reconstruction,4S456Parcels,9,kernel_ridge,"kernel_ridge[alpha=10.0,gamma_mult=1.0]",bv+demo,bv+demo,SC,False,682,196,25,103740,0.0042287954129278,0.0262854844331741,0.9149823784828186,0.20103520154953,0.2346938775510204,0.9434610578925448,ok,6b5eb84,9609aa91,precomputed,1.0,10.0
reconstruction,4S456Parcels,9,kernel_ridge,"kernel_ridge[alpha=0.1,gamma_mult=2.0]",bv+demo,bv+demo,SC,False,682,196,25,103740,0.0049229776486754,-0.1208537295460701,0.9003129005432129,0.1213895455002784,0.0306122448979591,0.731856518117451,ok,6b5eb84,0f7e38f6,precomputed,2.0,0.1
reconstruction,4S456Parcels,9,kernel_ridge,"kernel_ridge[alpha=1.0,gamma_mult=2.0]",bv+demo,bv+demo,SC,False,682,196,25,103740,0.0043244464322924,0.0033339289948344,0.9126043319702148,0.1742577850818634,0.1530612244897959,0.9101936693044564,ok,6b5eb84,7188cd99,precomputed,2.0,1.0
reconstruction,4S456Parcels,9,kernel_ridge,"kernel_ridge[alpha=10.0,gamma_mult=2.0]",bv+demo,bv+demo,SC,False,682,196,25,103740,0.0042298561893403,0.026136826723814,0.9149259328842164,0.196853369474411,0.2244897959183673,0.9387494793835902,ok,6b5eb84,bef8e7b9,precomputed,2.0,10.0
reconstruction,4S456Parcels,9,pca_pls,pca_pls,bv+demo,bv+demo,FC,False,682,196,25,103740,0.0123667977750301,-0.0206162724643945,0.8162304759025574,0.0949932411313057,0.010204081632653,0.6693825489379426,ok,6b5eb84,63502a85,precomputed,,
reconstruction,4S456Parcels,9,bayesian_ridge,bayesian_ridge,bv+demo,bv+demo,FC,False,682,196,25,103740,0.0121136177331209,-8.582388545619324e-05,0.8204309344291687,0.1085633859038353,0.010204081632653,0.6694866722199084,ok,6b5eb84,13f420ff,precomputed,,
reconstruction,4S456Parcels,9,kernel_ridge,"kernel_ridge[alpha=0.1,gamma_mult=0.5]",bv+demo,bv+demo,FC,False,682,196,25,103740,0.0127801224589347,-0.0530504211783409,0.8097137808799744,0.0805167034268379,0.010204081632653,0.6412172011661808,ok,6b5eb84,15a22104,precomputed,0.5,0.1
reconstruction,4S456Parcels,9,kernel_ridge,"kernel_ridge[alpha=1.0,gamma_mult=0.5]",bv+demo,bv+demo,FC,False,682,196,25,103740,0.0122267669066786,-0.0096453409641981,0.818494975566864,0.098731905221939,0.0153061224489795,0.683725531028738,ok,6b5eb84,de3e1099,precomputed,0.5,1.0
reconstruction,4S456Parcels,9,kernel_ridge,"kernel_ridge[alpha=10.0,gamma_mult=0.5]",bv+demo,bv+demo,FC,False,682,196,25,103740,0.0120941698551177,0.0011318185133859,0.8208870887756348,0.1006064936518669,0.0255102040816326,0.7002290712203249,ok,6b5eb84,e109e401,precomputed,0.5,10.0
reconstruction,4S456Parcels,9,kernel_ridge,"kernel_ridge[alpha=0.1,gamma_mult=1.0]",bv+demo,bv+demo,FC,False,682,196,25,103740,0.0134866209700703,-0.1085831597447395,0.7991196513175964,0.0638597533106803,0.010204081632653,0.6152384423157018,ok,6b5eb84,77ac8c46,precomputed,1.0,0.1
reconstruction,4S456Parcels,9,kernel_ridge,"kernel_ridge[alpha=1.0,gamma_mult=1.0]",bv+demo,bv+demo,FC,False,682,196,25,103740,0.0123168407008051,-0.0166714861989021,0.8170254826545715,0.0934519842267036,0.0153061224489795,0.6827103290295711,ok,6b5eb84,87bc43de,precomputed,1.0,1.0
reconstruction,4S456Parcels,9,kernel_ridge,"kernel_ridge[alpha=10.0,gamma_mult=1.0]",bv+demo,bv+demo,FC,False,682,196,25,103740,0.0120918555185198,0.0011656015412881,0.8208540081977844,0.1005104929208755,0.0204081632653061,0.697417742607247,ok,6b5eb84,6fb46b4d,precomputed,1.0,10.0
reconstruction,4S456Parcels,9,kernel_ridge,"kernel_ridge[alpha=0.1,gamma_mult=2.0]",bv+demo,bv+demo,FC,False,682,196,25,103740,0.0142423314973711,-0.168040931224823,0.7884446978569031,0.0506974086165428,0.0153061224489795,0.5974854227405249,ok,6b5eb84,1b2cc46f,precomputed,2.0,0.1
reconstruction,4S456Parcels,9,kernel_ridge,"kernel_ridge[alpha=1.0,gamma_mult=2.0]",bv+demo,bv+demo,FC,False,682,196,25,103740,0.0124946311116218,-0.0305863693356513,0.8142635822296143,0.0818985402584075,0.0051020408163265,0.6756559766763848,ok,6b5eb84,749d389d,precomputed,2.0,1.0
reconstruction,4S456Parcels,9,kernel_ridge,"kernel_ridge[alpha=10.0,gamma_mult=2.0]",bv+demo,bv+demo,FC,False,682,196,25,103740,0.0121031664311885,0.0002868029696401,0.8206304311752319,0.0988545715808868,0.0153061224489795,0.6962723865056226,ok,6b5eb84,aa98f2c0,precomputed,2.0,10.0
reconstruction,4S456Parcels,9,pca_pls,pca_pls,FC+bv+demo,FC+bv+demo,SC,True,682,196,103765,103740,0.004325131420046,-0.0039868978783488,0.9124593734741212,0.1860358715057373,0.25,0.944658475635152,ok,6b5eb84,2a388020,precomputed,,
reconstruction,4S456Parcels,9,bayesian_ridge,bayesian_ridge,FC+bv+demo,FC+bv+demo,SC,True,682,196,103765,103740,0.0041932859458029,0.0277910325676202,0.9152244925498962,0.2094097584486007,0.2551020408163265,0.948146605581008,ok,6b5eb84,ee8fb176,precomputed,,
reconstruction,4S456Parcels,9,kernel_ridge,"kernel_ridge[alpha=0.1,gamma_mult=0.5]",FC+bv+demo,FC+bv+demo,SC,True,682,196,103765,103740,0.0043726046569645,-0.0175162889063358,0.9114438891410828,0.1918467134237289,0.2959183673469387,0.9578561016243232,ok,6b5eb84,8f269631,precomputed,0.5,0.1
reconstruction,4S456Parcels,9,kernel_ridge,"kernel_ridge[alpha=1.0,gamma_mult=0.5]",FC+bv+demo,FC+bv+demo,SC,True,682,196,103765,103740,0.0041972920298576,0.0272757839411497,0.9151561260223388,0.2074672281742096,0.3316326530612244,0.9714441899208665,ok,6b5eb84,e9154095,precomputed,0.5,1.0
reconstruction,4S456Parcels,9,kernel_ridge,"kernel_ridge[alpha=10.0,gamma_mult=0.5]",FC+bv+demo,FC+bv+demo,SC,True,682,196,103765,103740,0.0042876075021922,0.0143607649952173,0.91383695602417,0.1969061493873596,0.1530612244897959,0.9419252394835486,ok,6b5eb84,b0611d85,precomputed,0.5,10.0
reconstruction,4S456Parcels,9,kernel_ridge,"kernel_ridge[alpha=0.1,gamma_mult=1.0]",FC+bv+demo,FC+bv+demo,SC,True,682,196,103765,103740,0.0044316770508885,-0.0311420504003763,0.9102283120155334,0.1906014680862426,0.2806122448979591,0.956268221574344,ok,6b5eb84,28b34385,precomputed,1.0,0.1
reconstruction,4S456Parcels,9,kernel_ridge,"kernel_ridge[alpha=1.0,gamma_mult=1.0]",FC+bv+demo,FC+bv+demo,SC,True,682,196,103765,103740,0.0042118905112147,0.0218825209885835,0.9148145318031312,0.205514907836914,0.336734693877551,0.9701686797167848,ok,6b5eb84,5714355d,precomputed,1.0,1.0
reconstruction,4S456Parcels,9,kernel_ridge,"kernel_ridge[alpha=10.0,gamma_mult=1.0]",FC+bv+demo,FC+bv+demo,SC,True,682,196,103765,103740,0.0042552901431918,0.0203052144497632,0.91425758600235,0.200063556432724,0.25,0.9582205331112036,ok,6b5eb84,47b98c4a,precomputed,1.0,10.0
reconstruction,4S456Parcels,9,kernel_ridge,"kernel_ridge[alpha=0.1,gamma_mult=2.0]",FC+bv+demo,FC+bv+demo,SC,True,682,196,103765,103740,0.0044757830910384,-0.0418558120727539,0.9093689918518066,0.1917944997549057,0.2755102040816326,0.9578040399833404,ok,6b5eb84,13ded336,precomputed,2.0,0.1
reconstruction,4S456Parcels,9,kernel_ridge,"kernel_ridge[alpha=1.0,gamma_mult=2.0]",FC+bv+demo,FC+bv+demo,SC,True,682,196,103765,103740,0.0042411386966705,0.0135195609182119,0.9142228960990906,0.2048284411430359,0.336734693877551,0.9680862140774678,ok,6b5eb84,b732cac9,precomputed,2.0,1.0
reconstruction,4S456Parcels,9,kernel_ridge,"kernel_ridge[alpha=10.0,gamma_mult=2.0]",FC+bv+demo,FC+bv+demo,SC,True,682,196,103765,103740,0.0042330464348196,0.0241758897900581,0.9145565629005432,0.2012979537248611,0.3316326530612244,0.9658735943356934,ok,6b5eb84,0a12ca22,precomputed,2.0,10.0
reconstruction,4S456Parcels,9,pca_pls,pca_pls,SC+bv+demo,SC+bv+demo,FC,True,682,196,103765,103740,0.0125389155000448,-0.0364355444908142,0.8136979937553406,0.1110957562923431,0.0561224489795918,0.7497917534360683,ok,6b5eb84,0ff0a715,precomputed,,
reconstruction,4S456Parcels,9,bayesian_ridge,bayesian_ridge,SC+bv+demo,SC+bv+demo,FC,True,682,196,103765,103740,0.0120583837851881,0.0023072536569088,0.8214294910430908,0.1220411732792854,0.0408163265306122,0.7836838817159517,ok,6b5eb84,b8105413,precomputed,,
reconstruction,4S456Parcels,9,kernel_ridge,"kernel_ridge[alpha=0.1,gamma_mult=0.5]",SC+bv+demo,SC+bv+demo,FC,True,682,196,103765,103740,0.0128369750455021,-0.061897188425064,0.8089792728424072,0.1065466329455375,0.0816326530612244,0.7500520616409829,ok,6b5eb84,1280ab5d,precomputed,0.5,0.1
reconstruction,4S456Parcels,9,kernel_ridge,"kernel_ridge[alpha=1.0,gamma_mult=0.5]",SC+bv+demo,SC+bv+demo,FC,True,682,196,103765,103740,0.0120689989998936,0.0009267505956813,0.8211742043495178,0.1197507157921791,0.0561224489795918,0.7803519366930446,ok,6b5eb84,f5cde35b,precomputed,0.5,1.0
reconstruction,4S456Parcels,9,kernel_ridge,"kernel_ridge[alpha=10.0,gamma_mult=0.5]",SC+bv+demo,SC+bv+demo,FC,True,682,196,103765,103740,0.0121314860880374,-0.0015142638003453,0.8204894065856934,0.1193491071462631,0.0561224489795918,0.7915972511453562,ok,6b5eb84,3919776d,precomputed,0.5,10.0
reconstruction,4S456Parcels,9,kernel_ridge,"kernel_ridge[alpha=0.1,gamma_mult=1.0]",SC+bv+demo,SC+bv+demo,FC,True,682,196,103765,103740,0.0130326775833964,-0.0775769501924514,0.8059759140014648,0.1055179238319397,0.0765306122448979,0.7473969179508538,ok,6b5eb84,ada1674a,precomputed,1.0,0.1
reconstruction,4S456Parcels,9,kernel_ridge,"kernel_ridge[alpha=1.0,gamma_mult=1.0]",SC+bv+demo,SC+bv+demo,FC,True,682,196,103765,103740,0.0121616320684552,-0.0070697763003408,0.8195960521697998,0.1172946095466613,0.0663265306122449,0.7763431903373594,ok,6b5eb84,fa96999b,precomputed,1.0,1.0
reconstruction,4S456Parcels,9,kernel_ridge,"kernel_ridge[alpha=10.0,gamma_mult=1.0]",SC+bv+demo,SC+bv+demo,FC,True,682,196,103765,103740,0.0120978066697716,0.0007568522705696,0.8209900856018066,0.1213131174445152,0.0510204081632653,0.7933152852977926,ok,6b5eb84,04fb37fd,precomputed,1.0,10.0
reconstruction,4S456Parcels,9,kernel_ridge,"kernel_ridge[alpha=0.1,gamma_mult=2.0]",SC+bv+demo,SC+bv+demo,FC,True,682,196,103765,103740,0.0131154917180538,-0.0841614603996276,0.8047170042991638,0.1062414795160293,0.0714285714285714,0.7491670137442732,ok,6b5eb84,663d6c38,precomputed,2.0,0.1
reconstruction,4S456Parcels,9,kernel_ridge,"kernel_ridge[alpha=1.0,gamma_mult=2.0]",SC+bv+demo,SC+bv+demo,FC,True,682,196,103765,103740,0.0122568132355809,-0.0149757117033004,0.8180245161056519,0.1166682764887809,0.0714285714285714,0.7748854643898375,ok,6b5eb84,134cf39f,precomputed,2.0,1.0
reconstruction,4S456Parcels,9,kernel_ridge,"kernel_ridge[alpha=10.0,gamma_mult=2.0]",SC+bv+demo,SC+bv+demo,FC,True,682,196,103765,103740,0.0120749305933713,0.0022528036497533,0.8213183283805847,0.1219535395503044,0.0459183673469387,0.7936276551436902,ok,6b5eb84,bcd804ca,precomputed,2.0,10.0
reconstruction,4S456Parcels,9,pca_pls,pca_pls,FC,FC,FC,False,682,196,103740,103740,0.0095322374254465,0.1838825792074203,0.8579760193824768,0.4491524696350097,1.0,1.0,ok,6b5eb84,d642de9c,precomputed,,
reconstruction,4S456Parcels,9,bayesian_ridge,bayesian_ridge,FC,FC,FC,False,682,196,103740,103740,0.0071789724752306,0.3365894556045532,0.8943147659301758,0.6321108937263489,1.0,1.0,ok,6b5eb84,a05d9601,precomputed,,
reconstruction,4S456Parcels,9,kernel_ridge,"kernel_ridge[alpha=0.1,gamma_mult=0.5]",FC,FC,FC,False,682,196,103740,103740,0.0072703259065747,0.3351378738880157,0.893195629119873,0.632102370262146,1.0,1.0,ok,6b5eb84,18fb3007,precomputed,0.5,0.1
reconstruction,4S456Parcels,9,kernel_ridge,"kernel_ridge[alpha=1.0,gamma_mult=0.5]",FC,FC,FC,False,682,196,103740,103740,0.0092266462743282,0.2062808722257614,0.8650879859924316,0.6320649981498718,1.0,1.0,ok,6b5eb84,47d562f2,precomputed,0.5,1.0
reconstruction,4S456Parcels,9,kernel_ridge,"kernel_ridge[alpha=10.0,gamma_mult=0.5]",FC,FC,FC,False,682,196,103740,103740,0.0117024881765246,0.0297423247247934,0.8271260261535645,0.6310495138168335,1.0,1.0,ok,6b5eb84,529a6bcb,precomputed,0.5,10.0
reconstruction,4S456Parcels,9,kernel_ridge,"kernel_ridge[alpha=0.1,gamma_mult=1.0]",FC,FC,FC,False,682,196,103740,103740,0.0072015826590359,0.3374584317207336,0.8940803408622742,0.6320756673812866,1.0,1.0,ok,6b5eb84,60767b78,precomputed,1.0,0.1
reconstruction,4S456Parcels,9,kernel_ridge,"kernel_ridge[alpha=1.0,gamma_mult=1.0]",FC,FC,FC,False,682,196,103740,103740,0.0084687564522027,0.2587950229644775,0.8764244318008423,0.6319873332977295,1.0,1.0,ok,6b5eb84,9fd49ca2,precomputed,1.0,1.0
reconstruction,4S456Parcels,9,kernel_ridge,"kernel_ridge[alpha=10.0,gamma_mult=1.0]",FC,FC,FC,False,682,196,103740,103740,0.0113904336467385,0.0522215254604816,0.8319677114486694,0.6302538514137268,1.0,1.0,ok,6b5eb84,a0ec1c4f,precomputed,1.0,10.0
reconstruction,4S456Parcels,9,kernel_ridge,"kernel_ridge[alpha=0.1,gamma_mult=2.0]",FC,FC,FC,False,682,196,103740,103740,0.0071927774697542,0.33656907081604,0.8941854238510132,0.6319482326507568,1.0,1.0,ok,6b5eb84,eb143f41,precomputed,2.0,0.1
reconstruction,4S456Parcels,9,kernel_ridge,"kernel_ridge[alpha=1.0,gamma_mult=2.0]",FC,FC,FC,False,682,196,103740,103740,0.0080447690561413,0.2873828709125519,0.8827106952667236,0.6316611766815186,1.0,1.0,ok,6b5eb84,32563aa2,precomputed,2.0,1.0
reconstruction,4S456Parcels,9,kernel_ridge,"kernel_ridge[alpha=10.0,gamma_mult=2.0]",FC,FC,FC,False,682,196,103740,103740,0.0111034633591771,0.0728264972567558,0.8364496231079102,0.627048671245575,1.0,1.0,ok,6b5eb84,baf54930,precomputed,2.0,10.0
reconstruction,4S456Parcels,9,pca_pls,pca_pls,SC,SC,SC,False,682,196,103740,103740,0.0038279809523373,0.0467295609414577,0.9228851199150084,0.3585055470466614,1.0,1.0,ok,6b5eb84,2320c054,precomputed,,
reconstruction,4S456Parcels,9,bayesian_ridge,bayesian_ridge,SC,SC,SC,False,682,196,103740,103740,0.002697932999581,0.0998362302780151,0.9462289810180664,0.621667206287384,1.0,1.0,ok,6b5eb84,56e2fb25,precomputed,,
reconstruction,4S456Parcels,9,kernel_ridge,"kernel_ridge[alpha=0.1,gamma_mult=0.5]",SC,SC,SC,False,682,196,103740,103740,0.0027318778447806,0.1276914179325103,0.9456108808517456,0.6216564774513245,1.0,1.0,ok,6b5eb84,9dc6f491,precomputed,0.5,0.1
reconstruction,4S456Parcels,9,kernel_ridge,"kernel_ridge[alpha=1.0,gamma_mult=0.5]",SC,SC,SC,False,682,196,103740,103740,0.0033979192376136,0.1126738712191581,0.932658851146698,0.6215773820877075,1.0,1.0,ok,6b5eb84,4108637a,precomputed,0.5,1.0
reconstruction,4S456Parcels,9,kernel_ridge,"kernel_ridge[alpha=10.0,gamma_mult=0.5]",SC,SC,SC,False,682,196,103740,103740,0.0042314156889915,0.0145101808011531,0.91601824760437,0.6164434552192688,1.0,1.0,ok,6b5eb84,3d5b0767,precomputed,0.5,10.0
reconstruction,4S456Parcels,9,kernel_ridge,"kernel_ridge[alpha=0.1,gamma_mult=1.0]",SC,SC,SC,False,682,196,103740,103740,0.0027089284267276,0.1166557669639587,0.946039617061615,0.6216237545013428,1.0,1.0,ok,6b5eb84,ec5bfdef,precomputed,1.0,0.1
reconstruction,4S456Parcels,9,kernel_ridge,"kernel_ridge[alpha=1.0,gamma_mult=1.0]",SC,SC,SC,False,682,196,103740,103740,0.00314934970811,0.1334702223539352,0.9375887513160706,0.6214597225189209,1.0,1.0,ok,6b5eb84,36ec30e8,precomputed,1.0,1.0
reconstruction,4S456Parcels,9,kernel_ridge,"kernel_ridge[alpha=10.0,gamma_mult=1.0]",SC,SC,SC,False,682,196,103740,103740,0.0041289911605417,0.0281304977834224,0.9180757403373718,0.6131650805473328,1.0,1.0,ok,6b5eb84,f8b12a5a,precomputed,1.0,10.0
reconstruction,4S456Parcels,9,kernel_ridge,"kernel_ridge[alpha=0.1,gamma_mult=2.0]",SC,SC,SC,False,682,196,103740,103740,0.0027065677568316,0.1120499074459075,0.9460883736610411,0.6214627027511597,1.0,1.0,ok,6b5eb84,ed4faf9f,precomputed,2.0,0.1
reconstruction,4S456Parcels,9,kernel_ridge,"kernel_ridge[alpha=1.0,gamma_mult=2.0]",SC,SC,SC,False,682,196,103740,103740,0.0030205557122826,0.1407162696123123,0.94016695022583,0.6209207773208618,1.0,1.0,ok,6b5eb84,78b9ba7b,precomputed,2.0,1.0
reconstruction,4S456Parcels,9,kernel_ridge,"kernel_ridge[alpha=10.0,gamma_mult=2.0]",SC,SC,SC,False,682,196,103740,103740,0.0040403106249868,0.0398297235369682,0.9198789000511168,0.6000118851661682,1.0,1.0,ok,6b5eb84,023c9282,precomputed,2.0,10.0
reconstruction,Glasser,0,pca_pls,pca_pls,FC,FC,SC,False,683,195,64620,64620,0.0055514737032353,-0.023459181189537,0.9127845168113708,0.1322067677974701,0.1538461538461538,0.8533070348454964,ok,6b5eb84,63505cc1,precomputed,,
reconstruction,Glasser,0,bayesian_ridge,bayesian_ridge,FC,FC,SC,False,683,195,64620,64620,0.005331935826689,0.0168236270546913,0.9163799285888672,0.1629115790128708,0.1384615384615384,0.8668770545693623,ok,6b5eb84,314476a7,precomputed,,
reconstruction,Glasser,0,kernel_ridge,"kernel_ridge[alpha=0.1,gamma_mult=0.5]",FC,FC,SC,False,683,195,64620,64620,0.0056390361860394,-0.0418662019073963,0.9112820625305176,0.1309503763914108,0.1538461538461538,0.8768441814595661,ok,6b5eb84,820de037,precomputed,0.5,0.1
reconstruction,Glasser,0,kernel_ridge,"kernel_ridge[alpha=1.0,gamma_mult=0.5]",FC,FC,SC,False,683,195,64620,64620,0.005399664863944,0.0048875217325985,0.9156983494758606,0.1315119862556457,0.1589743589743589,0.8951479289940829,ok,6b5eb84,1e45f3ce,precomputed,0.5,1.0
reconstruction,Glasser,0,kernel_ridge,"kernel_ridge[alpha=10.0,gamma_mult=0.5]",FC,FC,SC,False,683,195,64620,64620,0.0054710679687559,-0.0043460479937493,0.9150628447532654,0.130816638469696,0.1435897435897435,0.8921499013806706,ok,6b5eb84,470e9b46,precomputed,0.5,10.0
reconstruction,Glasser,0,kernel_ridge,"kernel_ridge[alpha=0.1,gamma_mult=1.0]",FC,FC,SC,False,683,195,64620,64620,0.0057176738046109,-0.0563484877347946,0.9099841713905334,0.1294834166765213,0.1435897435897435,0.873767258382643,ok,6b5eb84,d51ff2c6,precomputed,1.0,0.1
reconstruction,Glasser,0,kernel_ridge,"kernel_ridge[alpha=1.0,gamma_mult=1.0]",FC,FC,SC,False,683,195,64620,64620,0.0054191048257052,0.0001743203902151,0.9151973724365234,0.1311816424131393,0.1487179487179487,0.8942537804076266,ok,6b5eb84,96115244,precomputed,1.0,1.0
reconstruction,Glasser,0,kernel_ridge,"kernel_ridge[alpha=10.0,gamma_mult=1.0]",FC,FC,SC,False,683,195,64620,64620,0.00545553304255,-0.0020144619047641,0.9152520298957824,0.1302784979343414,0.1487179487179487,0.8923602892833662,ok,6b5eb84,a93cba91,precomputed,1.0,10.0
reconstruction,Glasser,0,kernel_ridge,"kernel_ridge[alpha=0.1,gamma_mult=2.0]",FC,FC,SC,False,683,195,64620,64620,0.0057695475406944,-0.0658890157938003,0.9091411828994752,0.1275584846735,0.1487179487179487,0.876870479947403,ok,6b5eb84,1a0c8e25,precomputed,2.0,0.1
reconstruction,Glasser,0,kernel_ridge,"kernel_ridge[alpha=1.0,gamma_mult=2.0]",FC,FC,SC,False,683,195,64620,64620,0.0054504009895026,-0.006211067084223,0.91457861661911,0.1302132606506347,0.1435897435897435,0.8932807363576595,ok,6b5eb84,b126eb80,precomputed,2.0,1.0
reconstruction,Glasser,0,kernel_ridge,"kernel_ridge[alpha=10.0,gamma_mult=2.0]",FC,FC,SC,False,683,195,64620,64620,0.0054429052397608,-0.0001974042825167,0.915396213531494,0.128322422504425,0.1538461538461538,0.8926495726495727,ok,6b5eb84,7785931d,precomputed,2.0,10.0
reconstruction,Glasser,0,pca_pls,pca_pls,SC,SC,FC,False,683,195,64620,64620,0.0139790344983339,-0.0621590949594974,0.8307310938835144,0.0848965942859649,0.0307692307692307,0.7124260355029586,ok,6b5eb84,0c53ab60,precomputed,,
reconstruction,Glasser,0,bayesian_ridge,bayesian_ridge,SC,SC,FC,False,683,195,64620,64620,0.0132410135120153,-0.0054073324427008,0.8401612639427185,0.0932562127709388,0.0564102564102564,0.7287310979618672,ok,6b5eb84,67e5c35d,precomputed,,
reconstruction,Glasser,0,kernel_ridge,"kernel_ridge[alpha=0.1,gamma_mult=0.5]",SC,SC,FC,False,683,195,64620,64620,0.0143347745761275,-0.0902363806962966,0.8262709379196167,0.078276939690113,0.0512820512820512,0.7062195923734385,ok,6b5eb84,89b28673,precomputed,0.5,0.1
reconstruction,Glasser,0,kernel_ridge,"kernel_ridge[alpha=1.0,gamma_mult=0.5]",SC,SC,FC,False,683,195,64620,64620,0.0133141763508319,-0.0110576841980218,0.8391476273536682,0.0784128010272979,0.0358974358974358,0.7187902695595003,ok,6b5eb84,ccbb7e4e,precomputed,0.5,1.0
reconstruction,Glasser,0,kernel_ridge,"kernel_ridge[alpha=10.0,gamma_mult=0.5]",SC,SC,FC,False,683,195,64620,64620,0.0132858427241444,-0.0062647899612784,0.8395348191261292,0.0784763470292091,0.0256410256410256,0.7220512820512821,ok,6b5eb84,93df9a12,precomputed,0.5,10.0
reconstruction,Glasser,0,kernel_ridge,"kernel_ridge[alpha=0.1,gamma_mult=1.0]",SC,SC,FC,False,683,195,64620,64620,0.0145658841356635,-0.1076145097613334,0.8234890103340149,0.0777080729603767,0.0615384615384615,0.7045890861275477,ok,6b5eb84,63e81a8f,precomputed,1.0,0.1
reconstruction,Glasser,0,kernel_ridge,"kernel_ridge[alpha=1.0,gamma_mult=1.0]",SC,SC,FC,False,683,195,64620,64620,0.0134536745026707,-0.0223638359457254,0.8373467922210693,0.0782947987318039,0.0358974358974358,0.7173964497041421,ok,6b5eb84,0befb995,precomputed,1.0,1.0
reconstruction,Glasser,0,kernel_ridge,"kernel_ridge[alpha=10.0,gamma_mult=1.0]",SC,SC,FC,False,683,195,64620,64620,0.0132679399102926,-0.0052303988486528,0.839769184589386,0.0782800465822219,0.0256410256410256,0.7222616699539777,ok,6b5eb84,d2e28172,precomputed,1.0,10.0
reconstruction,Glasser,0,kernel_ridge,"kernel_ridge[alpha=0.1,gamma_mult=2.0]",SC,SC,FC,False,683,195,64620,64620,0.0146573614329099,-0.11441520601511,0.82242751121521,0.0767823308706283,0.0615384615384615,0.7062195923734385,ok,6b5eb84,6947a69e,precomputed,2.0,0.1
reconstruction,Glasser,0,kernel_ridge,"kernel_ridge[alpha=1.0,gamma_mult=2.0]",SC,SC,FC,False,683,195,64620,64620,0.0135780572891235,-0.0321116037666797,0.8357736468315125,0.0778700932860374,0.0512820512820512,0.7168441814595661,ok,6b5eb84,0a10e664,precomputed,2.0,1.0
reconstruction,Glasser,0,kernel_ridge,"kernel_ridge[alpha=10.0,gamma_mult=2.0]",SC,SC,FC,False,683,195,64620,64620,0.0132569186389446,-0.0046609696000814,0.8399176001548767,0.0774324163794517,0.0256410256410256,0.7229980276134123,ok,6b5eb84,57f06adb,precomputed,2.0,10.0
reconstruction,Glasser,0,pca_pls,pca_pls,bv,bv,SC,False,683,195,16,64620,0.0053387712687253,0.0130313197150826,0.915429711341858,0.1654432862997055,0.0923076923076923,0.8743195266272189,ok,6b5eb84,058aa225,precomputed,,
reconstruction,Glasser,0,bayesian_ridge,bayesian_ridge,bv,bv,SC,False,683,195,16,64620,0.0052999253384768,0.0215739198029041,0.916137993335724,0.1691544353961944,0.0512820512820512,0.8709533201840894,ok,6b5eb84,e25b7798,precomputed,,
reconstruction,Glasser,0,kernel_ridge,"kernel_ridge[alpha=0.1,gamma_mult=0.5]",bv,bv,SC,False,683,195,16,64620,0.0055647632107138,-0.0218922048807144,0.9117624163627625,0.1354045569896698,0.0256410256410256,0.7722024983563445,ok,6b5eb84,3d7d4e88,precomputed,0.5,0.1
reconstruction,Glasser,0,kernel_ridge,"kernel_ridge[alpha=1.0,gamma_mult=0.5]",bv,bv,SC,False,683,195,16,64620,0.0053437119349837,0.0146309696137905,0.9154242277145386,0.161326453089714,0.1076923076923077,0.8661669953977646,ok,6b5eb84,72eabc24,precomputed,0.5,1.0
reconstruction,Glasser,0,kernel_ridge,"kernel_ridge[alpha=10.0,gamma_mult=0.5]",bv,bv,SC,False,683,195,16,64620,0.0053259059786796,0.0214209873229265,0.9161625504493712,0.1660379022359848,0.1128205128205128,0.8825246548323471,ok,6b5eb84,814f4cec,precomputed,0.5,10.0
reconstruction,Glasser,0,kernel_ridge,"kernel_ridge[alpha=0.1,gamma_mult=1.0]",bv,bv,SC,False,683,195,16,64620,0.0057813809253275,-0.0562312193214893,0.9082263112068176,0.1158951297402381,0.0256410256410256,0.7059303090072321,ok,6b5eb84,57e4cb31,precomputed,1.0,0.1
reconstruction,Glasser,0,kernel_ridge,"kernel_ridge[alpha=1.0,gamma_mult=1.0]",bv,bv,SC,False,683,195,16,64620,0.0053965696133673,0.0064216097816824,0.914549708366394,0.1506447941064834,0.0769230769230769,0.8461275476660092,ok,6b5eb84,74d94eea,precomputed,1.0,1.0
reconstruction,Glasser,0,kernel_ridge,"kernel_ridge[alpha=10.0,gamma_mult=1.0]",bv,bv,SC,False,683,195,16,64620,0.0053175501525402,0.0225172378122806,0.9161610007286072,0.1640838980674743,0.1128205128205128,0.8803155818540433,ok,6b5eb84,e20870d1,precomputed,1.0,10.0
reconstruction,Glasser,0,kernel_ridge,"kernel_ridge[alpha=0.1,gamma_mult=2.0]",bv,bv,SC,False,683,195,16,64620,0.0061499667353928,-0.1156245470046997,0.902278482913971,0.0918003842234611,0.0102564102564102,0.6450230111768573,ok,6b5eb84,be743a9f,precomputed,2.0,0.1
reconstruction,Glasser,0,kernel_ridge,"kernel_ridge[alpha=1.0,gamma_mult=2.0]",bv,bv,SC,False,683,195,16,64620,0.0054858797229826,-0.0067898570559918,0.9131020307540894,0.1343354433774948,0.0358974358974358,0.8187508218277448,ok,6b5eb84,a19a120c,precomputed,2.0,1.0
reconstruction,Glasser,0,kernel_ridge,"kernel_ridge[alpha=10.0,gamma_mult=2.0]",bv,bv,SC,False,683,195,16,64620,0.0053266808390617,0.0213922522962093,0.9160095453262328,0.1595988124608993,0.1076923076923077,0.8710848126232742,ok,6b5eb84,a300fda6,precomputed,2.0,10.0
reconstruction,Glasser,0,pca_pls,pca_pls,bv,bv,FC,False,683,195,16,64620,0.0134854279458522,-0.0213528051972389,0.8369898796081543,0.0451071038842201,0.0153846153846153,0.6241420118343195,ok,6b5eb84,58ee6084,precomputed,,
reconstruction,Glasser,0,bayesian_ridge,bayesian_ridge,bv,bv,FC,False,683,195,16,64620,0.0132860653102397,-0.0061690681613981,0.8394885659217834,0.0494180470705032,0.0153846153846153,0.6536489151873768,ok,6b5eb84,4c07545a,precomputed,,
reconstruction,Glasser,0,kernel_ridge,"kernel_ridge[alpha=0.1,gamma_mult=0.5]",bv,bv,FC,False,683,195,16,64620,0.0139929996803402,-0.0593120008707046,0.8309221267700195,0.0477938540279865,0.0051282051282051,0.6032347140039448,ok,6b5eb84,ae9ed20a,precomputed,0.5,0.1
reconstruction,Glasser,0,kernel_ridge,"kernel_ridge[alpha=1.0,gamma_mult=0.5]",bv,bv,FC,False,683,195,16,64620,0.0134466411545872,-0.0185211189091205,0.8375197052955627,0.052635446190834,0.0051282051282051,0.6435239973701512,ok,6b5eb84,628d8671,precomputed,0.5,1.0
reconstruction,Glasser,0,kernel_ridge,"kernel_ridge[alpha=10.0,gamma_mult=0.5]",bv,bv,FC,False,683,195,16,64620,0.0132950628176331,-0.0068939984776079,0.8393970131874084,0.0525498315691947,0.0102564102564102,0.6503090072320842,ok,6b5eb84,4ae5f348,precomputed,0.5,10.0
reconstruction,Glasser,0,kernel_ridge,"kernel_ridge[alpha=0.1,gamma_mult=1.0]",bv,bv,FC,False,683,195,16,64620,0.0145143726840615,-0.0980522111058235,0.8246140480041504,0.0464223623275756,0.0153846153846153,0.5899013806706115,ok,6b5eb84,47258856,precomputed,1.0,0.1
reconstruction,Glasser,0,kernel_ridge,"kernel_ridge[alpha=1.0,gamma_mult=1.0]",bv,bv,FC,False,683,195,16,64620,0.0135609991848468,-0.0271018538624048,0.8360670208930969,0.0528410300612449,0.0051282051282051,0.6377383300460224,ok,6b5eb84,fa742b5a,precomputed,1.0,1.0
reconstruction,Glasser,0,kernel_ridge,"kernel_ridge[alpha=10.0,gamma_mult=1.0]",bv,bv,FC,False,683,195,16,64620,0.0133063504472374,-0.0078220879659056,0.8392539024353027,0.0548171959817409,0.0102564102564102,0.6552268244575937,ok,6b5eb84,ca3bd6c6,precomputed,1.0,10.0
reconstruction,Glasser,0,kernel_ridge,"kernel_ridge[alpha=0.1,gamma_mult=2.0]",bv,bv,FC,False,683,195,16,64620,0.0153816379606723,-0.1626048535108566,0.8139142394065857,0.0440864898264408,0.0153846153846153,0.5800657462195924,ok,6b5eb84,05e45221,precomputed,2.0,0.1
reconstruction,Glasser,0,kernel_ridge,"kernel_ridge[alpha=1.0,gamma_mult=2.0]",bv,bv,FC,False,683,195,16,64620,0.0137498490512371,-0.0410572253167629,0.8335643410682678,0.0512506030499935,0.0102564102564102,0.6282971729125575,ok,6b5eb84,fc03862c,precomputed,2.0,1.0
reconstruction,Glasser,0,kernel_ridge,"kernel_ridge[alpha=10.0,gamma_mult=2.0]",bv,bv,FC,False,683,195,16,64620,0.0133184026926755,-0.0087421257048845,0.839079737663269,0.056753285229206,0.0,0.6567258382642998,ok,6b5eb84,68445eef,precomputed,2.0,10.0
reconstruction,Glasser,0,pca_pls,pca_pls,demo,demo,SC,False,683,195,10,64620,0.0054223514162003,0.0033807738218456,0.9150872826576232,0.1300165355205536,0.0256410256410256,0.7339644970414201,ok,6b5eb84,686ad2b5,precomputed,,
reconstruction,Glasser,0,bayesian_ridge,bayesian_ridge,demo,demo,SC,False,683,195,10,64620,0.0053908210247755,0.0096060447394847,0.9156206250190736,0.1374348998069763,0.0051282051282051,0.7248915187376725,ok,6b5eb84,3eceab3d,precomputed,,
reconstruction,Glasser,0,kernel_ridge,"kernel_ridge[alpha=0.1,gamma_mult=0.5]",demo,demo,SC,False,683,195,10,64620,0.0054708900861442,-0.003735022386536,0.9143158197402954,0.1241475045680999,0.0256410256410256,0.707008547008547,ok,6b5eb84,2bcbceaa,precomputed,0.5,0.1
reconstruction,Glasser,0,kernel_ridge,"kernel_ridge[alpha=1.0,gamma_mult=0.5]",demo,demo,SC,False,683,195,10,64620,0.0054186824709177,0.0046239621005952,0.9151730537414552,0.1302288323640823,0.0153846153846153,0.7316765285996055,ok,6b5eb84,83cd36a9,precomputed,0.5,1.0
reconstruction,Glasser,0,kernel_ridge,"kernel_ridge[alpha=10.0,gamma_mult=0.5]",demo,demo,SC,False,683,195,10,64620,0.0054007498547434,0.0079407505691051,0.9155741333961488,0.1320373117923736,0.0153846153846153,0.7481656804733727,ok,6b5eb84,93b7c0f2,precomputed,0.5,10.0
reconstruction,Glasser,0,kernel_ridge,"kernel_ridge[alpha=0.1,gamma_mult=1.0]",demo,demo,SC,False,683,195,10,64620,0.0055086477659642,-0.0097567308694124,0.9137097597122192,0.119615763425827,0.0256410256410256,0.6878895463510848,ok,6b5eb84,57d4e241,precomputed,1.0,0.1
reconstruction,Glasser,0,kernel_ridge,"kernel_ridge[alpha=1.0,gamma_mult=1.0]",demo,demo,SC,False,683,195,10,64620,0.0054346062242984,0.0020678020082414,0.9149183034896852,0.1269281357526779,0.0153846153846153,0.7233925049309664,ok,6b5eb84,725d2a0f,precomputed,1.0,1.0
reconstruction,Glasser,0,kernel_ridge,"kernel_ridge[alpha=10.0,gamma_mult=1.0]",demo,demo,SC,False,683,195,10,64620,0.005400366615504,0.0079701924696564,0.9155415892601012,0.1307238638401031,0.0256410256410256,0.7477975016436555,ok,6b5eb84,28fd2dae,precomputed,1.0,10.0
reconstruction,Glasser,0,kernel_ridge,"kernel_ridge[alpha=0.1,gamma_mult=2.0]",demo,demo,SC,False,683,195,10,64620,0.0055535226128995,-0.016978669911623,0.9129955768585204,0.115120992064476,0.0205128205128205,0.6719526627218935,ok,6b5eb84,28cb8bf7,precomputed,2.0,0.1
reconstruction,Glasser,0,kernel_ridge,"kernel_ridge[alpha=1.0,gamma_mult=2.0]",demo,demo,SC,False,683,195,10,64620,0.0054555106908082,-0.0013717212714254,0.9145797491073608,0.1229613497853279,0.0307692307692307,0.7148191978961209,ok,6b5eb84,9f0ec44b,precomputed,2.0,1.0
reconstruction,Glasser,0,kernel_ridge,"kernel_ridge[alpha=10.0,gamma_mult=2.0]",demo,demo,SC,False,683,195,10,64620,0.0054044523276388,0.007281410973519,0.9154664874076844,0.1283128261566162,0.0153846153846153,0.7428270874424721,ok,6b5eb84,26afccfc,precomputed,2.0,10.0
reconstruction,Glasser,0,pca_pls,pca_pls,demo,demo,FC,False,683,195,10,64620,0.0132715189829468,-0.0054896511137485,0.8394155502319336,0.0927731245756149,0.0102564102564102,0.6446811308349769,ok,6b5eb84,15d95a07,precomputed,,
reconstruction,Glasser,0,bayesian_ridge,bayesian_ridge,demo,demo,FC,False,683,195,10,64620,0.013203028589487,-0.0005061867414042,0.8403647541999817,0.0931666418910026,0.0153846153846153,0.6397633136094675,ok,6b5eb84,1fba2c2c,precomputed,,
reconstruction,Glasser,0,kernel_ridge,"kernel_ridge[alpha=0.1,gamma_mult=0.5]",demo,demo,FC,False,683,195,10,64620,0.0134206973016262,-0.0171806178987026,0.8372840285301208,0.0897844135761261,0.0102564102564102,0.6264299802761342,ok,6b5eb84,9dca352f,precomputed,0.5,0.1
reconstruction,Glasser,0,kernel_ridge,"kernel_ridge[alpha=1.0,gamma_mult=0.5]",demo,demo,FC,False,683,195,10,64620,0.0132680684328079,-0.0054009635932743,0.8393493890762329,0.094643585383892,0.0051282051282051,0.636344510190664,ok,6b5eb84,2badb55c,precomputed,0.5,1.0
reconstruction,Glasser,0,kernel_ridge,"kernel_ridge[alpha=10.0,gamma_mult=0.5]",demo,demo,FC,False,683,195,10,64620,0.0131915006786584,0.0004462509532459,0.8404596447944641,0.0947498977184295,0.0358974358974358,0.6429717291255753,ok,6b5eb84,38972960,precomputed,0.5,10.0
reconstruction,Glasser,0,kernel_ridge,"kernel_ridge[alpha=0.1,gamma_mult=1.0]",demo,demo,FC,False,683,195,10,64620,0.0135320713743567,-0.0256565380841493,0.8357628583908081,0.0862514376640319,0.0102564102564102,0.6227481919789613,ok,6b5eb84,1aa68332,precomputed,1.0,0.1
reconstruction,Glasser,0,kernel_ridge,"kernel_ridge[alpha=1.0,gamma_mult=1.0]",demo,demo,FC,False,683,195,10,64620,0.0133109418675303,-0.0087493583559989,0.8387341499328613,0.0923769623041153,0.0102564102564102,0.6385009861932939,ok,6b5eb84,bcdb3dd7,precomputed,1.0,1.0
reconstruction,Glasser,0,kernel_ridge,"kernel_ridge[alpha=10.0,gamma_mult=1.0]",demo,demo,FC,False,683,195,10,64620,0.0132008763030171,-0.0003428454801905,0.8402618169784546,0.0947742387652397,0.0102564102564102,0.6429717291255753,ok,6b5eb84,5ce2f9e0,precomputed,1.0,10.0
reconstruction,Glasser,0,kernel_ridge,"kernel_ridge[alpha=0.1,gamma_mult=2.0]",demo,demo,FC,False,683,195,10,64620,0.0136596569791436,-0.0351361967623233,0.8340364694595337,0.082118384540081,0.0153846153846153,0.616699539776463,ok,6b5eb84,bea833d0,precomputed,2.0,0.1
reconstruction,Glasser,0,kernel_ridge,"kernel_ridge[alpha=1.0,gamma_mult=2.0]",demo,demo,FC,False,683,195,10,64620,0.0133676454424858,-0.0131252659484744,0.8379642367362976,0.0892654135823249,0.0102564102564102,0.6263247863247863,ok,6b5eb84,ba73fdfd,precomputed,2.0,1.0
reconstruction,Glasser,0,kernel_ridge,"kernel_ridge[alpha=10.0,gamma_mult=2.0]",demo,demo,FC,False,683,195,10,64620,0.0132175171747803,-0.0016832954715937,0.8399814963340759,0.0934943333268165,0.0102564102564102,0.6388954635108481,ok,6b5eb84,ca974156,precomputed,2.0,10.0
reconstruction,Glasser,0,pca_pls,pca_pls,bv+demo,bv+demo,SC,False,683,195,26,64620,0.0053576380014419,0.0099515784531831,0.9150903224945068,0.1739462465047836,0.1179487179487179,0.8729257067718607,ok,6b5eb84,17b343c1,precomputed,,
reconstruction,Glasser,0,bayesian_ridge,bayesian_ridge,bv+demo,bv+demo,SC,False,683,195,26,64620,0.0052793086506426,0.0244335494935512,0.916447103023529,0.18466617166996,0.0923076923076923,0.8893622616699539,ok,6b5eb84,e250bc94,precomputed,,
reconstruction,Glasser,0,kernel_ridge,"kernel_ridge[alpha=0.1,gamma_mult=0.5]",bv+demo,bv+demo,SC,False,683,195,26,64620,0.0055423933081328,-0.0184891112148761,0.9121263027191162,0.1481677144765854,0.0666666666666666,0.8027876397107166,ok,6b5eb84,09832986,precomputed,0.5,0.1
reconstruction,Glasser,0,kernel_ridge,"kernel_ridge[alpha=1.0,gamma_mult=0.5]",bv+demo,bv+demo,SC,False,683,195,26,64620,0.0053314007818698,0.017184680327773,0.9156361222267152,0.1716662645339965,0.1282051282051282,0.883629191321499,ok,6b5eb84,8f1e6b01,precomputed,0.5,1.0
reconstruction,Glasser,0,kernel_ridge,"kernel_ridge[alpha=10.0,gamma_mult=0.5]",bv+demo,bv+demo,SC,False,683,195,26,64620,0.005339300725609,0.0194436609745025,0.916198432445526,0.1735345721244812,0.1589743589743589,0.8983826429980276,ok,6b5eb84,b7486380,precomputed,0.5,10.0
reconstruction,Glasser,0,kernel_ridge,"kernel_ridge[alpha=0.1,gamma_mult=1.0]",bv+demo,bv+demo,SC,False,683,195,26,64620,0.0058115874417126,-0.0613435469567775,0.9077581167221068,0.1243401765823364,0.0307692307692307,0.7263642340565417,ok,6b5eb84,e69ee715,precomputed,1.0,0.1
reconstruction,Glasser,0,kernel_ridge,"kernel_ridge[alpha=1.0,gamma_mult=1.0]",bv+demo,bv+demo,SC,False,683,195,26,64620,0.0053754793480038,0.0099387057125568,0.9149041771888732,0.1627516001462936,0.1179487179487179,0.871190006574622,ok,6b5eb84,c0522c97,precomputed,1.0,1.0
reconstruction,Glasser,0,kernel_ridge,"kernel_ridge[alpha=10.0,gamma_mult=1.0]",bv+demo,bv+demo,SC,False,683,195,26,64620,0.0053198081441223,0.0226390212774276,0.9163084626197816,0.1717320829629898,0.1538461538461538,0.899723865877712,ok,6b5eb84,9b9df05b,precomputed,1.0,10.0
reconstruction,Glasser,0,kernel_ridge,"kernel_ridge[alpha=0.1,gamma_mult=2.0]",bv+demo,bv+demo,SC,False,683,195,26,64620,0.0061578680761158,-0.1153246536850929,0.9022177457809448,0.1015957966446876,0.0102564102564102,0.6804470742932281,ok,6b5eb84,230be461,precomputed,2.0,0.1
reconstruction,Glasser,0,kernel_ridge,"kernel_ridge[alpha=1.0,gamma_mult=2.0]",bv+demo,bv+demo,SC,False,683,195,26,64620,0.005456747021526,-0.0022086813114583,0.9135967493057252,0.1466626822948455,0.0666666666666666,0.8509401709401709,ok,6b5eb84,3908d945,precomputed,2.0,1.0
reconstruction,Glasser,0,kernel_ridge,"kernel_ridge[alpha=10.0,gamma_mult=2.0]",bv+demo,bv+demo,SC,False,683,195,26,64620,0.0053205587901175,0.0227627139538526,0.9162335395812988,0.1669730693101883,0.1128205128205128,0.8952794214332676,ok,6b5eb84,26d75985,precomputed,2.0,10.0
reconstruction,Glasser,0,pca_pls,pca_pls,bv+demo,bv+demo,FC,False,683,195,26,64620,0.0134860966354608,-0.0224675945937633,0.8369153141975403,0.0874050036072731,0.0153846153846153,0.6677449046679815,ok,6b5eb84,3b6407de,precomputed,,
reconstruction,Glasser,0,bayesian_ridge,bayesian_ridge,bv+demo,bv+demo,FC,False,683,195,26,64620,0.0132141346111893,-0.0018144929781556,0.8402472138404846,0.0982772037386894,0.0051282051282051,0.6736883629191321,ok,6b5eb84,7a7f4916,precomputed,,
reconstruction,Glasser,0,kernel_ridge,"kernel_ridge[alpha=0.1,gamma_mult=0.5]",bv+demo,bv+demo,FC,False,683,195,26,64620,0.0138532556593418,-0.0501349084079265,0.8324170112609863,0.0832501798868179,0.0153846153846153,0.6559105851413544,ok,6b5eb84,690827ef,precomputed,0.5,0.1
reconstruction,Glasser,0,kernel_ridge,"kernel_ridge[alpha=1.0,gamma_mult=0.5]",bv+demo,bv+demo,FC,False,683,195,26,64620,0.013348807580769,-0.0121553940698504,0.83858323097229,0.0936767756938934,0.0358974358974358,0.6800525969756739,ok,6b5eb84,6901b83b,precomputed,0.5,1.0
reconstruction,Glasser,0,kernel_ridge,"kernel_ridge[alpha=10.0,gamma_mult=0.5]",bv+demo,bv+demo,FC,False,683,195,26,64620,0.013199689798057,-0.0002679795725271,0.8404965400695801,0.0931008234620094,0.0205128205128205,0.6860486522024983,ok,6b5eb84,7300606e,precomputed,0.5,10.0
reconstruction,Glasser,0,kernel_ridge,"kernel_ridge[alpha=0.1,gamma_mult=1.0]",bv+demo,bv+demo,FC,False,683,195,26,64620,0.0145029509440064,-0.0986213162541389,0.8246106505393982,0.0719552263617515,0.0205128205128205,0.634293228139382,ok,6b5eb84,a6332def,precomputed,1.0,0.1
reconstruction,Glasser,0,kernel_ridge,"kernel_ridge[alpha=1.0,gamma_mult=1.0]",bv+demo,bv+demo,FC,False,683,195,26,64620,0.0134405083954334,-0.0192140191793441,0.8374415636062622,0.0913026556372642,0.041025641025641,0.6823668639053254,ok,6b5eb84,fdeb4a2a,precomputed,1.0,1.0
reconstruction,Glasser,0,kernel_ridge,"kernel_ridge[alpha=10.0,gamma_mult=1.0]",bv+demo,bv+demo,FC,False,683,195,26,64620,0.0131985917687416,-0.0004159657401032,0.8404808044433594,0.0935697481036186,0.0307692307692307,0.6891255752794214,ok,6b5eb84,8abaa68a,precomputed,1.0,10.0
reconstruction,Glasser,0,kernel_ridge,"kernel_ridge[alpha=0.1,gamma_mult=2.0]",bv+demo,bv+demo,FC,False,683,195,26,64620,0.0152816241607069,-0.1565469950437545,0.8154589533805847,0.0645603090524673,0.0102564102564102,0.6261669953977647,ok,6b5eb84,2e3e1a78,precomputed,2.0,0.1
reconstruction,Glasser,0,kernel_ridge,"kernel_ridge[alpha=1.0,gamma_mult=2.0]",bv+demo,bv+demo,FC,False,683,195,26,64620,0.0136179784312844,-0.0325941294431686,0.8351947665214539,0.0836490467190742,0.0256410256410256,0.6817882971729126,ok,6b5eb84,953cc5a2,precomputed,2.0,1.0
reconstruction,Glasser,0,kernel_ridge,"kernel_ridge[alpha=10.0,gamma_mult=2.0]",bv+demo,bv+demo,FC,False,683,195,26,64620,0.0132112680003046,-0.0015209597768262,0.8402990102767944,0.0928802266716957,0.041025641025641,0.6887836949375411,ok,6b5eb84,7e985c0e,precomputed,2.0,10.0
reconstruction,Glasser,0,pca_pls,pca_pls,FC+bv+demo,FC+bv+demo,SC,True,683,195,64646,64620,0.0054599493741989,-0.0122463190928101,0.9134098887443542,0.1693602204322815,0.1692307692307692,0.8862853385930309,ok,6b5eb84,09771242,precomputed,,
reconstruction,Glasser,0,bayesian_ridge,bayesian_ridge,FC+bv+demo,FC+bv+demo,SC,True,683,195,64646,64620,0.0052574342116713,0.0267597697675228,0.916857659816742,0.1960919946432113,0.2,0.9090598290598292,ok,6b5eb84,a8762d04,precomputed,,
reconstruction,Glasser,0,kernel_ridge,"kernel_ridge[alpha=0.1,gamma_mult=0.5]",FC+bv+demo,FC+bv+demo,SC,True,683,195,64646,64620,0.0055519882589578,-0.0298846643418073,0.9119052886962892,0.1710510849952697,0.2,0.9069559500328732,ok,6b5eb84,1a99a8fa,precomputed,0.5,0.1
reconstruction,Glasser,0,kernel_ridge,"kernel_ridge[alpha=1.0,gamma_mult=0.5]",FC+bv+demo,FC+bv+demo,SC,True,683,195,64646,64620,0.0052651539444923,0.0243064649403095,0.9167155027389526,0.1930476725101471,0.241025641025641,0.9422485207100592,ok,6b5eb84,98ef1adc,precomputed,0.5,1.0
reconstruction,Glasser,0,kernel_ridge,"kernel_ridge[alpha=10.0,gamma_mult=0.5]",FC+bv+demo,FC+bv+demo,SC,True,683,195,64646,64620,0.0053518461063504,0.0154964178800582,0.9159412980079652,0.189294084906578,0.1384615384615384,0.9062721893491124,ok,6b5eb84,ecd39963,precomputed,0.5,10.0
reconstruction,Glasser,0,kernel_ridge,"kernel_ridge[alpha=0.1,gamma_mult=1.0]",FC+bv+demo,FC+bv+demo,SC,True,683,195,64646,64620,0.0056331194937229,-0.04464578256011,0.9106072187423706,0.1694071292877197,0.1743589743589743,0.9052728468113084,ok,6b5eb84,3f731ef4,precomputed,1.0,0.1
reconstruction,Glasser,0,kernel_ridge,"kernel_ridge[alpha=1.0,gamma_mult=1.0]",FC+bv+demo,FC+bv+demo,SC,True,683,195,64646,64620,0.0052957325242459,0.0170683991163969,0.9161607027053832,0.1894952207803726,0.2358974358974359,0.9379618671926364,ok,6b5eb84,1a89bf18,precomputed,1.0,1.0
reconstruction,Glasser,0,kernel_ridge,"kernel_ridge[alpha=10.0,gamma_mult=1.0]",FC+bv+demo,FC+bv+demo,SC,True,683,195,64646,64620,0.0053150048479437,0.0209721531718969,0.9162848591804504,0.19159996509552,0.1589743589743589,0.9261801446416832,ok,6b5eb84,b449b726,precomputed,1.0,10.0
reconstruction,Glasser,0,kernel_ridge,"kernel_ridge[alpha=0.1,gamma_mult=2.0]",FC+bv+demo,FC+bv+demo,SC,True,683,195,64646,64620,0.0056775738485157,-0.0538771823048591,0.9099484086036682,0.171330377459526,0.2102564102564102,0.9127942143326758,ok,6b5eb84,497fc784,precomputed,2.0,0.1
reconstruction,Glasser,0,kernel_ridge,"kernel_ridge[alpha=1.0,gamma_mult=2.0]",FC+bv+demo,FC+bv+demo,SC,True,683,195,64646,64620,0.0053370692767202,0.0081054456532001,0.9154869914054872,0.1883006691932678,0.2205128205128205,0.9346482577251808,ok,6b5eb84,d67a95cc,precomputed,2.0,1.0
reconstruction,Glasser,0,kernel_ridge,"kernel_ridge[alpha=10.0,gamma_mult=2.0]",FC+bv+demo,FC+bv+demo,SC,True,683,195,64646,64620,0.0052915648557245,0.0242015440016984,0.9165051579475404,0.1922414898872375,0.1897435897435897,0.9347797501643657,ok,6b5eb84,a2dc0e63,precomputed,2.0,10.0
reconstruction,Glasser,0,pca_pls,pca_pls,SC+bv+demo,SC+bv+demo,FC,True,683,195,64646,64620,0.0138857858255505,-0.0553068183362484,0.8316539525985718,0.0972558408975601,0.041025641025641,0.7271531886916502,ok,6b5eb84,288e5682,precomputed,,
reconstruction,Glasser,0,bayesian_ridge,bayesian_ridge,SC+bv+demo,SC+bv+demo,FC,True,683,195,64646,64620,0.0132049359381198,-0.0030453137587755,0.840542197227478,0.1056570261716842,0.0615384615384615,0.734069690992768,ok,6b5eb84,67a09419,precomputed,,
reconstruction,Glasser,0,kernel_ridge,"kernel_ridge[alpha=0.1,gamma_mult=0.5]",SC+bv+demo,SC+bv+demo,FC,True,683,195,64646,64620,0.0142914867028594,-0.0875215083360672,0.8269142508506775,0.0920322090387344,0.0666666666666666,0.7303879026955951,ok,6b5eb84,ea1b7ab2,precomputed,0.5,0.1
reconstruction,Glasser,0,kernel_ridge,"kernel_ridge[alpha=1.0,gamma_mult=0.5]",SC+bv+demo,SC+bv+demo,FC,True,683,195,64646,64620,0.0132242739200592,-0.004874407313764,0.8402160406112671,0.1059973314404487,0.0461538461538461,0.7518211702827087,ok,6b5eb84,45f6d253,precomputed,0.5,1.0
reconstruction,Glasser,0,kernel_ridge,"kernel_ridge[alpha=10.0,gamma_mult=0.5]",SC+bv+demo,SC+bv+demo,FC,True,683,195,64646,64620,0.0132275223731994,-0.0022200313396751,0.8402657508850098,0.1118703633546829,0.0461538461538461,0.7566863905325444,ok,6b5eb84,53ed4aac,precomputed,0.5,10.0
reconstruction,Glasser,0,kernel_ridge,"kernel_ridge[alpha=0.1,gamma_mult=1.0]",SC+bv+demo,SC+bv+demo,FC,True,683,195,64646,64620,0.0145162129774689,-0.1044688373804092,0.8242525458335876,0.0920853838324546,0.0615384615384615,0.7297304404996713,ok,6b5eb84,43ddaf43,precomputed,1.0,0.1
reconstruction,Glasser,0,kernel_ridge,"kernel_ridge[alpha=1.0,gamma_mult=1.0]",SC+bv+demo,SC+bv+demo,FC,True,683,195,64646,64620,0.0133596891537308,-0.0158546175807714,0.8384817838668823,0.1032192707061767,0.0461538461538461,0.748060486522025,ok,6b5eb84,a4b07cc5,precomputed,1.0,1.0
reconstruction,Glasser,0,kernel_ridge,"kernel_ridge[alpha=10.0,gamma_mult=1.0]",SC+bv+demo,SC+bv+demo,FC,True,683,195,64646,64620,0.0131968641653656,-0.0003358919057063,0.8406442403793335,0.1125387921929359,0.0512820512820512,0.7597896120973044,ok,6b5eb84,299a8e9a,precomputed,1.0,10.0
reconstruction,Glasser,0,kernel_ridge,"kernel_ridge[alpha=0.1,gamma_mult=2.0]",SC+bv+demo,SC+bv+demo,FC,True,683,195,64646,64620,0.0145597904920578,-0.1076771020889282,0.8238078355789185,0.0940764993429184,0.0769230769230769,0.7332544378698225,ok,6b5eb84,790770da,precomputed,2.0,0.1
reconstruction,Glasser,0,kernel_ridge,"kernel_ridge[alpha=1.0,gamma_mult=2.0]",SC+bv+demo,SC+bv+demo,FC,True,683,195,64646,64620,0.0134775759652256,-0.0251321550458669,0.8370081186294556,0.1029594242572784,0.0461538461538461,0.7479815910585141,ok,6b5eb84,a53ab8ae,precomputed,2.0,1.0
reconstruction,Glasser,0,kernel_ridge,"kernel_ridge[alpha=10.0,gamma_mult=2.0]",SC+bv+demo,SC+bv+demo,FC,True,683,195,64646,64620,0.0131784509867429,0.0007049177074804,0.8408670425415039,0.1127257645130157,0.0461538461538461,0.7590006574621959,ok,6b5eb84,624ffa61,precomputed,2.0,10.0
reconstruction,Glasser,0,pca_pls,pca_pls,FC,FC,FC,False,683,195,64620,64620,0.0103859920054674,0.1974055916070938,0.8733385801315308,0.4535095691680908,1.0,1.0,ok,6b5eb84,b76164a3,precomputed,,
reconstruction,Glasser,0,bayesian_ridge,bayesian_ridge,FC,FC,FC,False,683,195,64620,64620,0.0072421147488057,0.4065199196338653,0.9125760793685912,0.6668874025344849,1.0,1.0,ok,6b5eb84,5f264f1a,precomputed,,
reconstruction,Glasser,0,kernel_ridge,"kernel_ridge[alpha=0.1,gamma_mult=0.5]",FC,FC,FC,False,683,195,64620,64620,0.0073590637184679,0.4021686017513275,0.9114140272140504,0.6668781042098999,1.0,1.0,ok,6b5eb84,9a41a788,precomputed,0.5,0.1
reconstruction,Glasser,0,kernel_ridge,"kernel_ridge[alpha=1.0,gamma_mult=0.5]",FC,FC,FC,False,683,195,64620,64620,0.0097118308767676,0.2450151145458221,0.8841333389282227,0.6668431758880615,1.0,1.0,ok,6b5eb84,05e9a051,precomputed,0.5,1.0
reconstruction,Glasser,0,kernel_ridge,"kernel_ridge[alpha=10.0,gamma_mult=0.5]",FC,FC,FC,False,683,195,64620,64620,0.0126938233152031,0.0359618067741394,0.8469991087913513,0.6659576296806335,1.0,1.0,ok,6b5eb84,c6ee9255,precomputed,0.5,10.0
reconstruction,Glasser,0,kernel_ridge,"kernel_ridge[alpha=0.1,gamma_mult=1.0]",FC,FC,FC,False,683,195,64620,64620,0.0072793089784681,0.4060462713241577,0.9122511744499208,0.6668488383293152,1.0,1.0,ok,6b5eb84,b32dba86,precomputed,1.0,0.1
reconstruction,Glasser,0,kernel_ridge,"kernel_ridge[alpha=1.0,gamma_mult=1.0]",FC,FC,FC,False,683,195,64620,64620,0.0088256979361176,0.3060719072818756,0.8948652148246765,0.6667666435241699,1.0,1.0,ok,6b5eb84,88216598,precomputed,1.0,1.0
reconstruction,Glasser,0,kernel_ridge,"kernel_ridge[alpha=10.0,gamma_mult=1.0]",FC,FC,FC,False,683,195,64620,64620,0.0123272351920604,0.0618461370468139,0.8516415357589722,0.6652218699455261,1.0,1.0,ok,6b5eb84,9b1465ce,precomputed,1.0,10.0
reconstruction,Glasser,0,kernel_ridge,"kernel_ridge[alpha=0.1,gamma_mult=2.0]",FC,FC,FC,False,683,195,64620,64620,0.0072735399007797,0.4057098925113678,0.9123247861862184,0.6667155027389526,1.0,1.0,ok,6b5eb84,2c02d61f,precomputed,2.0,0.1
reconstruction,Glasser,0,kernel_ridge,"kernel_ridge[alpha=1.0,gamma_mult=2.0]",FC,FC,FC,False,683,195,64620,64620,0.0083621814846992,0.3375343680381775,0.9004636406898499,0.6664405465126038,1.0,1.0,ok,6b5eb84,f2a9e0b9,precomputed,2.0,1.0
reconstruction,Glasser,0,kernel_ridge,"kernel_ridge[alpha=10.0,gamma_mult=2.0]",FC,FC,FC,False,683,195,64620,64620,0.0120091969147324,0.0842863172292709,0.8557088375091553,0.6622209548950195,1.0,1.0,ok,6b5eb84,5c7c58bd,precomputed,2.0,10.0
reconstruction,Glasser,0,pca_pls,pca_pls,SC,SC,SC,False,683,195,64620,64620,0.0046171457506716,0.0462144613265991,0.927275538444519,0.3947538733482361,1.0,1.0,ok,6b5eb84,31b80a72,precomputed,,
reconstruction,Glasser,0,bayesian_ridge,bayesian_ridge,SC,SC,SC,False,683,195,64620,64620,0.0031756502576172,0.0774034857749939,0.9505090713500975,0.6484904289245605,1.0,1.0,ok,6b5eb84,333bb8d7,precomputed,,
reconstruction,Glasser,0,kernel_ridge,"kernel_ridge[alpha=0.1,gamma_mult=0.5]",SC,SC,SC,False,683,195,64620,64620,0.0032259803265333,0.1115350201725959,0.9498111605644226,0.6484792232513428,1.0,1.0,ok,6b5eb84,0866e734,precomputed,0.5,0.1
reconstruction,Glasser,0,kernel_ridge,"kernel_ridge[alpha=1.0,gamma_mult=0.5]",SC,SC,SC,False,683,195,64620,64620,0.0041332207620143,0.108463630080223,0.936138927936554,0.6484203338623047,1.0,1.0,ok,6b5eb84,6b1cbbbd,precomputed,0.5,1.0
reconstruction,Glasser,0,kernel_ridge,"kernel_ridge[alpha=10.0,gamma_mult=0.5]",SC,SC,SC,False,683,195,64620,64620,0.0052622579969465,0.0145114855840802,0.9184592366218568,0.6445127725601196,1.0,1.0,ok,6b5eb84,4576f173,precomputed,0.5,10.0
reconstruction,Glasser,0,kernel_ridge,"kernel_ridge[alpha=0.1,gamma_mult=1.0]",SC,SC,SC,False,683,195,64620,64620,0.0031964327208697,0.1000039130449295,0.95023912191391,0.6484448313713074,1.0,1.0,ok,6b5eb84,3dd7855f,precomputed,1.0,0.1
reconstruction,Glasser,0,kernel_ridge,"kernel_ridge[alpha=1.0,gamma_mult=1.0]",SC,SC,SC,False,683,195,64620,64620,0.0038063174579292,0.1262015253305435,0.941197395324707,0.648323118686676,1.0,1.0,ok,6b5eb84,5c9925d2,precomputed,1.0,1.0
reconstruction,Glasser,0,kernel_ridge,"kernel_ridge[alpha=10.0,gamma_mult=1.0]",SC,SC,SC,False,683,195,64620,64620,0.0051279528997838,0.0272857341915369,0.9205952882766724,0.6419702172279358,1.0,1.0,ok,6b5eb84,ae80611b,precomputed,1.0,10.0
reconstruction,Glasser,0,kernel_ridge,"kernel_ridge[alpha=0.1,gamma_mult=2.0]",SC,SC,SC,False,683,195,64620,64620,0.0031980047933757,0.0977036133408546,0.9502370953559875,0.6482886672019958,1.0,1.0,ok,6b5eb84,ff738c5d,precomputed,2.0,0.1
reconstruction,Glasser,0,kernel_ridge,"kernel_ridge[alpha=1.0,gamma_mult=2.0]",SC,SC,SC,False,683,195,64620,64620,0.0036509295459836,0.1310632526874542,0.9436352849006652,0.6478757262229919,1.0,1.0,ok,6b5eb84,e04596fb,precomputed,2.0,1.0
reconstruction,Glasser,0,kernel_ridge,"kernel_ridge[alpha=10.0,gamma_mult=2.0]",SC,SC,SC,False,683,195,64620,64620,0.0050193103961646,0.0373795926570892,0.9223564863204956,0.6314579844474792,1.0,1.0,ok,6b5eb84,7caea20e,precomputed,2.0,10.0
reconstruction,Glasser,1,pca_pls,pca_pls,FC,FC,SC,False,683,195,64620,64620,0.0055367471650242,-0.0144086191430687,0.9123328328132628,0.1370781511068344,0.1282051282051282,0.8906245890861275,ok,6b5eb84,9c1ac278,precomputed,,
reconstruction,Glasser,1,bayesian_ridge,bayesian_ridge,FC,FC,SC,False,683,195,64620,64620,0.0053392276167869,0.019000744447112,0.9155905842781068,0.1649862378835678,0.082051282051282,0.8900723208415516,ok,6b5eb84,972d5b00,precomputed,,
reconstruction,Glasser,1,kernel_ridge,"kernel_ridge[alpha=0.1,gamma_mult=0.5]",FC,FC,SC,False,683,195,64620,64620,0.005652948282659,-0.0336822941899299,0.9104148149490356,0.1277569830417633,0.1589743589743589,0.890913872452334,ok,6b5eb84,5a835277,precomputed,0.5,0.1
reconstruction,Glasser,1,kernel_ridge,"kernel_ridge[alpha=1.0,gamma_mult=0.5]",FC,FC,SC,False,683,195,64620,64620,0.0054130791686475,0.0064957556314766,0.914765238761902,0.1276547908782959,0.1487179487179487,0.9060880999342538,ok,6b5eb84,f87bee1b,precomputed,0.5,1.0
reconstruction,Glasser,1,kernel_ridge,"kernel_ridge[alpha=10.0,gamma_mult=0.5]",FC,FC,SC,False,683,195,64620,64620,0.005478870589286,-0.0033649071119725,0.9141163229942322,0.1266748905181884,0.1282051282051282,0.9022222222222224,ok,6b5eb84,a54e87c7,precomputed,0.5,10.0
reconstruction,Glasser,1,kernel_ridge,"kernel_ridge[alpha=0.1,gamma_mult=1.0]",FC,FC,SC,False,683,195,64620,64620,0.0057278471067547,-0.0462997183203697,0.9091688990592957,0.1273109167814254,0.1538461538461538,0.8906245890861275,ok,6b5eb84,d4f4e322,precomputed,1.0,0.1
reconstruction,Glasser,1,kernel_ridge,"kernel_ridge[alpha=1.0,gamma_mult=1.0]",FC,FC,SC,False,683,195,64620,64620,0.005433402955532,0.002786181634292,0.9142821431159972,0.1277661919593811,0.1589743589743589,0.906429980276134,ok,6b5eb84,e269b7b2,precomputed,1.0,1.0
reconstruction,Glasser,1,kernel_ridge,"kernel_ridge[alpha=10.0,gamma_mult=1.0]",FC,FC,SC,False,683,195,64620,64620,0.0054641207680106,-0.0010814144043251,0.9143064618110656,0.1264517605304718,0.1333333333333333,0.9034056541748848,ok,6b5eb84,e2cf7369,precomputed,1.0,10.0
reconstruction,Glasser,1,kernel_ridge,"kernel_ridge[alpha=0.1,gamma_mult=2.0]",FC,FC,SC,False,683,195,64620,64620,0.0057780379429459,-0.0548202097415924,0.9083485007286072,0.1262179464101791,0.1641025641025641,0.8953057199211045,ok,6b5eb84,2ac078c7,precomputed,2.0,0.1
reconstruction,Glasser,1,kernel_ridge,"kernel_ridge[alpha=1.0,gamma_mult=2.0]",FC,FC,SC,False,683,195,64620,64620,0.005464285146445,-0.002660886850208,0.9136852025985718,0.1276016980409622,0.1641025641025641,0.9086653517422748,ok,6b5eb84,c6fcfc99,precomputed,2.0,1.0
reconstruction,Glasser,1,kernel_ridge,"kernel_ridge[alpha=10.0,gamma_mult=2.0]",FC,FC,SC,False,683,195,64620,64620,0.0054521150887012,0.0007350045489147,0.9144544005393982,0.1251139640808105,0.1435897435897435,0.9041946088099936,ok,6b5eb84,9fd50195,precomputed,2.0,10.0
reconstruction,Glasser,1,pca_pls,pca_pls,SC,SC,FC,False,683,195,64620,64620,0.0144459484145045,-0.0523629561066627,0.8224367499351501,0.0862135589122772,0.0512820512820512,0.7213149243918475,ok,6b5eb84,130e7345,precomputed,,
reconstruction,Glasser,1,bayesian_ridge,bayesian_ridge,SC,SC,FC,False,683,195,64620,64620,0.013743913732469,-0.0009026521584019,0.831153154373169,0.1050833091139793,0.0564102564102564,0.7611308349769889,ok,6b5eb84,fe0ebcb3,precomputed,,
reconstruction,Glasser,1,kernel_ridge,"kernel_ridge[alpha=0.1,gamma_mult=0.5]",SC,SC,FC,False,683,195,64620,64620,0.0148967746645212,-0.0856474637985229,0.8171148896217346,0.0729840323328971,0.0358974358974358,0.6951479289940828,ok,6b5eb84,bb4b71df,precomputed,0.5,0.1
reconstruction,Glasser,1,kernel_ridge,"kernel_ridge[alpha=1.0,gamma_mult=0.5]",SC,SC,FC,False,683,195,64620,64620,0.0138850100338459,-0.0106578599661588,0.8293466567993164,0.0731180608272552,0.041025641025641,0.7060880999342538,ok,6b5eb84,5844f926,precomputed,0.5,1.0
reconstruction,Glasser,1,kernel_ridge,"kernel_ridge[alpha=10.0,gamma_mult=0.5]",SC,SC,FC,False,683,195,64620,64620,0.013849870301783,-0.0057517550885677,0.8297410011291504,0.0735361576080322,0.0461538461538461,0.7074819197896121,ok,6b5eb84,4e975ed0,precomputed,0.5,10.0
reconstruction,Glasser,1,kernel_ridge,"kernel_ridge[alpha=0.1,gamma_mult=1.0]",SC,SC,FC,False,683,195,64620,64620,0.015125180594623,-0.1023103222250938,0.8144543766975403,0.0727308392524719,0.0358974358974358,0.6953057199211046,ok,6b5eb84,23be05d5,precomputed,1.0,0.1
reconstruction,Glasser,1,kernel_ridge,"kernel_ridge[alpha=1.0,gamma_mult=1.0]",SC,SC,FC,False,683,195,64620,64620,0.0140236066654324,-0.0213905479758977,0.8276386260986328,0.0732538625597953,0.041025641025641,0.7051939513477975,ok,6b5eb84,d6d02fd5,precomputed,1.0,1.0
reconstruction,Glasser,1,kernel_ridge,"kernel_ridge[alpha=10.0,gamma_mult=1.0]",SC,SC,FC,False,683,195,64620,64620,0.0138326669111847,-0.0048032272607088,0.8299698233604431,0.0736997351050376,0.0461538461538461,0.7077186061801446,ok,6b5eb84,deb80e31,precomputed,1.0,10.0
reconstruction,Glasser,1,kernel_ridge,"kernel_ridge[alpha=0.1,gamma_mult=2.0]",SC,SC,FC,False,683,195,64620,64620,0.0152178304269909,-0.1090949922800064,0.8133878111839294,0.0723339468240737,0.0461538461538461,0.698724523339908,ok,6b5eb84,5f042290,precomputed,2.0,0.1
reconstruction,Glasser,1,kernel_ridge,"kernel_ridge[alpha=1.0,gamma_mult=2.0]",SC,SC,FC,False,683,195,64620,64620,0.0141469668596982,-0.0307102650403976,0.8261377811431885,0.073356494307518,0.041025641025641,0.7068770545693622,ok,6b5eb84,e6fba6f4,precomputed,2.0,1.0
reconstruction,Glasser,1,kernel_ridge,"kernel_ridge[alpha=10.0,gamma_mult=2.0]",SC,SC,FC,False,683,195,64620,64620,0.0138211054727435,-0.0042268536053597,0.8301318287849426,0.0736315995454788,0.0461538461538461,0.7095069033530572,ok,6b5eb84,a9b06122,precomputed,2.0,10.0
reconstruction,Glasser,1,pca_pls,pca_pls,bv,bv,SC,False,683,195,16,64620,0.0053463983349502,0.0172353368252515,0.9147673845291138,0.1678340435028076,0.0923076923076923,0.8833925049309664,ok,6b5eb84,9102cca8,precomputed,,
reconstruction,Glasser,1,bayesian_ridge,bayesian_ridge,bv,bv,SC,False,683,195,16,64620,0.0052979253232479,0.026694206520915,0.9155503511428832,0.1704565584659576,0.0871794871794871,0.8730834976988823,ok,6b5eb84,05c6117a,precomputed,,
reconstruction,Glasser,1,kernel_ridge,"kernel_ridge[alpha=0.1,gamma_mult=0.5]",bv,bv,SC,False,683,195,16,64620,0.0055895131081342,-0.0184712633490562,0.910729169845581,0.134508728981018,0.0615384615384615,0.7564760026298487,ok,6b5eb84,deb9d960,precomputed,0.5,0.1
reconstruction,Glasser,1,kernel_ridge,"kernel_ridge[alpha=1.0,gamma_mult=0.5]",bv,bv,SC,False,683,195,16,64620,0.0053458730690181,0.0187584664672613,0.9148447513580322,0.164628803730011,0.123076923076923,0.8808415516107824,ok,6b5eb84,f8fd85fc,precomputed,0.5,1.0
reconstruction,Glasser,1,kernel_ridge,"kernel_ridge[alpha=10.0,gamma_mult=0.5]",bv,bv,SC,False,683,195,16,64620,0.0053377216681838,0.0207910779863595,0.915373921394348,0.1698844730854034,0.1128205128205128,0.89086127547666,ok,6b5eb84,fe408d0e,precomputed,0.5,10.0
reconstruction,Glasser,1,kernel_ridge,"kernel_ridge[alpha=0.1,gamma_mult=1.0]",bv,bv,SC,False,683,195,16,64620,0.0058165048249065,-0.052076444029808,0.9070200324058532,0.1138292774558067,0.0307692307692307,0.6896252465483235,ok,6b5eb84,c1d1ca98,precomputed,1.0,0.1
reconstruction,Glasser,1,kernel_ridge,"kernel_ridge[alpha=1.0,gamma_mult=1.0]",bv,bv,SC,False,683,195,16,64620,0.0054038241505622,0.0103351846337318,0.9139039516448976,0.1521328240633011,0.1025641025641025,0.855568704799474,ok,6b5eb84,67992e2b,precomputed,1.0,1.0
reconstruction,Glasser,1,kernel_ridge,"kernel_ridge[alpha=10.0,gamma_mult=1.0]",bv,bv,SC,False,683,195,16,64620,0.0053303991444408,0.0222749635577201,0.9153971076011658,0.1679524779319763,0.1128205128205128,0.8883892176199868,ok,6b5eb84,cf0b68cf,precomputed,1.0,10.0
reconstruction,Glasser,1,kernel_ridge,"kernel_ridge[alpha=0.1,gamma_mult=2.0]",bv,bv,SC,False,683,195,16,64620,0.0061742281541228,-0.1035748645663261,0.9013676643371582,0.0903174355626106,0.0153846153846153,0.6381328073635766,ok,6b5eb84,8e787830,precomputed,2.0,0.1
reconstruction,Glasser,1,kernel_ridge,"kernel_ridge[alpha=1.0,gamma_mult=2.0]",bv,bv,SC,False,683,195,16,64620,0.0054977410472929,-0.0029619212727993,0.9124075174331664,0.1342269331216812,0.0717948717948717,0.8168836291913215,ok,6b5eb84,cea8b8e9,precomputed,2.0,1.0
reconstruction,Glasser,1,kernel_ridge,"kernel_ridge[alpha=10.0,gamma_mult=2.0]",bv,bv,SC,False,683,195,16,64620,0.0053413826972246,0.0211606435477733,0.915231704711914,0.1629337817430496,0.0974358974358974,0.879474030243261,ok,6b5eb84,9845115a,precomputed,2.0,10.0
reconstruction,Glasser,1,pca_pls,pca_pls,bv,bv,FC,False,683,195,16,64620,0.0140537377446889,-0.0200973320752382,0.827202558517456,0.0420791804790496,0.0153846153846153,0.6078632478632479,ok,6b5eb84,3da6f0a1,precomputed,,
reconstruction,Glasser,1,bayesian_ridge,bayesian_ridge,bv,bv,FC,False,683,195,16,64620,0.0138509301468729,-0.0055437111295759,0.8297333717346191,0.0488802157342433,0.0,0.6134648257725182,ok,6b5eb84,0270dbaf,precomputed,,
reconstruction,Glasser,1,kernel_ridge,"kernel_ridge[alpha=0.1,gamma_mult=0.5]",bv,bv,FC,False,683,195,16,64620,0.0146535551175475,-0.0620975568890571,0.8194425106048584,0.0378020107746124,0.0102564102564102,0.5847994740302433,ok,6b5eb84,21b3b643,precomputed,0.5,0.1
reconstruction,Glasser,1,kernel_ridge,"kernel_ridge[alpha=1.0,gamma_mult=0.5]",bv,bv,FC,False,683,195,16,64620,0.0140459649264812,-0.0191359817981719,0.8272265195846558,0.0422955006361007,0.0205128205128205,0.6168310322156476,ok,6b5eb84,60eb98b1,precomputed,0.5,1.0
reconstruction,Glasser,1,kernel_ridge,"kernel_ridge[alpha=10.0,gamma_mult=0.5]",bv,bv,FC,False,683,195,16,64620,0.0138808982446789,-0.0075106034055352,0.8293818831443787,0.0414763391017913,0.0256410256410256,0.6180933596318212,ok,6b5eb84,559952a2,precomputed,0.5,10.0
reconstruction,Glasser,1,kernel_ridge,"kernel_ridge[alpha=0.1,gamma_mult=1.0]",bv,bv,FC,False,683,195,16,64620,0.0151800420135259,-0.0994726866483688,0.8131103515625,0.0363173708319664,0.0102564102564102,0.5762524654832347,ok,6b5eb84,ef0f9225,precomputed,1.0,0.1
reconstruction,Glasser,1,kernel_ridge,"kernel_ridge[alpha=1.0,gamma_mult=1.0]",bv,bv,FC,False,683,195,16,64620,0.0141630275174975,-0.0274648945778608,0.825700044631958,0.0423790253698825,0.0153846153846153,0.6183300460223538,ok,6b5eb84,118d707e,precomputed,1.0,1.0
reconstruction,Glasser,1,kernel_ridge,"kernel_ridge[alpha=10.0,gamma_mult=1.0]",bv,bv,FC,False,683,195,16,64620,0.0138982394710183,-0.0087025873363018,0.8291571736335754,0.0430386513471603,0.0205128205128205,0.6214858645627876,ok,6b5eb84,871971d3,precomputed,1.0,10.0
reconstruction,Glasser,1,kernel_ridge,"kernel_ridge[alpha=0.1,gamma_mult=2.0]",bv,bv,FC,False,683,195,16,64620,0.01602185331285,-0.1593083441257476,0.8029465675354004,0.0323953069746494,0.0205128205128205,0.5597370151216305,ok,6b5eb84,c8b81801,precomputed,2.0,0.1
reconstruction,Glasser,1,kernel_ridge,"kernel_ridge[alpha=1.0,gamma_mult=2.0]",bv,bv,FC,False,683,195,16,64620,0.0143490647897124,-0.0407558642327785,0.8233062028884888,0.0403908640146255,0.0153846153846153,0.607258382642998,ok,6b5eb84,f9a4bb2c,precomputed,2.0,1.0
reconstruction,Glasser,1,kernel_ridge,"kernel_ridge[alpha=10.0,gamma_mult=2.0]",bv,bv,FC,False,683,195,16,64620,0.0139119615778326,-0.0096953986212611,0.8289608955383301,0.0446012653410434,0.0102564102564102,0.6234319526627219,ok,6b5eb84,482a7851,precomputed,2.0,10.0
reconstruction,Glasser,1,pca_pls,pca_pls,demo,demo,SC,False,683,195,10,64620,0.0054356083273887,0.0015802637208253,0.9141294956207277,0.1350738108158111,0.0461538461538461,0.7798816568047338,ok,6b5eb84,301badf3,precomputed,,
reconstruction,Glasser,1,bayesian_ridge,bayesian_ridge,demo,demo,SC,False,683,195,10,64620,0.0053810426034033,0.0100095067173242,0.9150132536888124,0.1475545316934585,0.0512820512820512,0.79844838921762,ok,6b5eb84,8d29dad5,precomputed,,
reconstruction,Glasser,1,kernel_ridge,"kernel_ridge[alpha=0.1,gamma_mult=0.5]",demo,demo,SC,False,683,195,10,64620,0.0055294097401201,-0.0128134666010737,0.9126297235488892,0.1233547925949096,0.0102564102564102,0.724628533859303,ok,6b5eb84,93090b25,precomputed,0.5,0.1
reconstruction,Glasser,1,kernel_ridge,"kernel_ridge[alpha=1.0,gamma_mult=0.5]",demo,demo,SC,False,683,195,10,64620,0.0054366728290915,0.0021342749241739,0.9141013622283936,0.1323913037776947,0.0153846153846153,0.7705719921104537,ok,6b5eb84,ac6776db,precomputed,0.5,1.0
reconstruction,Glasser,1,kernel_ridge,"kernel_ridge[alpha=10.0,gamma_mult=0.5]",demo,demo,SC,False,683,195,10,64620,0.0053988052532076,0.008914322592318,0.9147924184799194,0.1371020823717117,0.0205128205128205,0.812439184746877,ok,6b5eb84,edf5aa0c,precomputed,0.5,10.0
reconstruction,Glasser,1,kernel_ridge,"kernel_ridge[alpha=0.1,gamma_mult=1.0]",demo,demo,SC,False,683,195,10,64620,0.0055924449115991,-0.0232652649283409,0.9116317629814148,0.1162139400839805,0.0153846153846153,0.6982511505588429,ok,6b5eb84,d9bdd2c6,precomputed,1.0,0.1
reconstruction,Glasser,1,kernel_ridge,"kernel_ridge[alpha=1.0,gamma_mult=1.0]",demo,demo,SC,False,683,195,10,64620,0.0054649072699248,-0.002306229667738,0.9136404991149902,0.1267484575510025,0.0153846153846153,0.7535831689677843,ok,6b5eb84,c2cfad6a,precomputed,1.0,1.0
reconstruction,Glasser,1,kernel_ridge,"kernel_ridge[alpha=10.0,gamma_mult=1.0]",demo,demo,SC,False,683,195,10,64620,0.0054025375284254,0.0083562610670924,0.9147178530693054,0.1338250488042831,0.0256410256410256,0.8078632478632478,ok,6b5eb84,d8cc3111,precomputed,1.0,10.0
reconstruction,Glasser,1,kernel_ridge,"kernel_ridge[alpha=0.1,gamma_mult=2.0]",demo,demo,SC,False,683,195,10,64620,0.0056647509336471,-0.0353367589414119,0.9104942083358764,0.1089818328619003,0.0102564102564102,0.6668770545693623,ok,6b5eb84,df5d3c69,precomputed,2.0,0.1
reconstruction,Glasser,1,kernel_ridge,"kernel_ridge[alpha=1.0,gamma_mult=2.0]",demo,demo,SC,False,683,195,10,64620,0.0055003194138407,-0.0082374047487974,0.9130611419677734,0.1203378364443779,0.0153846153846153,0.7332544378698225,ok,6b5eb84,9fbb869a,precomputed,2.0,1.0
reconstruction,Glasser,1,kernel_ridge,"kernel_ridge[alpha=10.0,gamma_mult=2.0]",demo,demo,SC,False,683,195,10,64620,0.0054107108153402,0.0070345303975045,0.9145820736885072,0.1292774826288223,0.0102564102564102,0.7958185404339251,ok,6b5eb84,782c2104,precomputed,2.0,10.0
reconstruction,Glasser,1,pca_pls,pca_pls,demo,demo,FC,False,683,195,10,64620,0.0136432144790887,0.0066422563977539,0.8322884440422058,0.1235688254237175,0.0102564102564102,0.6938856015779092,ok,6b5eb84,81612086,precomputed,,
reconstruction,Glasser,1,bayesian_ridge,bayesian_ridge,demo,demo,FC,False,683,195,10,64620,0.0135354120284318,0.014447309076786,0.8336109519004822,0.1355894058942794,0.0102564102564102,0.698671926364234,ok,6b5eb84,a04f5c17,precomputed,,
reconstruction,Glasser,1,kernel_ridge,"kernel_ridge[alpha=0.1,gamma_mult=0.5]",demo,demo,FC,False,683,195,10,64620,0.0139787485823035,-0.0167459864169359,0.8282918334007263,0.1025020107626915,0.0102564102564102,0.6670611439842209,ok,6b5eb84,05e65645,precomputed,0.5,0.1
reconstruction,Glasser,1,kernel_ridge,"kernel_ridge[alpha=1.0,gamma_mult=0.5]",demo,demo,FC,False,683,195,10,64620,0.0137173179537057,0.0016340411966666,0.8313584327697754,0.1135963648557663,0.0102564102564102,0.6895200525969757,ok,6b5eb84,31024490,precomputed,0.5,1.0
reconstruction,Glasser,1,kernel_ridge,"kernel_ridge[alpha=10.0,gamma_mult=0.5]",demo,demo,FC,False,683,195,10,64620,0.0136175891384482,0.0091498307883739,0.8325580954551697,0.1219606772065162,0.0205128205128205,0.7053780407626562,ok,6b5eb84,e0ba5620,precomputed,0.5,10.0
reconstruction,Glasser,1,kernel_ridge,"kernel_ridge[alpha=0.1,gamma_mult=1.0]",demo,demo,FC,False,683,195,10,64620,0.0141267711296677,-0.0270102024078369,0.8265077471733093,0.0961848348379135,0.0102564102564102,0.6598290598290599,ok,6b5eb84,5f4caa86,precomputed,1.0,0.1
reconstruction,Glasser,1,kernel_ridge,"kernel_ridge[alpha=1.0,gamma_mult=1.0]",demo,demo,FC,False,683,195,10,64620,0.0138033078983426,-0.0043346625752747,0.8302859663963318,0.1067594289779663,0.0,0.6855489809335964,ok,6b5eb84,5a60abd8,precomputed,1.0,1.0
reconstruction,Glasser,1,kernel_ridge,"kernel_ridge[alpha=10.0,gamma_mult=1.0]",demo,demo,FC,False,683,195,10,64620,0.0136317228898406,0.0080493353307247,0.8323599100112915,0.1172264888882637,0.0256410256410256,0.6976725838264299,ok,6b5eb84,2df2504a,precomputed,1.0,10.0
reconstruction,Glasser,1,kernel_ridge,"kernel_ridge[alpha=0.1,gamma_mult=2.0]",demo,demo,FC,False,683,195,10,64620,0.0142721412703394,-0.0372085496783256,0.8248264193534851,0.0912882313132286,0.0102564102564102,0.6560157790927021,ok,6b5eb84,9a37db9f,precomputed,2.0,0.1
reconstruction,Glasser,1,kernel_ridge,"kernel_ridge[alpha=1.0,gamma_mult=2.0]",demo,demo,FC,False,683,195,10,64620,0.013885005377233,-0.0099477283656597,0.8292698264122009,0.1009347289800643,0.0102564102564102,0.6705851413543721,ok,6b5eb84,747a1fcf,precomputed,2.0,1.0
reconstruction,Glasser,1,kernel_ridge,"kernel_ridge[alpha=10.0,gamma_mult=2.0]",demo,demo,FC,False,683,195,10,64620,0.013663207180798,0.0058709229342639,0.83194500207901,0.1114472448825836,0.0153846153846153,0.6958842866535174,ok,6b5eb84,e47c723c,precomputed,2.0,10.0
reconstruction,Glasser,1,pca_pls,pca_pls,bv+demo,bv+demo,SC,False,683,195,26,64620,0.0053779105655848,0.0105289388447999,0.9142593741416932,0.1759079992771148,0.1384615384615384,0.890414201183432,ok,6b5eb84,740b718a,precomputed,,
reconstruction,Glasser,1,bayesian_ridge,bayesian_ridge,bv+demo,bv+demo,SC,False,683,195,26,64620,0.0052729696035385,0.029619988054037,0.9159610271453856,0.1877360641956329,0.1282051282051282,0.9026692965154504,ok,6b5eb84,a6d404e1,precomputed,,
reconstruction,Glasser,1,kernel_ridge,"kernel_ridge[alpha=0.1,gamma_mult=0.5]",bv+demo,bv+demo,SC,False,683,195,26,64620,0.0055766580626368,-0.0191794540733099,0.9109932780265808,0.1521207392215728,0.0666666666666666,0.8100986193293885,ok,6b5eb84,23aa7d4a,precomputed,0.5,0.1
reconstruction,Glasser,1,kernel_ridge,"kernel_ridge[alpha=1.0,gamma_mult=0.5]",bv+demo,bv+demo,SC,False,683,195,26,64620,0.0053316126577556,0.0195786729454994,0.9151031374931335,0.1778515130281448,0.1641025641025641,0.904878369493754,ok,6b5eb84,3676404e,precomputed,0.5,1.0
reconstruction,Glasser,1,kernel_ridge,"kernel_ridge[alpha=10.0,gamma_mult=0.5]",bv+demo,bv+demo,SC,False,683,195,26,64620,0.0053432337008416,0.0193791445344686,0.9154873490333556,0.1791592538356781,0.1692307692307692,0.9105325443786982,ok,6b5eb84,b09a6a84,precomputed,0.5,10.0
reconstruction,Glasser,1,kernel_ridge,"kernel_ridge[alpha=0.1,gamma_mult=1.0]",bv+demo,bv+demo,SC,False,683,195,26,64620,0.0058854389935731,-0.0657810345292091,0.9059469103813172,0.1259278059005737,0.0461538461538461,0.7263116370808679,ok,6b5eb84,9de5aaa5,precomputed,1.0,0.1
reconstruction,Glasser,1,kernel_ridge,"kernel_ridge[alpha=1.0,gamma_mult=1.0]",bv+demo,bv+demo,SC,False,683,195,26,64620,0.0053776605054736,0.0127427326515316,0.9143584966659546,0.1682267040014267,0.1435897435897435,0.8897041420118343,ok,6b5eb84,154d67f3,precomputed,1.0,1.0
reconstruction,Glasser,1,kernel_ridge,"kernel_ridge[alpha=10.0,gamma_mult=1.0]",bv+demo,bv+demo,SC,False,683,195,26,64620,0.0053264792077243,0.0222140047699213,0.9156204462051392,0.1773023754358291,0.1743589743589743,0.9105062458908612,ok,6b5eb84,e7a8a1f8,precomputed,1.0,10.0
reconstruction,Glasser,1,kernel_ridge,"kernel_ridge[alpha=0.1,gamma_mult=2.0]",bv+demo,bv+demo,SC,False,683,195,26,64620,0.0062138219363987,-0.1132237613201141,0.9007192850112915,0.1025638058781623,0.041025641025641,0.6906771860618015,ok,6b5eb84,d7e7f00a,precomputed,2.0,0.1
reconstruction,Glasser,1,kernel_ridge,"kernel_ridge[alpha=1.0,gamma_mult=2.0]",bv+demo,bv+demo,SC,False,683,195,26,64620,0.0054637105204164,0.0006851818179711,0.9129835963249208,0.1501042246818542,0.0717948717948717,0.8667981591058515,ok,6b5eb84,6cd009b6,precomputed,2.0,1.0
reconstruction,Glasser,1,kernel_ridge,"kernel_ridge[alpha=10.0,gamma_mult=2.0]",bv+demo,bv+demo,SC,False,683,195,26,64620,0.0053312154486775,0.0219397488981485,0.9155232906341552,0.1718851178884506,0.1589743589743589,0.9022485207100592,ok,6b5eb84,f1d6bfef,precomputed,2.0,10.0
reconstruction,Glasser,1,pca_pls,pca_pls,bv+demo,bv+demo,FC,False,683,195,26,64620,0.0138903530314564,-0.0111444499343633,0.8290826082229614,0.1076918542385101,0.0256410256410256,0.6996449704142012,ok,6b5eb84,771ac511,precomputed,,
reconstruction,Glasser,1,bayesian_ridge,bayesian_ridge,bv+demo,bv+demo,FC,False,683,195,26,64620,0.0135681964457035,0.012544248253107,0.833119809627533,0.1343476772308349,0.0256410256410256,0.7040368178829717,ok,6b5eb84,432d657c,precomputed,,
reconstruction,Glasser,1,kernel_ridge,"kernel_ridge[alpha=0.1,gamma_mult=0.5]",bv+demo,bv+demo,FC,False,683,195,26,64620,0.0144934048876166,-0.0540093407034873,0.821437418460846,0.0830078199505806,0.0307692307692307,0.6540433925049309,ok,6b5eb84,8e197623,precomputed,0.5,0.1
reconstruction,Glasser,1,kernel_ridge,"kernel_ridge[alpha=1.0,gamma_mult=0.5]",bv+demo,bv+demo,FC,False,683,195,26,64620,0.0138028766959905,-0.0044497046619653,0.8301592469215393,0.1044127717614173,0.0307692307692307,0.70077580539119,ok,6b5eb84,5c0f23af,precomputed,0.5,1.0
reconstruction,Glasser,1,kernel_ridge,"kernel_ridge[alpha=10.0,gamma_mult=0.5]",bv+demo,bv+demo,FC,False,683,195,26,64620,0.0137005150318145,0.0039022283162921,0.8315303921699524,0.106510043144226,0.0256410256410256,0.7112163050624589,ok,6b5eb84,89e4ff60,precomputed,0.5,10.0
reconstruction,Glasser,1,kernel_ridge,"kernel_ridge[alpha=0.1,gamma_mult=1.0]",bv+demo,bv+demo,FC,False,683,195,26,64620,0.0152918482199311,-0.111029639840126,0.8120502233505249,0.0679616779088974,0.0153846153846153,0.624457593688363,ok,6b5eb84,7e033c3c,precomputed,1.0,0.1
reconstruction,Glasser,1,kernel_ridge,"kernel_ridge[alpha=1.0,gamma_mult=1.0]",bv+demo,bv+demo,FC,False,683,195,26,64620,0.013928459957242,-0.0133957713842391,0.8285397291183472,0.0960997864603996,0.0205128205128205,0.696646942800789,ok,6b5eb84,3de6c964,precomputed,1.0,1.0
reconstruction,Glasser,1,kernel_ridge,"kernel_ridge[alpha=10.0,gamma_mult=1.0]",bv+demo,bv+demo,FC,False,683,195,26,64620,0.0136901261284947,0.0044115986675024,0.8316188454627991,0.1059831082820892,0.0307692307692307,0.7094017094017094,ok,6b5eb84,a4351da9,precomputed,1.0,10.0
reconstruction,Glasser,1,kernel_ridge,"kernel_ridge[alpha=0.1,gamma_mult=2.0]",bv+demo,bv+demo,FC,False,683,195,26,64620,0.0161003600805997,-0.1687207072973251,0.8028194308280945,0.0559322275221347,0.0256410256410256,0.6091518737672583,ok,6b5eb84,acdb221c,precomputed,2.0,0.1
reconstruction,Glasser,1,kernel_ridge,"kernel_ridge[alpha=1.0,gamma_mult=2.0]",bv+demo,bv+demo,FC,False,683,195,26,64620,0.0141425458714365,-0.0286341998726129,0.8258756399154663,0.0836862623691558,0.0153846153846153,0.6850493096646944,ok,6b5eb84,26477812,precomputed,2.0,1.0
reconstruction,Glasser,1,kernel_ridge,"kernel_ridge[alpha=10.0,gamma_mult=2.0]",bv+demo,bv+demo,FC,False,683,195,26,64620,0.0137017183005809,0.0035285558551549,0.8314266800880432,0.1032188013195991,0.0205128205128205,0.7056410256410257,ok,6b5eb84,45c0ebe3,precomputed,2.0,10.0
reconstruction,Glasser,1,pca_pls,pca_pls,FC+bv+demo,FC+bv+demo,SC,True,683,195,64646,64620,0.0054608425125479,-0.0037379579152911,0.9128862619400024,0.1715466678142547,0.1282051282051282,0.9227613412228796,ok,6b5eb84,93f63aa5,precomputed,,
reconstruction,Glasser,1,bayesian_ridge,bayesian_ridge,FC+bv+demo,FC+bv+demo,SC,True,683,195,64646,64620,0.0052610631100833,0.0302108861505985,0.9162017107009888,0.1971528232097625,0.1487179487179487,0.9288888888888888,ok,6b5eb84,fcff92ab,precomputed,,
reconstruction,Glasser,1,kernel_ridge,"kernel_ridge[alpha=0.1,gamma_mult=0.5]",FC+bv+demo,FC+bv+demo,SC,True,683,195,64646,64620,0.0055713397450745,-0.0208648089319467,0.9110355973243712,0.1681095659732818,0.1692307692307692,0.9330703484549638,ok,6b5eb84,03802fd8,precomputed,0.5,0.1
reconstruction,Glasser,1,kernel_ridge,"kernel_ridge[alpha=1.0,gamma_mult=0.5]",FC+bv+demo,FC+bv+demo,SC,True,683,195,64646,64620,0.0052758753299713,0.027124460786581,0.9159515500068665,0.1898835599422454,0.2,0.9556344510190664,ok,6b5eb84,b9922af7,precomputed,0.5,1.0
reconstruction,Glasser,1,kernel_ridge,"kernel_ridge[alpha=10.0,gamma_mult=0.5]",FC+bv+demo,FC+bv+demo,SC,True,683,195,64646,64620,0.0053626741282641,0.015355777926743,0.9150575399398804,0.1862855404615402,0.1333333333333333,0.9222090729783038,ok,6b5eb84,03f68ca3,precomputed,0.5,10.0
reconstruction,Glasser,1,kernel_ridge,"kernel_ridge[alpha=0.1,gamma_mult=1.0]",FC+bv+demo,FC+bv+demo,SC,True,683,195,64646,64620,0.0056512472219765,-0.0337126776576042,0.9097576141357422,0.1672672778367996,0.1948717948717948,0.9322813938198552,ok,6b5eb84,38cff84f,precomputed,1.0,0.1
reconstruction,Glasser,1,kernel_ridge,"kernel_ridge[alpha=1.0,gamma_mult=1.0]",FC+bv+demo,FC+bv+demo,SC,True,683,195,64646,64620,0.0053066005930304,0.0215931590646505,0.9154112339019777,0.1865712106227874,0.2102564102564102,0.9539513477975016,ok,6b5eb84,d25c9080,precomputed,1.0,1.0
reconstruction,Glasser,1,kernel_ridge,"kernel_ridge[alpha=10.0,gamma_mult=1.0]",FC+bv+demo,FC+bv+demo,SC,True,683,195,64646,64620,0.005326060578227,0.020926671102643,0.9154337644577026,0.1887034028768539,0.1948717948717948,0.9391190006574622,ok,6b5eb84,3a4dacf5,precomputed,1.0,10.0
reconstruction,Glasser,1,kernel_ridge,"kernel_ridge[alpha=0.1,gamma_mult=2.0]",FC+bv+demo,FC+bv+demo,SC,True,683,195,64646,64620,0.0056918058544397,-0.0407746583223342,0.9091677665710448,0.1699159294366836,0.2,0.9383300460223536,ok,6b5eb84,39f33463,precomputed,2.0,0.1
reconstruction,Glasser,1,kernel_ridge,"kernel_ridge[alpha=1.0,gamma_mult=2.0]",FC+bv+demo,FC+bv+demo,SC,True,683,195,64646,64620,0.0053463852964341,0.0144945159554481,0.914773404598236,0.1859955936670303,0.2,0.9526627218934912,ok,6b5eb84,32ad299a,precomputed,2.0,1.0
reconstruction,Glasser,1,kernel_ridge,"kernel_ridge[alpha=10.0,gamma_mult=2.0]",FC+bv+demo,FC+bv+demo,SC,True,683,195,64646,64620,0.0053023542277514,0.024412291124463,0.915684461593628,0.1896159797906875,0.2,0.9456410256410256,ok,6b5eb84,fa9bf844,precomputed,2.0,10.0
reconstruction,Glasser,1,pca_pls,pca_pls,SC+bv+demo,SC+bv+demo,FC,True,683,195,64646,64620,0.0142912808805704,-0.0424211993813514,0.8242674469947815,0.1077498495578765,0.0564102564102564,0.753241288625904,ok,6b5eb84,800921a0,precomputed,,
reconstruction,Glasser,1,bayesian_ridge,bayesian_ridge,SC+bv+demo,SC+bv+demo,FC,True,683,195,64646,64620,0.01365252956748,0.004915265366435,0.83225017786026,0.1259468048810959,0.0512820512820512,0.7710453648915188,ok,6b5eb84,9eb32d87,precomputed,,
reconstruction,Glasser,1,kernel_ridge,"kernel_ridge[alpha=0.1,gamma_mult=0.5]",SC+bv+demo,SC+bv+demo,FC,True,683,195,64646,64620,0.0148226041346788,-0.0810408592224121,0.8179186582565308,0.0902020260691642,0.0564102564102564,0.7278632478632479,ok,6b5eb84,74fe7423,precomputed,0.5,0.1
reconstruction,Glasser,1,kernel_ridge,"kernel_ridge[alpha=1.0,gamma_mult=0.5]",SC+bv+demo,SC+bv+demo,FC,True,683,195,64646,64620,0.0137279983609914,-0.0003741510445252,0.8312453031539917,0.1124664321541786,0.0615384615384615,0.7674424720578567,ok,6b5eb84,f1a24bd4,precomputed,0.5,1.0
reconstruction,Glasser,1,kernel_ridge,"kernel_ridge[alpha=10.0,gamma_mult=0.5]",SC+bv+demo,SC+bv+demo,FC,True,683,195,64646,64620,0.0137765044346451,-0.000850569922477,0.8306646347045898,0.1194140315055847,0.0205128205128205,0.756370808678501,ok,6b5eb84,c453095f,precomputed,0.5,10.0
reconstruction,Glasser,1,kernel_ridge,"kernel_ridge[alpha=0.1,gamma_mult=1.0]",SC+bv+demo,SC+bv+demo,FC,True,683,195,64646,64620,0.0150554617866873,-0.0979552119970321,0.8151807188987732,0.0889466032385826,0.0615384615384615,0.7273898750821828,ok,6b5eb84,5b923209,precomputed,1.0,0.1
reconstruction,Glasser,1,kernel_ridge,"kernel_ridge[alpha=1.0,gamma_mult=1.0]",SC+bv+demo,SC+bv+demo,FC,True,683,195,64646,64620,0.0138574307784438,-0.0104769067838788,0.8296258449554443,0.1078205108642578,0.0615384615384615,0.7614990138067061,ok,6b5eb84,9b36f4be,precomputed,1.0,1.0
reconstruction,Glasser,1,kernel_ridge,"kernel_ridge[alpha=10.0,gamma_mult=1.0]",SC+bv+demo,SC+bv+demo,FC,True,683,195,64646,64620,0.0137394210323691,0.0013893562136217,0.8311301469802856,0.1206206083297729,0.0564102564102564,0.7615253122945431,ok,6b5eb84,322bcf9a,precomputed,1.0,10.0
reconstruction,Glasser,1,kernel_ridge,"kernel_ridge[alpha=0.1,gamma_mult=2.0]",SC+bv+demo,SC+bv+demo,FC,True,683,195,64646,64620,0.0150853553786873,-0.100297525525093,0.8148388862609863,0.0909986570477485,0.0512820512820512,0.7329125575279422,ok,6b5eb84,dc5d8891,precomputed,2.0,0.1
reconstruction,Glasser,1,kernel_ridge,"kernel_ridge[alpha=1.0,gamma_mult=2.0]",SC+bv+demo,SC+bv+demo,FC,True,683,195,64646,64620,0.013970885425806,-0.0191077906638383,0.8282215595245361,0.1068663373589515,0.0564102564102564,0.7596055226824457,ok,6b5eb84,eb4e74f9,precomputed,2.0,1.0
reconstruction,Glasser,1,kernel_ridge,"kernel_ridge[alpha=10.0,gamma_mult=2.0]",SC+bv+demo,SC+bv+demo,FC,True,683,195,64646,64620,0.0137171316891908,0.0026520064566284,0.8314110636711121,0.1205123215913772,0.0461538461538461,0.7631558185404339,ok,6b5eb84,8cde96b4,precomputed,2.0,10.0
reconstruction,Glasser,1,pca_pls,pca_pls,FC,FC,FC,False,683,195,64620,64620,0.0107319476082921,0.2003045529127121,0.8681448101997375,0.4520354568958282,1.0,1.0,ok,6b5eb84,dca11285,precomputed,,
reconstruction,Glasser,1,bayesian_ridge,bayesian_ridge,FC,FC,FC,False,683,195,64620,64620,0.0073443977162241,0.4202194809913635,0.9102001190185548,0.6744681596755981,1.0,1.0,ok,6b5eb84,d8c51ad4,precomputed,,
reconstruction,Glasser,1,kernel_ridge,"kernel_ridge[alpha=0.1,gamma_mult=0.5]",FC,FC,FC,False,683,195,64620,64620,0.0074688293971121,0.4154371321201324,0.9088942408561708,0.6744588017463684,1.0,1.0,ok,6b5eb84,94361114,precomputed,0.5,0.1
reconstruction,Glasser,1,kernel_ridge,"kernel_ridge[alpha=1.0,gamma_mult=0.5]",FC,FC,FC,False,683,195,64620,64620,0.0100014712661504,0.2529276609420776,0.8783339858055115,0.6744261384010315,1.0,1.0,ok,6b5eb84,a5bd6445,precomputed,0.5,1.0
reconstruction,Glasser,1,kernel_ridge,"kernel_ridge[alpha=10.0,gamma_mult=0.5]",FC,FC,FC,False,683,195,64620,64620,0.0132074728608131,0.0379758365452289,0.837817907333374,0.6735103726387024,0.9897435897435898,0.999947403024326,ok,6b5eb84,e50ab141,precomputed,0.5,10.0
reconstruction,Glasser,1,kernel_ridge,"kernel_ridge[alpha=0.1,gamma_mult=1.0]",FC,FC,FC,False,683,195,64620,64620,0.0073817824013531,0.4196033775806427,0.9098519086837769,0.6744298934936523,1.0,1.0,ok,6b5eb84,11a0a28e,precomputed,1.0,0.1
reconstruction,Glasser,1,kernel_ridge,"kernel_ridge[alpha=1.0,gamma_mult=1.0]",FC,FC,FC,False,683,195,64620,64620,0.0090433787554502,0.3161210715770721,0.8903120160102844,0.6743527054786682,1.0,1.0,ok,6b5eb84,c2821a24,precomputed,1.0,1.0
reconstruction,Glasser,1,kernel_ridge,"kernel_ridge[alpha=10.0,gamma_mult=1.0]",FC,FC,FC,False,683,195,64620,64620,0.0128111485391855,0.0647003501653671,0.8428390026092529,0.672782838344574,1.0,1.0,ok,6b5eb84,5ddbe13c,precomputed,1.0,10.0
reconstruction,Glasser,1,kernel_ridge,"kernel_ridge[alpha=0.1,gamma_mult=2.0]",FC,FC,FC,False,683,195,64620,64620,0.0073721013031899,0.419428676366806,0.9099715948104858,0.6742982268333435,1.0,1.0,ok,6b5eb84,1e356ecf,precomputed,2.0,0.1
reconstruction,Glasser,1,kernel_ridge,"kernel_ridge[alpha=1.0,gamma_mult=2.0]",FC,FC,FC,False,683,195,64620,64620,0.0085357446223497,0.349082350730896,0.8966563940048218,0.6740398406982422,1.0,1.0,ok,6b5eb84,5a2035c4,precomputed,2.0,1.0
reconstruction,Glasser,1,kernel_ridge,"kernel_ridge[alpha=10.0,gamma_mult=2.0]",FC,FC,FC,False,683,195,64620,64620,0.0124630900099873,0.0881204456090927,0.8472864627838135,0.669795572757721,1.0,1.0,ok,6b5eb84,1619bbf4,precomputed,2.0,10.0
reconstruction,Glasser,1,pca_pls,pca_pls,SC,SC,SC,False,683,195,64620,64620,0.0047186780720949,0.0487919971346855,0.9250878095626832,0.3749638497829437,1.0,1.0,ok,6b5eb84,1414a979,precomputed,,
reconstruction,Glasser,1,bayesian_ridge,bayesian_ridge,SC,SC,SC,False,683,195,64620,64620,0.0031694332137703,0.0920957997441291,0.9502527713775636,0.650116503238678,1.0,1.0,ok,6b5eb84,1b2e870e,precomputed,,
reconstruction,Glasser,1,kernel_ridge,"kernel_ridge[alpha=0.1,gamma_mult=0.5]",SC,SC,SC,False,683,195,64620,64620,0.0032209504861384,0.1227570474147796,0.949523627758026,0.6501057744026184,1.0,1.0,ok,6b5eb84,1e43f3c2,precomputed,0.5,0.1
reconstruction,Glasser,1,kernel_ridge,"kernel_ridge[alpha=1.0,gamma_mult=0.5]",SC,SC,SC,False,683,195,64620,64620,0.0041383351199328,0.1108894348144531,0.9354708790779114,0.6500439643859863,1.0,1.0,ok,6b5eb84,c14ad8e0,precomputed,0.5,1.0
reconstruction,Glasser,1,kernel_ridge,"kernel_ridge[alpha=10.0,gamma_mult=0.5]",SC,SC,SC,False,683,195,64620,64620,0.0052690133452415,0.0154664972797036,0.9175408482551576,0.6460930705070496,1.0,1.0,ok,6b5eb84,8dc62ceb,precomputed,0.5,10.0
reconstruction,Glasser,1,kernel_ridge,"kernel_ridge[alpha=0.1,gamma_mult=1.0]",SC,SC,SC,False,683,195,64620,64620,0.00319076445885,0.1124771833419799,0.9499696493148804,0.6500726342201233,1.0,1.0,ok,6b5eb84,f734798b,precomputed,1.0,0.1
reconstruction,Glasser,1,kernel_ridge,"kernel_ridge[alpha=1.0,gamma_mult=1.0]",SC,SC,SC,False,683,195,64620,64620,0.0038076809141784,0.1301709413528442,0.940663516521454,0.6499443650245667,1.0,1.0,ok,6b5eb84,68be4c34,precomputed,1.0,1.0
reconstruction,Glasser,1,kernel_ridge,"kernel_ridge[alpha=10.0,gamma_mult=1.0]",SC,SC,SC,False,683,195,64620,64620,0.005134024657309,0.0282402988523244,0.9197059273719788,0.6435436010360718,1.0,1.0,ok,6b5eb84,fcc375e7,precomputed,1.0,10.0
reconstruction,Glasser,1,kernel_ridge,"kernel_ridge[alpha=0.1,gamma_mult=2.0]",SC,SC,SC,False,683,195,64620,64620,0.0031923388596624,0.1099982038140297,0.9499680995941162,0.6499190330505371,1.0,1.0,ok,6b5eb84,7cfaeac1,precomputed,2.0,0.1
reconstruction,Glasser,1,kernel_ridge,"kernel_ridge[alpha=1.0,gamma_mult=2.0]",SC,SC,SC,False,683,195,64620,64620,0.0036482382565736,0.1360350102186203,0.9432002305984496,0.6494898796081543,1.0,1.0,ok,6b5eb84,3f8400c6,precomputed,2.0,1.0
reconstruction,Glasser,1,kernel_ridge,"kernel_ridge[alpha=10.0,gamma_mult=2.0]",SC,SC,SC,False,683,195,64620,64620,0.0050230221822857,0.0384413115680217,0.9215125441551208,0.6331367492675781,1.0,1.0,ok,6b5eb84,0dedab19,precomputed,2.0,10.0
reconstruction,Glasser,2,pca_pls,pca_pls,FC,FC,SC,False,683,195,64620,64620,0.0055285366252064,-0.033539343625307,0.9123838543891908,0.122218020260334,0.0769230769230769,0.8578829717291255,ok,e8f290e,eee58b38,precomputed,,
reconstruction,Glasser,2,bayesian_ridge,bayesian_ridge,FC,FC,SC,False,683,195,64620,64620,0.0052952030673623,0.0058878241106867,0.9161672592163086,0.1531843692064285,0.0871794871794871,0.8837606837606837,ok,e8f290e,3ea50f1a,precomputed,,
reconstruction,Glasser,2,kernel_ridge,"kernel_ridge[alpha=0.1,gamma_mult=0.5]",FC,FC,SC,False,683,195,64620,64620,0.0055927881039679,-0.0489571914076805,0.9112493991851808,0.1266495287418365,0.1282051282051282,0.8890203813280736,ok,e8f290e,c4206124,precomputed,0.5,0.1
reconstruction,Glasser,2,kernel_ridge,"kernel_ridge[alpha=1.0,gamma_mult=0.5]",FC,FC,SC,False,683,195,64620,64620,0.0053345528431236,0.0017276983708143,0.915683388710022,0.1270743310451507,0.1435897435897435,0.9098224852071006,ok,e8f290e,aeece625,precomputed,0.5,1.0
reconstruction,Glasser,2,kernel_ridge,"kernel_ridge[alpha=10.0,gamma_mult=0.5]",FC,FC,SC,False,683,195,64620,64620,0.0053940853103995,-0.0044883396476507,0.9150080680847168,0.1269671469926834,0.1538461538461538,0.9095069033530572,ok,e8f290e,90cfe359,precomputed,0.5,10.0
reconstruction,Glasser,2,kernel_ridge,"kernel_ridge[alpha=0.1,gamma_mult=1.0]",FC,FC,SC,False,683,195,64620,64620,0.0056707994081079,-0.0631487071514129,0.9099776744842528,0.1256124675273895,0.1333333333333333,0.8879947403024326,ok,e8f290e,c85936a1,precomputed,1.0,0.1
reconstruction,Glasser,2,kernel_ridge,"kernel_ridge[alpha=1.0,gamma_mult=1.0]",FC,FC,SC,False,683,195,64620,64620,0.0053582498803734,-0.0040417541749775,0.915196657180786,0.1269887238740921,0.1589743589743589,0.9084023668639052,ok,e8f290e,66bc6ed8,precomputed,1.0,1.0
reconstruction,Glasser,2,kernel_ridge,"kernel_ridge[alpha=10.0,gamma_mult=1.0]",FC,FC,SC,False,683,195,64620,64620,0.0053797578439116,-0.0025047960225492,0.9152047038078308,0.1268853992223739,0.1487179487179487,0.9104010519395136,ok,e8f290e,72cb53c8,precomputed,1.0,10.0
reconstruction,Glasser,2,kernel_ridge,"kernel_ridge[alpha=0.1,gamma_mult=2.0]",FC,FC,SC,False,683,195,64620,64620,0.0057200007140636,-0.0719668790698051,0.909167230129242,0.1241735219955444,0.1282051282051282,0.8942800788954635,ok,e8f290e,3fd6e08a,precomputed,2.0,0.1
reconstruction,Glasser,2,kernel_ridge,"kernel_ridge[alpha=1.0,gamma_mult=2.0]",FC,FC,SC,False,683,195,64620,64620,0.0053914710879325,-0.0109497597441077,0.9145933389663696,0.1265551745891571,0.1743589743589743,0.909033530571992,ok,e8f290e,6ddb256e,precomputed,2.0,1.0
reconstruction,Glasser,2,kernel_ridge,"kernel_ridge[alpha=10.0,gamma_mult=2.0]",FC,FC,SC,False,683,195,64620,64620,0.0053679100237786,-0.0009763929410837,0.9153611660003662,0.1261244565248489,0.1435897435897435,0.9107166337935568,ok,e8f290e,eda9df0d,precomputed,2.0,10.0
reconstruction,Glasser,2,pca_pls,pca_pls,SC,SC,FC,False,683,195,64620,64620,0.0143186161294579,-0.0506129600107669,0.8277159333229065,0.083430141210556,0.0512820512820512,0.7081919789612097,ok,e8f290e,08e9dda0,precomputed,,
reconstruction,Glasser,2,bayesian_ridge,bayesian_ridge,SC,SC,FC,False,683,195,64620,64620,0.0136041976511478,0.0016605140408501,0.8371231555938721,0.1053477451205253,0.0512820512820512,0.7722813938198554,ok,e8f290e,ee1a340b,precomputed,,
reconstruction,Glasser,2,kernel_ridge,"kernel_ridge[alpha=0.1,gamma_mult=0.5]",SC,SC,FC,False,683,195,64620,64620,0.014609863050282,-0.0741100162267685,0.8245248794555664,0.0842281058430671,0.0205128205128205,0.7196318211702827,ok,e8f290e,3ae1c48f,precomputed,0.5,0.1
reconstruction,Glasser,2,kernel_ridge,"kernel_ridge[alpha=1.0,gamma_mult=0.5]",SC,SC,FC,False,683,195,64620,64620,0.0136999441310763,-0.005904771387577,0.8358539938926697,0.0840582251548767,0.0461538461538461,0.7322024983563444,ok,e8f290e,1437aa38,precomputed,0.5,1.0
reconstruction,Glasser,2,kernel_ridge,"kernel_ridge[alpha=10.0,gamma_mult=0.5]",SC,SC,FC,False,683,195,64620,64620,0.0137076051905751,-0.0041077942587435,0.835793673992157,0.0840271785855293,0.0358974358974358,0.7351216305062459,ok,e8f290e,ebcf7bec,precomputed,0.5,10.0
reconstruction,Glasser,2,kernel_ridge,"kernel_ridge[alpha=0.1,gamma_mult=1.0]",SC,SC,FC,False,683,195,64620,64620,0.0148191880434751,-0.0895514488220214,0.8220458030700684,0.0838065147399902,0.0256410256410256,0.7202103879026955,ok,e8f290e,bba6a9a7,precomputed,1.0,0.1
reconstruction,Glasser,2,kernel_ridge,"kernel_ridge[alpha=1.0,gamma_mult=1.0]",SC,SC,FC,False,683,195,64620,64620,0.0138164917007088,-0.015114196576178,0.8343623876571655,0.0841819941997528,0.0461538461538461,0.7328862590401052,ok,e8f290e,a7089c69,precomputed,1.0,1.0
reconstruction,Glasser,2,kernel_ridge,"kernel_ridge[alpha=10.0,gamma_mult=1.0]",SC,SC,FC,False,683,195,64620,64620,0.0136869503185153,-0.0028914238791912,0.8360605239868164,0.0839669555425643,0.0461538461538461,0.7364891518737673,ok,e8f290e,06699028,precomputed,1.0,10.0
reconstruction,Glasser,2,kernel_ridge,"kernel_ridge[alpha=0.1,gamma_mult=2.0]",SC,SC,FC,False,683,195,64620,64620,0.0149087635800242,-0.0962024629116058,0.8210269808769226,0.0826465934514999,0.0256410256410256,0.7239973701512163,ok,e8f290e,fccc09c6,precomputed,2.0,0.1
reconstruction,Glasser,2,kernel_ridge,"kernel_ridge[alpha=1.0,gamma_mult=2.0]",SC,SC,FC,False,683,195,64620,64620,0.0139238955453038,-0.0233506001532077,0.8330192565917969,0.0839957594871521,0.041025641025641,0.7356738987508218,ok,e8f290e,5d84a199,precomputed,2.0,1.0
reconstruction,Glasser,2,kernel_ridge,"kernel_ridge[alpha=10.0,gamma_mult=2.0]",SC,SC,FC,False,683,195,64620,64620,0.0136728100478649,-0.0021093697287142,0.8362484574317932,0.0831937342882156,0.0461538461538461,0.7388034188034188,ok,e8f290e,481e4a71,precomputed,2.0,10.0
reconstruction,Glasser,2,pca_pls,pca_pls,bv,bv,SC,False,683,195,16,64620,0.0053238463588058,0.0043870629742741,0.9149230718612672,0.1449087709188461,0.082051282051282,0.8352662721893491,ok,e8f290e,2a63ca21,precomputed,,
reconstruction,Glasser,2,bayesian_ridge,bayesian_ridge,bv,bv,SC,False,683,195,16,64620,0.0052657686173915,0.0149774746969342,0.9159098863601683,0.1527019590139389,0.0769230769230769,0.8372649572649573,ok,e8f290e,8fbb2bc2,precomputed,,
reconstruction,Glasser,2,kernel_ridge,"kernel_ridge[alpha=0.1,gamma_mult=0.5]",bv,bv,SC,False,683,195,16,64620,0.005561507306993,-0.0320227816700935,0.911018431186676,0.1165987849235534,0.041025641025641,0.7321761998685076,ok,e8f290e,85577443,precomputed,0.5,0.1
reconstruction,Glasser,2,kernel_ridge,"kernel_ridge[alpha=1.0,gamma_mult=0.5]",bv,bv,SC,False,683,195,16,64620,0.0053169573657214,0.0081083569675683,0.9150719046592712,0.1420862227678299,0.0871794871794871,0.8395266272189349,ok,e8f290e,e9fd4722,precomputed,0.5,1.0
reconstruction,Glasser,2,kernel_ridge,"kernel_ridge[alpha=10.0,gamma_mult=0.5]",bv,bv,SC,False,683,195,16,64620,0.005288750398904,0.0143955219537019,0.9158362746238708,0.1454303860664367,0.0769230769230769,0.8486785009861932,ok,e8f290e,afeef05b,precomputed,0.5,10.0
reconstruction,Glasser,2,kernel_ridge,"kernel_ridge[alpha=0.1,gamma_mult=1.0]",bv,bv,SC,False,683,195,16,64620,0.0057671810500323,-0.0641552060842514,0.9076358079910278,0.0996394827961921,0.0307692307692307,0.6819723865877712,ok,e8f290e,49fb4614,precomputed,1.0,0.1
reconstruction,Glasser,2,kernel_ridge,"kernel_ridge[alpha=1.0,gamma_mult=1.0]",bv,bv,SC,False,683,195,16,64620,0.0053705391474068,0.0003431419027037,0.9142016172409058,0.1317121684551239,0.0666666666666666,0.8188297172912558,ok,e8f290e,60164de5,precomputed,1.0,1.0
reconstruction,Glasser,2,kernel_ridge,"kernel_ridge[alpha=10.0,gamma_mult=1.0]",bv,bv,SC,False,683,195,16,64620,0.0052845263853669,0.015392929315567,0.9158268570899964,0.1441625207662582,0.0615384615384615,0.8490992767915845,ok,e8f290e,c020afac,precomputed,1.0,10.0
reconstruction,Glasser,2,kernel_ridge,"kernel_ridge[alpha=0.1,gamma_mult=2.0]",bv,bv,SC,False,683,195,16,64620,0.0061068763025105,-0.1184481605887413,0.9022071361541748,0.0817925110459327,0.0205128205128205,0.6421564760026299,ok,e8f290e,e671f692,precomputed,2.0,0.1
reconstruction,Glasser,2,kernel_ridge,"kernel_ridge[alpha=1.0,gamma_mult=2.0]",bv,bv,SC,False,683,195,16,64620,0.0054556722752749,-0.0124530224129557,0.9128478169441224,0.1170499846339225,0.0358974358974358,0.7931886916502301,ok,e8f290e,b3ca9be7,precomputed,2.0,1.0
reconstruction,Glasser,2,kernel_ridge,"kernel_ridge[alpha=10.0,gamma_mult=2.0]",bv,bv,SC,False,683,195,16,64620,0.005293944850564,0.0144678009673953,0.915692150592804,0.1403045207262039,0.0615384615384615,0.8411834319526628,ok,e8f290e,8595cde7,precomputed,2.0,10.0
reconstruction,Glasser,2,pca_pls,pca_pls,bv,bv,FC,False,683,195,16,64620,0.0139085408300161,-0.0175769310444593,0.833213210105896,0.0527854040265083,0.0102564102564102,0.6272715318869165,ok,e8f290e,d13921dc,precomputed,,
reconstruction,Glasser,2,bayesian_ridge,bayesian_ridge,bv,bv,FC,False,683,195,16,64620,0.0136848511174321,-0.0017892200266942,0.8359555602073669,0.0652330517768859,0.0205128205128205,0.6666140696909928,ok,e8f290e,7417b385,precomputed,,
reconstruction,Glasser,2,kernel_ridge,"kernel_ridge[alpha=0.1,gamma_mult=0.5]",bv,bv,FC,False,683,195,16,64620,0.0146245127543807,-0.0675035640597343,0.8240991830825806,0.0342024564743042,0.0205128205128205,0.5716239316239317,ok,e8f290e,a43927ab,precomputed,0.5,0.1
reconstruction,Glasser,2,kernel_ridge,"kernel_ridge[alpha=1.0,gamma_mult=0.5]",bv,bv,FC,False,683,195,16,64620,0.0138854356482625,-0.0158953908830881,0.8334757685661316,0.0504150539636611,0.0256410256410256,0.6322945430637739,ok,e8f290e,7ad5b47b,precomputed,0.5,1.0
reconstruction,Glasser,2,kernel_ridge,"kernel_ridge[alpha=10.0,gamma_mult=0.5]",bv,bv,FC,False,683,195,16,64620,0.0137205384671688,-0.0043806144967675,0.8356199860572815,0.0523800402879715,0.0205128205128205,0.6361341222879684,ok,e8f290e,cd079523,precomputed,0.5,10.0
reconstruction,Glasser,2,kernel_ridge,"kernel_ridge[alpha=0.1,gamma_mult=1.0]",bv,bv,FC,False,683,195,16,64620,0.0152411852031946,-0.1106191128492355,0.816453754901886,0.0296640787273645,0.0205128205128205,0.5552925706771861,ok,e8f290e,14923eeb,precomputed,1.0,0.1
reconstruction,Glasser,2,kernel_ridge,"kernel_ridge[alpha=1.0,gamma_mult=1.0]",bv,bv,FC,False,683,195,16,64620,0.0140397297218441,-0.0266077164560556,0.831460177898407,0.0435312502086162,0.0256410256410256,0.6121499013806706,ok,e8f290e,4ebd76fe,precomputed,1.0,1.0
reconstruction,Glasser,2,kernel_ridge,"kernel_ridge[alpha=10.0,gamma_mult=1.0]",bv,bv,FC,False,683,195,16,64620,0.0137367211282253,-0.005454224999994,0.8353967070579529,0.051071397960186,0.0205128205128205,0.6375542406311637,ok,e8f290e,585bb07f,precomputed,1.0,10.0
reconstruction,Glasser,2,kernel_ridge,"kernel_ridge[alpha=0.1,gamma_mult=2.0]",bv,bv,FC,False,683,195,16,64620,0.0161137897521257,-0.1727700978517532,0.8058507442474365,0.026647288352251,0.0102564102564102,0.545956607495069,ok,e8f290e,6acf1467,precomputed,2.0,0.1
reconstruction,Glasser,2,kernel_ridge,"kernel_ridge[alpha=1.0,gamma_mult=2.0]",bv,bv,FC,False,683,195,16,64620,0.0142691638320684,-0.042641807347536,0.8284276723861694,0.0375667475163936,0.0256410256410256,0.5934253780407626,ok,e8f290e,a06967aa,precomputed,2.0,1.0
reconstruction,Glasser,2,kernel_ridge,"kernel_ridge[alpha=10.0,gamma_mult=2.0]",bv,bv,FC,False,683,195,16,64620,0.0137581555172801,-0.0069085513241589,0.8350808024406433,0.0481294579803943,0.0256410256410256,0.6333727810650888,ok,e8f290e,59d30a60,precomputed,2.0,10.0
reconstruction,Glasser,2,pca_pls,pca_pls,demo,demo,SC,False,683,195,9,64620,0.0053834272548556,-0.010466780513525,0.9146867990493774,0.1136647835373878,0.0153846153846153,0.7640499671268902,ok,e8f290e,2c30e7c4,precomputed,,
reconstruction,Glasser,2,bayesian_ridge,bayesian_ridge,demo,demo,SC,False,683,195,9,64620,0.0053498400375247,-0.0033872420899569,0.91525399684906,0.117663025856018,0.0153846153846153,0.7508481262327417,ok,e8f290e,cbb61814,precomputed,,
reconstruction,Glasser,2,kernel_ridge,"kernel_ridge[alpha=0.1,gamma_mult=0.5]",demo,demo,SC,False,683,195,9,64620,0.0054564797319471,-0.0210379902273416,0.9135294556617736,0.1033724471926689,0.0205128205128205,0.7013806706114398,ok,e8f290e,81446131,precomputed,0.5,0.1
reconstruction,Glasser,2,kernel_ridge,"kernel_ridge[alpha=1.0,gamma_mult=0.5]",demo,demo,SC,False,683,195,9,64620,0.0053884354420006,-0.0097837597131729,0.9146206378936768,0.1109974756836891,0.0102564102564102,0.7497172912557528,ok,e8f290e,2340fe20,precomputed,0.5,1.0
reconstruction,Glasser,2,kernel_ridge,"kernel_ridge[alpha=10.0,gamma_mult=0.5]",demo,demo,SC,False,683,195,9,64620,0.0053487904369831,-8.466343570034951e-05,0.9152811765670776,0.1134593412280082,0.0153846153846153,0.7838264299802762,ok,e8f290e,87cec924,precomputed,0.5,10.0
reconstruction,Glasser,2,kernel_ridge,"kernel_ridge[alpha=0.1,gamma_mult=1.0]",demo,demo,SC,False,683,195,9,64620,0.0055127148516476,-0.0300054792314767,0.9126405119895936,0.0967623367905616,0.0358974358974358,0.6796318211702828,ok,e8f290e,d1b452e5,precomputed,1.0,0.1
reconstruction,Glasser,2,kernel_ridge,"kernel_ridge[alpha=1.0,gamma_mult=1.0]",demo,demo,SC,False,683,195,9,64620,0.0054152174852788,-0.0140279689803719,0.9141964912414552,0.1061928197741508,0.0102564102564102,0.7262064431295201,ok,e8f290e,75d223c5,precomputed,1.0,1.0
reconstruction,Glasser,2,kernel_ridge,"kernel_ridge[alpha=10.0,gamma_mult=1.0]",demo,demo,SC,False,683,195,9,64620,0.0053552142344415,-0.0019952978473156,0.9151761531829834,0.1114015653729438,0.0102564102564102,0.7691781722550953,ok,e8f290e,68de8e31,precomputed,1.0,10.0
reconstruction,Glasser,2,kernel_ridge,"kernel_ridge[alpha=0.1,gamma_mult=2.0]",demo,demo,SC,False,683,195,9,64620,0.0055955294519662,-0.0433150455355644,0.9113636016845704,0.089496798813343,0.0051282051282051,0.6567521367521367,ok,e8f290e,844d0d03,precomputed,2.0,0.1
reconstruction,Glasser,2,kernel_ridge,"kernel_ridge[alpha=1.0,gamma_mult=2.0]",demo,demo,SC,False,683,195,9,64620,0.0054492140188813,-0.0192556772381067,0.9136499762535096,0.1001193895936012,0.0256410256410256,0.6990401051939514,ok,e8f290e,612b9f16,precomputed,2.0,1.0
reconstruction,Glasser,2,kernel_ridge,"kernel_ridge[alpha=10.0,gamma_mult=2.0]",demo,demo,SC,False,683,195,9,64620,0.0053666299208998,-0.0042305635288357,0.9150105714797974,0.1072371825575828,0.0051282051282051,0.7531097961867192,ok,e8f290e,3452d1e5,precomputed,2.0,10.0
reconstruction,Glasser,2,pca_pls,pca_pls,demo,demo,FC,False,683,195,9,64620,0.0136483227834105,-0.0004657996760215,0.8362974524497986,0.1011587679386138,0.0205128205128205,0.6614595660749507,ok,e8f290e,7730a027,precomputed,,
reconstruction,Glasser,2,bayesian_ridge,bayesian_ridge,demo,demo,FC,False,683,195,9,64620,0.0135654332116246,0.0055413981899619,0.8374091386795044,0.1058489456772804,0.0256410256410256,0.6598027613412228,ok,e8f290e,b34f1a17,precomputed,,
reconstruction,Glasser,2,kernel_ridge,"kernel_ridge[alpha=0.1,gamma_mult=0.5]",demo,demo,FC,False,683,195,9,64620,0.0138121107593178,-0.0117760170251131,0.8338961601257324,0.0934898927807807,0.0102564102564102,0.6437606837606837,ok,e8f290e,f1a16339,precomputed,0.5,0.1
reconstruction,Glasser,2,kernel_ridge,"kernel_ridge[alpha=1.0,gamma_mult=0.5]",demo,demo,FC,False,683,195,9,64620,0.0136289028450846,0.0010232520289719,0.8364291191101074,0.1027701720595359,0.0102564102564102,0.667508218277449,ok,e8f290e,a535add5,precomputed,0.5,1.0
reconstruction,Glasser,2,kernel_ridge,"kernel_ridge[alpha=10.0,gamma_mult=0.5]",demo,demo,FC,False,683,195,9,64620,0.0135610755532979,0.0058577605523169,0.8374655842781067,0.1039476171135902,0.0256410256410256,0.6890729783037475,ok,e8f290e,d32e64b5,precomputed,0.5,10.0
reconstruction,Glasser,2,kernel_ridge,"kernel_ridge[alpha=0.1,gamma_mult=1.0]",demo,demo,FC,False,683,195,9,64620,0.0139883132651448,-0.0244626086205244,0.831559956073761,0.0850981399416923,0.0102564102564102,0.6338987508218277,ok,e8f290e,b613612e,precomputed,1.0,0.1
reconstruction,Glasser,2,kernel_ridge,"kernel_ridge[alpha=1.0,gamma_mult=1.0]",demo,demo,FC,False,683,195,9,64620,0.0136996684595942,-0.0039425371214747,0.8354414105415344,0.0973820984363555,0.0153846153846153,0.6596975673898751,ok,e8f290e,492c7c86,precomputed,1.0,1.0
reconstruction,Glasser,2,kernel_ridge,"kernel_ridge[alpha=10.0,gamma_mult=1.0]",demo,demo,FC,False,683,195,9,64620,0.0135680511593818,0.0053472737781703,0.8373190760612488,0.1033175438642501,0.0205128205128205,0.6817357001972386,ok,e8f290e,bba7b904,precomputed,1.0,10.0
reconstruction,Glasser,2,kernel_ridge,"kernel_ridge[alpha=0.1,gamma_mult=2.0]",demo,demo,FC,False,683,195,9,64620,0.0142104979604482,-0.040692314505577,0.8287706971168518,0.0774526223540306,0.0051282051282051,0.6204339250493096,ok,e8f290e,2f3e1bdf,precomputed,2.0,0.1
reconstruction,Glasser,2,kernel_ridge,"kernel_ridge[alpha=1.0,gamma_mult=2.0]",demo,demo,FC,False,683,195,9,64620,0.0138019695878028,-0.0113013805821537,0.8340713381767273,0.0899538099765777,0.0205128205128205,0.646232741617357,ok,e8f290e,5aca2189,precomputed,2.0,1.0
reconstruction,Glasser,2,kernel_ridge,"kernel_ridge[alpha=10.0,gamma_mult=2.0]",demo,demo,FC,False,683,195,9,64620,0.0135938953608274,0.0035181785933673,0.8369442820549011,0.0995077118277549,0.0153846153846153,0.6697961867192637,ok,e8f290e,ec4df8d5,precomputed,2.0,10.0
reconstruction,Glasser,2,pca_pls,pca_pls,bv+demo,bv+demo,SC,False,683,195,25,64620,0.0053639886900782,-0.0027394553180783,0.914289653301239,0.1487528830766677,0.1025641025641025,0.8583300460223537,ok,e8f290e,f1a27ffb,precomputed,,
reconstruction,Glasser,2,bayesian_ridge,bayesian_ridge,bv+demo,bv+demo,SC,False,683,195,25,64620,0.0052579720504581,0.0157138537615537,0.916051983833313,0.1602655947208404,0.082051282051282,0.8660880999342537,ok,e8f290e,1788679f,precomputed,,
reconstruction,Glasser,2,kernel_ridge,"kernel_ridge[alpha=0.1,gamma_mult=0.5]",bv+demo,bv+demo,SC,False,683,195,25,64620,0.0055570937693119,-0.0313432328402996,0.911141037940979,0.1267846375703811,0.0512820512820512,0.772965154503616,ok,e8f290e,f439dd5e,precomputed,0.5,0.1
reconstruction,Glasser,2,kernel_ridge,"kernel_ridge[alpha=1.0,gamma_mult=0.5]",bv+demo,bv+demo,SC,False,683,195,25,64620,0.0053137498907744,0.0081362957134842,0.9151525497436525,0.1490761637687683,0.1538461538461538,0.8717685733070348,ok,e8f290e,8fb5d605,precomputed,0.5,1.0
reconstruction,Glasser,2,kernel_ridge,"kernel_ridge[alpha=10.0,gamma_mult=0.5]",bv+demo,bv+demo,SC,False,683,195,25,64620,0.0052973614074289,0.0128110107034444,0.9158812165260316,0.1489171087741851,0.1435897435897435,0.8725838264299803,ok,e8f290e,97d84665,precomputed,0.5,10.0
reconstruction,Glasser,2,kernel_ridge,"kernel_ridge[alpha=0.1,gamma_mult=1.0]",bv+demo,bv+demo,SC,False,683,195,25,64620,0.005840606521815,-0.0755312293767929,0.9065675139427184,0.1047107279300689,0.0205128205128205,0.7016436554898093,ok,e8f290e,c198eeb1,precomputed,1.0,0.1
reconstruction,Glasser,2,kernel_ridge,"kernel_ridge[alpha=1.0,gamma_mult=1.0]",bv+demo,bv+demo,SC,False,683,195,25,64620,0.0053610252216458,0.0013671775814145,0.914393663406372,0.1409131437540054,0.1179487179487179,0.858172255095332,ok,e8f290e,2785de5c,precomputed,1.0,1.0
reconstruction,Glasser,2,kernel_ridge,"kernel_ridge[alpha=10.0,gamma_mult=1.0]",bv+demo,bv+demo,SC,False,683,195,25,64620,0.0052860998548567,0.0147343035787343,0.9159456491470336,0.1482293605804443,0.1435897435897435,0.873740959894806,ok,e8f290e,bedc0d0b,precomputed,1.0,10.0
reconstruction,Glasser,2,kernel_ridge,"kernel_ridge[alpha=0.1,gamma_mult=2.0]",bv+demo,bv+demo,SC,False,683,195,25,64620,0.0061541064642369,-0.125030368566513,0.9016003012657166,0.0857719779014587,0.0102564102564102,0.6710059171597633,ok,e8f290e,d91f638f,precomputed,2.0,0.1
reconstruction,Glasser,2,kernel_ridge,"kernel_ridge[alpha=1.0,gamma_mult=2.0]",bv+demo,bv+demo,SC,False,683,195,25,64620,0.0054453290067613,-0.0108141005039215,0.9130685925483704,0.1257665455341339,0.0615384615384615,0.8300328731097961,ok,e8f290e,b1982f9b,precomputed,2.0,1.0
reconstruction,Glasser,2,kernel_ridge,"kernel_ridge[alpha=10.0,gamma_mult=2.0]",bv+demo,bv+demo,SC,False,683,195,25,64620,0.0052914978004992,0.014170303940773,0.915846824645996,0.1444540321826934,0.1435897435897435,0.8638264299802761,ok,e8f290e,0f7d6d46,precomputed,2.0,10.0
reconstruction,Glasser,2,pca_pls,pca_pls,bv+demo,bv+demo,FC,False,683,195,25,64620,0.0138502893969416,-0.0148012256249785,0.8338122963905334,0.0968695804476738,0.0307692307692307,0.68465483234714,ok,e8f290e,bb9dec0e,precomputed,,
reconstruction,Glasser,2,bayesian_ridge,bayesian_ridge,bv+demo,bv+demo,FC,False,683,195,25,64620,0.0135368751361966,0.0075722215697169,0.8376449346542358,0.1156401634216308,0.0153846153846153,0.6949638395792241,ok,e8f290e,508f5d51,precomputed,,
reconstruction,Glasser,2,kernel_ridge,"kernel_ridge[alpha=0.1,gamma_mult=0.5]",bv+demo,bv+demo,FC,False,683,195,25,64620,0.0143671538680791,-0.0507503561675548,0.8269786834716797,0.0766203328967094,0.0256410256410256,0.6382380013149244,ok,e8f290e,ce9c6441,precomputed,0.5,0.1
reconstruction,Glasser,2,kernel_ridge,"kernel_ridge[alpha=1.0,gamma_mult=0.5]",bv+demo,bv+demo,FC,False,683,195,25,64620,0.0137142827734351,-0.0048534707166254,0.8354737758636475,0.0972246974706649,0.0461538461538461,0.6921236028928337,ok,e8f290e,b5b0a0af,precomputed,0.5,1.0
reconstruction,Glasser,2,kernel_ridge,"kernel_ridge[alpha=10.0,gamma_mult=0.5]",bv+demo,bv+demo,FC,False,683,195,25,64620,0.0136022297665476,0.0032896476332098,0.8370608687400818,0.0945324823260307,0.041025641025641,0.6924128862590402,ok,e8f290e,b406efc8,precomputed,0.5,10.0
reconstruction,Glasser,2,kernel_ridge,"kernel_ridge[alpha=0.1,gamma_mult=1.0]",bv+demo,bv+demo,FC,False,683,195,25,64620,0.0151535449549555,-0.1065543517470359,0.8171624541282654,0.0601048097014427,0.0153846153846153,0.6024194608809994,ok,e8f290e,5b57b9da,precomputed,1.0,0.1
reconstruction,Glasser,2,kernel_ridge,"kernel_ridge[alpha=1.0,gamma_mult=1.0]",bv+demo,bv+demo,FC,False,683,195,25,64620,0.0138380220159888,-0.0134588638320565,0.8338342905044556,0.0895334556698799,0.0307692307692307,0.6825509533201841,ok,e8f290e,8dc74e00,precomputed,1.0,1.0
reconstruction,Glasser,2,kernel_ridge,"kernel_ridge[alpha=10.0,gamma_mult=1.0]",bv+demo,bv+demo,FC,False,683,195,25,64620,0.0135949989780783,0.0037172781303524,0.837110161781311,0.0952679961919784,0.0358974358974358,0.6930966469428008,ok,e8f290e,09b822db,precomputed,1.0,10.0
reconstruction,Glasser,2,kernel_ridge,"kernel_ridge[alpha=0.1,gamma_mult=2.0]",bv+demo,bv+demo,FC,False,683,195,25,64620,0.0159909408539533,-0.1661683171987533,0.8069067001342773,0.0478550978004932,0.0102564102564102,0.5782774490466798,ok,e8f290e,4f4f7743,precomputed,2.0,0.1
reconstruction,Glasser,2,kernel_ridge,"kernel_ridge[alpha=1.0,gamma_mult=2.0]",bv+demo,bv+demo,FC,False,683,195,25,64620,0.0140551952645182,-0.0287125781178474,0.8309771418571472,0.0772388651967048,0.0256410256410256,0.6619066403681788,ok,e8f290e,246c72ee,precomputed,2.0,1.0
reconstruction,Glasser,2,kernel_ridge,"kernel_ridge[alpha=10.0,gamma_mult=2.0]",bv+demo,bv+demo,FC,False,683,195,25,64620,0.0136081762611866,0.0027976986020803,0.8368872404098511,0.0929786190390586,0.0256410256410256,0.685733070348455,ok,e8f290e,13cb1d10,precomputed,2.0,10.0
reconstruction,Glasser,2,pca_pls,pca_pls,FC+bv+demo,FC+bv+demo,SC,True,683,195,64645,64620,0.0054301586933434,-0.0188534911721944,0.91322660446167,0.1573611497879028,0.1641025641025641,0.9035108481262328,ok,e8f290e,e4f5b09c,precomputed,,
reconstruction,Glasser,2,bayesian_ridge,bayesian_ridge,FC+bv+demo,FC+bv+demo,SC,True,683,195,64645,64620,0.0052232439629733,0.0168345868587493,0.916703462600708,0.1814327090978622,0.1589743589743589,0.9218934911242604,ok,e8f290e,405b9393,precomputed,,
reconstruction,Glasser,2,kernel_ridge,"kernel_ridge[alpha=0.1,gamma_mult=0.5]",FC+bv+demo,FC+bv+demo,SC,True,683,195,64645,64620,0.0055211507715284,-0.0380030311644077,0.9117513298988342,0.1599783152341842,0.241025641025641,0.9229454306377384,ok,e8f290e,03ef412d,precomputed,0.5,0.1
reconstruction,Glasser,2,kernel_ridge,"kernel_ridge[alpha=1.0,gamma_mult=0.5]",FC+bv+demo,FC+bv+demo,SC,True,683,195,64645,64620,0.0052299038507044,0.0158655252307653,0.9165635108947754,0.1768686473369598,0.2717948717948718,0.9468507560815254,ok,e8f290e,dd40eb96,precomputed,0.5,1.0
reconstruction,Glasser,2,kernel_ridge,"kernel_ridge[alpha=10.0,gamma_mult=0.5]",FC+bv+demo,FC+bv+demo,SC,True,683,195,64645,64620,0.0053018638864159,0.0097810002043843,0.9157429933547974,0.1696530133485794,0.2,0.9060618014464168,ok,e8f290e,1fe4117b,precomputed,0.5,10.0
reconstruction,Glasser,2,kernel_ridge,"kernel_ridge[alpha=0.1,gamma_mult=1.0]",FC+bv+demo,FC+bv+demo,SC,True,683,195,64645,64620,0.0056038862094283,-0.0526548847556114,0.910427451133728,0.1583570092916488,0.2256410256410256,0.9227350427350428,ok,e8f290e,8c5492f4,precomputed,1.0,0.1
reconstruction,Glasser,2,kernel_ridge,"kernel_ridge[alpha=1.0,gamma_mult=1.0]",FC+bv+demo,FC+bv+demo,SC,True,683,195,64645,64620,0.0052621406503021,0.0086242025718092,0.9160228967666626,0.1742738038301468,0.2666666666666666,0.9463510848126232,ok,e8f290e,a24cf0cd,precomputed,1.0,1.0
reconstruction,Glasser,2,kernel_ridge,"kernel_ridge[alpha=10.0,gamma_mult=1.0]",FC+bv+demo,FC+bv+demo,SC,True,683,195,64645,64620,0.0052712736651301,0.0138519722968339,0.9160726070404052,0.1722089350223541,0.2153846153846154,0.9212360289283366,ok,e8f290e,f92ed89c,precomputed,1.0,10.0
reconstruction,Glasser,2,kernel_ridge,"kernel_ridge[alpha=0.1,gamma_mult=2.0]",FC+bv+demo,FC+bv+demo,SC,True,683,195,64645,64620,0.0056489622220396,-0.0614988766610622,0.9097676873207092,0.1595124900341034,0.2307692307692307,0.9280473372781064,ok,e8f290e,7a770065,precomputed,2.0,0.1
reconstruction,Glasser,2,kernel_ridge,"kernel_ridge[alpha=1.0,gamma_mult=2.0]",FC+bv+demo,FC+bv+demo,SC,True,683,195,64645,64620,0.0053051621653139,-0.0004916449543088,0.9153531789779664,0.1731689125299453,0.241025641025641,0.9458777120315582,ok,e8f290e,88af2721,precomputed,2.0,1.0
reconstruction,Glasser,2,kernel_ridge,"kernel_ridge[alpha=10.0,gamma_mult=2.0]",FC+bv+demo,FC+bv+demo,SC,True,683,195,64645,64620,0.0052517843432724,0.0161295980215072,0.9162896275520324,0.17298024892807,0.2564102564102564,0.9290992767915844,ok,e8f290e,af57eddd,precomputed,2.0,10.0
reconstruction,Glasser,2,pca_pls,pca_pls,SC+bv+demo,SC+bv+demo,FC,True,683,195,64645,64620,0.0141538102179765,-0.0392301343381404,0.8294998407363892,0.1085586845874786,0.041025641025641,0.7374621959237344,ok,e8f290e,a844c5e6,precomputed,,
reconstruction,Glasser,2,bayesian_ridge,bayesian_ridge,SC+bv+demo,SC+bv+demo,FC,True,683,195,64645,64620,0.0135081289336085,0.0079861981794238,0.8381317853927612,0.1306651532649994,0.041025641025641,0.7725180802103879,ok,e8f290e,93bbdb70,precomputed,,
reconstruction,Glasser,2,kernel_ridge,"kernel_ridge[alpha=0.1,gamma_mult=0.5]",SC+bv+demo,SC+bv+demo,FC,True,683,195,64645,64620,0.0145329656079411,-0.0689501017332077,0.8250650763511658,0.1059107035398483,0.0512820512820512,0.7408809993425378,ok,e8f290e,8c714087,precomputed,0.5,0.1
reconstruction,Glasser,2,kernel_ridge,"kernel_ridge[alpha=1.0,gamma_mult=0.5]",SC+bv+demo,SC+bv+demo,FC,True,683,195,64645,64620,0.013570848852396,0.0030703735537827,0.8372738361358643,0.1189224794507026,0.0307692307692307,0.7631558185404339,ok,e8f290e,5eea7f47,precomputed,0.5,1.0
reconstruction,Glasser,2,kernel_ridge,"kernel_ridge[alpha=10.0,gamma_mult=0.5]",SC+bv+demo,SC+bv+demo,FC,True,683,195,64645,64620,0.0136435786262154,0.0004357476427685,0.8365715742111206,0.1196923851966857,0.041025641025641,0.7696252465483235,ok,e8f290e,93431a69,precomputed,0.5,10.0
reconstruction,Glasser,2,kernel_ridge,"kernel_ridge[alpha=0.1,gamma_mult=1.0]",SC+bv+demo,SC+bv+demo,FC,True,683,195,64645,64620,0.0147478375583887,-0.0847546011209487,0.8224930763244629,0.1045941114425659,0.0512820512820512,0.7398290598290598,ok,e8f290e,0b6cae27,precomputed,1.0,0.1
reconstruction,Glasser,2,kernel_ridge,"kernel_ridge[alpha=1.0,gamma_mult=1.0]",SC+bv+demo,SC+bv+demo,FC,True,683,195,64645,64620,0.0136804105713963,-0.0056433863937854,0.8358082175254822,0.1162616237998008,0.0307692307692307,0.7608415516107824,ok,e8f290e,2268afa0,precomputed,1.0,1.0
reconstruction,Glasser,2,kernel_ridge,"kernel_ridge[alpha=10.0,gamma_mult=1.0]",SC+bv+demo,SC+bv+demo,FC,True,683,195,64645,64620,0.0136046865954995,0.0029362896457314,0.8370413184165955,0.1215966716408729,0.0461538461538461,0.7727810650887574,ok,e8f290e,7c0efa7f,precomputed,1.0,10.0
reconstruction,Glasser,2,kernel_ridge,"kernel_ridge[alpha=0.1,gamma_mult=2.0]",SC+bv+demo,SC+bv+demo,FC,True,683,195,64645,64620,0.0147956581786274,-0.0883127301931381,0.8220024108886719,0.1047599017620086,0.0512820512820512,0.743905325443787,ok,e8f290e,cf70e47e,precomputed,2.0,0.1
reconstruction,Glasser,2,kernel_ridge,"kernel_ridge[alpha=1.0,gamma_mult=2.0]",SC+bv+demo,SC+bv+demo,FC,True,683,195,64645,64620,0.0137804672122001,-0.0133056696504354,0.8345174789428711,0.115428015589714,0.0307692307692307,0.7626298487836949,ok,e8f290e,d913d429,precomputed,2.0,1.0
reconstruction,Glasser,2,kernel_ridge,"kernel_ridge[alpha=10.0,gamma_mult=2.0]",SC+bv+demo,SC+bv+demo,FC,True,683,195,64645,64620,0.0135781951248645,0.0046041626483201,0.8373561501502991,0.1221763417124748,0.0461538461538461,0.7737804076265615,ok,e8f290e,2ea93e12,precomputed,2.0,10.0
reconstruction,Glasser,2,pca_pls,pca_pls,FC,FC,FC,False,683,195,64620,64620,0.0109169241040945,0.182537168264389,0.8690100312232971,0.4349097609519958,1.0,1.0,ok,e8f290e,e2b42e97,precomputed,,
reconstruction,Glasser,2,bayesian_ridge,bayesian_ridge,FC,FC,FC,False,683,195,64620,64620,0.0072682234458625,0.4222841262817383,0.9127463102340698,0.6750682592391968,1.0,1.0,ok,e8f290e,701c3f62,precomputed,,
reconstruction,Glasser,2,kernel_ridge,"kernel_ridge[alpha=0.1,gamma_mult=0.5]",FC,FC,FC,False,683,195,64620,64620,0.0073961461894214,0.4172517657279968,0.9114943146705629,0.6750590205192566,1.0,1.0,ok,e8f290e,147c9f28,precomputed,0.5,0.1
reconstruction,Glasser,2,kernel_ridge,"kernel_ridge[alpha=1.0,gamma_mult=0.5]",FC,FC,FC,False,683,195,64620,64620,0.0099188853055238,0.2534788250923157,0.8825265765190125,0.6750288009643555,1.0,1.0,ok,e8f290e,8845aae8,precomputed,0.5,1.0
reconstruction,Glasser,2,kernel_ridge,"kernel_ridge[alpha=10.0,gamma_mult=0.5]",FC,FC,FC,False,683,195,64620,64620,0.0130828525871038,0.0388846807181835,0.8435623645782471,0.674177885055542,0.9794871794871794,0.9998948060486522,ok,e8f290e,acb4f130,precomputed,0.5,10.0
reconstruction,Glasser,2,kernel_ridge,"kernel_ridge[alpha=0.1,gamma_mult=1.0]",FC,FC,FC,False,683,195,64620,64620,0.0073097362183034,0.4214611649513244,0.9123952984809875,0.6750303506851196,1.0,1.0,ok,e8f290e,91c746df,precomputed,1.0,0.1
reconstruction,Glasser,2,kernel_ridge,"kernel_ridge[alpha=1.0,gamma_mult=1.0]",FC,FC,FC,False,683,195,64620,64620,0.0089704375714063,0.3167648315429687,0.8939164280891418,0.6749599575996399,1.0,1.0,ok,e8f290e,511e9037,precomputed,1.0,1.0
reconstruction,Glasser,2,kernel_ridge,"kernel_ridge[alpha=10.0,gamma_mult=1.0]",FC,FC,FC,False,683,195,64620,64620,0.0126930084079504,0.0654730722308158,0.8484357595443726,0.673506498336792,0.9948717948717948,0.999973701512163,ok,e8f290e,8a52f5b1,precomputed,1.0,10.0
reconstruction,Glasser,2,kernel_ridge,"kernel_ridge[alpha=0.1,gamma_mult=2.0]",FC,FC,FC,False,683,195,64620,64620,0.0073033147491514,0.4211266338825226,0.9124893546104432,0.674903929233551,1.0,1.0,ok,e8f290e,645872fe,precomputed,2.0,0.1
reconstruction,Glasser,2,kernel_ridge,"kernel_ridge[alpha=1.0,gamma_mult=2.0]",FC,FC,FC,False,683,195,64620,64620,0.008469951339066,0.3496436476707458,0.8999229073524475,0.6746683716773987,1.0,1.0,ok,e8f290e,22ebfd22,precomputed,2.0,1.0
reconstruction,Glasser,2,kernel_ridge,"kernel_ridge[alpha=10.0,gamma_mult=2.0]",FC,FC,FC,False,683,195,64620,64620,0.012350670993328,0.0887673422694206,0.8527575135231018,0.6707649230957031,1.0,1.0,ok,e8f290e,ccd02584,precomputed,2.0,10.0
reconstruction,Glasser,2,pca_pls,pca_pls,SC,SC,SC,False,683,195,64620,64620,0.0047009293921291,0.030492952093482,0.9252236485481262,0.359904944896698,1.0,1.0,ok,e8f290e,08a20f15,precomputed,,
reconstruction,Glasser,2,bayesian_ridge,bayesian_ridge,SC,SC,SC,False,683,195,64620,64620,0.0031354231759905,0.0728924944996833,0.9506648182868958,0.6478606462478638,1.0,1.0,ok,e8f290e,ad1a60b9,precomputed,,
reconstruction,Glasser,2,kernel_ridge,"kernel_ridge[alpha=0.1,gamma_mult=0.5]",SC,SC,SC,False,683,195,64620,64620,0.0031857155263423,0.1078554317355156,0.9499478936195374,0.6478495001792908,1.0,1.0,ok,e8f290e,cfc16c0a,precomputed,0.5,0.1
reconstruction,Glasser,2,kernel_ridge,"kernel_ridge[alpha=1.0,gamma_mult=0.5]",SC,SC,SC,False,683,195,64620,64620,0.0040831826627254,0.1064071729779243,0.9361061453819276,0.6477819085121155,1.0,1.0,ok,e8f290e,c20057b4,precomputed,0.5,1.0
reconstruction,Glasser,2,kernel_ridge,"kernel_ridge[alpha=10.0,gamma_mult=0.5]",SC,SC,SC,False,683,195,64620,64620,0.0051889680325984,0.0144905000925064,0.9183845520019532,0.6434744596481323,1.0,1.0,ok,e8f290e,1bb84d25,precomputed,0.5,10.0
reconstruction,Glasser,2,kernel_ridge,"kernel_ridge[alpha=0.1,gamma_mult=1.0]",SC,SC,SC,False,683,195,64620,64620,0.0031559185590595,0.0961891636252403,0.950386881828308,0.6478151679039001,1.0,1.0,ok,e8f290e,fdc49d7e,precomputed,1.0,0.1
reconstruction,Glasser,2,kernel_ridge,"kernel_ridge[alpha=1.0,gamma_mult=1.0]",SC,SC,SC,False,683,195,64620,64620,0.0037596642505377,0.1238640919327735,0.941224217414856,0.6476753950119019,1.0,1.0,ok,e8f290e,8c948849,precomputed,1.0,1.0
reconstruction,Glasser,2,kernel_ridge,"kernel_ridge[alpha=10.0,gamma_mult=1.0]",SC,SC,SC,False,683,195,64620,64620,0.0050571989268064,0.0271049570292234,0.920526683330536,0.6406884789466858,1.0,1.0,ok,e8f290e,4c8c8d5a,precomputed,1.0,10.0
reconstruction,Glasser,2,kernel_ridge,"kernel_ridge[alpha=0.1,gamma_mult=2.0]",SC,SC,SC,False,683,195,64620,64620,0.0031564331147819,0.09408700466156,0.9503946900367736,0.6476557850837708,1.0,1.0,ok,e8f290e,f85d22e5,precomputed,2.0,0.1
reconstruction,Glasser,2,kernel_ridge,"kernel_ridge[alpha=1.0,gamma_mult=2.0]",SC,SC,SC,False,683,195,64620,64620,0.0036034206859767,0.128843069076538,0.9437177777290344,0.647186815738678,1.0,1.0,ok,e8f290e,8dc3a278,precomputed,2.0,1.0
reconstruction,Glasser,2,kernel_ridge,"kernel_ridge[alpha=10.0,gamma_mult=2.0]",SC,SC,SC,False,683,195,64620,64620,0.0049492674879729,0.0372678823769092,0.922311782836914,0.6293778419494629,1.0,1.0,ok,e8f290e,d67a9ea6,precomputed,2.0,10.0
reconstruction,Glasser,3,pca_pls,pca_pls,FC,FC,SC,False,683,195,64620,64620,0.00557680753991,-0.0123688224703073,0.9125555753707886,0.136321946978569,0.1025641025641025,0.8824194608809993,ok,6b5eb84,533686c1,precomputed,,
reconstruction,Glasser,3,bayesian_ridge,bayesian_ridge,FC,FC,SC,False,683,195,64620,64620,0.0053787557408213,0.018658360466361,0.9158114194869996,0.1666486263275146,0.1384615384615384,0.8870216962524655,ok,6b5eb84,f1305007,precomputed,,
reconstruction,Glasser,3,kernel_ridge,"kernel_ridge[alpha=0.1,gamma_mult=0.5]",FC,FC,SC,False,683,195,64620,64620,0.0056550963781774,-0.0280707087367773,0.9113163948059082,0.1375797241926193,0.1794871794871795,0.9045364891518738,ok,6b5eb84,69523a82,precomputed,0.5,0.1
reconstruction,Glasser,3,kernel_ridge,"kernel_ridge[alpha=1.0,gamma_mult=0.5]",FC,FC,SC,False,683,195,64620,64620,0.0054371571168303,0.0069542252458631,0.9152326583862304,0.1380695849657058,0.1435897435897435,0.9217882971729126,ok,6b5eb84,7c984ef5,precomputed,0.5,1.0
reconstruction,Glasser,3,kernel_ridge,"kernel_ridge[alpha=10.0,gamma_mult=0.5]",FC,FC,SC,False,683,195,64620,64620,0.00551592791453,-0.0041738008148968,0.9143961668014526,0.1376430839300155,0.1282051282051282,0.9199737015121632,ok,6b5eb84,3c86468f,precomputed,0.5,10.0
reconstruction,Glasser,3,kernel_ridge,"kernel_ridge[alpha=0.1,gamma_mult=1.0]",FC,FC,SC,False,683,195,64620,64620,0.0057314760051667,-0.0400635972619056,0.91007661819458,0.1361349523067474,0.1641025641025641,0.9036160420775804,ok,6b5eb84,cb4d2624,precomputed,1.0,0.1
reconstruction,Glasser,3,kernel_ridge,"kernel_ridge[alpha=1.0,gamma_mult=1.0]",FC,FC,SC,False,683,195,64620,64620,0.0054521933197975,0.0042694718576967,0.9148365259170532,0.1378268152475357,0.1589743589743589,0.9204207758053912,ok,6b5eb84,fa3c439c,precomputed,1.0,1.0
reconstruction,Glasser,3,kernel_ridge,"kernel_ridge[alpha=10.0,gamma_mult=1.0]",FC,FC,SC,False,683,195,64620,64620,0.0054996055550873,-0.0017710337415337,0.9146057367324828,0.1372701227664947,0.123076923076923,0.9209204470742932,ok,6b5eb84,d193a903,precomputed,1.0,10.0
reconstruction,Glasser,3,kernel_ridge,"kernel_ridge[alpha=0.1,gamma_mult=2.0]",FC,FC,SC,False,683,195,64620,64620,0.0057865632697939,-0.0486121773719787,0.9091928601264954,0.1340804249048233,0.1487179487179487,0.9061406969099276,ok,6b5eb84,277c753e,precomputed,2.0,0.1
reconstruction,Glasser,3,kernel_ridge,"kernel_ridge[alpha=1.0,gamma_mult=2.0]",FC,FC,SC,False,683,195,64620,64620,0.0054810750298202,-0.0003959633759222,0.9142770767211914,0.1369795352220535,0.1538461538461538,0.920525969756739,ok,6b5eb84,59871ac6,precomputed,2.0,1.0
reconstruction,Glasser,3,kernel_ridge,"kernel_ridge[alpha=10.0,gamma_mult=2.0]",FC,FC,SC,False,683,195,64620,64620,0.0054857698269188,0.0002666204818524,0.9147744178771972,0.1356685161590576,0.1179487179487179,0.9213412228796845,ok,6b5eb84,5cc18c3b,precomputed,2.0,10.0
reconstruction,Glasser,3,pca_pls,pca_pls,SC,SC,FC,False,683,195,64620,64620,0.0141681376844644,-0.0633414983749389,0.8249361515045166,0.0732676461338996,0.0564102564102564,0.6975673898750823,ok,6b5eb84,69368456,precomputed,,
reconstruction,Glasser,3,bayesian_ridge,bayesian_ridge,SC,SC,FC,False,683,195,64620,64620,0.0133726326748728,-0.0029751393012702,0.8343607783317566,0.1006087884306907,0.0769230769230769,0.7417488494411572,ok,6b5eb84,237e026c,precomputed,,
reconstruction,Glasser,3,kernel_ridge,"kernel_ridge[alpha=0.1,gamma_mult=0.5]",SC,SC,FC,False,683,195,64620,64620,0.0144097637385129,-0.0823326185345649,0.8217117786407471,0.0867116451263427,0.041025641025641,0.7271005917159763,ok,6b5eb84,a30c3317,precomputed,0.5,0.1
reconstruction,Glasser,3,kernel_ridge,"kernel_ridge[alpha=1.0,gamma_mult=0.5]",SC,SC,FC,False,683,195,64620,64620,0.0134465172886848,-0.0085611371323466,0.8334019780158997,0.0858242511749267,0.0564102564102564,0.7290203813280737,ok,6b5eb84,f9e2bf37,precomputed,0.5,1.0
reconstruction,Glasser,3,kernel_ridge,"kernel_ridge[alpha=10.0,gamma_mult=0.5]",SC,SC,FC,False,683,195,64620,64620,0.0134598203003406,-0.0069279219023883,0.8331573605537415,0.0846482664346695,0.0564102564102564,0.7261275476660092,ok,6b5eb84,9ebb0233,precomputed,0.5,10.0
reconstruction,Glasser,3,kernel_ridge,"kernel_ridge[alpha=0.1,gamma_mult=1.0]",SC,SC,FC,False,683,195,64620,64620,0.0146281868219375,-0.098542533814907,0.8191385865211487,0.0872548818588256,0.041025641025641,0.725706771860618,ok,6b5eb84,f151cd54,precomputed,1.0,0.1
reconstruction,Glasser,3,kernel_ridge,"kernel_ridge[alpha=1.0,gamma_mult=1.0]",SC,SC,FC,False,683,195,64620,64620,0.0135703515261411,-0.0185214020311832,0.8318893313407898,0.0860808715224266,0.0461538461538461,0.7301249178172255,ok,6b5eb84,136fd3c7,precomputed,1.0,1.0
reconstruction,Glasser,3,kernel_ridge,"kernel_ridge[alpha=10.0,gamma_mult=1.0]",SC,SC,FC,False,683,195,64620,64620,0.0134382313117384,-0.005628400016576,0.833446741104126,0.0842598751187324,0.0512820512820512,0.7266798159105852,ok,6b5eb84,d689aae6,precomputed,1.0,10.0
reconstruction,Glasser,3,kernel_ridge,"kernel_ridge[alpha=0.1,gamma_mult=2.0]",SC,SC,FC,False,683,195,64620,64620,0.014712106436491,-0.1046628281474113,0.8181875348091125,0.0870379582047462,0.041025641025641,0.7244707429322814,ok,6b5eb84,3db42712,precomputed,2.0,0.1
reconstruction,Glasser,3,kernel_ridge,"kernel_ridge[alpha=1.0,gamma_mult=2.0]",SC,SC,FC,False,683,195,64620,64620,0.0136852208524942,-0.0273796003311872,0.8305060267448425,0.0861801654100418,0.0512820512820512,0.7290466798159105,ok,6b5eb84,e7c4e10a,precomputed,2.0,1.0
reconstruction,Glasser,3,kernel_ridge,"kernel_ridge[alpha=10.0,gamma_mult=2.0]",SC,SC,FC,False,683,195,64620,64620,0.0134250978007912,-0.0048923594877123,0.8336367011070251,0.0827328190207481,0.0564102564102564,0.7274950690335306,ok,6b5eb84,70c554c9,precomputed,2.0,10.0
reconstruction,Glasser,3,pca_pls,pca_pls,bv,bv,SC,False,683,195,16,64620,0.0054065329022705,0.0171036850661039,0.914723575115204,0.1600305438041687,0.0923076923076923,0.8642735042735042,ok,6b5eb84,b77f053b,precomputed,,
reconstruction,Glasser,3,bayesian_ridge,bayesian_ridge,bv,bv,SC,False,683,195,16,64620,0.005350615363568,0.0260262787342071,0.9156394004821776,0.1661081314086914,0.0769230769230769,0.8707429322813938,ok,6b5eb84,d3d2b35e,precomputed,,
reconstruction,Glasser,3,kernel_ridge,"kernel_ridge[alpha=0.1,gamma_mult=0.5]",bv,bv,SC,False,683,195,16,64620,0.0056530456058681,-0.0211714170873165,0.9107683300971984,0.1343658566474914,0.0358974358974358,0.7619460880999342,ok,6b5eb84,bed2f329,precomputed,0.5,0.1
reconstruction,Glasser,3,kernel_ridge,"kernel_ridge[alpha=1.0,gamma_mult=0.5]",bv,bv,SC,False,683,195,16,64620,0.0053942911326885,0.0192524325102567,0.9149649739265442,0.1591270118951797,0.1076923076923077,0.8691650230111768,ok,6b5eb84,fef2857b,precomputed,0.5,1.0
reconstruction,Glasser,3,kernel_ridge,"kernel_ridge[alpha=10.0,gamma_mult=0.5]",bv,bv,SC,False,683,195,16,64620,0.0053803152404725,0.0206623654812574,0.9155453443527222,0.1633815020322799,0.1128205128205128,0.8864694280078895,ok,6b5eb84,d7813f49,precomputed,0.5,10.0
reconstruction,Glasser,3,kernel_ridge,"kernel_ridge[alpha=0.1,gamma_mult=1.0]",bv,bv,SC,False,683,195,16,64620,0.0058536054566502,-0.0514313727617263,0.9074919819831848,0.1164670139551162,0.0358974358974358,0.7046416831032216,ok,6b5eb84,3c88edef,precomputed,1.0,0.1
reconstruction,Glasser,3,kernel_ridge,"kernel_ridge[alpha=1.0,gamma_mult=1.0]",bv,bv,SC,False,683,195,16,64620,0.0054425848647952,0.0120071694254875,0.9141814112663268,0.1495485752820968,0.0717948717948717,0.8540959894806048,ok,6b5eb84,7c8e92bd,precomputed,1.0,1.0
reconstruction,Glasser,3,kernel_ridge,"kernel_ridge[alpha=10.0,gamma_mult=1.0]",bv,bv,SC,False,683,195,16,64620,0.0053707640618085,0.0226488932967185,0.9155848026275636,0.1622274816036224,0.1282051282051282,0.8868113083497698,ok,6b5eb84,78266c17,precomputed,1.0,10.0
reconstruction,Glasser,3,kernel_ridge,"kernel_ridge[alpha=0.1,gamma_mult=2.0]",bv,bv,SC,False,683,195,16,64620,0.006159275304526,-0.0959626287221908,0.9025723934173584,0.0955245420336723,0.0461538461538461,0.6598816568047337,ok,6b5eb84,51b31cdd,precomputed,2.0,0.1
reconstruction,Glasser,3,kernel_ridge,"kernel_ridge[alpha=1.0,gamma_mult=2.0]",bv,bv,SC,False,683,195,16,64620,0.0055228369310498,-2.594513716758229e-05,0.9128953218460084,0.1350258290767669,0.0564102564102564,0.8311374095989481,ok,6b5eb84,8b2a2b05,precomputed,2.0,1.0
reconstruction,Glasser,3,kernel_ridge,"kernel_ridge[alpha=10.0,gamma_mult=2.0]",bv,bv,SC,False,683,195,16,64620,0.0053777415305376,0.0219644047319889,0.9154647588729858,0.1589849591255188,0.1025641025641025,0.8776594345825115,ok,6b5eb84,a7181bbc,precomputed,2.0,10.0
reconstruction,Glasser,3,pca_pls,pca_pls,bv,bv,FC,False,683,195,16,64620,0.0136445797979831,-0.0205143187195062,0.8303843140602112,0.0577117316424846,0.0,0.619171597633136,ok,6b5eb84,b66fe7df,precomputed,,
reconstruction,Glasser,3,bayesian_ridge,bayesian_ridge,bv,bv,FC,False,683,195,16,64620,0.0134596740826964,-0.0069655217230319,0.8329874873161316,0.0565480552613735,0.0051282051282051,0.629112426035503,ok,6b5eb84,a688123d,precomputed,,
reconstruction,Glasser,3,kernel_ridge,"kernel_ridge[alpha=0.1,gamma_mult=0.5]",bv,bv,FC,False,683,195,16,64620,0.014243584126234,-0.0641527399420738,0.8227353096008301,0.0499580688774585,0.0205128205128205,0.5895595003287311,ok,6b5eb84,a12363ad,precomputed,0.5,0.1
reconstruction,Glasser,3,kernel_ridge,"kernel_ridge[alpha=1.0,gamma_mult=0.5]",bv,bv,FC,False,683,195,16,64620,0.0136356279253959,-0.0196505058556795,0.8305076360702515,0.0558809489011764,0.0051282051282051,0.6251150558842866,ok,6b5eb84,9318606c,precomputed,0.5,1.0
reconstruction,Glasser,3,kernel_ridge,"kernel_ridge[alpha=10.0,gamma_mult=0.5]",bv,bv,FC,False,683,195,16,64620,0.0134805310517549,-0.0081968465819954,0.8326989412307739,0.0564256832003593,0.0,0.6361867192636423,ok,6b5eb84,fd8f021c,precomputed,0.5,10.0
reconstruction,Glasser,3,kernel_ridge,"kernel_ridge[alpha=0.1,gamma_mult=1.0]",bv,bv,FC,False,683,195,16,64620,0.0147877596318721,-0.1039371863007545,0.8162935972213745,0.0458846166729927,0.0307692307692307,0.5725180802103879,ok,6b5eb84,9cec4a3f,precomputed,1.0,0.1
reconstruction,Glasser,3,kernel_ridge,"kernel_ridge[alpha=1.0,gamma_mult=1.0]",bv,bv,FC,False,683,195,16,64620,0.0137493088841438,-0.0279747545719146,0.8289920091629028,0.0539350323379039,0.0102564102564102,0.61922419460881,ok,6b5eb84,48db8f22,precomputed,1.0,1.0
reconstruction,Glasser,3,kernel_ridge,"kernel_ridge[alpha=10.0,gamma_mult=1.0]",bv,bv,FC,False,683,195,16,64620,0.0134992385283112,-0.0095619428902864,0.8324185609817505,0.0558567829430103,0.0,0.6341880341880342,ok,6b5eb84,a247f8d2,precomputed,1.0,10.0
reconstruction,Glasser,3,kernel_ridge,"kernel_ridge[alpha=0.1,gamma_mult=2.0]",bv,bv,FC,False,683,195,16,64620,0.0156370867043733,-0.166049063205719,0.8064957857131958,0.0381057038903236,0.0205128205128205,0.5541091387245234,ok,6b5eb84,79d52ade,precomputed,2.0,0.1
reconstruction,Glasser,3,kernel_ridge,"kernel_ridge[alpha=1.0,gamma_mult=2.0]",bv,bv,FC,False,683,195,16,64620,0.0139450216665863,-0.0422611869871616,0.8264890909194946,0.0500034317374229,0.0153846153846153,0.6093096646942802,ok,6b5eb84,9acc729f,precomputed,2.0,1.0
reconstruction,Glasser,3,kernel_ridge,"kernel_ridge[alpha=10.0,gamma_mult=2.0]",bv,bv,FC,False,683,195,16,64620,0.0135186174884438,-0.0109738549217581,0.8321459889411926,0.0547580830752849,0.0051282051282051,0.6339776462853386,ok,6b5eb84,c1aeea39,precomputed,2.0,10.0
reconstruction,Glasser,3,pca_pls,pca_pls,demo,demo,SC,False,683,195,10,64620,0.0054794522002339,0.0022443854250013,0.9143202304840088,0.1277061402797699,0.0205128205128205,0.7585272846811308,ok,6b5eb84,aea645a5,precomputed,,
reconstruction,Glasser,3,bayesian_ridge,bayesian_ridge,demo,demo,SC,False,683,195,10,64620,0.0054316348396241,0.0104408068582415,0.9151132702827454,0.1403630524873733,0.0256410256410256,0.7843786982248521,ok,6b5eb84,457bed05,precomputed,,
reconstruction,Glasser,3,kernel_ridge,"kernel_ridge[alpha=0.1,gamma_mult=0.5]",demo,demo,SC,False,683,195,10,64620,0.0055830376222729,-0.0133029725402593,0.9126712679862976,0.1101252138614654,0.0102564102564102,0.7016699539776463,ok,6b5eb84,f9c92d01,precomputed,0.5,0.1
reconstruction,Glasser,3,kernel_ridge,"kernel_ridge[alpha=1.0,gamma_mult=0.5]",demo,demo,SC,False,683,195,10,64620,0.0054898839443922,0.0012835813686251,0.914178729057312,0.1221497356891632,0.0153846153846153,0.7559237343852728,ok,6b5eb84,fde71b90,precomputed,0.5,1.0
reconstruction,Glasser,3,kernel_ridge,"kernel_ridge[alpha=10.0,gamma_mult=0.5]",demo,demo,SC,False,683,195,10,64620,0.005450761411339,0.0074358349665999,0.9149110317230223,0.1279914528131485,0.0205128205128205,0.7867192636423406,ok,6b5eb84,6c5614b6,precomputed,0.5,10.0
reconstruction,Glasser,3,kernel_ridge,"kernel_ridge[alpha=0.1,gamma_mult=1.0]",demo,demo,SC,False,683,195,10,64620,0.0056532174348831,-0.0235741883516311,0.9115732312202454,0.1023489162325859,0.0307692307692307,0.6677449046679815,ok,6b5eb84,47f23075,precomputed,1.0,0.1
reconstruction,Glasser,3,kernel_ridge,"kernel_ridge[alpha=1.0,gamma_mult=1.0]",demo,demo,SC,False,683,195,10,64620,0.0055213063023984,-0.0034099002368748,0.913673222064972,0.1149696335196495,0.0205128205128205,0.7391190006574622,ok,6b5eb84,b24403d6,precomputed,1.0,1.0
reconstruction,Glasser,3,kernel_ridge,"kernel_ridge[alpha=10.0,gamma_mult=1.0]",demo,demo,SC,False,683,195,10,64620,0.0054567791521549,0.0067111989483237,0.9148076176643372,0.1241334751248359,0.0205128205128205,0.7814595660749507,ok,6b5eb84,550676b1,precomputed,1.0,10.0
reconstruction,Glasser,3,kernel_ridge,"kernel_ridge[alpha=0.1,gamma_mult=2.0]",demo,demo,SC,False,683,195,10,64620,0.0057293120771646,-0.0344219841063022,0.910390555858612,0.0962926819920539,0.0205128205128205,0.6377120315581855,ok,6b5eb84,542d464c,precomputed,2.0,0.1
reconstruction,Glasser,3,kernel_ridge,"kernel_ridge[alpha=1.0,gamma_mult=2.0]",demo,demo,SC,False,683,195,10,64620,0.0055623105727136,-0.0094700129702687,0.913009226322174,0.1075753718614578,0.0256410256410256,0.7077975016436555,ok,6b5eb84,bf3bb3dd,precomputed,2.0,1.0
reconstruction,Glasser,3,kernel_ridge,"kernel_ridge[alpha=10.0,gamma_mult=2.0]",demo,demo,SC,False,683,195,10,64620,0.0054686074145138,0.0049601825885474,0.9146296381950378,0.1178594380617141,0.0256410256410256,0.7756213017751479,ok,6b5eb84,49688068,precomputed,2.0,10.0
reconstruction,Glasser,3,pca_pls,pca_pls,demo,demo,FC,False,683,195,10,64620,0.0133748976513743,-0.0017652952810749,0.8340928554534912,0.1193495467305183,0.0153846153846153,0.6885470085470086,ok,6b5eb84,8d272609,precomputed,,
reconstruction,Glasser,3,bayesian_ridge,bayesian_ridge,demo,demo,FC,False,683,195,10,64620,0.0132326819002628,0.0083857662975788,0.8358456492424011,0.1331541240215301,0.0,0.6934122287968442,ok,6b5eb84,9dcf651f,precomputed,,
reconstruction,Glasser,3,kernel_ridge,"kernel_ridge[alpha=0.1,gamma_mult=0.5]",demo,demo,FC,False,683,195,10,64620,0.0136353531852364,-0.0212080907076597,0.8312778472900391,0.1047069132328033,0.0051282051282051,0.6624852071005918,ok,6b5eb84,84f3036b,precomputed,0.5,0.1
reconstruction,Glasser,3,kernel_ridge,"kernel_ridge[alpha=1.0,gamma_mult=0.5]",demo,demo,FC,False,683,195,10,64620,0.0133864833042025,-0.003000330645591,0.834058940410614,0.1155013367533683,0.0051282051282051,0.6854437869822485,ok,6b5eb84,863b3376,precomputed,0.5,1.0
reconstruction,Glasser,3,kernel_ridge,"kernel_ridge[alpha=10.0,gamma_mult=0.5]",demo,demo,FC,False,683,195,10,64620,0.0132667990401387,0.0060839606449007,0.8354312181472778,0.1250348538160324,0.0102564102564102,0.7178172255095332,ok,6b5eb84,e1ccfc48,precomputed,0.5,10.0
reconstruction,Glasser,3,kernel_ridge,"kernel_ridge[alpha=0.1,gamma_mult=1.0]",demo,demo,FC,False,683,195,10,64620,0.0138199692592024,-0.0344261862337589,0.829167902469635,0.0982790365815162,0.0051282051282051,0.6547008547008547,ok,6b5eb84,56650bb7,precomputed,1.0,0.1
reconstruction,Glasser,3,kernel_ridge,"kernel_ridge[alpha=1.0,gamma_mult=1.0]",demo,demo,FC,False,683,195,10,64620,0.0134607637301087,-0.0084987459704279,0.8331651091575623,0.1098274812102317,0.0051282051282051,0.6752662721893491,ok,6b5eb84,7e36c6f1,precomputed,1.0,1.0
reconstruction,Glasser,3,kernel_ridge,"kernel_ridge[alpha=10.0,gamma_mult=1.0]",demo,demo,FC,False,683,195,10,64620,0.0132682267576456,0.0058080232702195,0.8353927135467529,0.1220604255795478,0.0051282051282051,0.7061932938856016,ok,6b5eb84,67cde61b,precomputed,1.0,10.0
reconstruction,Glasser,3,kernel_ridge,"kernel_ridge[alpha=0.1,gamma_mult=2.0]",demo,demo,FC,False,683,195,10,64620,0.0140316989272832,-0.049671996384859,0.8268464207649231,0.0918539986014366,0.0102564102564102,0.6418145956607495,ok,6b5eb84,cb166837,precomputed,2.0,0.1
reconstruction,Glasser,3,kernel_ridge,"kernel_ridge[alpha=1.0,gamma_mult=2.0]",demo,demo,FC,False,683,195,10,64620,0.0135689303278923,-0.0162831731140613,0.8318694233894348,0.1034713760018348,0.0051282051282051,0.6654043392504931,ok,6b5eb84,7b0030a6,precomputed,2.0,1.0
reconstruction,Glasser,3,kernel_ridge,"kernel_ridge[alpha=10.0,gamma_mult=2.0]",demo,demo,FC,False,683,195,10,64620,0.0132842799648642,0.0045152097009122,0.8351758122444153,0.1174235045909881,0.0102564102564102,0.6990138067061145,ok,6b5eb84,8f6b5dcb,precomputed,2.0,10.0
reconstruction,Glasser,3,pca_pls,pca_pls,bv+demo,bv+demo,SC,False,683,195,26,64620,0.0054287230595946,0.0143033098429441,0.9143630862236024,0.1705570369958877,0.1589743589743589,0.8817882971729125,ok,6b5eb84,df68f834,precomputed,,
reconstruction,Glasser,3,bayesian_ridge,bayesian_ridge,bv+demo,bv+demo,SC,False,683,195,26,64620,0.0053247865289449,0.0298899728804826,0.9160513281822203,0.1849041730165481,0.1179487179487179,0.9044575936883628,ok,6b5eb84,ee98adc2,precomputed,,
reconstruction,Glasser,3,kernel_ridge,"kernel_ridge[alpha=0.1,gamma_mult=0.5]",bv+demo,bv+demo,SC,False,683,195,26,64620,0.0056559210643172,-0.0200900137424469,0.91079443693161,0.1458967477083206,0.0923076923076923,0.7882445759368837,ok,6b5eb84,30f978ec,precomputed,0.5,0.1
reconstruction,Glasser,3,kernel_ridge,"kernel_ridge[alpha=1.0,gamma_mult=0.5]",bv+demo,bv+demo,SC,False,683,195,26,64620,0.0053824288770556,0.0217200722545385,0.9151784777641296,0.1710964143276214,0.1282051282051282,0.90232741617357,ok,6b5eb84,4997a0cd,precomputed,0.5,1.0
reconstruction,Glasser,3,kernel_ridge,"kernel_ridge[alpha=10.0,gamma_mult=0.5]",bv+demo,bv+demo,SC,False,683,195,26,64620,0.0053865755908191,0.0192924216389656,0.9156453609466552,0.1732535362243652,0.1282051282051282,0.9099276791584484,ok,6b5eb84,03082d97,precomputed,0.5,10.0
reconstruction,Glasser,3,kernel_ridge,"kernel_ridge[alpha=0.1,gamma_mult=1.0]",bv+demo,bv+demo,SC,False,683,195,26,64620,0.0059549766592681,-0.0644127875566482,0.9059833288192748,0.1211537271738052,0.0615384615384615,0.7165023011176856,ok,6b5eb84,b9b3ab0b,precomputed,1.0,0.1
reconstruction,Glasser,3,kernel_ridge,"kernel_ridge[alpha=1.0,gamma_mult=1.0]",bv+demo,bv+demo,SC,False,683,195,26,64620,0.0054242527112364,0.0159001052379608,0.914505422115326,0.1621532887220382,0.123076923076923,0.8922024983563445,ok,6b5eb84,2da42fd3,precomputed,1.0,1.0
reconstruction,Glasser,3,kernel_ridge,"kernel_ridge[alpha=10.0,gamma_mult=1.0]",bv+demo,bv+demo,SC,False,683,195,26,64620,0.0053692706860601,0.022684933617711,0.9157724380493164,0.1714766323566436,0.1538461538461538,0.9124786324786324,ok,6b5eb84,448bd337,precomputed,1.0,10.0
reconstruction,Glasser,3,kernel_ridge,"kernel_ridge[alpha=0.1,gamma_mult=2.0]",bv+demo,bv+demo,SC,False,683,195,26,64620,0.0062335901893675,-0.1055961549282074,0.9015308618545532,0.1014606356620788,0.0307692307692307,0.7016436554898093,ok,6b5eb84,88a507eb,precomputed,2.0,0.1
reconstruction,Glasser,3,kernel_ridge,"kernel_ridge[alpha=1.0,gamma_mult=2.0]",bv+demo,bv+demo,SC,False,683,195,26,64620,0.0055014239624142,0.0049111293628811,0.913281261920929,0.1459206938743591,0.1025641025641025,0.8797107166337935,ok,6b5eb84,06c861f2,precomputed,2.0,1.0
reconstruction,Glasser,3,kernel_ridge,"kernel_ridge[alpha=10.0,gamma_mult=2.0]",bv+demo,bv+demo,SC,False,683,195,26,64620,0.0053725806064903,0.0226966347545385,0.9156936407089232,0.1669453084468841,0.1333333333333333,0.9070611439842208,ok,6b5eb84,cf32f20c,precomputed,2.0,10.0
reconstruction,Glasser,3,pca_pls,pca_pls,bv+demo,bv+demo,FC,False,683,195,26,64620,0.013547827489674,-0.0144734606146812,0.8316382169723511,0.115420676767826,0.0153846153846153,0.7160552268244575,ok,6b5eb84,a938386b,precomputed,,
reconstruction,Glasser,3,bayesian_ridge,bayesian_ridge,bv+demo,bv+demo,FC,False,683,195,26,64620,0.0132199302315711,0.0087892320007085,0.8358933925628662,0.1374990195035934,0.0051282051282051,0.7169230769230769,ok,6b5eb84,24522b9b,precomputed,,
reconstruction,Glasser,3,kernel_ridge,"kernel_ridge[alpha=0.1,gamma_mult=0.5]",bv+demo,bv+demo,FC,False,683,195,26,64620,0.0141176814213395,-0.0563079863786697,0.8244311809539795,0.0981143042445182,0.0205128205128205,0.6671663379355688,ok,6b5eb84,c34e4675,precomputed,0.5,0.1
reconstruction,Glasser,3,kernel_ridge,"kernel_ridge[alpha=1.0,gamma_mult=0.5]",bv+demo,bv+demo,FC,False,683,195,26,64620,0.0134450616315007,-0.0069858948700129,0.8329207897186279,0.1141228973865509,0.0153846153846153,0.7209204470742933,ok,6b5eb84,62b6d036,precomputed,0.5,1.0
reconstruction,Glasser,3,kernel_ridge,"kernel_ridge[alpha=10.0,gamma_mult=0.5]",bv+demo,bv+demo,FC,False,683,195,26,64620,0.0133226783946156,0.0024924434255808,0.8346704840660095,0.1149612590670585,0.0051282051282051,0.7366206443129519,ok,6b5eb84,44c5a68f,precomputed,0.5,10.0
reconstruction,Glasser,3,kernel_ridge,"kernel_ridge[alpha=0.1,gamma_mult=1.0]",bv+demo,bv+demo,FC,False,683,195,26,64620,0.0149200856685638,-0.1152852177619934,0.8149027228355408,0.0822054147720336,0.0205128205128205,0.6400788954635108,ok,6b5eb84,225e4175,precomputed,1.0,0.1
reconstruction,Glasser,3,kernel_ridge,"kernel_ridge[alpha=1.0,gamma_mult=1.0]",bv+demo,bv+demo,FC,False,683,195,26,64620,0.0135453753173351,-0.0143706323578953,0.8316177725791931,0.1087519526481628,0.0205128205128205,0.7129257067718606,ok,6b5eb84,45cb3b86,precomputed,1.0,1.0
reconstruction,Glasser,3,kernel_ridge,"kernel_ridge[alpha=10.0,gamma_mult=1.0]",bv+demo,bv+demo,FC,False,683,195,26,64620,0.0133054424077272,0.0035635840613394,0.8348154425621033,0.1148219406604766,0.0153846153846153,0.7344641683103221,ok,6b5eb84,c7304227,precomputed,1.0,10.0
reconstruction,Glasser,3,kernel_ridge,"kernel_ridge[alpha=0.1,gamma_mult=2.0]",bv+demo,bv+demo,FC,False,683,195,26,64620,0.0157329849898815,-0.1748400926589965,0.8057866096496582,0.0668542012572288,0.0051282051282051,0.622879684418146,ok,6b5eb84,2147fc9d,precomputed,2.0,0.1
reconstruction,Glasser,3,kernel_ridge,"kernel_ridge[alpha=1.0,gamma_mult=2.0]",bv+demo,bv+demo,FC,False,683,195,26,64620,0.0137476315721869,-0.0291942246258258,0.8290754556655884,0.0965794771909713,0.0256410256410256,0.6931229454306378,ok,6b5eb84,7c4aa0bb,precomputed,2.0,1.0
reconstruction,Glasser,3,kernel_ridge,"kernel_ridge[alpha=10.0,gamma_mult=2.0]",bv+demo,bv+demo,FC,False,683,195,26,64620,0.0133045762777328,0.0035500151570886,0.8347631096839905,0.1131098791956901,0.0153846153846153,0.7301775147928995,ok,6b5eb84,5556a096,precomputed,2.0,10.0
reconstruction,Glasser,3,pca_pls,pca_pls,FC+bv+demo,FC+bv+demo,SC,True,683,195,64646,64620,0.0054951198399066,-8.780397911323234e-05,0.913252055644989,0.173695370554924,0.1743589743589743,0.9224194608809994,ok,6b5eb84,2c42c139,precomputed,,
reconstruction,Glasser,3,bayesian_ridge,bayesian_ridge,FC+bv+demo,FC+bv+demo,SC,True,683,195,64646,64620,0.0053087561391294,0.0295966397970914,0.9163496494293212,0.1939960569143295,0.1589743589743589,0.9226298487836948,ok,6b5eb84,7263a338,precomputed,,
reconstruction,Glasser,3,kernel_ridge,"kernel_ridge[alpha=0.1,gamma_mult=0.5]",FC+bv+demo,FC+bv+demo,SC,True,683,195,64646,64620,0.0055838678963482,-0.0161632690578699,0.9118096232414246,0.1743115931749344,0.2564102564102564,0.9344641683103222,ok,6b5eb84,70a139fa,precomputed,0.5,0.1
reconstruction,Glasser,3,kernel_ridge,"kernel_ridge[alpha=1.0,gamma_mult=0.5]",FC+bv+demo,FC+bv+demo,SC,True,683,195,64646,64620,0.0053107575513422,0.0275415312498807,0.9163210391998292,0.1936925202608108,0.3025641025641025,0.9534779750164366,ok,6b5eb84,d3a6d1d2,precomputed,0.5,1.0
reconstruction,Glasser,3,kernel_ridge,"kernel_ridge[alpha=10.0,gamma_mult=0.5]",FC+bv+demo,FC+bv+demo,SC,True,683,195,64646,64620,0.0054047401063144,0.0139407310634851,0.9152811169624328,0.1882616430521011,0.2,0.9178698224852072,ok,6b5eb84,c1c5f618,precomputed,0.5,10.0
reconstruction,Glasser,3,kernel_ridge,"kernel_ridge[alpha=0.1,gamma_mult=1.0]",FC+bv+demo,FC+bv+demo,SC,True,683,195,64646,64620,0.0056669320911169,-0.0288439448922872,0.910495400428772,0.1727311611175537,0.241025641025641,0.9313083497698882,ok,6b5eb84,ea1e1530,precomputed,1.0,0.1
reconstruction,Glasser,3,kernel_ridge,"kernel_ridge[alpha=1.0,gamma_mult=1.0]",FC+bv+demo,FC+bv+demo,SC,True,683,195,64646,64620,0.0053379703313112,0.0229632873088121,0.9158535003662108,0.1907689869403839,0.2615384615384615,0.951689677843524,ok,6b5eb84,fd8f9a32,precomputed,1.0,1.0
reconstruction,Glasser,3,kernel_ridge,"kernel_ridge[alpha=10.0,gamma_mult=1.0]",FC+bv+demo,FC+bv+demo,SC,True,683,195,64646,64620,0.0053678951226174,0.0197367034852504,0.915662407875061,0.1907222718000412,0.241025641025641,0.933990795529257,ok,6b5eb84,c55f0d45,precomputed,1.0,10.0
reconstruction,Glasser,3,kernel_ridge,"kernel_ridge[alpha=0.1,gamma_mult=2.0]",FC+bv+demo,FC+bv+demo,SC,True,683,195,64646,64620,0.0057169809006154,-0.0364756137132644,0.909773588180542,0.1742262691259384,0.2307692307692307,0.9337015121630506,ok,6b5eb84,b245c94c,precomputed,2.0,0.1
reconstruction,Glasser,3,kernel_ridge,"kernel_ridge[alpha=1.0,gamma_mult=2.0]",FC+bv+demo,FC+bv+demo,SC,True,683,195,64646,64620,0.0053789420053362,0.0164579004049301,0.9152181148529052,0.1896919459104538,0.2717948717948718,0.9485075608152532,ok,6b5eb84,cda7a815,precomputed,2.0,1.0
reconstruction,Glasser,3,kernel_ridge,"kernel_ridge[alpha=10.0,gamma_mult=2.0]",FC+bv+demo,FC+bv+demo,SC,True,683,195,64646,64620,0.0053435079753398,0.023589601740241,0.9159232974052428,0.1915812194347381,0.282051282051282,0.9411965811965812,ok,6b5eb84,765c4f6f,precomputed,2.0,10.0
reconstruction,Glasser,3,pca_pls,pca_pls,SC+bv+demo,SC+bv+demo,FC,True,683,195,64646,64620,0.0139786703512072,-0.0500828921794891,0.8271472454071045,0.1037694066762924,0.0666666666666666,0.7455884286653518,ok,6b5eb84,1b0de9c3,precomputed,,
reconstruction,Glasser,3,bayesian_ridge,bayesian_ridge,SC+bv+demo,SC+bv+demo,FC,True,683,195,64646,64620,0.0132669880986213,0.0040472475811839,0.8355870246887207,0.1288223415613174,0.0871794871794871,0.7672057856673241,ok,6b5eb84,cf1a1abf,precomputed,,
reconstruction,Glasser,3,kernel_ridge,"kernel_ridge[alpha=0.1,gamma_mult=0.5]",SC+bv+demo,SC+bv+demo,FC,True,683,195,64646,64620,0.0142882475629448,-0.0742345303297042,0.8229950070381165,0.111054815351963,0.0717948717948717,0.7521367521367521,ok,6b5eb84,2f4b22ca,precomputed,0.5,0.1
reconstruction,Glasser,3,kernel_ridge,"kernel_ridge[alpha=1.0,gamma_mult=0.5]",SC+bv+demo,SC+bv+demo,FC,True,683,195,64646,64620,0.0132969366386532,0.0016117492923513,0.8351355791091919,0.1269146502017974,0.0666666666666666,0.7822748191978961,ok,6b5eb84,43f9933e,precomputed,0.5,1.0
reconstruction,Glasser,3,kernel_ridge,"kernel_ridge[alpha=10.0,gamma_mult=0.5]",SC+bv+demo,SC+bv+demo,FC,True,683,195,64646,64620,0.0133928144350647,-0.0023516013752669,0.833980917930603,0.127470463514328,0.0564102564102564,0.7757527942143327,ok,6b5eb84,0950b3f9,precomputed,0.5,10.0
reconstruction,Glasser,3,kernel_ridge,"kernel_ridge[alpha=0.1,gamma_mult=1.0]",SC+bv+demo,SC+bv+demo,FC,True,683,195,64646,64620,0.0145102990791201,-0.0907860100269317,0.8204076290130615,0.110429048538208,0.0666666666666666,0.7480078895463511,ok,6b5eb84,c0918657,precomputed,1.0,0.1
reconstruction,Glasser,3,kernel_ridge,"kernel_ridge[alpha=1.0,gamma_mult=1.0]",SC+bv+demo,SC+bv+demo,FC,True,683,195,64646,64620,0.0134060736745595,-0.0072981575503945,0.8337740302085876,0.1235514357686042,0.0717948717948717,0.7760683760683761,ok,6b5eb84,9ff885fd,precomputed,1.0,1.0
reconstruction,Glasser,3,kernel_ridge,"kernel_ridge[alpha=10.0,gamma_mult=1.0]",SC+bv+demo,SC+bv+demo,FC,True,683,195,64646,64620,0.0133524984121322,0.0001920262875501,0.8344838619232178,0.1291312128305435,0.0461538461538461,0.779750164365549,ok,6b5eb84,70ca9cef,precomputed,1.0,10.0
reconstruction,Glasser,3,kernel_ridge,"kernel_ridge[alpha=0.1,gamma_mult=2.0]",SC+bv+demo,SC+bv+demo,FC,True,683,195,64646,64620,0.0145466364920139,-0.0934333503246307,0.820081353187561,0.1117232963442802,0.0871794871794871,0.7500854700854701,ok,6b5eb84,b985a45a,precomputed,2.0,0.1
reconstruction,Glasser,3,kernel_ridge,"kernel_ridge[alpha=1.0,gamma_mult=2.0]",SC+bv+demo,SC+bv+demo,FC,True,683,195,64646,64620,0.0135086299851536,-0.0153064308688044,0.8325267434120178,0.122800663113594,0.0769230769230769,0.7736489151873767,ok,6b5eb84,d8256fea,precomputed,2.0,1.0
reconstruction,Glasser,3,kernel_ridge,"kernel_ridge[alpha=10.0,gamma_mult=2.0]",SC+bv+demo,SC+bv+demo,FC,True,683,195,64646,64620,0.0133278248831629,0.0016765788896009,0.834796130657196,0.1287147104740142,0.0512820512820512,0.7794608809993425,ok,6b5eb84,8f376f4f,precomputed,2.0,10.0
reconstruction,Glasser,3,pca_pls,pca_pls,FC,FC,FC,False,683,195,64620,64620,0.0106879919767379,0.1801906824111938,0.8668214678764343,0.4370341897010803,0.9948717948717948,0.999973701512163,ok,6b5eb84,895d9150,precomputed,,
reconstruction,Glasser,3,bayesian_ridge,bayesian_ridge,FC,FC,FC,False,683,195,64620,64620,0.0072166449390351,0.4123127162456512,0.9102818965911864,0.6728379726409912,1.0,1.0,ok,6b5eb84,b25adf53,precomputed,,
reconstruction,Glasser,3,kernel_ridge,"kernel_ridge[alpha=0.1,gamma_mult=0.5]",FC,FC,FC,False,683,195,64620,64620,0.0073359045200049,0.4077886343002319,0.9090253710746764,0.672829270362854,1.0,1.0,ok,6b5eb84,61a21213,precomputed,0.5,0.1
reconstruction,Glasser,3,kernel_ridge,"kernel_ridge[alpha=1.0,gamma_mult=0.5]",FC,FC,FC,False,683,195,64620,64620,0.0097767384722828,0.2472821623086929,0.8795795440673828,0.6727963089942932,1.0,1.0,ok,6b5eb84,d03cebb1,precomputed,0.5,1.0
reconstruction,Glasser,3,kernel_ridge,"kernel_ridge[alpha=10.0,gamma_mult=0.5]",FC,FC,FC,False,683,195,64620,64620,0.0128548825159668,0.0353640690445899,0.8407526016235352,0.6718593239784241,0.9794871794871794,0.9998948060486522,ok,6b5eb84,5282f8c5,precomputed,0.5,10.0
reconstruction,Glasser,3,kernel_ridge,"kernel_ridge[alpha=0.1,gamma_mult=1.0]",FC,FC,FC,False,683,195,64620,64620,0.007251497823745,0.4118739366531372,0.9099606275558472,0.6728022694587708,1.0,1.0,ok,6b5eb84,17b03466,precomputed,1.0,0.1
reconstruction,Glasser,3,kernel_ridge,"kernel_ridge[alpha=1.0,gamma_mult=1.0]",FC,FC,FC,False,683,195,64620,64620,0.0088509172201156,0.309965044260025,0.8911357522010803,0.6727254390716553,1.0,1.0,ok,6b5eb84,3a377336,precomputed,1.0,1.0
reconstruction,Glasser,3,kernel_ridge,"kernel_ridge[alpha=10.0,gamma_mult=1.0]",FC,FC,FC,False,683,195,64620,64620,0.0124735152348876,0.0617852583527565,0.8455770015716553,0.6711115837097168,0.9948717948717948,0.999973701512163,ok,6b5eb84,fa9e9bd6,precomputed,1.0,10.0
reconstruction,Glasser,3,kernel_ridge,"kernel_ridge[alpha=0.1,gamma_mult=2.0]",FC,FC,FC,False,683,195,64620,64620,0.0072422414086759,0.411658376455307,0.910068929195404,0.6726794242858887,1.0,1.0,ok,6b5eb84,121ccade,precomputed,2.0,0.1
reconstruction,Glasser,3,kernel_ridge,"kernel_ridge[alpha=1.0,gamma_mult=2.0]",FC,FC,FC,False,683,195,64620,64620,0.0083552235737442,0.3430165946483612,0.8973373770713806,0.672420859336853,1.0,1.0,ok,6b5eb84,e29ad592,precomputed,2.0,1.0
reconstruction,Glasser,3,kernel_ridge,"kernel_ridge[alpha=10.0,gamma_mult=2.0]",FC,FC,FC,False,683,195,64620,64620,0.0121356388553977,0.0851569846272468,0.8498807549476624,0.6680635809898376,1.0,1.0,ok,6b5eb84,79b2781e,precomputed,2.0,10.0
reconstruction,Glasser,3,pca_pls,pca_pls,SC,SC,SC,False,683,195,64620,64620,0.0047959219664335,0.0459605939686298,0.9247013926506042,0.3637318015098572,1.0,1.0,ok,6b5eb84,c8096854,precomputed,,
reconstruction,Glasser,3,bayesian_ridge,bayesian_ridge,SC,SC,SC,False,683,195,64620,64620,0.0032019147183746,0.0978137180209159,0.9502978920936584,0.6486583352088928,1.0,1.0,ok,6b5eb84,ba16f287,precomputed,,
reconstruction,Glasser,3,kernel_ridge,"kernel_ridge[alpha=0.1,gamma_mult=0.5]",SC,SC,SC,False,683,195,64620,64620,0.0032542555127292,0.1267409175634384,0.9495724439620972,0.6486471891403198,1.0,1.0,ok,6b5eb84,a50c96b7,precomputed,0.5,0.1
reconstruction,Glasser,3,kernel_ridge,"kernel_ridge[alpha=1.0,gamma_mult=0.5]",SC,SC,SC,False,683,195,64620,64620,0.004173538647592,0.1107312589883804,0.9356719851493835,0.6485781669616699,1.0,1.0,ok,6b5eb84,0436fcdc,precomputed,0.5,1.0
reconstruction,Glasser,3,kernel_ridge,"kernel_ridge[alpha=10.0,gamma_mult=0.5]",SC,SC,SC,False,683,195,64620,64620,0.0053081149235367,0.0144195379689335,0.9177923798561096,0.6442135572433472,1.0,1.0,ok,6b5eb84,372fd1ee,precomputed,0.5,10.0
reconstruction,Glasser,3,kernel_ridge,"kernel_ridge[alpha=0.1,gamma_mult=1.0]",SC,SC,SC,False,683,195,64620,64620,0.0032244119793176,0.1174675449728965,0.9500015377998352,0.6486127972602844,1.0,1.0,ok,6b5eb84,8d567df4,precomputed,1.0,0.1
reconstruction,Glasser,3,kernel_ridge,"kernel_ridge[alpha=1.0,gamma_mult=1.0]",SC,SC,SC,False,683,195,64620,64620,0.0038446041289716,0.1304759830236435,0.9407853484153748,0.6484694480895996,1.0,1.0,ok,6b5eb84,9fa14c79,precomputed,1.0,1.0
reconstruction,Glasser,3,kernel_ridge,"kernel_ridge[alpha=10.0,gamma_mult=1.0]",SC,SC,SC,False,683,195,64620,64620,0.0051740268245339,0.026982806622982,0.9199426770210266,0.6413629651069641,1.0,1.0,ok,6b5eb84,98f1f178,precomputed,1.0,10.0
reconstruction,Glasser,3,kernel_ridge,"kernel_ridge[alpha=0.1,gamma_mult=2.0]",SC,SC,SC,False,683,195,64620,64620,0.0032268827781081,0.1157582327723503,0.9499832391738892,0.6484524011611938,1.0,1.0,ok,6b5eb84,1fd34824,precomputed,2.0,0.1
reconstruction,Glasser,3,kernel_ridge,"kernel_ridge[alpha=1.0,gamma_mult=2.0]",SC,SC,SC,False,683,195,64620,64620,0.0036896006204187,0.1365648508071899,0.9432247281074524,0.6479690670967102,1.0,1.0,ok,6b5eb84,177c1132,precomputed,2.0,1.0
reconstruction,Glasser,3,kernel_ridge,"kernel_ridge[alpha=10.0,gamma_mult=2.0]",SC,SC,SC,False,683,195,64620,64620,0.0050662695430219,0.0366444587707519,0.9217079877853394,0.6297392249107361,1.0,1.0,ok,6b5eb84,f473312d,precomputed,2.0,10.0
reconstruction,Glasser,4,pca_pls,pca_pls,FC,FC,SC,False,683,195,64620,64620,0.0054293163120746,-0.0237005334347486,0.9133105278015136,0.1402297616004943,0.1179487179487179,0.8900197238658777,ok,6b5eb84,816b4832,precomputed,,
reconstruction,Glasser,4,bayesian_ridge,bayesian_ridge,FC,FC,SC,False,683,195,64620,64620,0.0052170702256262,0.0185025166720151,0.9167883992195128,0.1661378890275955,0.1076923076923077,0.8887310979618672,ok,6b5eb84,3ebd48d5,precomputed,,
reconstruction,Glasser,4,kernel_ridge,"kernel_ridge[alpha=0.1,gamma_mult=0.5]",FC,FC,SC,False,683,195,64620,64620,0.0055289696902036,-0.0446264371275901,0.9116364121437072,0.1347732990980148,0.1333333333333333,0.8974095989480605,ok,6b5eb84,51513f94,precomputed,0.5,0.1
reconstruction,Glasser,4,kernel_ridge,"kernel_ridge[alpha=1.0,gamma_mult=0.5]",FC,FC,SC,False,683,195,64620,64620,0.0052771046757698,0.0034426799975335,0.9161046743392944,0.1348793655633926,0.1846153846153846,0.9155292570677186,ok,6b5eb84,35e5a559,precomputed,0.5,1.0
reconstruction,Glasser,4,kernel_ridge,"kernel_ridge[alpha=10.0,gamma_mult=0.5]",FC,FC,SC,False,683,195,64620,64620,0.0053478712216019,-0.0048003918491303,0.915362536907196,0.1333119571208953,0.1538461538461538,0.9142143326758712,ok,6b5eb84,3d65b091,precomputed,0.5,10.0
reconstruction,Glasser,4,kernel_ridge,"kernel_ridge[alpha=0.1,gamma_mult=1.0]",FC,FC,SC,False,683,195,64620,64620,0.0056079071946442,-0.0587842278182506,0.9103367924690248,0.1336608529090881,0.1384615384615384,0.8969362261669954,ok,6b5eb84,a098fe9f,precomputed,1.0,0.1
reconstruction,Glasser,4,kernel_ridge,"kernel_ridge[alpha=1.0,gamma_mult=1.0]",FC,FC,SC,False,683,195,64620,64620,0.0052978843450546,-0.0015913960523903,0.9156291484832764,0.1345847845077514,0.1589743589743589,0.9146351084812624,ok,6b5eb84,73df072c,precomputed,1.0,1.0
reconstruction,Glasser,4,kernel_ridge,"kernel_ridge[alpha=10.0,gamma_mult=1.0]",FC,FC,SC,False,683,195,64620,64620,0.0053327311761677,-0.0026863082312047,0.9155610799789428,0.1324769407510757,0.1538461538461538,0.913846153846154,ok,6b5eb84,a18afa2e,precomputed,1.0,10.0
reconstruction,Glasser,4,kernel_ridge,"kernel_ridge[alpha=0.1,gamma_mult=2.0]",FC,FC,SC,False,683,195,64620,64620,0.00565742328763,-0.0678032860159874,0.9095227122306824,0.131833329796791,0.1333333333333333,0.902274819197896,ok,6b5eb84,5f872a2a,precomputed,2.0,0.1
reconstruction,Glasser,4,kernel_ridge,"kernel_ridge[alpha=1.0,gamma_mult=2.0]",FC,FC,SC,False,683,195,64620,64620,0.0053303367458283,-0.0081731947138905,0.9150206446647644,0.1335968524217605,0.1435897435897435,0.9151347797501644,ok,6b5eb84,19bc6272,precomputed,2.0,1.0
reconstruction,Glasser,4,kernel_ridge,"kernel_ridge[alpha=10.0,gamma_mult=2.0]",FC,FC,SC,False,683,195,64620,64620,0.0053209387697279,-0.0011560698039829,0.9157109260559082,0.1297788321971893,0.1487179487179487,0.913688362919132,ok,6b5eb84,f3a0a723,precomputed,2.0,10.0
reconstruction,Glasser,4,pca_pls,pca_pls,SC,SC,FC,False,683,195,64620,64620,0.0142709165811538,-0.0486605130136013,0.8317715525627136,0.0914723053574562,0.0564102564102564,0.7438264299802761,ok,6b5eb84,dda54349,precomputed,,
reconstruction,Glasser,4,bayesian_ridge,bayesian_ridge,SC,SC,FC,False,683,195,64620,64620,0.0136431669816374,-0.0019563951063901,0.8398100733757019,0.1099339127540588,0.0512820512820512,0.7973438527284681,ok,6b5eb84,d164cc3c,precomputed,,
reconstruction,Glasser,4,kernel_ridge,"kernel_ridge[alpha=0.1,gamma_mult=0.5]",SC,SC,FC,False,683,195,64620,64620,0.0146385766565799,-0.0780331045389175,0.8269158601760864,0.0847022980451583,0.0564102564102564,0.7190006574621959,ok,6b5eb84,f40ea733,precomputed,0.5,0.1
reconstruction,Glasser,4,kernel_ridge,"kernel_ridge[alpha=1.0,gamma_mult=0.5]",SC,SC,FC,False,683,195,64620,64620,0.0137597741559147,-0.0105779003351926,0.8382651209831238,0.084664762020111,0.082051282051282,0.735595003287311,ok,6b5eb84,121601fd,precomputed,0.5,1.0
reconstruction,Glasser,4,kernel_ridge,"kernel_ridge[alpha=10.0,gamma_mult=0.5]",SC,SC,FC,False,683,195,64620,64620,0.0137709192931652,-0.008471761830151,0.8383033275604248,0.0844830274581909,0.0615384615384615,0.7364891518737673,ok,6b5eb84,3945f7a8,precomputed,0.5,10.0
reconstruction,Glasser,4,kernel_ridge,"kernel_ridge[alpha=0.1,gamma_mult=1.0]",SC,SC,FC,False,683,195,64620,64620,0.0148583222180604,-0.0944955274462699,0.8241984248161316,0.0842630267143249,0.0666666666666666,0.7181854043392505,ok,6b5eb84,647e74f8,precomputed,1.0,0.1
reconstruction,Glasser,4,kernel_ridge,"kernel_ridge[alpha=1.0,gamma_mult=1.0]",SC,SC,FC,False,683,195,64620,64620,0.0138739217072725,-0.0199093353003263,0.8367121815681458,0.0847910568118095,0.0769230769230769,0.7332544378698225,ok,6b5eb84,83035d7f,precomputed,1.0,1.0
reconstruction,Glasser,4,kernel_ridge,"kernel_ridge[alpha=10.0,gamma_mult=1.0]",SC,SC,FC,False,683,195,64620,64620,0.013750335201621,-0.0073046959005296,0.838553786277771,0.084461934864521,0.0666666666666666,0.7363050624589087,ok,6b5eb84,70ec34ae,precomputed,1.0,10.0
reconstruction,Glasser,4,kernel_ridge,"kernel_ridge[alpha=0.1,gamma_mult=2.0]",SC,SC,FC,False,683,195,64620,64620,0.0149697782471776,-0.1028270944952964,0.8228389024734497,0.0831967443227768,0.0717948717948717,0.7180802103879027,ok,6b5eb84,f6b61ce0,precomputed,2.0,0.1
reconstruction,Glasser,4,kernel_ridge,"kernel_ridge[alpha=1.0,gamma_mult=2.0]",SC,SC,FC,False,683,195,64620,64620,0.0139842554926872,-0.028554243966937,0.8352493643760681,0.0846988782286644,0.0769230769230769,0.7310453648915187,ok,6b5eb84,b479d019,precomputed,2.0,1.0
reconstruction,Glasser,4,kernel_ridge,"kernel_ridge[alpha=10.0,gamma_mult=2.0]",SC,SC,FC,False,683,195,64620,64620,0.0137362647801637,-0.0065657263621687,0.83871990442276,0.08375746011734,0.0666666666666666,0.7362787639710717,ok,6b5eb84,f6090ba7,precomputed,2.0,10.0
reconstruction,Glasser,4,pca_pls,pca_pls,bv,bv,SC,False,683,195,16,64620,0.0052415919490158,0.0151145597919821,0.91566801071167,0.1600543707609176,0.1076923076923077,0.8611965811965812,ok,6b5eb84,2be7ee3e,precomputed,,
reconstruction,Glasser,4,bayesian_ridge,bayesian_ridge,bv,bv,SC,False,683,195,16,64620,0.0051955487579107,0.025198919698596,0.9164876341819764,0.1658204495906829,0.0769230769230769,0.8513609467455621,ok,6b5eb84,ee3028e5,precomputed,,
reconstruction,Glasser,4,kernel_ridge,"kernel_ridge[alpha=0.1,gamma_mult=0.5]",bv,bv,SC,False,683,195,16,64620,0.0054616420529782,-0.0181365385651588,0.9119583368301392,0.1336509734392166,0.0564102564102564,0.7644181459566075,ok,6b5eb84,518db738,precomputed,0.5,0.1
reconstruction,Glasser,4,kernel_ridge,"kernel_ridge[alpha=1.0,gamma_mult=0.5]",bv,bv,SC,False,683,195,16,64620,0.0052310074679553,0.0185109749436378,0.9158973097801208,0.1605786234140396,0.1025641025641025,0.8741880341880341,ok,6b5eb84,02b15670,precomputed,0.5,1.0
reconstruction,Glasser,4,kernel_ridge,"kernel_ridge[alpha=10.0,gamma_mult=0.5]",bv,bv,SC,False,683,195,16,64620,0.00522026931867,0.0205239467322826,0.9164503812789916,0.1645069420337677,0.0923076923076923,0.8798685075608152,ok,6b5eb84,1b514624,precomputed,0.5,10.0
reconstruction,Glasser,4,kernel_ridge,"kernel_ridge[alpha=0.1,gamma_mult=1.0]",bv,bv,SC,False,683,195,16,64620,0.0056684394367039,-0.0489036254584789,0.9085691571235656,0.1136950552463531,0.0307692307692307,0.6998816568047337,ok,6b5eb84,4a93a992,precomputed,1.0,0.1
reconstruction,Glasser,4,kernel_ridge,"kernel_ridge[alpha=1.0,gamma_mult=1.0]",bv,bv,SC,False,683,195,16,64620,0.0052822297438979,0.0112432120367884,0.9150615930557252,0.1500094681978225,0.0717948717948717,0.8574358974358974,ok,6b5eb84,8557e1c4,precomputed,1.0,1.0
reconstruction,Glasser,4,kernel_ridge,"kernel_ridge[alpha=10.0,gamma_mult=1.0]",bv,bv,SC,False,683,195,16,64620,0.0052128480747342,0.0223193690180778,0.9164788722991944,0.1641176044940948,0.1076923076923077,0.8809204470742933,ok,6b5eb84,548b2161,precomputed,1.0,10.0
reconstruction,Glasser,4,kernel_ridge,"kernel_ridge[alpha=0.1,gamma_mult=2.0]",bv,bv,SC,False,683,195,16,64620,0.0060080969706177,-0.1025205329060554,0.9031224250793456,0.0893742889165878,0.0051282051282051,0.6524128862590401,ok,6b5eb84,3b937658,precomputed,2.0,0.1
reconstruction,Glasser,4,kernel_ridge,"kernel_ridge[alpha=1.0,gamma_mult=2.0]",bv,bv,SC,False,683,195,16,64620,0.0053711873479187,-0.0020221925806254,0.9136490225791932,0.1329730600118637,0.0512820512820512,0.8266140696909927,ok,6b5eb84,0cebc445,precomputed,2.0,1.0
reconstruction,Glasser,4,kernel_ridge,"kernel_ridge[alpha=10.0,gamma_mult=2.0]",bv,bv,SC,False,683,195,16,64620,0.0052223810926079,0.021259231492877,0.9163386225700378,0.1605605632066726,0.0923076923076923,0.8716370808678501,ok,6b5eb84,6af9fba2,precomputed,2.0,10.0
reconstruction,Glasser,4,pca_pls,pca_pls,bv,bv,FC,False,683,195,16,64620,0.013976527377963,-0.0222312286496162,0.8355528712272644,0.0455022901296615,0.0205128205128205,0.6212491781722551,ok,6b5eb84,4c01812a,precomputed,,
reconstruction,Glasser,4,bayesian_ridge,bayesian_ridge,bv,bv,FC,False,683,195,16,64620,0.0137657187879085,-0.0075966035947203,0.8383906483650208,0.0527247488498687,0.0051282051282051,0.6522550953320183,ok,6b5eb84,b7f66a08,precomputed,,
reconstruction,Glasser,4,kernel_ridge,"kernel_ridge[alpha=0.1,gamma_mult=0.5]",bv,bv,FC,False,683,195,16,64620,0.0146092558279633,-0.0671124681830406,0.8273096084594727,0.0364349596202373,0.0153846153846153,0.5735174227481921,ok,6b5eb84,9fa52246,precomputed,0.5,0.1
reconstruction,Glasser,4,kernel_ridge,"kernel_ridge[alpha=1.0,gamma_mult=0.5]",bv,bv,FC,False,683,195,16,64620,0.0139581356197595,-0.0208930242806673,0.8358597159385681,0.0457618311047554,0.0205128205128205,0.6194082840236685,ok,6b5eb84,31806c85,precomputed,0.5,1.0
reconstruction,Glasser,4,kernel_ridge,"kernel_ridge[alpha=10.0,gamma_mult=0.5]",bv,bv,FC,False,683,195,16,64620,0.0137979555875062,-0.0096920887008309,0.8379406929016113,0.0475117787718772,0.0256410256410256,0.6352399737015122,ok,6b5eb84,3446f042,precomputed,0.5,10.0
reconstruction,Glasser,4,kernel_ridge,"kernel_ridge[alpha=0.1,gamma_mult=1.0]",bv,bv,FC,False,683,195,16,64620,0.0152236577123403,-0.1110191047191619,0.8195900917053223,0.0306111108511686,0.0102564102564102,0.5602892833662065,ok,6b5eb84,85aebcd3,precomputed,1.0,0.1
reconstruction,Glasser,4,kernel_ridge,"kernel_ridge[alpha=1.0,gamma_mult=1.0]",bv,bv,FC,False,683,195,16,64620,0.0140991639345884,-0.0308537948876619,0.8340684771537781,0.0420960634946823,0.0205128205128205,0.6074424720578566,ok,6b5eb84,39693aa2,precomputed,1.0,1.0
reconstruction,Glasser,4,kernel_ridge,"kernel_ridge[alpha=10.0,gamma_mult=1.0]",bv,bv,FC,False,683,195,16,64620,0.0138138784095644,-0.0107615469023585,0.8377411961555481,0.0480445586144924,0.0256410256410256,0.633267587113741,ok,6b5eb84,fec2eea7,precomputed,1.0,10.0
reconstruction,Glasser,4,kernel_ridge,"kernel_ridge[alpha=0.1,gamma_mult=2.0]",bv,bv,FC,False,683,195,16,64620,0.0161066576838493,-0.174990177154541,0.808775782585144,0.0242326632142066,0.0051282051282051,0.5430900723208416,ok,6b5eb84,9b84c955,precomputed,2.0,0.1
reconstruction,Glasser,4,kernel_ridge,"kernel_ridge[alpha=1.0,gamma_mult=2.0]",bv,bv,FC,False,683,195,16,64620,0.0143280150368809,-0.0472330637276172,0.8311192989349365,0.0369720086455345,0.0153846153846153,0.5950558842866536,ok,6b5eb84,6dd2d6c0,precomputed,2.0,1.0
reconstruction,Glasser,4,kernel_ridge,"kernel_ridge[alpha=10.0,gamma_mult=2.0]",bv,bv,FC,False,683,195,16,64620,0.0138340536504983,-0.0121639557182788,0.837483823299408,0.0475090071558952,0.0205128205128205,0.626535174227482,ok,6b5eb84,1c05c508,precomputed,2.0,10.0
reconstruction,Glasser,4,pca_pls,pca_pls,demo,demo,SC,False,683,195,10,64620,0.0053101698867976,0.0038697170093655,0.9152556657791138,0.1338768005371093,0.0,0.7380933596318211,ok,6b5eb84,272a5965,precomputed,,
reconstruction,Glasser,4,bayesian_ridge,bayesian_ridge,demo,demo,SC,False,683,195,10,64620,0.0052677309140563,0.0109988963231444,0.9159363508224488,0.1408649384975433,0.0205128205128205,0.7476923076923077,ok,6b5eb84,c2fcdafb,precomputed,,
reconstruction,Glasser,4,kernel_ridge,"kernel_ridge[alpha=0.1,gamma_mult=0.5]",demo,demo,SC,False,683,195,10,64620,0.0053950571455061,-0.0106725161895155,0.913918912410736,0.1200387775897979,0.0205128205128205,0.6855489809335964,ok,6b5eb84,39ed0005,precomputed,0.5,0.1
reconstruction,Glasser,4,kernel_ridge,"kernel_ridge[alpha=1.0,gamma_mult=0.5]",demo,demo,SC,False,683,195,10,64620,0.0053202547132968,0.0026435635518282,0.9150800704956056,0.1274950206279754,0.0051282051282051,0.7166337935568705,ok,6b5eb84,0cfcba18,precomputed,0.5,1.0
reconstruction,Glasser,4,kernel_ridge,"kernel_ridge[alpha=10.0,gamma_mult=0.5]",demo,demo,SC,False,683,195,10,64620,0.0052847065962851,0.0087979882955551,0.9157566428184508,0.1309812664985656,0.0307692307692307,0.7606311637080868,ok,6b5eb84,db621d1e,precomputed,0.5,10.0
reconstruction,Glasser,4,kernel_ridge,"kernel_ridge[alpha=0.1,gamma_mult=1.0]",demo,demo,SC,False,683,195,10,64620,0.0054422575049102,-0.0192367956042289,0.9132252931594848,0.1156321316957473,0.0153846153846153,0.659750164365549,ok,6b5eb84,beabee2e,precomputed,1.0,0.1
reconstruction,Glasser,4,kernel_ridge,"kernel_ridge[alpha=1.0,gamma_mult=1.0]",demo,demo,SC,False,683,195,10,64620,0.0053471378050744,-0.0018534965347498,0.9146504998207092,0.1218862608075141,0.0102564102564102,0.6988297172912558,ok,6b5eb84,5839ccd7,precomputed,1.0,1.0
reconstruction,Glasser,4,kernel_ridge,"kernel_ridge[alpha=10.0,gamma_mult=1.0]",demo,demo,SC,False,683,195,10,64620,0.0052894297987222,0.0085128443315625,0.9156647324562072,0.1272510886192321,0.0358974358974358,0.7531097961867192,ok,6b5eb84,73c70d54,precomputed,1.0,10.0
reconstruction,Glasser,4,kernel_ridge,"kernel_ridge[alpha=0.1,gamma_mult=2.0]",demo,demo,SC,False,683,195,10,64620,0.0054932120256125,-0.0286866035312414,0.9124775528907776,0.1111698970198631,0.0102564102564102,0.6472583826429981,ok,6b5eb84,5762652e,precomputed,2.0,0.1
reconstruction,Glasser,4,kernel_ridge,"kernel_ridge[alpha=1.0,gamma_mult=2.0]",demo,demo,SC,False,683,195,10,64620,0.0053779520094394,-0.0072716074064373,0.9141743779182434,0.1169207543134689,0.0307692307692307,0.6785272846811308,ok,6b5eb84,5f708dfe,precomputed,2.0,1.0
reconstruction,Glasser,4,kernel_ridge,"kernel_ridge[alpha=10.0,gamma_mult=2.0]",demo,demo,SC,False,683,195,10,64620,0.0052974545396864,0.0075102210976183,0.9155323505401612,0.1228244751691818,0.0102564102564102,0.7439316239316239,ok,6b5eb84,b4f486f5,precomputed,2.0,10.0
reconstruction,Glasser,4,pca_pls,pca_pls,demo,demo,FC,False,683,195,10,64620,0.013651424087584,-0.0008431978058069,0.8391838073730469,0.12110485881567,0.0256410256410256,0.6800262984878369,ok,6b5eb84,b83d6cf6,precomputed,,
reconstruction,Glasser,4,bayesian_ridge,bayesian_ridge,demo,demo,FC,False,683,195,10,64620,0.0135651174932718,0.0055520161986351,0.84017413854599,0.127877727150917,0.0051282051282051,0.6690335305719921,ok,6b5eb84,908854f8,precomputed,,
reconstruction,Glasser,4,kernel_ridge,"kernel_ridge[alpha=0.1,gamma_mult=0.5]",demo,demo,FC,False,683,195,10,64620,0.0137906614691019,-0.0106871919706463,0.8371294140815735,0.1170255616307258,0.0205128205128205,0.6673241288625904,ok,6b5eb84,cfcf85bb,precomputed,0.5,0.1
reconstruction,Glasser,4,kernel_ridge,"kernel_ridge[alpha=1.0,gamma_mult=0.5]",demo,demo,FC,False,683,195,10,64620,0.013651380315423,-0.0006623029476031,0.838983952999115,0.1222944036126136,0.0102564102564102,0.6921761998685075,ok,6b5eb84,3594fdee,precomputed,0.5,1.0
reconstruction,Glasser,4,kernel_ridge,"kernel_ridge[alpha=10.0,gamma_mult=0.5]",demo,demo,FC,False,683,195,10,64620,0.0135889556258916,0.0040566087700426,0.840005099773407,0.1251554787158966,0.0153846153846153,0.6894148586456279,ok,6b5eb84,443dc32b,precomputed,0.5,10.0
reconstruction,Glasser,4,kernel_ridge,"kernel_ridge[alpha=0.1,gamma_mult=1.0]",demo,demo,FC,False,683,195,10,64620,0.0138781322166323,-0.017020933330059,0.8359555006027222,0.1144884750247001,0.0205128205128205,0.6578040762656148,ok,6b5eb84,5e8df16c,precomputed,1.0,0.1
reconstruction,Glasser,4,kernel_ridge,"kernel_ridge[alpha=1.0,gamma_mult=1.0]",demo,demo,FC,False,683,195,10,64620,0.0136979511007666,-0.0039811716414988,0.8383486866950989,0.1190877109766006,0.0205128205128205,0.6806574621959237,ok,6b5eb84,83829ba7,precomputed,1.0,1.0
reconstruction,Glasser,4,kernel_ridge,"kernel_ridge[alpha=10.0,gamma_mult=1.0]",demo,demo,FC,False,683,195,10,64620,0.0135901076719164,0.0038925730623304,0.8399149775505066,0.1243802160024643,0.0102564102564102,0.6949375410913872,ok,6b5eb84,0e7fc5d3,precomputed,1.0,10.0
reconstruction,Glasser,4,kernel_ridge,"kernel_ridge[alpha=0.1,gamma_mult=2.0]",demo,demo,FC,False,683,195,10,64620,0.0139939803630113,-0.0254288967698812,0.8343964219093323,0.1095732450485229,0.0102564102564102,0.6513609467455621,ok,6b5eb84,9acb3a8e,precomputed,2.0,0.1
reconstruction,Glasser,4,kernel_ridge,"kernel_ridge[alpha=1.0,gamma_mult=2.0]",demo,demo,FC,False,683,195,10,64620,0.0137525526806712,-0.0079539390280842,0.837617039680481,0.1161231398582458,0.0307692307692307,0.6730309007232085,ok,6b5eb84,582d72a1,precomputed,2.0,1.0
reconstruction,Glasser,4,kernel_ridge,"kernel_ridge[alpha=10.0,gamma_mult=2.0]",demo,demo,FC,False,683,195,10,64620,0.0136003093793988,0.0031518107280135,0.8397309184074402,0.1223771348595619,0.0153846153846153,0.6913872452333991,ok,6b5eb84,f536f11f,precomputed,2.0,10.0
reconstruction,Glasser,4,pca_pls,pca_pls,bv+demo,bv+demo,SC,False,683,195,26,64620,0.005276471376419,0.0087121175602078,0.9150925874710084,0.1652443259954452,0.1179487179487179,0.8667455621301775,ok,6b5eb84,eb8fff04,precomputed,,
reconstruction,Glasser,4,bayesian_ridge,bayesian_ridge,bv+demo,bv+demo,SC,False,683,195,26,64620,0.0051868851296603,0.0261301212012767,0.9166201949119568,0.1753131002187729,0.0769230769230769,0.8673241288625904,ok,6b5eb84,9d9e8a62,precomputed,,
reconstruction,Glasser,4,kernel_ridge,"kernel_ridge[alpha=0.1,gamma_mult=0.5]",bv+demo,bv+demo,SC,False,683,195,26,64620,0.0054640183225274,-0.0202348679304122,0.911984086036682,0.1434668153524398,0.0666666666666666,0.7907166337935569,ok,6b5eb84,3b9bb88b,precomputed,0.5,0.1
reconstruction,Glasser,4,kernel_ridge,"kernel_ridge[alpha=1.0,gamma_mult=0.5]",bv+demo,bv+demo,SC,False,683,195,26,64620,0.005230666603893,0.0185727570205926,0.9159210324287416,0.1672727316617965,0.1538461538461538,0.8872320841551611,ok,6b5eb84,a85def33,precomputed,0.5,1.0
reconstruction,Glasser,4,kernel_ridge,"kernel_ridge[alpha=10.0,gamma_mult=0.5]",bv+demo,bv+demo,SC,False,683,195,26,64620,0.0052320780232548,0.0180900767445564,0.9164493083953856,0.168455421924591,0.1128205128205128,0.8903353057199211,ok,6b5eb84,565c2f80,precomputed,0.5,10.0
reconstruction,Glasser,4,kernel_ridge,"kernel_ridge[alpha=0.1,gamma_mult=1.0]",bv+demo,bv+demo,SC,False,683,195,26,64620,0.005763822235167,-0.0672052428126335,0.9071094989776612,0.1192752346396446,0.0256410256410256,0.7152399737015122,ok,6b5eb84,9efaf952,precomputed,1.0,0.1
reconstruction,Glasser,4,kernel_ridge,"kernel_ridge[alpha=1.0,gamma_mult=1.0]",bv+demo,bv+demo,SC,False,683,195,26,64620,0.0052736983634531,0.0123435910791158,0.9152207374572754,0.1591554582118988,0.1076923076923077,0.8743458251150559,ok,6b5eb84,de128e33,precomputed,1.0,1.0
reconstruction,Glasser,4,kernel_ridge,"kernel_ridge[alpha=10.0,gamma_mult=1.0]",bv+demo,bv+demo,SC,False,683,195,26,64620,0.0052166734822094,0.0214533675462007,0.9165555238723756,0.1676368117332458,0.1538461538461538,0.8918606180144641,ok,6b5eb84,bd34e3bf,precomputed,1.0,10.0
reconstruction,Glasser,4,kernel_ridge,"kernel_ridge[alpha=0.1,gamma_mult=2.0]",bv+demo,bv+demo,SC,False,683,195,26,64620,0.0060945698060095,-0.117775447666645,0.9018369913101196,0.0959703475236892,0.0153846153846153,0.6783168967784352,ok,6b5eb84,81708deb,precomputed,2.0,0.1
reconstruction,Glasser,4,kernel_ridge,"kernel_ridge[alpha=1.0,gamma_mult=2.0]",bv+demo,bv+demo,SC,False,683,195,26,64620,0.0053581083193421,4.861348133999854e-05,0.913887083530426,0.1426761299371719,0.0717948717948717,0.8457593688362919,ok,6b5eb84,79056085,precomputed,2.0,1.0
reconstruction,Glasser,4,kernel_ridge,"kernel_ridge[alpha=10.0,gamma_mult=2.0]",bv+demo,bv+demo,SC,False,683,195,26,64620,0.0052203326486051,0.0216610208153724,0.9164732098579408,0.1637326627969741,0.1589743589743589,0.8856015779092702,ok,6b5eb84,6220fd6e,precomputed,2.0,10.0
reconstruction,Glasser,4,pca_pls,pca_pls,bv+demo,bv+demo,FC,False,683,195,26,64620,0.0138579346239566,-0.014782010577619,0.8363997936248779,0.1035404875874519,0.0307692307692307,0.6849967126890204,ok,6b5eb84,6e71143b,precomputed,,
reconstruction,Glasser,4,bayesian_ridge,bayesian_ridge,bv+demo,bv+demo,FC,False,683,195,26,64620,0.0135822799056768,0.0043333410285413,0.8400464057922363,0.1271818131208419,0.0256410256410256,0.6968573307034845,ok,6b5eb84,0e7bcfa0,precomputed,,
reconstruction,Glasser,4,kernel_ridge,"kernel_ridge[alpha=0.1,gamma_mult=0.5]",bv+demo,bv+demo,FC,False,683,195,26,64620,0.014338151551783,-0.0493035353720188,0.8302954435348511,0.0880119726061821,0.0358974358974358,0.6497041420118344,ok,6b5eb84,a0b068f4,precomputed,0.5,0.1
reconstruction,Glasser,4,kernel_ridge,"kernel_ridge[alpha=1.0,gamma_mult=0.5]",bv+demo,bv+demo,FC,False,683,195,26,64620,0.0137582868337631,-0.0078277168795466,0.8378230333328247,0.1036024838685989,0.041025641025641,0.695069033530572,ok,6b5eb84,a34fb9bf,precomputed,0.5,1.0
reconstruction,Glasser,4,kernel_ridge,"kernel_ridge[alpha=10.0,gamma_mult=0.5]",bv+demo,bv+demo,FC,False,683,195,26,64620,0.0136532904580235,6.759710231563076e-05,0.8394923806190491,0.105734683573246,0.0564102564102564,0.6982248520710059,ok,6b5eb84,5bdc34c0,precomputed,0.5,10.0
reconstruction,Glasser,4,kernel_ridge,"kernel_ridge[alpha=0.1,gamma_mult=1.0]",bv+demo,bv+demo,FC,False,683,195,26,64620,0.0151475789025425,-0.1071192920207977,0.8202516436576843,0.0713665857911109,0.0256410256410256,0.6099408284023669,ok,6b5eb84,33b526ba,precomputed,1.0,0.1
reconstruction,Glasser,4,kernel_ridge,"kernel_ridge[alpha=1.0,gamma_mult=1.0]",bv+demo,bv+demo,FC,False,683,195,26,64620,0.0138682955875992,-0.0156801827251911,0.8364073038101196,0.0980759486556053,0.0358974358974358,0.6892307692307692,ok,6b5eb84,1e8d07ea,precomputed,1.0,1.0
reconstruction,Glasser,4,kernel_ridge,"kernel_ridge[alpha=10.0,gamma_mult=1.0]",bv+demo,bv+demo,FC,False,683,195,26,64620,0.0136471530422568,0.0004153078480158,0.839493453502655,0.1052137538790702,0.0564102564102564,0.6982248520710059,ok,6b5eb84,de69656d,precomputed,1.0,10.0
reconstruction,Glasser,4,kernel_ridge,"kernel_ridge[alpha=0.1,gamma_mult=2.0]",bv+demo,bv+demo,FC,False,683,195,26,64620,0.0160641632974147,-0.1733983755111694,0.8094698190689087,0.0553710050880909,0.0205128205128205,0.5839579224194609,ok,6b5eb84,393fcb0c,precomputed,2.0,0.1
reconstruction,Glasser,4,kernel_ridge,"kernel_ridge[alpha=1.0,gamma_mult=2.0]",bv+demo,bv+demo,FC,False,683,195,26,64620,0.0140909822657704,-0.0315580815076828,0.8335330486297607,0.0866053104400634,0.0205128205128205,0.6719263642340565,ok,6b5eb84,ed349cfa,precomputed,2.0,1.0
reconstruction,Glasser,4,kernel_ridge,"kernel_ridge[alpha=10.0,gamma_mult=2.0]",bv+demo,bv+demo,FC,False,683,195,26,64620,0.0136625105515122,-0.0007101570372469,0.8392578959465027,0.1033232659101486,0.0307692307692307,0.6972255095332018,ok,6b5eb84,72816f3d,precomputed,2.0,10.0
reconstruction,Glasser,4,pca_pls,pca_pls,FC+bv+demo,FC+bv+demo,SC,True,683,195,64646,64620,0.0053382012993097,-0.0108470674604177,0.9141221046447754,0.1745801866054535,0.2,0.926259040105194,ok,6b5eb84,fe7ecf97,precomputed,,
reconstruction,Glasser,4,bayesian_ridge,bayesian_ridge,FC+bv+demo,FC+bv+demo,SC,True,683,195,64646,64620,0.0051483954302966,0.0294074341654777,0.9173285961151124,0.1961280405521392,0.1692307692307692,0.9260486522024984,ok,6b5eb84,e16645b2,precomputed,,
reconstruction,Glasser,4,kernel_ridge,"kernel_ridge[alpha=0.1,gamma_mult=0.5]",FC+bv+demo,FC+bv+demo,SC,True,683,195,64646,64620,0.0054524703882634,-0.031732965260744,0.9122388958930968,0.1700883507728576,0.2205128205128205,0.9299671268902038,ok,6b5eb84,adadceff,precomputed,0.5,0.1
reconstruction,Glasser,4,kernel_ridge,"kernel_ridge[alpha=1.0,gamma_mult=0.5]",FC+bv+demo,FC+bv+demo,SC,True,683,195,64646,64620,0.0051569822244346,0.0255914591252803,0.9171674847602844,0.1921074092388153,0.2923076923076923,0.9536357659434582,ok,6b5eb84,649887a1,precomputed,0.5,1.0
reconstruction,Glasser,4,kernel_ridge,"kernel_ridge[alpha=10.0,gamma_mult=0.5]",FC+bv+demo,FC+bv+demo,SC,True,683,195,64646,64620,0.0052420245483517,0.0148690827190876,0.916224479675293,0.1893259733915329,0.1435897435897435,0.9140828402366864,ok,6b5eb84,728bda24,precomputed,0.5,10.0
reconstruction,Glasser,4,kernel_ridge,"kernel_ridge[alpha=0.1,gamma_mult=1.0]",FC+bv+demo,FC+bv+demo,SC,True,683,195,64646,64620,0.0055346279405057,-0.046317633241415,0.91090726852417,0.1686871647834777,0.2,0.929335963182117,ok,6b5eb84,2221bebf,precomputed,1.0,0.1
reconstruction,Glasser,4,kernel_ridge,"kernel_ridge[alpha=1.0,gamma_mult=1.0]",FC+bv+demo,FC+bv+demo,SC,True,683,195,64646,64620,0.0051871510222554,0.0187340434640645,0.9166427850723268,0.1885347068309784,0.3025641025641025,0.9510585141354372,ok,6b5eb84,44c02b7d,precomputed,1.0,1.0
reconstruction,Glasser,4,kernel_ridge,"kernel_ridge[alpha=10.0,gamma_mult=1.0]",FC+bv+demo,FC+bv+demo,SC,True,683,195,64646,64620,0.0052068154327571,0.0207910258322954,0.9165967106819152,0.1913850009441375,0.2051282051282051,0.9337015121630506,ok,6b5eb84,0bed0107,precomputed,1.0,10.0
reconstruction,Glasser,4,kernel_ridge,"kernel_ridge[alpha=0.1,gamma_mult=2.0]",FC+bv+demo,FC+bv+demo,SC,True,683,195,64646,64620,0.0055763586424291,-0.0535162240266799,0.9102740287780762,0.1707958579063415,0.2051282051282051,0.9342274819197895,ok,6b5eb84,ef7a6e18,precomputed,2.0,0.1
reconstruction,Glasser,4,kernel_ridge,"kernel_ridge[alpha=1.0,gamma_mult=2.0]",FC+bv+demo,FC+bv+demo,SC,True,683,195,64646,64620,0.0052276710048317,0.0107818217948079,0.9159907698631288,0.1874841600656509,0.3076923076923077,0.950111768573307,ok,6b5eb84,2ebf626e,precomputed,2.0,1.0
reconstruction,Glasser,4,kernel_ridge,"kernel_ridge[alpha=10.0,gamma_mult=2.0]",FC+bv+demo,FC+bv+demo,SC,True,683,195,64646,64620,0.0051835239864885,0.0246374402195215,0.9168494343757628,0.1919214129447937,0.2717948717948718,0.9421959237343852,ok,6b5eb84,1f7a6ff9,precomputed,2.0,10.0
reconstruction,Glasser,4,pca_pls,pca_pls,SC+bv+demo,SC+bv+demo,FC,True,683,195,64646,64620,0.0141278700903058,-0.0384326912462711,0.8331635594367981,0.1125167831778526,0.0564102564102564,0.7761209730440499,ok,6b5eb84,7c69fc6c,precomputed,,
reconstruction,Glasser,4,bayesian_ridge,bayesian_ridge,SC+bv+demo,SC+bv+demo,FC,True,683,195,64646,64620,0.0135505925863981,0.0043443674221634,0.8407089114189148,0.1349511891603469,0.0769230769230769,0.7956081525312295,ok,6b5eb84,96f90ce5,precomputed,,
reconstruction,Glasser,4,kernel_ridge,"kernel_ridge[alpha=0.1,gamma_mult=0.5]",SC+bv+demo,SC+bv+demo,FC,True,683,195,64646,64620,0.0145308272913098,-0.0707035660743713,0.8279974460601807,0.106755219399929,0.0615384615384615,0.7455095332018409,ok,6b5eb84,7693c8df,precomputed,0.5,0.1
reconstruction,Glasser,4,kernel_ridge,"kernel_ridge[alpha=1.0,gamma_mult=0.5]",SC+bv+demo,SC+bv+demo,FC,True,683,195,64646,64620,0.013613817282021,-0.0004142979450989,0.8398342132568359,0.1224559694528579,0.082051282051282,0.7789086127547666,ok,6b5eb84,444348c1,precomputed,0.5,1.0
reconstruction,Glasser,4,kernel_ridge,"kernel_ridge[alpha=10.0,gamma_mult=0.5]",SC+bv+demo,SC+bv+demo,FC,True,683,195,64646,64620,0.0137033034116029,-0.0037340563721954,0.8391017913818359,0.1221761032938957,0.0615384615384615,0.7685733070348455,ok,6b5eb84,0f98f0a2,precomputed,0.5,10.0
reconstruction,Glasser,4,kernel_ridge,"kernel_ridge[alpha=0.1,gamma_mult=1.0]",SC+bv+demo,SC+bv+demo,FC,True,683,195,64646,64620,0.0147568518295884,-0.0876298695802688,0.8252220153808594,0.1057033613324165,0.0666666666666666,0.7430111768573306,ok,6b5eb84,95950446,precomputed,1.0,0.1
reconstruction,Glasser,4,kernel_ridge,"kernel_ridge[alpha=1.0,gamma_mult=1.0]",SC+bv+demo,SC+bv+demo,FC,True,683,195,64646,64620,0.0137147055938839,-0.0088295806199312,0.8384089469909668,0.1194677576422691,0.0923076923076923,0.7738067061143984,ok,6b5eb84,817ea2b7,precomputed,1.0,1.0
reconstruction,Glasser,4,kernel_ridge,"kernel_ridge[alpha=10.0,gamma_mult=1.0]",SC+bv+demo,SC+bv+demo,FC,True,683,195,64646,64620,0.0136632211506366,-0.0012140168109908,0.8395567536354065,0.1246656402945518,0.0666666666666666,0.7744115713346482,ok,6b5eb84,64554d56,precomputed,1.0,10.0
reconstruction,Glasser,4,kernel_ridge,"kernel_ridge[alpha=0.1,gamma_mult=2.0]",SC+bv+demo,SC+bv+demo,FC,True,683,195,64646,64620,0.0148250125348567,-0.0928773060441017,0.8243964314460754,0.1067219004034996,0.0666666666666666,0.7469296515450361,ok,6b5eb84,129cdab3,precomputed,2.0,0.1
reconstruction,Glasser,4,kernel_ridge,"kernel_ridge[alpha=1.0,gamma_mult=2.0]",SC+bv+demo,SC+bv+demo,FC,True,683,195,64646,64620,0.0138156944885849,-0.0168615411967039,0.8370410799980164,0.1188870966434478,0.0871794871794871,0.770913872452334,ok,6b5eb84,6bc3cf46,precomputed,2.0,1.0
reconstruction,Glasser,4,kernel_ridge,"kernel_ridge[alpha=10.0,gamma_mult=2.0]",SC+bv+demo,SC+bv+demo,FC,True,683,195,64646,64620,0.0136355878785252,0.0004606202419381,0.8398502469062805,0.1259288638830185,0.0717948717948717,0.7752005259697567,ok,6b5eb84,6f5b0ceb,precomputed,2.0,10.0
reconstruction,Glasser,4,pca_pls,pca_pls,FC,FC,FC,False,683,195,64620,64620,0.0110565247014164,0.175872653722763,0.8693199157714844,0.4323949515819549,1.0,1.0,ok,6b5eb84,87390ad6,precomputed,,
reconstruction,Glasser,4,bayesian_ridge,bayesian_ridge,FC,FC,FC,False,683,195,64620,64620,0.0074171409942209,0.4115920960903168,0.912873387336731,0.6719873547554016,1.0,1.0,ok,6b5eb84,6a21e20d,precomputed,,
reconstruction,Glasser,4,kernel_ridge,"kernel_ridge[alpha=0.1,gamma_mult=0.5]",FC,FC,FC,False,683,195,64620,64620,0.007546464446932,0.4067571461200714,0.9116675853729248,0.6719779968261719,1.0,1.0,ok,6b5eb84,d278c6b0,precomputed,0.5,0.1
reconstruction,Glasser,4,kernel_ridge,"kernel_ridge[alpha=1.0,gamma_mult=0.5]",FC,FC,FC,False,683,195,64620,64620,0.0100505584850907,0.2446376085281372,0.8837558627128601,0.6719452738761902,1.0,1.0,ok,6b5eb84,ac67d8f1,precomputed,0.5,1.0
reconstruction,Glasser,4,kernel_ridge,"kernel_ridge[alpha=10.0,gamma_mult=0.5]",FC,FC,FC,False,683,195,64620,64620,0.0131609346717596,0.0336267463862896,0.8458982110023499,0.6709795594215393,0.9948717948717948,0.999973701512163,ok,6b5eb84,b504b81e,precomputed,0.5,10.0
reconstruction,Glasser,4,kernel_ridge,"kernel_ridge[alpha=0.1,gamma_mult=1.0]",FC,FC,FC,False,683,195,64620,64620,0.0074597238563001,0.4109381139278412,0.912524163722992,0.671949028968811,1.0,1.0,ok,6b5eb84,69c8907b,precomputed,1.0,0.1
reconstruction,Glasser,4,kernel_ridge,"kernel_ridge[alpha=1.0,gamma_mult=1.0]",FC,FC,FC,False,683,195,64620,64620,0.0091141294687986,0.3071090877056122,0.8947301506996155,0.6718729734420776,1.0,1.0,ok,6b5eb84,3d4736c0,precomputed,1.0,1.0
reconstruction,Glasser,4,kernel_ridge,"kernel_ridge[alpha=10.0,gamma_mult=1.0]",FC,FC,FC,False,683,195,64620,64620,0.012779670767486,0.0596631169319152,0.8506488800048828,0.6702343821525574,1.0,1.0,ok,6b5eb84,93abcfc4,precomputed,1.0,10.0
reconstruction,Glasser,4,kernel_ridge,"kernel_ridge[alpha=0.1,gamma_mult=2.0]",FC,FC,FC,False,683,195,64620,64620,0.0074519393965601,0.4107564389705658,0.9126107096672058,0.6718199253082275,1.0,1.0,ok,6b5eb84,3d578705,precomputed,2.0,0.1
reconstruction,Glasser,4,kernel_ridge,"kernel_ridge[alpha=1.0,gamma_mult=2.0]",FC,FC,FC,False,683,195,64620,64620,0.0086205974221229,0.3395546972751617,0.900463879108429,0.6715666651725769,1.0,1.0,ok,6b5eb84,10862b62,precomputed,2.0,1.0
reconstruction,Glasser,4,kernel_ridge,"kernel_ridge[alpha=10.0,gamma_mult=2.0]",FC,FC,FC,False,683,195,64620,64620,0.0124457702040672,0.0824347957968711,0.8548508286476135,0.6671972274780273,1.0,1.0,ok,6b5eb84,005a1416,precomputed,2.0,10.0
reconstruction,Glasser,4,pca_pls,pca_pls,SC,SC,SC,False,683,195,64620,64620,0.0046458519063889,0.042968925088644,0.9255935549736024,0.3640705943107605,1.0,1.0,ok,6b5eb84,34b5ef04,precomputed,,
reconstruction,Glasser,4,bayesian_ridge,bayesian_ridge,SC,SC,SC,False,683,195,64620,64620,0.0031327090691775,0.0818525478243827,0.9503933787345886,0.6446554064750671,1.0,1.0,ok,6b5eb84,3d30cea3,precomputed,,
reconstruction,Glasser,4,kernel_ridge,"kernel_ridge[alpha=0.1,gamma_mult=0.5]",SC,SC,SC,False,683,195,64620,64620,0.0031800768338143,0.1146869584918022,0.949707329273224,0.6446446776390076,1.0,1.0,ok,6b5eb84,d5439cab,precomputed,0.5,0.1
reconstruction,Glasser,4,kernel_ridge,"kernel_ridge[alpha=1.0,gamma_mult=0.5]",SC,SC,SC,False,683,195,64620,64620,0.004054335411638,0.1096914857625961,0.9361283779144288,0.6445797681808472,1.0,1.0,ok,6b5eb84,bd482d57,precomputed,0.5,1.0
reconstruction,Glasser,4,kernel_ridge,"kernel_ridge[alpha=10.0,gamma_mult=0.5]",SC,SC,SC,False,683,195,64620,64620,0.0051455008797347,0.0147242350503802,0.9186823964118958,0.6402596235275269,1.0,1.0,ok,6b5eb84,8a2c2aad,precomputed,0.5,10.0
reconstruction,Glasser,4,kernel_ridge,"kernel_ridge[alpha=0.1,gamma_mult=1.0]",SC,SC,SC,False,683,195,64620,64620,0.0031512388959527,0.1029499769210815,0.9501375555992126,0.6446118354797363,1.0,1.0,ok,6b5eb84,70258206,precomputed,1.0,0.1
reconstruction,Glasser,4,kernel_ridge,"kernel_ridge[alpha=1.0,gamma_mult=1.0]",SC,SC,SC,False,683,195,64620,64620,0.0037362445145845,0.1280115991830825,0.9411756992340088,0.6444782614707947,1.0,1.0,ok,6b5eb84,5e383f6c,precomputed,1.0,1.0
reconstruction,Glasser,4,kernel_ridge,"kernel_ridge[alpha=10.0,gamma_mult=1.0]",SC,SC,SC,False,683,195,64620,64620,0.0050140931271016,0.027820648625493,0.9207980632781982,0.637451171875,1.0,1.0,ok,6b5eb84,05ff0ce6,precomputed,1.0,10.0
reconstruction,Glasser,4,kernel_ridge,"kernel_ridge[alpha=0.1,gamma_mult=2.0]",SC,SC,SC,False,683,195,64620,64620,0.0031516100279986,0.0997385084629058,0.9501439929008484,0.6444603204727173,1.0,1.0,ok,6b5eb84,28e51784,precomputed,2.0,0.1
reconstruction,Glasser,4,kernel_ridge,"kernel_ridge[alpha=1.0,gamma_mult=2.0]",SC,SC,SC,False,683,195,64620,64620,0.0035815648734569,0.133256196975708,0.94365656375885,0.6440061926841736,1.0,1.0,ok,6b5eb84,3f6a5fc6,precomputed,2.0,1.0
reconstruction,Glasser,4,kernel_ridge,"kernel_ridge[alpha=10.0,gamma_mult=2.0]",SC,SC,SC,False,683,195,64620,64620,0.0049053765833377,0.0385033339262008,0.922569215297699,0.6259630918502808,1.0,1.0,ok,6b5eb84,be999178,precomputed,2.0,10.0
reconstruction,Glasser,5,pca_pls,pca_pls,FC,FC,SC,False,683,195,64620,64620,0.0055539780296385,-0.0143474163487553,0.9122107625007628,0.1501570641994476,0.1487179487179487,0.8936752136752136,ok,6b5eb84,ef028409,precomputed,,
reconstruction,Glasser,5,bayesian_ridge,bayesian_ridge,FC,FC,SC,False,683,195,64620,64620,0.0053691253997385,0.0190032310783863,0.915318727493286,0.177324891090393,0.1128205128205128,0.9027218934911244,ok,6b5eb84,ab868032,precomputed,,
reconstruction,Glasser,5,kernel_ridge,"kernel_ridge[alpha=0.1,gamma_mult=0.5]",FC,FC,SC,False,683,195,64620,64620,0.0056503405794501,-0.0337797030806541,0.9107005596160888,0.1415241807699203,0.1538461538461538,0.9089809335963182,ok,6b5eb84,16467930,precomputed,0.5,0.1
reconstruction,Glasser,5,kernel_ridge,"kernel_ridge[alpha=1.0,gamma_mult=0.5]",FC,FC,SC,False,683,195,64620,64620,0.0054402500391006,0.0067412820644676,0.9145848155021667,0.1418297737836837,0.1897435897435897,0.9261012491781724,ok,6b5eb84,5ad447b5,precomputed,0.5,1.0
reconstruction,Glasser,5,kernel_ridge,"kernel_ridge[alpha=10.0,gamma_mult=0.5]",FC,FC,SC,False,683,195,64620,64620,0.0055248527787625,-0.0041481549851596,0.913649320602417,0.1417037695646286,0.1538461538461538,0.921104536489152,ok,6b5eb84,2fbd012b,precomputed,0.5,10.0
reconstruction,Glasser,5,kernel_ridge,"kernel_ridge[alpha=0.1,gamma_mult=1.0]",FC,FC,SC,False,683,195,64620,64620,0.0057225143536925,-0.0467860363423824,0.909501850605011,0.1404979228973388,0.1487179487179487,0.90758711374096,ok,6b5eb84,705c1ae6,precomputed,1.0,0.1
reconstruction,Glasser,5,kernel_ridge,"kernel_ridge[alpha=1.0,gamma_mult=1.0]",FC,FC,SC,False,683,195,64620,64620,0.0054524797014892,0.0032573128119111,0.9142248034477234,0.1417119801044464,0.1794871794871795,0.9258119658119658,ok,6b5eb84,1156c9ab,precomputed,1.0,1.0
reconstruction,Glasser,5,kernel_ridge,"kernel_ridge[alpha=10.0,gamma_mult=1.0]",FC,FC,SC,False,683,195,64620,64620,0.0055081122554838,-0.0017190997023135,0.913869082927704,0.1415497958660125,0.1641025641025641,0.9223931623931624,ok,6b5eb84,17d0c2d7,precomputed,1.0,10.0
reconstruction,Glasser,5,kernel_ridge,"kernel_ridge[alpha=0.1,gamma_mult=2.0]",FC,FC,SC,False,683,195,64620,64620,0.0057725002989172,-0.0556610934436321,0.9086856245994568,0.1388590335845947,0.1333333333333333,0.912215647600263,ok,6b5eb84,402da343,precomputed,2.0,0.1
reconstruction,Glasser,5,kernel_ridge,"kernel_ridge[alpha=1.0,gamma_mult=2.0]",FC,FC,SC,False,683,195,64620,64620,0.0054791765287518,-0.0023078613448888,0.9136889576911926,0.1411709785461425,0.1743589743589743,0.9254963839579224,ok,6b5eb84,539a3198,precomputed,2.0,1.0
reconstruction,Glasser,5,kernel_ridge,"kernel_ridge[alpha=10.0,gamma_mult=2.0]",FC,FC,SC,False,683,195,64620,64620,0.0054937675595283,0.000294926634524,0.9140505790710448,0.1406536549329757,0.1692307692307692,0.9229454306377384,ok,6b5eb84,8f38839c,precomputed,2.0,10.0
reconstruction,Glasser,5,pca_pls,pca_pls,SC,SC,FC,False,683,195,64620,64620,0.0140760028734803,-0.0602979324758052,0.8324829339981079,0.0846335813403129,0.0564102564102564,0.7131623931623932,ok,6b5eb84,7ae94bbf,precomputed,,
reconstruction,Glasser,5,bayesian_ridge,bayesian_ridge,SC,SC,FC,False,683,195,64620,64620,0.0133080389350652,-0.0025363487657159,0.8421688675880432,0.1038569062948226,0.0564102564102564,0.7617357001972387,ok,6b5eb84,d523a463,precomputed,,
reconstruction,Glasser,5,kernel_ridge,"kernel_ridge[alpha=0.1,gamma_mult=0.5]",SC,SC,FC,False,683,195,64620,64620,0.0144020887091755,-0.0859770029783248,0.8286363482475281,0.0791208297014236,0.041025641025641,0.7268113083497698,ok,6b5eb84,eaffb0aa,precomputed,0.5,0.1
reconstruction,Glasser,5,kernel_ridge,"kernel_ridge[alpha=1.0,gamma_mult=0.5]",SC,SC,FC,False,683,195,64620,64620,0.0134146204218268,-0.0105291688814759,0.8407735228538513,0.0791038200259208,0.0512820512820512,0.7378040762656147,ok,6b5eb84,001232d9,precomputed,0.5,1.0
reconstruction,Glasser,5,kernel_ridge,"kernel_ridge[alpha=10.0,gamma_mult=0.5]",SC,SC,FC,False,683,195,64620,64620,0.0133935445919632,-0.0067587420344352,0.8410646319389343,0.0786800906062126,0.041025641025641,0.7353320184089415,ok,6b5eb84,a49a4994,precomputed,0.5,10.0
reconstruction,Glasser,5,kernel_ridge,"kernel_ridge[alpha=0.1,gamma_mult=1.0]",SC,SC,FC,False,683,195,64620,64620,0.0146202193573117,-0.1023726761341095,0.8260900974273682,0.0789262801408767,0.041025641025641,0.7270479947403025,ok,6b5eb84,9dd0e527,precomputed,1.0,0.1
reconstruction,Glasser,5,kernel_ridge,"kernel_ridge[alpha=1.0,gamma_mult=1.0]",SC,SC,FC,False,683,195,64620,64620,0.0135472621768713,-0.0210962854325771,0.8390888571739197,0.0791834443807601,0.0564102564102564,0.7373570019723865,ok,6b5eb84,b963840a,precomputed,1.0,1.0
reconstruction,Glasser,5,kernel_ridge,"kernel_ridge[alpha=10.0,gamma_mult=1.0]",SC,SC,FC,False,683,195,64620,64620,0.0133758690208196,-0.0057186968624591,0.8412973284721375,0.0785588398575782,0.0358974358974358,0.737146614069691,ok,6b5eb84,f6a7746d,precomputed,1.0,10.0
reconstruction,Glasser,5,kernel_ridge,"kernel_ridge[alpha=0.1,gamma_mult=2.0]",SC,SC,FC,False,683,195,64620,64620,0.0147076230496168,-0.1089572757482528,0.8250755667686462,0.0783637017011642,0.0461538461538461,0.7279158448389218,ok,6b5eb84,dc4e5789,precomputed,2.0,0.1
reconstruction,Glasser,5,kernel_ridge,"kernel_ridge[alpha=1.0,gamma_mult=2.0]",SC,SC,FC,False,683,195,64620,64620,0.013666508719325,-0.0303728599101305,0.8376073837280273,0.0791370272636413,0.0461538461538461,0.738698224852071,ok,6b5eb84,9818dba8,precomputed,2.0,1.0
reconstruction,Glasser,5,kernel_ridge,"kernel_ridge[alpha=10.0,gamma_mult=2.0]",SC,SC,FC,False,683,195,64620,64620,0.0133648486807942,-0.005151548422873,0.8414488434791565,0.07768564671278,0.0358974358974358,0.7404865220249836,ok,6b5eb84,38967dba,precomputed,2.0,10.0
reconstruction,Glasser,5,pca_pls,pca_pls,bv,bv,SC,False,683,195,16,64620,0.0053989151492714,0.0124980779364705,0.9139503836631776,0.1661073714494705,0.082051282051282,0.8576988823142669,ok,6b5eb84,38d8547e,precomputed,,
reconstruction,Glasser,5,bayesian_ridge,bayesian_ridge,bv,bv,SC,False,683,195,16,64620,0.0053506051190197,0.0230115577578544,0.9148038625717164,0.1719196736812591,0.0615384615384615,0.8437606837606838,ok,6b5eb84,0453af94,precomputed,,
reconstruction,Glasser,5,kernel_ridge,"kernel_ridge[alpha=0.1,gamma_mult=0.5]",bv,bv,SC,False,683,195,16,64620,0.0056823049671947,-0.0301888156682252,0.9092782139778136,0.1305538862943649,0.0769230769230769,0.7272846811308349,ok,6b5eb84,cf5356cc,precomputed,0.5,0.1
reconstruction,Glasser,5,kernel_ridge,"kernel_ridge[alpha=1.0,gamma_mult=0.5]",bv,bv,SC,False,683,195,16,64620,0.0054023279808461,0.0149327898398041,0.913982629776001,0.1612975746393203,0.0769230769230769,0.8574358974358974,ok,6b5eb84,e4634981,precomputed,0.5,1.0
reconstruction,Glasser,5,kernel_ridge,"kernel_ridge[alpha=10.0,gamma_mult=0.5]",bv,bv,SC,False,683,195,16,64620,0.0053848405368626,0.0205053221434354,0.9147301316261292,0.1666426211595535,0.1025641025641025,0.869112426035503,ok,6b5eb84,b33ec10f,precomputed,0.5,10.0
reconstruction,Glasser,5,kernel_ridge,"kernel_ridge[alpha=0.1,gamma_mult=1.0]",bv,bv,SC,False,683,195,16,64620,0.0059257363900542,-0.066665731370449,0.90531188249588,0.1107742339372634,0.0512820512820512,0.6701906640368179,ok,6b5eb84,d44a4d89,precomputed,1.0,0.1
reconstruction,Glasser,5,kernel_ridge,"kernel_ridge[alpha=1.0,gamma_mult=1.0]",bv,bv,SC,False,683,195,16,64620,0.0054633379913866,0.006187432911247,0.9129968881607056,0.1484996080398559,0.082051282051282,0.8336357659434582,ok,6b5eb84,63c808cb,precomputed,1.0,1.0
reconstruction,Glasser,5,kernel_ridge,"kernel_ridge[alpha=10.0,gamma_mult=1.0]",bv,bv,SC,False,683,195,16,64620,0.0053788241930305,0.0216210056096315,0.9147221446037292,0.1647165566682815,0.1025641025641025,0.8674293228139383,ok,6b5eb84,5c9bcb10,precomputed,1.0,10.0
reconstruction,Glasser,5,kernel_ridge,"kernel_ridge[alpha=0.1,gamma_mult=2.0]",bv,bv,SC,False,683,195,16,64620,0.0063114962540566,-0.1276545822620391,0.899278998374939,0.0899719446897506,0.0358974358974358,0.6346351084812623,ok,6b5eb84,4a8b0acd,precomputed,2.0,0.1
reconstruction,Glasser,5,kernel_ridge,"kernel_ridge[alpha=1.0,gamma_mult=2.0]",bv,bv,SC,False,683,195,16,64620,0.0055571878328919,-0.0076329023577272,0.911544144153595,0.1310398131608963,0.0615384615384615,0.8047863247863247,ok,6b5eb84,3bb309cb,precomputed,2.0,1.0
reconstruction,Glasser,5,kernel_ridge,"kernel_ridge[alpha=10.0,gamma_mult=2.0]",bv,bv,SC,False,683,195,16,64620,0.0053912820294499,0.0200884658843278,0.9145520329475404,0.1597365736961364,0.082051282051282,0.8562261669953978,ok,6b5eb84,6abb3d50,precomputed,2.0,10.0
reconstruction,Glasser,5,pca_pls,pca_pls,bv,bv,FC,False,683,195,16,64620,0.0135829048231244,-0.020450098440051,0.8384706377983093,0.0540122985839843,0.0051282051282051,0.6356344510190663,ok,6b5eb84,be50b1bb,precomputed,,
reconstruction,Glasser,5,bayesian_ridge,bayesian_ridge,bv,bv,FC,False,683,195,16,64620,0.0133747346699237,-0.0051649534143507,0.8412935733795166,0.0626951679587364,0.0153846153846153,0.6488888888888888,ok,6b5eb84,3eb6357b,precomputed,,
reconstruction,Glasser,5,kernel_ridge,"kernel_ridge[alpha=0.1,gamma_mult=0.5]",bv,bv,FC,False,683,195,16,64620,0.0141965514048933,-0.0653415322303772,0.8305821418762207,0.0530810318887233,0.0205128205128205,0.5990795529257067,ok,6b5eb84,7a36c6a1,precomputed,0.5,0.1
reconstruction,Glasser,5,kernel_ridge,"kernel_ridge[alpha=1.0,gamma_mult=0.5]",bv,bv,FC,False,683,195,16,64620,0.0135081466287374,-0.0150000490248203,0.8393460512161255,0.0654116719961166,0.0358974358974358,0.6617751479289941,ok,6b5eb84,8ad1db4d,precomputed,0.5,1.0
reconstruction,Glasser,5,kernel_ridge,"kernel_ridge[alpha=10.0,gamma_mult=0.5]",bv,bv,FC,False,683,195,16,64620,0.0133777894079685,-0.0054141944274306,0.8411500453948975,0.0647956430912017,0.0102564102564102,0.6718474687705457,ok,6b5eb84,3affa2fc,precomputed,0.5,10.0
reconstruction,Glasser,5,kernel_ridge,"kernel_ridge[alpha=0.1,gamma_mult=1.0]",bv,bv,FC,False,683,195,16,64620,0.0148373916745185,-0.1127950176596641,0.8227671980857849,0.0441164933145046,0.0256410256410256,0.5750427350427351,ok,6b5eb84,61ad78d8,precomputed,1.0,0.1
reconstruction,Glasser,5,kernel_ridge,"kernel_ridge[alpha=1.0,gamma_mult=1.0]",bv,bv,FC,False,683,195,16,64620,0.013631491921842,-0.0240937285125255,0.8376832008361816,0.0608007572591304,0.0358974358974358,0.6466272189349113,ok,6b5eb84,ea492f5a,precomputed,1.0,1.0
reconstruction,Glasser,5,kernel_ridge,"kernel_ridge[alpha=10.0,gamma_mult=1.0]",bv,bv,FC,False,683,195,16,64620,0.0133775118738412,-0.005418833810836,0.8411210179328918,0.0670619755983352,0.0205128205128205,0.6766600920447075,ok,6b5eb84,ddf467bd,precomputed,1.0,10.0
reconstruction,Glasser,5,kernel_ridge,"kernel_ridge[alpha=0.1,gamma_mult=2.0]",bv,bv,FC,False,683,195,16,64620,0.0158572327345609,-0.1883668750524521,0.8106544017791748,0.0350779183208942,0.0256410256410256,0.5599474030243261,ok,6b5eb84,baefcbfc,precomputed,2.0,0.1
reconstruction,Glasser,5,kernel_ridge,"kernel_ridge[alpha=1.0,gamma_mult=2.0]",bv,bv,FC,False,683,195,16,64620,0.0138546023517847,-0.0407005995512008,0.8347930312156677,0.0515866205096244,0.0358974358974358,0.6234582511505589,ok,6b5eb84,c5a6f24a,precomputed,2.0,1.0
reconstruction,Glasser,5,kernel_ridge,"kernel_ridge[alpha=10.0,gamma_mult=2.0]",bv,bv,FC,False,683,195,16,64620,0.0133878728374838,-0.0062140710651874,0.8409571051597595,0.0668179020285606,0.0256410256410256,0.672767915844839,ok,6b5eb84,0a677368,precomputed,2.0,10.0
reconstruction,Glasser,5,pca_pls,pca_pls,demo,demo,SC,False,683,195,10,64620,0.0054640029557049,0.004625417292118,0.9137030839920044,0.1439942568540573,0.0205128205128205,0.7728599605522682,ok,6b5eb84,cde95af8,precomputed,,
reconstruction,Glasser,5,bayesian_ridge,bayesian_ridge,demo,demo,SC,False,683,195,10,64620,0.0054185050539672,0.0125842206180095,0.914441466331482,0.1567753553390503,0.0205128205128205,0.7930571992110453,ok,6b5eb84,63f08dc4,precomputed,,
reconstruction,Glasser,5,kernel_ridge,"kernel_ridge[alpha=0.1,gamma_mult=0.5]",demo,demo,SC,False,683,195,10,64620,0.0055388654582202,-0.0082276305183768,0.9125125408172609,0.1348663568496704,0.0102564102564102,0.7243655489809335,ok,6b5eb84,0f2e6aef,precomputed,0.5,0.1
reconstruction,Glasser,5,kernel_ridge,"kernel_ridge[alpha=1.0,gamma_mult=0.5]",demo,demo,SC,False,683,195,10,64620,0.0054591856896877,0.004958467092365,0.9138135313987732,0.1452398002147674,0.0153846153846153,0.7758053911900066,ok,6b5eb84,2afad974,precomputed,0.5,1.0
reconstruction,Glasser,5,kernel_ridge,"kernel_ridge[alpha=10.0,gamma_mult=0.5]",demo,demo,SC,False,683,195,10,64620,0.0054405285045504,0.0091243190690875,0.9143096208572388,0.1485814601182937,0.0307692307692307,0.7969493754109138,ok,6b5eb84,8e4e5557,precomputed,0.5,10.0
reconstruction,Glasser,5,kernel_ridge,"kernel_ridge[alpha=0.1,gamma_mult=1.0]",demo,demo,SC,False,683,195,10,64620,0.0055825971066951,-0.0153890140354633,0.911819875240326,0.1296790540218353,0.0256410256410256,0.7050887573964497,ok,6b5eb84,90539218,precomputed,1.0,0.1
reconstruction,Glasser,5,kernel_ridge,"kernel_ridge[alpha=1.0,gamma_mult=1.0]",demo,demo,SC,False,683,195,10,64620,0.005484820343554,0.000864076660946,0.9133981466293336,0.1388856619596481,0.0153846153846153,0.7554240631163708,ok,6b5eb84,a1a32001,precomputed,1.0,1.0
reconstruction,Glasser,5,kernel_ridge,"kernel_ridge[alpha=10.0,gamma_mult=1.0]",demo,demo,SC,False,683,195,10,64620,0.00543899461627,0.0091192414984107,0.9142765998840332,0.1462889313697815,0.0102564102564102,0.796870479947403,ok,6b5eb84,9e5296eb,precomputed,1.0,10.0
reconstruction,Glasser,5,kernel_ridge,"kernel_ridge[alpha=0.1,gamma_mult=2.0]",demo,demo,SC,False,683,195,10,64620,0.0056327488273382,-0.0239570196717977,0.9110299944877625,0.1243157982826232,0.0358974358974358,0.6867061143984221,ok,6b5eb84,c2e9d50c,precomputed,2.0,0.1
reconstruction,Glasser,5,kernel_ridge,"kernel_ridge[alpha=1.0,gamma_mult=2.0]",demo,demo,SC,False,683,195,10,64620,0.005513179115951,-0.0035707484930753,0.9129424095153807,0.1326255947351455,0.0358974358974358,0.7350427350427351,ok,6b5eb84,3100f6f6,precomputed,2.0,1.0
reconstruction,Glasser,5,kernel_ridge,"kernel_ridge[alpha=10.0,gamma_mult=2.0]",demo,demo,SC,False,683,195,10,64620,0.0054446929134428,0.0082358634099364,0.914167582988739,0.1418003439903259,0.0051282051282051,0.7878238001314924,ok,6b5eb84,ac5ad916,precomputed,2.0,10.0
reconstruction,Glasser,5,pca_pls,pca_pls,demo,demo,FC,False,683,195,10,64620,0.0133789218962192,-0.0071535836905241,0.8412424921989441,0.1028946191072464,0.0153846153846153,0.6513872452333991,ok,6b5eb84,ba1033ea,precomputed,,
reconstruction,Glasser,5,bayesian_ridge,bayesian_ridge,demo,demo,FC,False,683,195,10,64620,0.0132612427696585,0.0022046042140573,0.8427144289016724,0.1108688190579414,0.0051282051282051,0.6528862590401052,ok,6b5eb84,961ce2ae,precomputed,,
reconstruction,Glasser,5,kernel_ridge,"kernel_ridge[alpha=0.1,gamma_mult=0.5]",demo,demo,FC,False,683,195,10,64620,0.0135683510452508,-0.0207441635429859,0.8387017846107483,0.0969607010483741,0.0102564102564102,0.650913872452334,ok,6b5eb84,07ee5751,precomputed,0.5,0.1
reconstruction,Glasser,5,kernel_ridge,"kernel_ridge[alpha=1.0,gamma_mult=0.5]",demo,demo,FC,False,683,195,10,64620,0.0133722648024559,-0.0063808453269302,0.8412577509880066,0.1032142862677574,0.0051282051282051,0.6511505588428665,ok,6b5eb84,7ebabb19,precomputed,0.5,1.0
reconstruction,Glasser,5,kernel_ridge,"kernel_ridge[alpha=10.0,gamma_mult=0.5]",demo,demo,FC,False,683,195,10,64620,0.0132664870470762,0.0016591778257861,0.8426377773284912,0.1077646315097808,0.0102564102564102,0.6559894806048652,ok,6b5eb84,42d24a1e,precomputed,0.5,10.0
reconstruction,Glasser,5,kernel_ridge,"kernel_ridge[alpha=0.1,gamma_mult=1.0]",demo,demo,FC,False,683,195,10,64620,0.013674366287887,-0.0284667070955038,0.8372493386268616,0.0941949412226677,0.0153846153846153,0.6459434582511505,ok,6b5eb84,520ef8d3,precomputed,1.0,0.1
reconstruction,Glasser,5,kernel_ridge,"kernel_ridge[alpha=1.0,gamma_mult=1.0]",demo,demo,FC,False,683,195,10,64620,0.0134377032518386,-0.0110931238159537,0.8403648734092712,0.0994496271014213,0.0205128205128205,0.6553320184089415,ok,6b5eb84,bb5e0f42,precomputed,1.0,1.0
reconstruction,Glasser,5,kernel_ridge,"kernel_ridge[alpha=10.0,gamma_mult=1.0]",demo,demo,FC,False,683,195,10,64620,0.0132832266390323,0.0004176302172709,0.8424103856086731,0.1053121015429496,0.0102564102564102,0.659197896120973,ok,6b5eb84,9c5f438b,precomputed,1.0,10.0
reconstruction,Glasser,5,kernel_ridge,"kernel_ridge[alpha=0.1,gamma_mult=2.0]",demo,demo,FC,False,683,195,10,64620,0.0138030005618929,-0.0377925671637058,0.8354824185371399,0.0901509225368499,0.0102564102564102,0.6295857988165681,ok,6b5eb84,368fbce1,precomputed,2.0,0.1
reconstruction,Glasser,5,kernel_ridge,"kernel_ridge[alpha=1.0,gamma_mult=2.0]",demo,demo,FC,False,683,195,10,64620,0.0135039463639259,-0.0158239286392927,0.8394544720649719,0.096043437719345,0.0256410256410256,0.6506771860618015,ok,6b5eb84,79205106,precomputed,2.0,1.0
reconstruction,Glasser,5,kernel_ridge,"kernel_ridge[alpha=10.0,gamma_mult=2.0]",demo,demo,FC,False,683,195,10,64620,0.0133054452016949,-0.0011424464173614,0.8420944809913635,0.1023958027362823,0.0205128205128205,0.6683497698882315,ok,6b5eb84,bce2ee58,precomputed,2.0,10.0
reconstruction,Glasser,5,pca_pls,pca_pls,bv+demo,bv+demo,SC,False,683,195,26,64620,0.0054199676960706,0.0067648785188794,0.9136233329772948,0.1762275248765945,0.123076923076923,0.8757133464825773,ok,6b5eb84,f2948d40,precomputed,,
reconstruction,Glasser,5,bayesian_ridge,bayesian_ridge,bv+demo,bv+demo,SC,False,683,195,26,64620,0.0053274584934115,0.0261289216578006,0.915187418460846,0.1880266666412353,0.0974358974358974,0.8851808021038791,ok,6b5eb84,7fe5fc8a,precomputed,,
reconstruction,Glasser,5,kernel_ridge,"kernel_ridge[alpha=0.1,gamma_mult=0.5]",bv+demo,bv+demo,SC,False,683,195,26,64620,0.0056484886445105,-0.0260108802467584,0.9098898768424988,0.1454083174467086,0.0769230769230769,0.7774095989480605,ok,6b5eb84,1357dce4,precomputed,0.5,0.1
reconstruction,Glasser,5,kernel_ridge,"kernel_ridge[alpha=1.0,gamma_mult=0.5]",bv+demo,bv+demo,SC,False,683,195,26,64620,0.0053820027969777,0.0168977957218885,0.9143604636192322,0.1754811555147171,0.0974358974358974,0.8910453648915188,ok,6b5eb84,b7e94eb6,precomputed,0.5,1.0
reconstruction,Glasser,5,kernel_ridge,"kernel_ridge[alpha=10.0,gamma_mult=0.5]",bv+demo,bv+demo,SC,False,683,195,26,64620,0.0053903278894722,0.0190991964191198,0.914884388446808,0.1771746575832367,0.0974358974358974,0.8936489151873768,ok,6b5eb84,3b6ef2da,precomputed,0.5,10.0
reconstruction,Glasser,5,kernel_ridge,"kernel_ridge[alpha=0.1,gamma_mult=1.0]",bv+demo,bv+demo,SC,False,683,195,26,64620,0.0059634163044393,-0.0732037276029586,0.9047669172286988,0.1186920180916786,0.0358974358974358,0.69922419460881,ok,6b5eb84,a21b3ff9,precomputed,1.0,0.1
reconstruction,Glasser,5,kernel_ridge,"kernel_ridge[alpha=1.0,gamma_mult=1.0]",bv+demo,bv+demo,SC,False,683,195,26,64620,0.0054294848814606,0.0099329594522714,0.9135907888412476,0.1649878025054931,0.0974358974358974,0.877396449704142,ok,6b5eb84,6b6404db,precomputed,1.0,1.0
reconstruction,Glasser,5,kernel_ridge,"kernel_ridge[alpha=10.0,gamma_mult=1.0]",bv+demo,bv+demo,SC,False,683,195,26,64620,0.0053731282241642,0.0217480566352605,0.914996325969696,0.1754853129386901,0.1179487179487179,0.8938330046022354,ok,6b5eb84,36254519,precomputed,1.0,10.0
reconstruction,Glasser,5,kernel_ridge,"kernel_ridge[alpha=0.1,gamma_mult=2.0]",bv+demo,bv+demo,SC,False,683,195,26,64620,0.0062854029238224,-0.1217557415366172,0.8997047543525696,0.0978158637881279,0.0153846153846153,0.6736620644312952,ok,6b5eb84,2aa9315a,precomputed,2.0,0.1
reconstruction,Glasser,5,kernel_ridge,"kernel_ridge[alpha=1.0,gamma_mult=2.0]",bv+demo,bv+demo,SC,False,683,195,26,64620,0.0055183665826916,-0.002513101324439,0.9122009873390198,0.1461478471755981,0.082051282051282,0.8519132149901381,ok,6b5eb84,b0ba10d4,precomputed,2.0,1.0
reconstruction,Glasser,5,kernel_ridge,"kernel_ridge[alpha=10.0,gamma_mult=2.0]",bv+demo,bv+demo,SC,False,683,195,26,64620,0.0053775836713612,0.0211206395179033,0.9149004220962524,0.1706830859184265,0.1128205128205128,0.8875739644970414,ok,6b5eb84,a6ad68d7,precomputed,2.0,10.0
reconstruction,Glasser,5,pca_pls,pca_pls,bv+demo,bv+demo,FC,False,683,195,26,64620,0.0135947223752737,-0.0229659602046012,0.8383899927139282,0.092795230448246,0.0256410256410256,0.6725575279421434,ok,6b5eb84,10bf0122,precomputed,,
reconstruction,Glasser,5,bayesian_ridge,bayesian_ridge,bv+demo,bv+demo,FC,False,683,195,26,64620,0.0132466172799468,0.003254149807617,0.8429045677185059,0.118823766708374,0.0051282051282051,0.69396449704142,ok,6b5eb84,94208e45,precomputed,,
reconstruction,Glasser,5,kernel_ridge,"kernel_ridge[alpha=0.1,gamma_mult=0.5]",bv+demo,bv+demo,FC,False,683,195,26,64620,0.0140432696789503,-0.0561394467949867,0.8325853943824768,0.0869430676102638,0.0307692307692307,0.6563313609467456,ok,6b5eb84,2657350e,precomputed,0.5,0.1
reconstruction,Glasser,5,kernel_ridge,"kernel_ridge[alpha=1.0,gamma_mult=0.5]",bv+demo,bv+demo,FC,False,683,195,26,64620,0.0134023306891322,-0.0086954189464449,0.8407639861106873,0.1031660437583923,0.041025641025641,0.7025378040762655,ok,6b5eb84,7138aba4,precomputed,0.5,1.0
reconstruction,Glasser,5,kernel_ridge,"kernel_ridge[alpha=10.0,gamma_mult=0.5]",bv+demo,bv+demo,FC,False,683,195,26,64620,0.0132693210616707,0.0017081926343962,0.8425347805023193,0.1037848442792892,0.0564102564102564,0.7110848126232742,ok,6b5eb84,bc932edd,precomputed,0.5,10.0
reconstruction,Glasser,5,kernel_ridge,"kernel_ridge[alpha=0.1,gamma_mult=1.0]",bv+demo,bv+demo,FC,False,683,195,26,64620,0.0148599548265337,-0.1164335012435913,0.8224636912345886,0.0704753771424293,0.0153846153846153,0.6228270874424721,ok,6b5eb84,6bdd2f9c,precomputed,1.0,0.1
reconstruction,Glasser,5,kernel_ridge,"kernel_ridge[alpha=1.0,gamma_mult=1.0]",bv+demo,bv+demo,FC,False,683,195,26,64620,0.0134943192824721,-0.0155680896714329,0.8395128846168518,0.0983418300747871,0.0564102564102564,0.6980933596318212,ok,6b5eb84,58f43021,precomputed,1.0,1.0
reconstruction,Glasser,5,kernel_ridge,"kernel_ridge[alpha=10.0,gamma_mult=1.0]",bv+demo,bv+demo,FC,False,683,195,26,64620,0.013258097693324,0.0023524884600192,0.842641294002533,0.1049203798174858,0.0564102564102564,0.7119263642340565,ok,6b5eb84,2020ffca,precomputed,1.0,10.0
reconstruction,Glasser,5,kernel_ridge,"kernel_ridge[alpha=0.1,gamma_mult=2.0]",bv+demo,bv+demo,FC,False,683,195,26,64620,0.0157053284347057,-0.1789167076349258,0.8122079968452454,0.0561158843338489,0.0153846153846153,0.6061012491781722,ok,6b5eb84,0559933e,precomputed,2.0,0.1
reconstruction,Glasser,5,kernel_ridge,"kernel_ridge[alpha=1.0,gamma_mult=2.0]",bv+demo,bv+demo,FC,False,683,195,26,64620,0.0137008177116513,-0.0309223383665084,0.8368087410926819,0.0860744565725326,0.041025641025641,0.6812623274161735,ok,6b5eb84,18bdeb2b,precomputed,2.0,1.0
reconstruction,Glasser,5,kernel_ridge,"kernel_ridge[alpha=10.0,gamma_mult=2.0]",bv+demo,bv+demo,FC,False,683,195,26,64620,0.0132671138271689,0.001623626681976,0.8424926996231079,0.1039919927716255,0.0615384615384615,0.7071926364234056,ok,6b5eb84,bb8ecfeb,precomputed,2.0,10.0
reconstruction,Glasser,5,pca_pls,pca_pls,FC+bv+demo,FC+bv+demo,SC,True,683,195,64646,64620,0.0054727653041481,-0.0045197657309472,0.9128087162971495,0.1825601458549499,0.1794871794871795,0.9225772518080212,ok,6b5eb84,d23de113,precomputed,,
reconstruction,Glasser,5,bayesian_ridge,bayesian_ridge,FC+bv+demo,FC+bv+demo,SC,True,683,195,64646,64620,0.005287405103445,0.0295929014682769,0.9159083962440492,0.206834003329277,0.1846153846153846,0.9385404339250492,ok,6b5eb84,1f200824,precomputed,,
reconstruction,Glasser,5,kernel_ridge,"kernel_ridge[alpha=0.1,gamma_mult=0.5]",FC+bv+demo,FC+bv+demo,SC,True,683,195,64646,64620,0.0055590611882507,-0.0206722468137741,0.9113919734954834,0.1817185580730438,0.2153846153846154,0.9410650887573964,ok,6b5eb84,e8dc9133,precomputed,0.5,0.1
reconstruction,Glasser,5,kernel_ridge,"kernel_ridge[alpha=1.0,gamma_mult=0.5]",FC+bv+demo,FC+bv+demo,SC,True,683,195,64646,64620,0.0052994103170931,0.0271886214613914,0.9157229661941528,0.20247782766819,0.3076923076923077,0.9628139381985537,ok,6b5eb84,0f9512fa,precomputed,0.5,1.0
reconstruction,Glasser,5,kernel_ridge,"kernel_ridge[alpha=10.0,gamma_mult=0.5]",FC+bv+demo,FC+bv+demo,SC,True,683,195,64646,64620,0.0054083345457911,0.0144845526665449,0.9145528674125672,0.1966175734996795,0.1794871794871795,0.9224983563445102,ok,6b5eb84,25df2f9e,precomputed,0.5,10.0
reconstruction,Glasser,5,kernel_ridge,"kernel_ridge[alpha=0.1,gamma_mult=1.0]",FC+bv+demo,FC+bv+demo,SC,True,683,195,64646,64620,0.0056349486112594,-0.0339511558413505,0.9101760983467102,0.1805132329463958,0.2102564102564102,0.9415384615384615,ok,6b5eb84,e48190bc,precomputed,1.0,0.1
reconstruction,Glasser,5,kernel_ridge,"kernel_ridge[alpha=1.0,gamma_mult=1.0]",FC+bv+demo,FC+bv+demo,SC,True,683,195,64646,64620,0.0053217196837067,0.021710792556405,0.915307641029358,0.1993547081947326,0.282051282051282,0.9616568047337278,ok,6b5eb84,5b79114e,precomputed,1.0,1.0
reconstruction,Glasser,5,kernel_ridge,"kernel_ridge[alpha=10.0,gamma_mult=1.0]",FC+bv+demo,FC+bv+demo,SC,True,683,195,64646,64620,0.0053681847639381,0.0203454066067934,0.9149553179740906,0.1991651058197021,0.2102564102564102,0.940276134122288,ok,6b5eb84,169e280f,precomputed,1.0,10.0
reconstruction,Glasser,5,kernel_ridge,"kernel_ridge[alpha=0.1,gamma_mult=2.0]",FC+bv+demo,FC+bv+demo,SC,True,683,195,64646,64620,0.0056771328672766,-0.0419041477143764,0.909558355808258,0.1826487183570861,0.1897435897435897,0.9485601577909272,ok,6b5eb84,ff101431,precomputed,2.0,0.1
reconstruction,Glasser,5,kernel_ridge,"kernel_ridge[alpha=1.0,gamma_mult=2.0]",FC+bv+demo,FC+bv+demo,SC,True,683,195,64646,64620,0.0053569581359624,0.0142003959044814,0.9147313833236694,0.1984981000423431,0.241025641025641,0.9617619986850756,ok,6b5eb84,cd5cc428,precomputed,2.0,1.0
reconstruction,Glasser,5,kernel_ridge,"kernel_ridge[alpha=10.0,gamma_mult=2.0]",FC+bv+demo,FC+bv+demo,SC,True,683,195,64646,64620,0.005340521223843,0.0241746231913566,0.9152381420135498,0.200059711933136,0.2512820512820513,0.950138067061144,ok,6b5eb84,34872d7a,precomputed,2.0,10.0
reconstruction,Glasser,5,pca_pls,pca_pls,SC+bv+demo,SC+bv+demo,FC,True,683,195,64646,64620,0.0139904990792274,-0.0543544217944145,0.8336855173110962,0.1015482023358345,0.0512820512820512,0.7386456278763971,ok,6b5eb84,0b22fdee,precomputed,,
reconstruction,Glasser,5,bayesian_ridge,bayesian_ridge,SC+bv+demo,SC+bv+demo,FC,True,683,195,64646,64620,0.0132351154461503,0.0024138696026057,0.8430428504943848,0.1226145401597023,0.0564102564102564,0.7783563445101906,ok,6b5eb84,f4ce6c67,precomputed,,
reconstruction,Glasser,5,kernel_ridge,"kernel_ridge[alpha=0.1,gamma_mult=0.5]",SC+bv+demo,SC+bv+demo,FC,True,683,195,64646,64620,0.0143311563879251,-0.0810735300183296,0.8294287919998169,0.0975068286061286,0.0615384615384615,0.753740959894806,ok,6b5eb84,672072fe,precomputed,0.5,0.1
reconstruction,Glasser,5,kernel_ridge,"kernel_ridge[alpha=1.0,gamma_mult=0.5]",SC+bv+demo,SC+bv+demo,FC,True,683,195,64646,64620,0.0132973883301019,-0.0024557777214795,0.8422412872314453,0.1120497062802314,0.0564102564102564,0.7806443129520053,ok,6b5eb84,5503d6df,precomputed,0.5,1.0
reconstruction,Glasser,5,kernel_ridge,"kernel_ridge[alpha=10.0,gamma_mult=0.5]",SC+bv+demo,SC+bv+demo,FC,True,683,195,64646,64620,0.0133305806666612,-0.0023865916300565,0.8418660759925842,0.1126991137862205,0.0615384615384615,0.7598685075608153,ok,6b5eb84,c62343f9,precomputed,0.5,10.0
reconstruction,Glasser,5,kernel_ridge,"kernel_ridge[alpha=0.1,gamma_mult=1.0]",SC+bv+demo,SC+bv+demo,FC,True,683,195,64646,64620,0.0145546980202198,-0.097787819802761,0.8267478942871094,0.0968881621956825,0.0666666666666666,0.7522945430637739,ok,6b5eb84,a057e0c5,precomputed,1.0,0.1
reconstruction,Glasser,5,kernel_ridge,"kernel_ridge[alpha=1.0,gamma_mult=1.0]",SC+bv+demo,SC+bv+demo,FC,True,683,195,64646,64620,0.013421194627881,-0.0123213697224855,0.8406506776809692,0.1094215959310531,0.0564102564102564,0.7793556870479947,ok,6b5eb84,96da7bb7,precomputed,1.0,1.0
reconstruction,Glasser,5,kernel_ridge,"kernel_ridge[alpha=10.0,gamma_mult=1.0]",SC+bv+demo,SC+bv+demo,FC,True,683,195,64646,64620,0.0132963918149471,-0.0002081387938233,0.8422948718070984,0.1148673221468925,0.0512820512820512,0.7678369493754109,ok,6b5eb84,eb2d2e1e,precomputed,1.0,10.0
reconstruction,Glasser,5,kernel_ridge,"kernel_ridge[alpha=0.1,gamma_mult=2.0]",SC+bv+demo,SC+bv+demo,FC,True,683,195,64646,64620,0.0145964734256267,-0.1009391248226165,0.8262616395950317,0.0983197018504142,0.0512820512820512,0.7562656147271531,ok,6b5eb84,f17871fb,precomputed,2.0,0.1
reconstruction,Glasser,5,kernel_ridge,"kernel_ridge[alpha=1.0,gamma_mult=2.0]",SC+bv+demo,SC+bv+demo,FC,True,683,195,64646,64620,0.0135319214314222,-0.0208955164998769,0.8392453789710999,0.1091115921735763,0.0512820512820512,0.7786719263642341,ok,6b5eb84,9166fbac,precomputed,2.0,1.0
reconstruction,Glasser,5,kernel_ridge,"kernel_ridge[alpha=10.0,gamma_mult=2.0]",SC+bv+demo,SC+bv+demo,FC,True,683,195,64646,64620,0.0132737755775451,0.001188788563013,0.8425696492195129,0.1162372380495071,0.0666666666666666,0.7732281393819855,ok,6b5eb84,3810bdee,precomputed,2.0,10.0
reconstruction,Glasser,5,pca_pls,pca_pls,FC,FC,FC,False,683,195,64620,64620,0.0108346110209822,0.171091616153717,0.8708438873291016,0.422903448343277,1.0,1.0,ok,6b5eb84,bde0e24b,precomputed,,
reconstruction,Glasser,5,bayesian_ridge,bayesian_ridge,FC,FC,FC,False,683,195,64620,64620,0.0071515804156661,0.4179680645465851,0.914852261543274,0.6739088296890259,1.0,1.0,ok,6b5eb84,0990deb3,precomputed,,
reconstruction,Glasser,5,kernel_ridge,"kernel_ridge[alpha=0.1,gamma_mult=0.5]",FC,FC,FC,False,683,195,64620,64620,0.0072772814892232,0.4128842651844024,0.913654327392578,0.6739001870155334,1.0,1.0,ok,6b5eb84,220bc494,precomputed,0.5,0.1
reconstruction,Glasser,5,kernel_ridge,"kernel_ridge[alpha=1.0,gamma_mult=0.5]",FC,FC,FC,False,683,195,64620,64620,0.0097466874867677,0.2480537593364715,0.8857917785644531,0.6738674640655518,1.0,1.0,ok,6b5eb84,82faf8ca,precomputed,0.5,1.0
reconstruction,Glasser,5,kernel_ridge,"kernel_ridge[alpha=10.0,gamma_mult=0.5]",FC,FC,FC,False,683,195,64620,64620,0.0127944955602288,0.0355982631444931,0.8485100865364075,0.6729769110679626,0.9743589743589745,0.9998685075608152,ok,6b5eb84,47f60926,precomputed,0.5,10.0
reconstruction,Glasser,5,kernel_ridge,"kernel_ridge[alpha=0.1,gamma_mult=1.0]",FC,FC,FC,False,683,195,64620,64620,0.0071894624270498,0.4173273742198944,0.9145393371582032,0.6738739013671875,1.0,1.0,ok,6b5eb84,9253eba6,precomputed,1.0,0.1
reconstruction,Glasser,5,kernel_ridge,"kernel_ridge[alpha=1.0,gamma_mult=1.0]",FC,FC,FC,False,683,195,64620,64620,0.0088123129680752,0.3121647536754608,0.8968498110771179,0.6737975478172302,1.0,1.0,ok,6b5eb84,6da38cae,precomputed,1.0,1.0
reconstruction,Glasser,5,kernel_ridge,"kernel_ridge[alpha=10.0,gamma_mult=1.0]",FC,FC,FC,False,683,195,64620,64620,0.0124166095629334,0.0620789378881454,0.8532290458679199,0.6722795367240906,0.9897435897435898,0.999947403024326,ok,6b5eb84,4741c603,precomputed,1.0,10.0
reconstruction,Glasser,5,kernel_ridge,"kernel_ridge[alpha=0.1,gamma_mult=2.0]",FC,FC,FC,False,683,195,64620,64620,0.0071778460405766,0.4173096120357513,0.9146605730056764,0.6737550497055054,1.0,1.0,ok,6b5eb84,dc125c62,precomputed,2.0,0.1
reconstruction,Glasser,5,kernel_ridge,"kernel_ridge[alpha=1.0,gamma_mult=2.0]",FC,FC,FC,False,683,195,64620,64620,0.0083015952259302,0.3467012643814087,0.902851104736328,0.6735047698020935,1.0,1.0,ok,6b5eb84,6bbc30ad,precomputed,2.0,1.0
reconstruction,Glasser,5,kernel_ridge,"kernel_ridge[alpha=10.0,gamma_mult=2.0]",FC,FC,FC,False,683,195,64620,64620,0.0120749585330486,0.0859623402357101,0.8575364351272583,0.6694769263267517,1.0,1.0,ok,6b5eb84,0de6d1e6,precomputed,2.0,10.0
reconstruction,Glasser,5,pca_pls,pca_pls,SC,SC,SC,False,683,195,64620,64620,0.0047952039167284,0.0352421589195728,0.9239270091056824,0.3660905957221985,1.0,1.0,ok,6b5eb84,1407af4e,precomputed,,
reconstruction,Glasser,5,bayesian_ridge,bayesian_ridge,SC,SC,SC,False,683,195,64620,64620,0.0031966529786586,0.0819000750780105,0.9498603940010072,0.6499424576759338,1.0,1.0,ok,6b5eb84,2fee39fa,precomputed,,
reconstruction,Glasser,5,kernel_ridge,"kernel_ridge[alpha=0.1,gamma_mult=0.5]",SC,SC,SC,False,683,195,64620,64620,0.003249853150919,0.1152711138129234,0.9491239190101624,0.6499316096305847,1.0,1.0,ok,6b5eb84,6985d523,precomputed,0.5,0.1
reconstruction,Glasser,5,kernel_ridge,"kernel_ridge[alpha=1.0,gamma_mult=0.5]",SC,SC,SC,False,683,195,64620,64620,0.0041812360286712,0.1080585867166519,0.9349592328071594,0.6498652696609497,1.0,1.0,ok,6b5eb84,e72070a7,precomputed,0.5,1.0
reconstruction,Glasser,5,kernel_ridge,"kernel_ridge[alpha=10.0,gamma_mult=0.5]",SC,SC,SC,False,683,195,64620,64620,0.0053179869428277,0.0141854453831911,0.9170167446136476,0.6461556553840637,1.0,1.0,ok,6b5eb84,f58fe8f2,precomputed,0.5,10.0
reconstruction,Glasser,5,kernel_ridge,"kernel_ridge[alpha=0.1,gamma_mult=1.0]",SC,SC,SC,False,683,195,64620,64620,0.0032187909819185,0.1043479517102241,0.9495747685432434,0.6498984694480896,1.0,1.0,ok,6b5eb84,b68af461,precomputed,1.0,0.1
reconstruction,Glasser,5,kernel_ridge,"kernel_ridge[alpha=1.0,gamma_mult=1.0]",SC,SC,SC,False,683,195,64620,64620,0.0038464404642581,0.1267071664333343,0.9401845932006836,0.649757981300354,1.0,1.0,ok,6b5eb84,0312eca8,precomputed,1.0,1.0
reconstruction,Glasser,5,kernel_ridge,"kernel_ridge[alpha=10.0,gamma_mult=1.0]",SC,SC,SC,False,683,195,64620,64620,0.00518265273422,0.0268367603421211,0.9191792607307434,0.6437035799026489,1.0,1.0,ok,6b5eb84,662094ce,precomputed,1.0,10.0
reconstruction,Glasser,5,kernel_ridge,"kernel_ridge[alpha=0.1,gamma_mult=2.0]",SC,SC,SC,False,683,195,64620,64620,0.0032198042608797,0.1022712737321853,0.9495791792869568,0.6497412919998169,1.0,1.0,ok,6b5eb84,1e3eb8db,precomputed,2.0,0.1
reconstruction,Glasser,5,kernel_ridge,"kernel_ridge[alpha=1.0,gamma_mult=2.0]",SC,SC,SC,False,683,195,64620,64620,0.0036839582026004,0.1323573738336563,0.9427490830421448,0.6492764949798584,1.0,1.0,ok,6b5eb84,c36f2bde,precomputed,2.0,1.0
reconstruction,Glasser,5,kernel_ridge,"kernel_ridge[alpha=10.0,gamma_mult=2.0]",SC,SC,SC,False,683,195,64620,64620,0.0050708753988146,0.0370194725692272,0.9209914207458496,0.6338520050048828,1.0,1.0,ok,6b5eb84,c1c00af1,precomputed,2.0,10.0
reconstruction,Glasser,6,pca_pls,pca_pls,FC,FC,SC,False,683,195,64620,64620,0.0054786172695457,-0.0296223126351833,0.9134926795959472,0.1335207670927047,0.1076923076923077,0.8564102564102565,ok,6b5eb84,8b1db92d,precomputed,,
reconstruction,Glasser,6,bayesian_ridge,bayesian_ridge,FC,FC,SC,False,683,195,64620,64620,0.0052418089471757,0.0163521878421306,0.917313814163208,0.171653538942337,0.1128205128205128,0.8809204470742933,ok,6b5eb84,133051b7,precomputed,,
reconstruction,Glasser,6,kernel_ridge,"kernel_ridge[alpha=0.1,gamma_mult=0.5]",FC,FC,SC,False,683,195,64620,64620,0.0055571822449564,-0.0463882312178611,0.9121499061584472,0.1352144032716751,0.1384615384615384,0.8849704142011834,ok,6b5eb84,9aa956b3,precomputed,0.5,0.1
reconstruction,Glasser,6,kernel_ridge,"kernel_ridge[alpha=1.0,gamma_mult=0.5]",FC,FC,SC,False,683,195,64620,64620,0.0053171822801232,0.004052544478327,0.9165170788764954,0.1354978382587433,0.1641025641025641,0.8970677186061802,ok,6b5eb84,15186b6b,precomputed,0.5,1.0
reconstruction,Glasser,6,kernel_ridge,"kernel_ridge[alpha=10.0,gamma_mult=0.5]",FC,FC,SC,False,683,195,64620,64620,0.0053910817950963,-0.0047411639243364,0.9157629609107972,0.1348099410533905,0.1538461538461538,0.8900723208415516,ok,6b5eb84,30c31764,precomputed,0.5,10.0
reconstruction,Glasser,6,kernel_ridge,"kernel_ridge[alpha=0.1,gamma_mult=1.0]",FC,FC,SC,False,683,195,64620,64620,0.0056360140442848,-0.0612185932695865,0.9108465909957886,0.1340937316417694,0.123076923076923,0.8829191321499014,ok,6b5eb84,23d60122,precomputed,1.0,0.1
reconstruction,Glasser,6,kernel_ridge,"kernel_ridge[alpha=1.0,gamma_mult=1.0]",FC,FC,SC,False,683,195,64620,64620,0.005336208269,-0.0012087733484804,0.9160471558570862,0.1353058069944381,0.1743589743589743,0.8972518080210388,ok,6b5eb84,43aa111c,precomputed,1.0,1.0
reconstruction,Glasser,6,kernel_ridge,"kernel_ridge[alpha=10.0,gamma_mult=1.0]",FC,FC,SC,False,683,195,64620,64620,0.0053753489628434,-0.0024238841142505,0.9159647822380066,0.1344103515148162,0.1641025641025641,0.8910716633793557,ok,6b5eb84,db64c3ca,precomputed,1.0,10.0
reconstruction,Glasser,6,kernel_ridge,"kernel_ridge[alpha=0.1,gamma_mult=2.0]",FC,FC,SC,False,683,195,64620,64620,0.0056893280707299,-0.0707766488194465,0.9099775552749634,0.132320299744606,0.123076923076923,0.8862853385930309,ok,6b5eb84,58373f23,precomputed,2.0,0.1
reconstruction,Glasser,6,kernel_ridge,"kernel_ridge[alpha=1.0,gamma_mult=2.0]",FC,FC,SC,False,683,195,64620,64620,0.0053676795214414,-0.0079906163737177,0.9154368042945862,0.1345652341842651,0.1692307692307692,0.8965154503616042,ok,6b5eb84,248427fa,precomputed,2.0,1.0
reconstruction,Glasser,6,kernel_ridge,"kernel_ridge[alpha=10.0,gamma_mult=2.0]",FC,FC,SC,False,683,195,64620,64620,0.0053626457229256,-0.0006522333133034,0.916118621826172,0.1328116655349731,0.1589743589743589,0.8902827087442472,ok,6b5eb84,d14d6aa6,precomputed,2.0,10.0
reconstruction,Glasser,6,pca_pls,pca_pls,SC,SC,FC,False,683,195,64620,64620,0.0141456993296742,-0.061983685940504,0.8307992815971375,0.0768642276525497,0.041025641025641,0.6870216962524656,ok,6b5eb84,18969cc7,precomputed,,
reconstruction,Glasser,6,bayesian_ridge,bayesian_ridge,SC,SC,FC,False,683,195,64620,64620,0.0134088620543479,-0.005118794273585,0.8401694297790527,0.0995394214987754,0.0564102564102564,0.7380144641683103,ok,6b5eb84,2eefe3b9,precomputed,,
reconstruction,Glasser,6,kernel_ridge,"kernel_ridge[alpha=0.1,gamma_mult=0.5]",SC,SC,FC,False,683,195,64620,64620,0.0145749393850564,-0.0941785126924514,0.8256422281265259,0.0718565434217453,0.0461538461538461,0.6847600262984879,ok,6b5eb84,805a724f,precomputed,0.5,0.1
reconstruction,Glasser,6,kernel_ridge,"kernel_ridge[alpha=1.0,gamma_mult=0.5]",SC,SC,FC,False,683,195,64620,64620,0.0135399652644991,-0.0148362824693322,0.8385277986526489,0.0721597000956535,0.0461538461538461,0.6964628533859303,ok,6b5eb84,67deafaa,precomputed,0.5,1.0
reconstruction,Glasser,6,kernel_ridge,"kernel_ridge[alpha=10.0,gamma_mult=0.5]",SC,SC,FC,False,683,195,64620,64620,0.0134920543059706,-0.0087134931236505,0.8391501307487488,0.0717047303915023,0.041025641025641,0.6983300460223537,ok,6b5eb84,d477b874,precomputed,0.5,10.0
reconstruction,Glasser,6,kernel_ridge,"kernel_ridge[alpha=0.1,gamma_mult=1.0]",SC,SC,FC,False,683,195,64620,64620,0.0148079106584191,-0.1116576120257377,0.8228909969329834,0.0710785910487175,0.0358974358974358,0.6848389217619987,ok,6b5eb84,ec20113b,precomputed,1.0,0.1
reconstruction,Glasser,6,kernel_ridge,"kernel_ridge[alpha=1.0,gamma_mult=1.0]",SC,SC,FC,False,683,195,64620,64620,0.0136852813884615,-0.0264653731137514,0.8366699814796448,0.0720185711979866,0.0512820512820512,0.6959368836291913,ok,6b5eb84,3f24aaf6,precomputed,1.0,1.0
reconstruction,Glasser,6,kernel_ridge,"kernel_ridge[alpha=10.0,gamma_mult=1.0]",SC,SC,FC,False,683,195,64620,64620,0.0134766586124897,-0.0078891292214393,0.8393562436103821,0.0714670345187187,0.041025641025641,0.6988034188034188,ok,6b5eb84,417a8eba,precomputed,1.0,10.0
reconstruction,Glasser,6,kernel_ridge,"kernel_ridge[alpha=0.1,gamma_mult=2.0]",SC,SC,FC,False,683,195,64620,64620,0.0149038592353463,-0.1188370212912559,0.8217933177947998,0.0699579268693924,0.0461538461538461,0.6860223537146615,ok,6b5eb84,48f7be69,precomputed,2.0,0.1
reconstruction,Glasser,6,kernel_ridge,"kernel_ridge[alpha=1.0,gamma_mult=2.0]",SC,SC,FC,False,683,195,64620,64620,0.0138129582628607,-0.0364339463412761,0.8350740075111389,0.0715322494506836,0.0564102564102564,0.6966732412886258,ok,6b5eb84,ce30c61a,precomputed,2.0,1.0
reconstruction,Glasser,6,kernel_ridge,"kernel_ridge[alpha=10.0,gamma_mult=2.0]",SC,SC,FC,False,683,195,64620,64620,0.0134678846225142,-0.007533558178693,0.8394808173179626,0.0703694298863411,0.0461538461538461,0.6996712689020381,ok,6b5eb84,89e2e2b4,precomputed,2.0,10.0
reconstruction,Glasser,6,pca_pls,pca_pls,bv,bv,SC,False,683,195,16,64620,0.00527532864362,0.0153928967192769,0.9159983396530152,0.1645650565624237,0.0666666666666666,0.860828402366864,ok,6b5eb84,5fb2ad72,precomputed,,
reconstruction,Glasser,6,bayesian_ridge,bayesian_ridge,bv,bv,SC,False,683,195,16,64620,0.005210870411247,0.0275831203907728,0.9171599745750428,0.1721529066562652,0.0512820512820512,0.8695595003287311,ok,6b5eb84,1cce188d,precomputed,,
reconstruction,Glasser,6,kernel_ridge,"kernel_ridge[alpha=0.1,gamma_mult=0.5]",bv,bv,SC,False,683,195,16,64620,0.0055316099897027,-0.0238124467432498,0.9116798639297484,0.1280821710824966,0.0461538461538461,0.7365417488494411,ok,6b5eb84,8fabdeba,precomputed,0.5,0.1
reconstruction,Glasser,6,kernel_ridge,"kernel_ridge[alpha=1.0,gamma_mult=0.5]",bv,bv,SC,False,683,195,16,64620,0.0052676890045404,0.019197978079319,0.9162004590034484,0.160740315914154,0.082051282051282,0.8588823142669296,ok,6b5eb84,84110c2e,precomputed,0.5,1.0
reconstruction,Glasser,6,kernel_ridge,"kernel_ridge[alpha=10.0,gamma_mult=0.5]",bv,bv,SC,False,683,195,16,64620,0.0052532851696014,0.0217698980122804,0.916879951953888,0.1658299714326858,0.0564102564102564,0.8699013806706115,ok,6b5eb84,8b3cc75f,precomputed,0.5,10.0
reconstruction,Glasser,6,kernel_ridge,"kernel_ridge[alpha=0.1,gamma_mult=1.0]",bv,bv,SC,False,683,195,16,64620,0.0057588475756347,-0.0606088005006313,0.9080025553703308,0.1062691286206245,0.0307692307692307,0.6735831689677844,ok,6b5eb84,7da192ca,precomputed,1.0,0.1
reconstruction,Glasser,6,kernel_ridge,"kernel_ridge[alpha=1.0,gamma_mult=1.0]",bv,bv,SC,False,683,195,16,64620,0.0053242142312228,0.0103305419906973,0.9152886867523192,0.1472103744745254,0.0512820512820512,0.8336357659434582,ok,6b5eb84,4d07d84b,precomputed,1.0,1.0
reconstruction,Glasser,6,kernel_ridge,"kernel_ridge[alpha=10.0,gamma_mult=1.0]",bv,bv,SC,False,683,195,16,64620,0.0052459766156971,0.0231383256614208,0.9168907999992372,0.1639483124017715,0.0769230769230769,0.8710059171597633,ok,6b5eb84,2b48b810,precomputed,1.0,10.0
reconstruction,Glasser,6,kernel_ridge,"kernel_ridge[alpha=0.1,gamma_mult=2.0]",bv,bv,SC,False,683,195,16,64620,0.0060924808494746,-0.1159942895174026,0.9027599096298218,0.0834268257021904,0.0102564102564102,0.6313214990138067,ok,6b5eb84,8b39162f,precomputed,2.0,0.1
reconstruction,Glasser,6,kernel_ridge,"kernel_ridge[alpha=1.0,gamma_mult=2.0]",bv,bv,SC,False,683,195,16,64620,0.0054176580160856,-0.0049295350909233,0.9138338565826416,0.1276932060718536,0.041025641025641,0.8006048652202499,ok,6b5eb84,3b49bfb8,precomputed,2.0,1.0
reconstruction,Glasser,6,kernel_ridge,"kernel_ridge[alpha=10.0,gamma_mult=2.0]",bv,bv,SC,False,683,195,16,64620,0.0052583725191652,0.0210966933518648,0.916708767414093,0.1583303809165954,0.0512820512820512,0.8619592373438527,ok,6b5eb84,805dccb7,precomputed,2.0,10.0
reconstruction,Glasser,6,pca_pls,pca_pls,bv,bv,FC,False,683,195,16,64620,0.0137066012248396,-0.0236797295510768,0.8362301588058472,0.044706504791975,0.0205128205128205,0.6131229454306377,ok,6b5eb84,9455cd87,precomputed,,
reconstruction,Glasser,6,bayesian_ridge,bayesian_ridge,bv,bv,FC,False,683,195,16,64620,0.0134718306362628,-0.0067777168005704,0.8394572734832764,0.0544266514480114,0.0102564102564102,0.6494674556213018,ok,6b5eb84,a68ed08d,precomputed,,
reconstruction,Glasser,6,kernel_ridge,"kernel_ridge[alpha=0.1,gamma_mult=0.5]",bv,bv,FC,False,683,195,16,64620,0.0143924513831734,-0.0748720914125442,0.827523410320282,0.0401448011398315,0.0102564102564102,0.5575805391190007,ok,6b5eb84,106200fd,precomputed,0.5,0.1
reconstruction,Glasser,6,kernel_ridge,"kernel_ridge[alpha=1.0,gamma_mult=0.5]",bv,bv,FC,False,683,195,16,64620,0.0136644737794995,-0.0209984518587589,0.8366120457649231,0.0514943823218345,0.0,0.6172781065088757,ok,6b5eb84,300e5543,precomputed,0.5,1.0
reconstruction,Glasser,6,kernel_ridge,"kernel_ridge[alpha=10.0,gamma_mult=0.5]",bv,bv,FC,False,683,195,16,64620,0.0134956873953342,-0.0085369879379868,0.8389615416526794,0.0527360774576664,0.0051282051282051,0.6337146614069691,ok,6b5eb84,455f53e9,precomputed,0.5,10.0
reconstruction,Glasser,6,kernel_ridge,"kernel_ridge[alpha=0.1,gamma_mult=1.0]",bv,bv,FC,False,683,195,16,64620,0.0149477580562233,-0.1160037294030189,0.8207798600196838,0.0368175245821476,0.0102564102564102,0.5419066403681788,ok,6b5eb84,a3534c22,precomputed,1.0,0.1
reconstruction,Glasser,6,kernel_ridge,"kernel_ridge[alpha=1.0,gamma_mult=1.0]",bv,bv,FC,False,683,195,16,64620,0.0137965679168701,-0.0309325419366359,0.8348333835601807,0.0484400764107704,0.0102564102564102,0.5997896120973044,ok,6b5eb84,dc961de8,precomputed,1.0,1.0
reconstruction,Glasser,6,kernel_ridge,"kernel_ridge[alpha=10.0,gamma_mult=1.0]",bv,bv,FC,False,683,195,16,64620,0.0135073876008391,-0.0094246147200465,0.8387610912322998,0.0543490871787071,0.0051282051282051,0.6318211702827088,ok,6b5eb84,e022dceb,precomputed,1.0,10.0
reconstruction,Glasser,6,kernel_ridge,"kernel_ridge[alpha=0.1,gamma_mult=2.0]",bv,bv,FC,False,683,195,16,64620,0.0157072804868221,-0.1719807088375091,0.8115566372871399,0.0339666381478309,0.0102564102564102,0.5396975673898752,ok,6b5eb84,a2ceb52a,precomputed,2.0,0.1
reconstruction,Glasser,6,kernel_ridge,"kernel_ridge[alpha=1.0,gamma_mult=2.0]",bv,bv,FC,False,683,195,16,64620,0.0140008814632892,-0.0461915507912635,0.8321465253829956,0.0438173525035381,0.0051282051282051,0.5840894148586456,ok,6b5eb84,ef55dcff,precomputed,2.0,1.0
reconstruction,Glasser,6,kernel_ridge,"kernel_ridge[alpha=10.0,gamma_mult=2.0]",bv,bv,FC,False,683,195,16,64620,0.0135222766548395,-0.0105857783928513,0.8385200500488281,0.055096261203289,0.0051282051282051,0.6236949375410914,ok,6b5eb84,3070bae7,precomputed,2.0,10.0
reconstruction,Glasser,6,pca_pls,pca_pls,demo,demo,SC,False,683,195,9,64620,0.0053792102262377,-0.0071002817712724,0.9153574109077454,0.1214413195848465,0.0205128205128205,0.7044575936883629,ok,6b5eb84,81a43118,precomputed,,
reconstruction,Glasser,6,bayesian_ridge,bayesian_ridge,demo,demo,SC,False,683,195,9,64620,0.0053327870555222,0.0019283386645838,0.91611909866333,0.1333673298358917,0.0153846153846153,0.6974621959237344,ok,6b5eb84,90091525,precomputed,,
reconstruction,Glasser,6,kernel_ridge,"kernel_ridge[alpha=0.1,gamma_mult=0.5]",demo,demo,SC,False,683,195,9,64620,0.005488509312272,-0.0271094627678394,0.9136460423469543,0.1070702001452446,0.0153846153846153,0.6498882314266929,ok,6b5eb84,33e6df6c,precomputed,0.5,0.1
reconstruction,Glasser,6,kernel_ridge,"kernel_ridge[alpha=1.0,gamma_mult=0.5]",demo,demo,SC,False,683,195,9,64620,0.005391152575612,-0.0096273366361856,0.9151626825332642,0.1173250451683998,0.0205128205128205,0.6856278763971071,ok,6b5eb84,d25afa2d,precomputed,0.5,1.0
reconstruction,Glasser,6,kernel_ridge,"kernel_ridge[alpha=10.0,gamma_mult=0.5]",demo,demo,SC,False,683,195,9,64620,0.0053411414846777,0.001829458749853,0.916005313396454,0.1229277402162551,0.0205128205128205,0.7246022353714661,ok,6b5eb84,99cbc650,precomputed,0.5,10.0
reconstruction,Glasser,6,kernel_ridge,"kernel_ridge[alpha=0.1,gamma_mult=1.0]",demo,demo,SC,False,683,195,9,64620,0.0055718175135552,-0.0410887040197849,0.9123671054840088,0.0987420082092285,0.0256410256410256,0.6299539776462852,ok,6b5eb84,5f12148d,precomputed,1.0,0.1
reconstruction,Glasser,6,kernel_ridge,"kernel_ridge[alpha=1.0,gamma_mult=1.0]",demo,demo,SC,False,683,195,9,64620,0.0054248520173132,-0.0158483441919088,0.914625883102417,0.1108965873718261,0.0256410256410256,0.6726627218934911,ok,6b5eb84,eba00a4f,precomputed,1.0,1.0
reconstruction,Glasser,6,kernel_ridge,"kernel_ridge[alpha=10.0,gamma_mult=1.0]",demo,demo,SC,False,683,195,9,64620,0.0053483895026147,-0.0002155902475351,0.9158807396888732,0.1185711473226547,0.0205128205128205,0.7137146614069692,ok,6b5eb84,ac00e8bc,precomputed,1.0,10.0
reconstruction,Glasser,6,kernel_ridge,"kernel_ridge[alpha=0.1,gamma_mult=2.0]",demo,demo,SC,False,683,195,9,64620,0.0056556034833192,-0.0552436038851738,0.9111019968986512,0.0927736535668373,0.0307692307692307,0.610387902695595,ok,6b5eb84,4735d42b,precomputed,2.0,0.1
reconstruction,Glasser,6,kernel_ridge,"kernel_ridge[alpha=1.0,gamma_mult=2.0]",demo,demo,SC,False,683,195,9,64620,0.0054712719283998,-0.0237402003258466,0.9138904809951782,0.1031508818268776,0.0102564102564102,0.6493096646942801,ok,6b5eb84,4d130e33,precomputed,2.0,1.0
reconstruction,Glasser,6,kernel_ridge,"kernel_ridge[alpha=10.0,gamma_mult=2.0]",demo,demo,SC,False,683,195,9,64620,0.0053592398762702,-0.002580001251772,0.915709674358368,0.1127859428524971,0.0307692307692307,0.7035634451019066,ok,6b5eb84,f4c32b6e,precomputed,2.0,10.0
reconstruction,Glasser,6,pca_pls,pca_pls,demo,demo,FC,False,683,195,9,64620,0.013433976098895,-0.0049490709789097,0.8395682573318481,0.1085565686225891,0.0153846153846153,0.6572781065088757,ok,6b5eb84,3d602c49,precomputed,,
reconstruction,Glasser,6,bayesian_ridge,bayesian_ridge,demo,demo,FC,False,683,195,9,64620,0.0133218700066208,0.0031924948561936,0.8410558700561523,0.1161739528179168,0.0205128205128205,0.6594345825115056,ok,6b5eb84,dda6d2d4,precomputed,,
reconstruction,Glasser,6,kernel_ridge,"kernel_ridge[alpha=0.1,gamma_mult=0.5]",demo,demo,FC,False,683,195,9,64620,0.0136758722364902,-0.0222715586423873,0.836421549320221,0.0948018282651901,0.0,0.6389480604865221,ok,6b5eb84,1f31baf7,precomputed,0.5,0.1
reconstruction,Glasser,6,kernel_ridge,"kernel_ridge[alpha=1.0,gamma_mult=0.5]",demo,demo,FC,False,683,195,9,64620,0.0134757906198501,-0.0078522088006138,0.8389956951141357,0.1030649617314338,0.0051282051282051,0.6572518080210388,ok,6b5eb84,0640908e,precomputed,0.5,1.0
reconstruction,Glasser,6,kernel_ridge,"kernel_ridge[alpha=10.0,gamma_mult=0.5]",demo,demo,FC,False,683,195,9,64620,0.0133549869060516,0.0009154403815045,0.84067302942276,0.1086544916033744,0.0153846153846153,0.6604076265614727,ok,6b5eb84,d454c334,precomputed,0.5,10.0
reconstruction,Glasser,6,kernel_ridge,"kernel_ridge[alpha=0.1,gamma_mult=1.0]",demo,demo,FC,False,683,195,9,64620,0.0138486614450812,-0.0349328108131885,0.8343175053596497,0.088932417333126,0.0051282051282051,0.6273504273504273,ok,6b5eb84,8b70bb3f,precomputed,1.0,0.1
reconstruction,Glasser,6,kernel_ridge,"kernel_ridge[alpha=1.0,gamma_mult=1.0]",demo,demo,FC,False,683,195,9,64620,0.0135467145591974,-0.0129545424133539,0.8380589485168457,0.0982668399810791,0.0051282051282051,0.6466535174227481,ok,6b5eb84,bbc8a51f,precomputed,1.0,1.0
reconstruction,Glasser,6,kernel_ridge,"kernel_ridge[alpha=10.0,gamma_mult=1.0]",demo,demo,FC,False,683,195,9,64620,0.0133706675842404,-0.0002518338442314,0.8404233455657959,0.1053009629249572,0.0358974358974358,0.6640631163708086,ok,6b5eb84,2d328814,precomputed,1.0,10.0
reconstruction,Glasser,6,kernel_ridge,"kernel_ridge[alpha=0.1,gamma_mult=2.0]",demo,demo,FC,False,683,195,9,64620,0.0140339620411396,-0.0486295074224472,0.8321208953857422,0.0834940522909164,0.0,0.6162524654832346,ok,6b5eb84,c28d22ee,precomputed,2.0,0.1
reconstruction,Glasser,6,kernel_ridge,"kernel_ridge[alpha=1.0,gamma_mult=2.0]",demo,demo,FC,False,683,195,9,64620,0.0136391203850507,-0.0196865107864141,0.8368827700614929,0.0926705673336982,0.0,0.6380802103879026,ok,6b5eb84,871a3290,precomputed,2.0,1.0
reconstruction,Glasser,6,kernel_ridge,"kernel_ridge[alpha=10.0,gamma_mult=2.0]",demo,demo,FC,False,683,195,9,64620,0.0133919836953282,-0.0018035029061138,0.8401102423667908,0.1011268720030784,0.0153846153846153,0.6577777777777778,ok,6b5eb84,c4ece19f,precomputed,2.0,10.0
reconstruction,Glasser,6,pca_pls,pca_pls,bv+demo,bv+demo,SC,False,683,195,25,64620,0.0053164539858698,0.0066336719319224,0.9153065085411072,0.1677358895540237,0.1282051282051282,0.8582774490466798,ok,6b5eb84,dc2d5705,precomputed,,
reconstruction,Glasser,6,bayesian_ridge,bayesian_ridge,bv+demo,bv+demo,SC,False,683,195,25,64620,0.0052031432278454,0.0267561078071594,0.9172837734222412,0.1807392239570617,0.1076923076923077,0.8748980933596319,ok,6b5eb84,5ffcbe09,precomputed,,
reconstruction,Glasser,6,kernel_ridge,"kernel_ridge[alpha=0.1,gamma_mult=0.5]",bv+demo,bv+demo,SC,False,683,195,25,64620,0.0055394312366843,-0.0284115448594093,0.9116026163101196,0.1366607993841171,0.0615384615384615,0.762051282051282,ok,6b5eb84,682ef1f9,precomputed,0.5,0.1
reconstruction,Glasser,6,kernel_ridge,"kernel_ridge[alpha=1.0,gamma_mult=0.5]",bv+demo,bv+demo,SC,False,683,195,25,64620,0.0052671460434794,0.0173619538545608,0.9162392616271972,0.1671990007162094,0.1487179487179487,0.8707692307692307,ok,6b5eb84,d2605c2c,precomputed,0.5,1.0
reconstruction,Glasser,6,kernel_ridge,"kernel_ridge[alpha=10.0,gamma_mult=0.5]",bv+demo,bv+demo,SC,False,683,195,25,64620,0.0052687213756144,0.0180843025445938,0.9168447852134703,0.1695060580968856,0.1384615384615384,0.8768967784352399,ok,6b5eb84,037fa8ed,precomputed,0.5,10.0
reconstruction,Glasser,6,kernel_ridge,"kernel_ridge[alpha=0.1,gamma_mult=1.0]",bv+demo,bv+demo,SC,False,683,195,25,64620,0.0058658621273934,-0.0821350067853927,0.9063431024551392,0.1077405288815498,0.0307692307692307,0.6739250493096647,ok,6b5eb84,f1e1bfe9,precomputed,1.0,0.1
reconstruction,Glasser,6,kernel_ridge,"kernel_ridge[alpha=1.0,gamma_mult=1.0]",bv+demo,bv+demo,SC,False,683,195,25,64620,0.0053143561817705,0.0095307184383273,0.9154782295227052,0.1559653133153915,0.1282051282051282,0.8537804076265615,ok,6b5eb84,2a446af0,precomputed,1.0,1.0
reconstruction,Glasser,6,kernel_ridge,"kernel_ridge[alpha=10.0,gamma_mult=1.0]",bv+demo,bv+demo,SC,False,683,195,25,64620,0.0052533787675201,0.0205850023776292,0.9169325828552246,0.167700782418251,0.1333333333333333,0.8766863905325444,ok,6b5eb84,f41c8cfa,precomputed,1.0,10.0
reconstruction,Glasser,6,kernel_ridge,"kernel_ridge[alpha=0.1,gamma_mult=2.0]",bv+demo,bv+demo,SC,False,683,195,25,64620,0.0061984458006918,-0.1368440091609954,0.901193916797638,0.0843394771218299,0.0102564102564102,0.6484418145956607,ok,6b5eb84,79220f7d,precomputed,2.0,0.1
reconstruction,Glasser,6,kernel_ridge,"kernel_ridge[alpha=1.0,gamma_mult=2.0]",bv+demo,bv+demo,SC,False,683,195,25,64620,0.0054089636541903,-0.0060768197290599,0.9140046238899232,0.1347887814044952,0.0717948717948717,0.8211176857330704,ok,6b5eb84,9034fc12,precomputed,2.0,1.0
reconstruction,Glasser,6,kernel_ridge,"kernel_ridge[alpha=10.0,gamma_mult=2.0]",bv+demo,bv+demo,SC,False,683,195,25,64620,0.0052603282965719,0.0191410593688488,0.9167941212654114,0.1619974374771118,0.1282051282051282,0.8659040105193951,ok,6b5eb84,3d1fb449,precomputed,2.0,10.0
reconstruction,Glasser,6,pca_pls,pca_pls,bv+demo,bv+demo,FC,False,683,195,25,64620,0.0136521831154823,-0.0211886167526245,0.8366951942443848,0.0976696088910102,0.0205128205128205,0.6655095332018409,ok,6b5eb84,15b367a0,precomputed,,
reconstruction,Glasser,6,bayesian_ridge,bayesian_ridge,bv+demo,bv+demo,FC,False,683,195,25,64620,0.0133199580013751,0.0029722021427005,0.8411272168159485,0.1172409057617187,0.0153846153846153,0.6790795529257068,ok,6b5eb84,40766083,precomputed,,
reconstruction,Glasser,6,kernel_ridge,"kernel_ridge[alpha=0.1,gamma_mult=0.5]",bv+demo,bv+demo,FC,False,683,195,25,64620,0.0142753655090928,-0.0661529377102851,0.828650712966919,0.0788677707314491,0.0205128205128205,0.619723865877712,ok,6b5eb84,7e4c6be0,precomputed,0.5,0.1
reconstruction,Glasser,6,kernel_ridge,"kernel_ridge[alpha=1.0,gamma_mult=0.5]",bv+demo,bv+demo,FC,False,683,195,25,64620,0.0135139310732483,-0.0111480820924043,0.838334321975708,0.1017937585711479,0.0153846153846153,0.6807626561472715,ok,6b5eb84,ab772889,precomputed,0.5,1.0
reconstruction,Glasser,6,kernel_ridge,"kernel_ridge[alpha=10.0,gamma_mult=0.5]",bv+demo,bv+demo,FC,False,683,195,25,64620,0.013369838707149,-0.0001033221415127,0.8404722809791565,0.1057828664779663,0.0153846153846153,0.6954372123602892,ok,6b5eb84,b6121567,precomputed,0.5,10.0
reconstruction,Glasser,6,kernel_ridge,"kernel_ridge[alpha=0.1,gamma_mult=1.0]",bv+demo,bv+demo,FC,False,683,195,25,64620,0.0151137318462133,-0.1271247118711471,0.8184664249420166,0.060420922935009,0.0051282051282051,0.584431295200526,ok,6b5eb84,d8a34d46,precomputed,1.0,0.1
reconstruction,Glasser,6,kernel_ridge,"kernel_ridge[alpha=1.0,gamma_mult=1.0]",bv+demo,bv+demo,FC,False,683,195,25,64620,0.0136220045387744,-0.0189164411276578,0.8368256688117981,0.0941738411784172,0.0205128205128205,0.6724786324786325,ok,6b5eb84,376c22a9,precomputed,1.0,1.0
reconstruction,Glasser,6,kernel_ridge,"kernel_ridge[alpha=10.0,gamma_mult=1.0]",bv+demo,bv+demo,FC,False,683,195,25,64620,0.0133591340854763,0.0005086006131023,0.8405123353004456,0.1051696985960006,0.0102564102564102,0.6964365548980933,ok,6b5eb84,dab0196b,precomputed,1.0,10.0
reconstruction,Glasser,6,kernel_ridge,"kernel_ridge[alpha=0.1,gamma_mult=2.0]",bv+demo,bv+demo,FC,False,683,195,25,64620,0.0158902965486049,-0.1843187808990478,0.8092876672744751,0.0457636155188083,0.0102564102564102,0.5673898750821827,ok,6b5eb84,aa579056,precomputed,2.0,0.1
reconstruction,Glasser,6,kernel_ridge,"kernel_ridge[alpha=1.0,gamma_mult=2.0]",bv+demo,bv+demo,FC,False,683,195,25,64620,0.0138317514210939,-0.0340543612837791,0.8340559005737305,0.0799593701958656,0.0102564102564102,0.6521761998685076,ok,6b5eb84,e32bae83,precomputed,2.0,1.0
reconstruction,Glasser,6,kernel_ridge,"kernel_ridge[alpha=10.0,gamma_mult=2.0]",bv+demo,bv+demo,FC,False,683,195,25,64620,0.0133657474070787,-3.700477827806026e-05,0.8403410911560059,0.1028884127736091,0.0205128205128205,0.6925706771860618,ok,6b5eb84,00cda9ec,precomputed,2.0,10.0
reconstruction,Glasser,6,pca_pls,pca_pls,FC+bv+demo,FC+bv+demo,SC,True,683,195,64645,64620,0.0053912010043859,-0.0159261301159858,0.9141833186149596,0.1667636930942535,0.1743589743589743,0.8966732412886259,ok,6b5eb84,861086cb,precomputed,,
reconstruction,Glasser,6,bayesian_ridge,bayesian_ridge,FC+bv+demo,FC+bv+demo,SC,True,683,195,64645,64620,0.0051768757402896,0.0268836449831724,0.9177798628807068,0.1960330307483673,0.1435897435897435,0.9133201840894148,ok,6b5eb84,1b06be9c,precomputed,,
reconstruction,Glasser,6,kernel_ridge,"kernel_ridge[alpha=0.1,gamma_mult=0.5]",FC+bv+demo,FC+bv+demo,SC,True,683,195,64645,64620,0.0054812650196254,-0.0348960161209106,0.9127094745635986,0.1701306402683258,0.2102564102564102,0.9182642998027614,ok,6b5eb84,b4a9e204,precomputed,0.5,0.1
reconstruction,Glasser,6,kernel_ridge,"kernel_ridge[alpha=1.0,gamma_mult=0.5]",FC+bv+demo,FC+bv+demo,SC,True,683,195,64645,64620,0.0051865186542272,0.0250209830701351,0.9176157116889954,0.1902772635221481,0.2615384615384615,0.9388034188034188,ok,6b5eb84,4bfe9a19,precomputed,0.5,1.0
reconstruction,Glasser,6,kernel_ridge,"kernel_ridge[alpha=10.0,gamma_mult=0.5]",FC+bv+demo,FC+bv+demo,SC,True,683,195,64645,64620,0.0052745905704796,0.0160960331559181,0.9167024493217468,0.1873019486665725,0.1538461538461538,0.9008547008547008,ok,6b5eb84,fd0929e2,precomputed,0.5,10.0
reconstruction,Glasser,6,kernel_ridge,"kernel_ridge[alpha=0.1,gamma_mult=1.0]",FC+bv+demo,FC+bv+demo,SC,True,683,195,64645,64620,0.0055634556338191,-0.0500134453177452,0.9113985300064088,0.1687683165073394,0.2102564102564102,0.917396449704142,ok,6b5eb84,35b0d6ed,precomputed,1.0,0.1
reconstruction,Glasser,6,kernel_ridge,"kernel_ridge[alpha=1.0,gamma_mult=1.0]",FC+bv+demo,FC+bv+demo,SC,True,683,195,64645,64620,0.0052172383293509,0.0172308962792158,0.9170714616775512,0.186999037861824,0.2512820512820513,0.9372781065088758,ok,6b5eb84,2e709ffb,precomputed,1.0,1.0
reconstruction,Glasser,6,kernel_ridge,"kernel_ridge[alpha=10.0,gamma_mult=1.0]",FC+bv+demo,FC+bv+demo,SC,True,683,195,64645,64620,0.005237600300461,0.0219728276133537,0.91708105802536,0.1893428713083267,0.1948717948717948,0.9167389875082184,ok,6b5eb84,a5db8710,precomputed,1.0,10.0
reconstruction,Glasser,6,kernel_ridge,"kernel_ridge[alpha=0.1,gamma_mult=2.0]",FC+bv+demo,FC+bv+demo,SC,True,683,195,64645,64620,0.0056080231443047,-0.058463517576456,0.9107484221458436,0.1705182343721389,0.1948717948717948,0.9206311637080868,ok,6b5eb84,1175227b,precomputed,2.0,0.1
reconstruction,Glasser,6,kernel_ridge,"kernel_ridge[alpha=1.0,gamma_mult=2.0]",FC+bv+demo,FC+bv+demo,SC,True,683,195,64645,64620,0.0052576246671378,0.0084135215729475,0.9164183139801024,0.1860202848911285,0.2256410256410256,0.936594345825115,ok,6b5eb84,93b49bc3,precomputed,2.0,1.0
reconstruction,Glasser,6,kernel_ridge,"kernel_ridge[alpha=10.0,gamma_mult=2.0]",FC+bv+demo,FC+bv+demo,SC,True,683,195,64645,64620,0.0052135232836008,0.0256473775953054,0.91733056306839,0.1899091601371765,0.2564102564102564,0.9255226824457594,ok,6b5eb84,9aa55c02,precomputed,2.0,10.0
reconstruction,Glasser,6,pca_pls,pca_pls,SC+bv+demo,SC+bv+demo,FC,True,683,195,64645,64620,0.0140530820935964,-0.0554738976061344,0.8319697380065918,0.0903928130865097,0.0256410256410256,0.7066140696909928,ok,6b5eb84,0b3a5c61,precomputed,,
reconstruction,Glasser,6,bayesian_ridge,bayesian_ridge,SC+bv+demo,SC+bv+demo,FC,True,683,195,64645,64620,0.0133433928713202,-0.00074024888454,0.8409569263458252,0.117568127810955,0.0512820512820512,0.7457462195923734,ok,6b5eb84,b253174f,precomputed,,
reconstruction,Glasser,6,kernel_ridge,"kernel_ridge[alpha=0.1,gamma_mult=0.5]",SC+bv+demo,SC+bv+demo,FC,True,683,195,64645,64620,0.0144649129360914,-0.0867855325341224,0.8269808292388916,0.0900637805461883,0.0717948717948717,0.7146088099934254,ok,6b5eb84,1e2dcec9,precomputed,0.5,0.1
reconstruction,Glasser,6,kernel_ridge,"kernel_ridge[alpha=1.0,gamma_mult=0.5]",SC+bv+demo,SC+bv+demo,FC,True,683,195,64645,64620,0.0134107312187552,-0.0057183285243809,0.8401433825492859,0.1060678958892822,0.0461538461538461,0.7446153846153847,ok,6b5eb84,69bda643,precomputed,0.5,1.0
reconstruction,Glasser,6,kernel_ridge,"kernel_ridge[alpha=10.0,gamma_mult=0.5]",SC+bv+demo,SC+bv+demo,FC,True,683,195,64645,64620,0.0134222209453582,-0.0036905070301145,0.840064287185669,0.1136509031057357,0.041025641025641,0.7647337278106509,ok,6b5eb84,2a02482b,precomputed,0.5,10.0
reconstruction,Glasser,6,kernel_ridge,"kernel_ridge[alpha=0.1,gamma_mult=1.0]",SC+bv+demo,SC+bv+demo,FC,True,683,195,64645,64620,0.014694707468152,-0.1041086465120315,0.8242329359054565,0.0891278162598609,0.0717948717948717,0.7132412886259041,ok,6b5eb84,16321d55,precomputed,1.0,0.1
reconstruction,Glasser,6,kernel_ridge,"kernel_ridge[alpha=1.0,gamma_mult=1.0]",SC+bv+demo,SC+bv+demo,FC,True,683,195,64645,64620,0.013545393012464,-0.016607716679573,0.8383978605270386,0.1024881601333618,0.041025641025641,0.7380407626561473,ok,6b5eb84,0bad07ae,precomputed,1.0,1.0
reconstruction,Glasser,6,kernel_ridge,"kernel_ridge[alpha=10.0,gamma_mult=1.0]",SC+bv+demo,SC+bv+demo,FC,True,683,195,64645,64620,0.0133883459493517,-0.0015485663898289,0.840496838092804,0.1144228428602218,0.0512820512820512,0.7654437869822486,ok,6b5eb84,6354544d,precomputed,1.0,10.0
reconstruction,Glasser,6,kernel_ridge,"kernel_ridge[alpha=0.1,gamma_mult=2.0]",SC+bv+demo,SC+bv+demo,FC,True,683,195,64645,64620,0.014747817069292,-0.1081271991133689,0.823625922203064,0.09026800096035,0.082051282051282,0.7150295857988165,ok,6b5eb84,e1a5ea31,precomputed,2.0,0.1
reconstruction,Glasser,6,kernel_ridge,"kernel_ridge[alpha=1.0,gamma_mult=2.0]",SC+bv+demo,SC+bv+demo,FC,True,683,195,64645,64620,0.0136612094938755,-0.0257202573120594,0.836920976638794,0.1018196493387222,0.0512820512820512,0.735595003287311,ok,6b5eb84,f484a7a7,precomputed,2.0,1.0
reconstruction,Glasser,6,kernel_ridge,"kernel_ridge[alpha=10.0,gamma_mult=2.0]",SC+bv+demo,SC+bv+demo,FC,True,683,195,64645,64620,0.0133662912994623,-0.0002323350781807,0.8407712578773499,0.1147452071309089,0.0564102564102564,0.7644444444444445,ok,6b5eb84,5261fe47,precomputed,2.0,10.0
reconstruction,Glasser,6,pca_pls,pca_pls,FC,FC,FC,False,683,195,64620,64620,0.0103584500029683,0.2091588973999023,0.8748664855957031,0.4681702554225921,1.0,1.0,ok,6b5eb84,a96e7cb0,precomputed,,
reconstruction,Glasser,6,bayesian_ridge,bayesian_ridge,FC,FC,FC,False,683,195,64620,64620,0.0073175872676074,0.4081767797470093,0.9123852849006652,0.6697273254394531,1.0,1.0,ok,6b5eb84,4406b7a1,precomputed,,
reconstruction,Glasser,6,kernel_ridge,"kernel_ridge[alpha=0.1,gamma_mult=0.5]",FC,FC,FC,False,683,195,64620,64620,0.0074374862015247,0.4035624265670776,0.9112396836280824,0.6697178483009338,1.0,1.0,ok,6b5eb84,b553d318,precomputed,0.5,0.1
reconstruction,Glasser,6,kernel_ridge,"kernel_ridge[alpha=1.0,gamma_mult=0.5]",FC,FC,FC,False,683,195,64620,64620,0.009849339723587,0.2441140264272689,0.8838513493537903,0.6696805357933044,1.0,1.0,ok,6b5eb84,13321a05,precomputed,0.5,1.0
reconstruction,Glasser,6,kernel_ridge,"kernel_ridge[alpha=10.0,gamma_mult=0.5]",FC,FC,FC,False,683,195,64620,64620,0.0128873204812407,0.0338578931987285,0.8466536998748779,0.668596625328064,0.9948717948717948,0.999973701512163,ok,6b5eb84,17aaacbe,precomputed,0.5,10.0
reconstruction,Glasser,6,kernel_ridge,"kernel_ridge[alpha=0.1,gamma_mult=1.0]",FC,FC,FC,False,683,195,64620,64620,0.0073543270118534,0.4076388776302337,0.9120790362358092,0.6696884036064148,1.0,1.0,ok,6b5eb84,1dd7ec32,precomputed,1.0,0.1
reconstruction,Glasser,6,kernel_ridge,"kernel_ridge[alpha=1.0,gamma_mult=1.0]",FC,FC,FC,False,683,195,64620,64620,0.0089408922940492,0.3059505224227905,0.8946301341056824,0.6696003675460815,1.0,1.0,ok,6b5eb84,aa65c1cc,precomputed,1.0,1.0
reconstruction,Glasser,6,kernel_ridge,"kernel_ridge[alpha=10.0,gamma_mult=1.0]",FC,FC,FC,False,683,195,64620,64620,0.0125151574611663,0.0597863234579563,0.8512933850288391,0.6677539348602295,1.0,1.0,ok,6b5eb84,32b6ce19,precomputed,1.0,10.0
reconstruction,Glasser,6,kernel_ridge,"kernel_ridge[alpha=0.1,gamma_mult=2.0]",FC,FC,FC,False,683,195,64620,64620,0.0073449709452688,0.4075169563293457,0.9121708869934082,0.669552206993103,1.0,1.0,ok,6b5eb84,4c895985,precomputed,2.0,0.1
reconstruction,Glasser,6,kernel_ridge,"kernel_ridge[alpha=1.0,gamma_mult=2.0]",FC,FC,FC,False,683,195,64620,64620,0.0084617119282484,0.3380828499794006,0.9002729654312134,0.6692582368850708,1.0,1.0,ok,6b5eb84,567312bd,precomputed,2.0,1.0
reconstruction,Glasser,6,kernel_ridge,"kernel_ridge[alpha=10.0,gamma_mult=2.0]",FC,FC,FC,False,683,195,64620,64620,0.0121920453384518,0.0822742134332656,0.8553534150123596,0.6643012166023254,1.0,1.0,ok,6b5eb84,ad0455f3,precomputed,2.0,10.0
reconstruction,Glasser,6,pca_pls,pca_pls,SC,SC,SC,False,683,195,64620,64620,0.0046480596065521,0.0437498427927494,0.9264382123947144,0.3732034564018249,1.0,1.0,ok,6b5eb84,aed9ce60,precomputed,,
reconstruction,Glasser,6,bayesian_ridge,bayesian_ridge,SC,SC,SC,False,683,195,64620,64620,0.0031283355783671,0.0756555274128913,0.9510377645492554,0.6488932371139526,1.0,1.0,ok,6b5eb84,f4a23cfd,precomputed,,
reconstruction,Glasser,6,kernel_ridge,"kernel_ridge[alpha=0.1,gamma_mult=0.5]",SC,SC,SC,False,683,195,64620,64620,0.0031772057991474,0.1121176183223724,0.9503599405288696,0.6488822102546692,1.0,1.0,ok,6b5eb84,08093048,precomputed,0.5,0.1
reconstruction,Glasser,6,kernel_ridge,"kernel_ridge[alpha=1.0,gamma_mult=0.5]",SC,SC,SC,False,683,195,64620,64620,0.0040702107362449,0.1120144575834274,0.9367703795433044,0.6488155126571655,1.0,1.0,ok,6b5eb84,55ecb05a,precomputed,0.5,1.0
reconstruction,Glasser,6,kernel_ridge,"kernel_ridge[alpha=10.0,gamma_mult=0.5]",SC,SC,SC,False,683,195,64620,64620,0.0051850783638656,0.0152001651003956,0.9191348552703856,0.6447826027870178,1.0,1.0,ok,6b5eb84,6e25b0a6,precomputed,0.5,10.0
reconstruction,Glasser,6,kernel_ridge,"kernel_ridge[alpha=0.1,gamma_mult=1.0]",SC,SC,SC,False,683,195,64620,64620,0.0031479005701839,0.0995950847864151,0.9507853388786316,0.6488484144210815,1.0,1.0,ok,6b5eb84,d59dd02b,precomputed,1.0,0.1
reconstruction,Glasser,6,kernel_ridge,"kernel_ridge[alpha=1.0,gamma_mult=1.0]",SC,SC,SC,False,683,195,64620,64620,0.003746640169993,0.130089670419693,0.9418256878852844,0.6487060189247131,1.0,1.0,ok,6b5eb84,84fd0661,precomputed,1.0,1.0
reconstruction,Glasser,6,kernel_ridge,"kernel_ridge[alpha=10.0,gamma_mult=1.0]",SC,SC,SC,False,683,195,64620,64620,0.0050516943447291,0.0286925267428159,0.9212756156921388,0.6421403884887695,1.0,1.0,ok,6b5eb84,6e65096c,precomputed,1.0,10.0
reconstruction,Glasser,6,kernel_ridge,"kernel_ridge[alpha=0.1,gamma_mult=2.0]",SC,SC,SC,False,683,195,64620,64620,0.0031486514490097,0.0970295593142509,0.9507920742034912,0.6486852169036865,1.0,1.0,ok,6b5eb84,2a2798c0,precomputed,2.0,0.1
reconstruction,Glasser,6,kernel_ridge,"kernel_ridge[alpha=1.0,gamma_mult=2.0]",SC,SC,SC,False,683,195,64620,64620,0.0035911183804273,0.1351311802864074,0.9442836046218872,0.6482065320014954,1.0,1.0,ok,6b5eb84,9948a0be,precomputed,2.0,1.0
reconstruction,Glasser,6,kernel_ridge,"kernel_ridge[alpha=10.0,gamma_mult=2.0]",SC,SC,SC,False,683,195,64620,64620,0.0049426928162574,0.0397063493728637,0.9230556488037108,0.631325900554657,1.0,1.0,ok,6b5eb84,bfb6553a,precomputed,2.0,10.0
reconstruction,Glasser,7,pca_pls,pca_pls,FC,FC,SC,False,683,195,64620,64620,0.005506295710802,-0.0141184767708182,0.9122567772865297,0.1335730701684951,0.1179487179487179,0.8674293228139383,ok,e8f290e,86980.0,precomputed,,
reconstruction,Glasser,7,bayesian_ridge,bayesian_ridge,FC,FC,SC,False,683,195,64620,64620,0.0052905031479895,0.0225037634372711,0.9158444404602052,0.1672500222921371,0.123076923076923,0.8932807363576595,ok,e8f290e,b21d3d9f,precomputed,,
reconstruction,Glasser,7,kernel_ridge,"kernel_ridge[alpha=0.1,gamma_mult=0.5]",FC,FC,SC,False,683,195,64620,64620,0.0056021008640527,-0.0312414299696683,0.9106577038764954,0.1301619261503219,0.1333333333333333,0.8878106508875739,ok,e8f290e,a0901574,precomputed,0.5,0.1
reconstruction,Glasser,7,kernel_ridge,"kernel_ridge[alpha=1.0,gamma_mult=0.5]",FC,FC,SC,False,683,195,64620,64620,0.0053627067245543,0.0075510763563215,0.9150044918060304,0.1303736716508865,0.1384615384615384,0.9052465483234714,ok,e8f290e,54739213,precomputed,0.5,1.0
reconstruction,Glasser,7,kernel_ridge,"kernel_ridge[alpha=10.0,gamma_mult=0.5]",FC,FC,SC,False,683,195,64620,64620,0.0054314262233674,-0.0038408106192946,0.9142780303955078,0.1287552863359451,0.1538461538461538,0.9011439842209072,ok,e8f290e,b8e85549,precomputed,0.5,10.0
reconstruction,Glasser,7,kernel_ridge,"kernel_ridge[alpha=0.1,gamma_mult=1.0]",FC,FC,SC,False,683,195,64620,64620,0.0056804246269166,-0.0440581291913986,0.9093570113182068,0.1290042996406555,0.1384615384615384,0.8859171597633136,ok,e8f290e,ecc000d9,precomputed,1.0,0.1
reconstruction,Glasser,7,kernel_ridge,"kernel_ridge[alpha=1.0,gamma_mult=1.0]",FC,FC,SC,False,683,195,64620,64620,0.0053826309740543,0.004351015202701,0.9145355820655824,0.1301811188459396,0.1333333333333333,0.9047731755424064,ok,e8f290e,5a565447,precomputed,1.0,1.0
reconstruction,Glasser,7,kernel_ridge,"kernel_ridge[alpha=10.0,gamma_mult=1.0]",FC,FC,SC,False,683,195,64620,64620,0.0054166219197213,-0.0014404184184968,0.9144740104675292,0.12802754342556,0.1384615384615384,0.902274819197896,ok,e8f290e,1db5739e,precomputed,1.0,10.0
reconstruction,Glasser,7,kernel_ridge,"kernel_ridge[alpha=0.1,gamma_mult=2.0]",FC,FC,SC,False,683,195,64620,64620,0.0057340273633599,-0.052916157990694,0.9084880948066713,0.1271744668483734,0.1384615384615384,0.888836291913215,ok,e8f290e,57357235,precomputed,2.0,0.1
reconstruction,Glasser,7,kernel_ridge,"kernel_ridge[alpha=1.0,gamma_mult=2.0]",FC,FC,SC,False,683,195,64620,64620,0.0054147052578628,-0.0009093433036468,0.9139268398284912,0.1293859928846359,0.1333333333333333,0.9063247863247864,ok,e8f290e,45b04e31,precomputed,2.0,1.0
reconstruction,Glasser,7,kernel_ridge,"kernel_ridge[alpha=10.0,gamma_mult=2.0]",FC,FC,SC,False,683,195,64620,64620,0.0054049408063292,0.0004040084313601,0.9146228432655334,0.1253734529018402,0.1487179487179487,0.902853385930309,ok,e8f290e,de0db3c7,precomputed,2.0,10.0
reconstruction,Glasser,7,pca_pls,pca_pls,SC,SC,FC,False,683,195,64620,64620,0.0145333623513579,-0.0499798618257045,0.8209017515182495,0.1009143069386482,0.0666666666666666,0.7385930309007231,ok,e8f290e,2be06fbf,precomputed,,
reconstruction,Glasser,7,bayesian_ridge,bayesian_ridge,SC,SC,FC,False,683,195,64620,64620,0.0138974348083138,-0.0034774132072925,0.8289336562156677,0.1155669763684272,0.0615384615384615,0.785456936226167,ok,e8f290e,4ab12c40,precomputed,,
reconstruction,Glasser,7,kernel_ridge,"kernel_ridge[alpha=0.1,gamma_mult=0.5]",SC,SC,FC,False,683,195,64620,64620,0.0149670056998729,-0.0832934752106666,0.8160498142242432,0.0890061780810356,0.082051282051282,0.7225509533201842,ok,e8f290e,050d7a15,precomputed,0.5,0.1
reconstruction,Glasser,7,kernel_ridge,"kernel_ridge[alpha=1.0,gamma_mult=0.5]",SC,SC,FC,False,683,195,64620,64620,0.0140216629952192,-0.0125868152827024,0.8273152709007263,0.0890812873840332,0.0358974358974358,0.7325443786982249,ok,e8f290e,8bcc17bb,precomputed,0.5,1.0
reconstruction,Glasser,7,kernel_ridge,"kernel_ridge[alpha=10.0,gamma_mult=0.5]",SC,SC,FC,False,683,195,64620,64620,0.0140389474108815,-0.0109722064808011,0.826903223991394,0.0889897346496582,0.0358974358974358,0.7334385272846811,ok,e8f290e,2f8fa71e,precomputed,0.5,10.0
reconstruction,Glasser,7,kernel_ridge,"kernel_ridge[alpha=0.1,gamma_mult=1.0]",SC,SC,FC,False,683,195,64620,64620,0.0151829421520233,-0.0992368087172508,0.8135501146316528,0.0886552259325981,0.0717948717948717,0.7251019066403681,ok,e8f290e,78e6b6cb,precomputed,1.0,0.1
reconstruction,Glasser,7,kernel_ridge,"kernel_ridge[alpha=1.0,gamma_mult=1.0]",SC,SC,FC,False,683,195,64620,64620,0.014142039231956,-0.0221598539501428,0.8259011507034302,0.0892729461193084,0.0512820512820512,0.7332807363576594,ok,e8f290e,0f8d3ce2,precomputed,1.0,1.0
reconstruction,Glasser,7,kernel_ridge,"kernel_ridge[alpha=10.0,gamma_mult=1.0]",SC,SC,FC,False,683,195,64620,64620,0.0140158711001276,-0.0096404906362295,0.827217161655426,0.0891272127628326,0.0358974358974358,0.7341485864562788,ok,e8f290e,37905f16,precomputed,1.0,10.0
reconstruction,Glasser,7,kernel_ridge,"kernel_ridge[alpha=0.1,gamma_mult=2.0]",SC,SC,FC,False,683,195,64620,64620,0.0152686722576618,-0.1056194975972175,0.8125763535499573,0.0879079774022102,0.0615384615384615,0.7287047994740303,ok,e8f290e,37c54e7c,precomputed,2.0,0.1
reconstruction,Glasser,7,kernel_ridge,"kernel_ridge[alpha=1.0,gamma_mult=2.0]",SC,SC,FC,False,683,195,64620,64620,0.0142520777881145,-0.0306173153221607,0.8246068954467773,0.0893660113215446,0.0564102564102564,0.7359894806048652,ok,e8f290e,47406e05,precomputed,2.0,1.0
reconstruction,Glasser,7,kernel_ridge,"kernel_ridge[alpha=10.0,gamma_mult=2.0]",SC,SC,FC,False,683,195,64620,64620,0.0139999501407146,-0.0087571581825613,0.8274443745613098,0.0887801125645637,0.0358974358974358,0.7366732412886259,ok,e8f290e,1241d82a,precomputed,2.0,10.0
reconstruction,Glasser,7,pca_pls,pca_pls,bv,bv,SC,False,683,195,16,64620,0.0053436700254678,0.0112757645547389,0.9143759608268738,0.1601983159780502,0.0615384615384615,0.8636423405654174,ok,e8f290e,504ef449,precomputed,,
reconstruction,Glasser,7,bayesian_ridge,bayesian_ridge,bv,bv,SC,False,683,195,16,64620,0.0052729854360222,0.0240360870957374,0.915501356124878,0.1655424386262893,0.082051282051282,0.8544115713346483,ok,e8f290e,25da76c7,precomputed,,
reconstruction,Glasser,7,kernel_ridge,"kernel_ridge[alpha=0.1,gamma_mult=0.5]",bv,bv,SC,False,683,195,16,64620,0.0056182704865932,-0.0321012213826179,0.9099168181419371,0.1275083422660827,0.0307692307692307,0.738750821827745,ok,e8f290e,defefe59,precomputed,0.5,0.1
reconstruction,Glasser,7,kernel_ridge,"kernel_ridge[alpha=1.0,gamma_mult=0.5]",bv,bv,SC,False,683,195,16,64620,0.0053223865106701,0.0158835612237453,0.9147360920906068,0.1582777798175811,0.1076923076923077,0.8703747534516766,ok,e8f290e,917580f7,precomputed,0.5,1.0
reconstruction,Glasser,7,kernel_ridge,"kernel_ridge[alpha=10.0,gamma_mult=0.5]",bv,bv,SC,False,683,195,16,64620,0.0053003216162323,0.0203981008380651,0.9154303669929504,0.1626517921686172,0.0871794871794871,0.886232741617357,ok,e8f290e,fc4164fd,precomputed,0.5,10.0
reconstruction,Glasser,7,kernel_ridge,"kernel_ridge[alpha=0.1,gamma_mult=1.0]",bv,bv,SC,False,683,195,16,64620,0.0058288373984396,-0.0622316263616085,0.9063961505889891,0.1072820797562599,0.0307692307692307,0.6768178829717291,ok,e8f290e,2f03855f,precomputed,1.0,0.1
reconstruction,Glasser,7,kernel_ridge,"kernel_ridge[alpha=1.0,gamma_mult=1.0]",bv,bv,SC,False,683,195,16,64620,0.0053771953098475,0.0083498442545533,0.9138585925102234,0.1457217931747436,0.0564102564102564,0.84465483234714,ok,e8f290e,bdc92811,precomputed,1.0,1.0
reconstruction,Glasser,7,kernel_ridge,"kernel_ridge[alpha=10.0,gamma_mult=1.0]",bv,bv,SC,False,683,195,16,64620,0.0052960184402763,0.0216070283204317,0.9154348373413086,0.1607389450073242,0.1128205128205128,0.8808941485864563,ok,e8f290e,79791e83,precomputed,1.0,10.0
reconstruction,Glasser,7,kernel_ridge,"kernel_ridge[alpha=0.1,gamma_mult=2.0]",bv,bv,SC,False,683,195,16,64620,0.0061459923163056,-0.1105638593435287,0.9013294577598572,0.086711011826992,0.0153846153846153,0.636370808678501,ok,e8f290e,ff80970d,precomputed,2.0,0.1
reconstruction,Glasser,7,kernel_ridge,"kernel_ridge[alpha=1.0,gamma_mult=2.0]",bv,bv,SC,False,683,195,16,64620,0.0054667117074131,-0.004551391582936,0.9124558568000792,0.1278658807277679,0.0307692307692307,0.8065483234714004,ok,e8f290e,ef9fadfe,precomputed,2.0,1.0
reconstruction,Glasser,7,kernel_ridge,"kernel_ridge[alpha=10.0,gamma_mult=2.0]",bv,bv,SC,False,683,195,16,64620,0.0053099365904927,0.0199765972793102,0.9152502417564392,0.1552325189113617,0.1076923076923077,0.8634845496383958,ok,e8f290e,c4b24156,precomputed,2.0,10.0
reconstruction,Glasser,7,pca_pls,pca_pls,bv,bv,FC,False,683,195,16,64620,0.0142811071127653,-0.0285370126366615,0.823815107345581,0.0458002053201198,0.0102564102564102,0.6352399737015122,ok,e8f290e,8820af7e,precomputed,,
reconstruction,Glasser,7,bayesian_ridge,bayesian_ridge,bv,bv,FC,False,683,195,16,64620,0.0140480622649192,-0.0112624354660511,0.8267713785171509,0.0445818305015563,0.0153846153846153,0.6656410256410257,ok,e8f290e,e9b9ab1e,precomputed,,
reconstruction,Glasser,7,kernel_ridge,"kernel_ridge[alpha=0.1,gamma_mult=0.5]",bv,bv,FC,False,683,195,16,64620,0.0150218652561306,-0.080944575369358,0.814630925655365,0.0297410991042852,0.0102564102564102,0.5749901380670611,ok,e8f290e,96384bd4,precomputed,0.5,0.1
reconstruction,Glasser,7,kernel_ridge,"kernel_ridge[alpha=1.0,gamma_mult=0.5]",bv,bv,FC,False,683,195,16,64620,0.0142685612663626,-0.0274155978113412,0.8239994645118713,0.0420224294066429,0.0102564102564102,0.6424983563445101,ok,e8f290e,0132d017,precomputed,0.5,1.0
reconstruction,Glasser,7,kernel_ridge,"kernel_ridge[alpha=10.0,gamma_mult=0.5]",bv,bv,FC,False,683,195,16,64620,0.0140801286324858,-0.0136949773877859,0.8263674974441528,0.0436680875718593,0.0,0.6562524654832347,ok,e8f290e,3e78dc07,precomputed,0.5,10.0
reconstruction,Glasser,7,kernel_ridge,"kernel_ridge[alpha=0.1,gamma_mult=1.0]",bv,bv,FC,False,683,195,16,64620,0.0155805200338363,-0.1206862404942512,0.8079916834831238,0.0228374227881431,0.0102564102564102,0.5500065746219592,ok,e8f290e,5bdb37b9,precomputed,1.0,0.1
reconstruction,Glasser,7,kernel_ridge,"kernel_ridge[alpha=1.0,gamma_mult=1.0]",bv,bv,FC,False,683,195,16,64620,0.0144071700051426,-0.037256583571434,0.8222978711128235,0.0364994779229164,0.0,0.6231952662721894,ok,e8f290e,e1f6b963,precomputed,1.0,1.0
reconstruction,Glasser,7,kernel_ridge,"kernel_ridge[alpha=10.0,gamma_mult=1.0]",bv,bv,FC,False,683,195,16,64620,0.0141021506860852,-0.0152567373588681,0.8261188268661499,0.0418310910463333,0.0051282051282051,0.6518080210387902,ok,e8f290e,28a02fdf,precomputed,1.0,10.0
reconstruction,Glasser,7,kernel_ridge,"kernel_ridge[alpha=0.1,gamma_mult=2.0]",bv,bv,FC,False,683,195,16,64620,0.0163811594247818,-0.1775320172309875,0.7984637022018433,0.0190061703324317,0.0102564102564102,0.5350164365548982,ok,e8f290e,3d4f9e88,precomputed,2.0,0.1
reconstruction,Glasser,7,kernel_ridge,"kernel_ridge[alpha=1.0,gamma_mult=2.0]",bv,bv,FC,False,683,195,16,64620,0.0146084185689687,-0.0515174940228462,0.8197410106658936,0.0294838100671768,0.0102564102564102,0.5955292570677186,ok,e8f290e,7faa65e5,precomputed,2.0,1.0
reconstruction,Glasser,7,kernel_ridge,"kernel_ridge[alpha=10.0,gamma_mult=2.0]",bv,bv,FC,False,683,195,16,64620,0.0141222979873418,-0.0166426990181207,0.8258768916130066,0.037958551198244,0.0102564102564102,0.6438921761998685,ok,e8f290e,ce9180c7,precomputed,2.0,10.0
reconstruction,Glasser,7,pca_pls,pca_pls,demo,demo,SC,False,683,195,8,64620,0.0053722644224762,0.0067131952382624,0.9146897792816162,0.1377537846565246,0.041025641025641,0.788560157790927,ok,e8f290e,4a4f2edc,precomputed,,
reconstruction,Glasser,7,bayesian_ridge,bayesian_ridge,demo,demo,SC,False,683,195,8,64620,0.0053483862429857,0.0121280970051884,0.915082573890686,0.1412897706031799,0.0256410256410256,0.7825378040762656,ok,e8f290e,aee00339,precomputed,,
reconstruction,Glasser,7,kernel_ridge,"kernel_ridge[alpha=0.1,gamma_mult=0.5]",demo,demo,SC,False,683,195,8,64620,0.0054649049416184,-0.0079796975478529,0.9131876826286316,0.1232138127088546,0.0102564102564102,0.7086653517422749,ok,e8f290e,6ae19493,precomputed,0.5,0.1
reconstruction,Glasser,7,kernel_ridge,"kernel_ridge[alpha=1.0,gamma_mult=0.5]",demo,demo,SC,False,683,195,8,64620,0.0053824628703296,0.0054986379109323,0.914511501789093,0.132928118109703,0.0102564102564102,0.7794608809993425,ok,e8f290e,64d55749,precomputed,0.5,1.0
reconstruction,Glasser,7,kernel_ridge,"kernel_ridge[alpha=10.0,gamma_mult=0.5]",demo,demo,SC,False,683,195,8,64620,0.0053542801178991,0.0104950638487935,0.9149972796440125,0.1364399790763855,0.0205128205128205,0.8029191321499014,ok,e8f290e,735199e2,precomputed,0.5,10.0
reconstruction,Glasser,7,kernel_ridge,"kernel_ridge[alpha=0.1,gamma_mult=1.0]",demo,demo,SC,False,683,195,8,64620,0.0055195288732647,-0.0168582983314991,0.912311315536499,0.1177664920687675,0.0205128205128205,0.6793951347797502,ok,e8f290e,493c99f2,precomputed,1.0,0.1
reconstruction,Glasser,7,kernel_ridge,"kernel_ridge[alpha=1.0,gamma_mult=1.0]",demo,demo,SC,False,683,195,8,64620,0.0054121278226375,0.0004569453012663,0.9140338897705078,0.1272181719541549,0.0102564102564102,0.747061143984221,ok,e8f290e,bc0d4066,precomputed,1.0,1.0
reconstruction,Glasser,7,kernel_ridge,"kernel_ridge[alpha=10.0,gamma_mult=1.0]",demo,demo,SC,False,683,195,8,64620,0.0053565790876746,0.0100347558036446,0.9149402976036072,0.1342343389987945,0.0205128205128205,0.8003944773175542,ok,e8f290e,c4d5be18,precomputed,1.0,10.0
reconstruction,Glasser,7,kernel_ridge,"kernel_ridge[alpha=0.1,gamma_mult=2.0]",demo,demo,SC,False,683,195,8,64620,0.0055748485028743,-0.0259659755975008,0.911432921886444,0.1126083359122276,0.0051282051282051,0.6576199868507562,ok,e8f290e,b8e84ede,precomputed,2.0,0.1
reconstruction,Glasser,7,kernel_ridge,"kernel_ridge[alpha=1.0,gamma_mult=2.0]",demo,demo,SC,False,683,195,8,64620,0.005446458235383,-0.0053152940236032,0.913478136062622,0.1213766857981681,0.0051282051282051,0.713767258382643,ok,e8f290e,46cd012c,precomputed,2.0,1.0
reconstruction,Glasser,7,kernel_ridge,"kernel_ridge[alpha=10.0,gamma_mult=2.0]",demo,demo,SC,False,683,195,8,64620,0.0053656678646802,0.0083299167454242,0.9147942662239076,0.129778578877449,0.0205128205128205,0.7896646942800789,ok,e8f290e,15ed7cd4,precomputed,2.0,10.0
reconstruction,Glasser,7,pca_pls,pca_pls,demo,demo,FC,False,683,195,8,64620,0.0138799287378788,-0.0015117523726075,0.8288276791572571,0.109736792743206,0.0102564102564102,0.6822353714661407,ok,e8f290e,d547654b,precomputed,,
reconstruction,Glasser,7,bayesian_ridge,bayesian_ridge,demo,demo,FC,False,683,195,8,64620,0.0137960966676473,0.0046534934081137,0.8299140930175781,0.1172209903597831,0.041025641025641,0.6771334648257725,ok,e8f290e,0e41a286,precomputed,,
reconstruction,Glasser,7,kernel_ridge,"kernel_ridge[alpha=0.1,gamma_mult=0.5]",demo,demo,FC,False,683,195,8,64620,0.014082801528275,-0.0152414599433541,0.8261373043060303,0.1013805866241455,0.0153846153846153,0.6822616699539776,ok,e8f290e,cf07ecd2,precomputed,0.5,0.1
reconstruction,Glasser,7,kernel_ridge,"kernel_ridge[alpha=1.0,gamma_mult=0.5]",demo,demo,FC,False,683,195,8,64620,0.0138903530314564,-0.0019759468268603,0.8285972476005554,0.1102751865983009,0.0205128205128205,0.6944378698224852,ok,e8f290e,cdf33ab3,precomputed,0.5,1.0
reconstruction,Glasser,7,kernel_ridge,"kernel_ridge[alpha=10.0,gamma_mult=0.5]",demo,demo,FC,False,683,195,8,64620,0.0138353742659091,0.0020868207793682,0.8293030858039856,0.1130781397223472,0.0102564102564102,0.6979881656804734,ok,e8f290e,447f04d4,precomputed,0.5,10.0
reconstruction,Glasser,7,kernel_ridge,"kernel_ridge[alpha=0.1,gamma_mult=1.0]",demo,demo,FC,False,683,195,8,64620,0.0142078259959816,-0.023910978808999,0.8246175050735474,0.0964366197586059,0.0153846153846153,0.6745825115055883,ok,e8f290e,d673a979,precomputed,1.0,0.1
reconstruction,Glasser,7,kernel_ridge,"kernel_ridge[alpha=1.0,gamma_mult=1.0]",demo,demo,FC,False,683,195,8,64620,0.013955008238554,-0.0063397828489542,0.8277507424354553,0.105938509106636,0.0256410256410256,0.689362261669954,ok,e8f290e,9621e8e5,precomputed,1.0,1.0
reconstruction,Glasser,7,kernel_ridge,"kernel_ridge[alpha=10.0,gamma_mult=1.0]",demo,demo,FC,False,683,195,8,64620,0.0138383377343416,0.0018333524931222,0.8292504549026489,0.1123389825224876,0.0256410256410256,0.6975673898750823,ok,e8f290e,4421f96f,precomputed,1.0,10.0
reconstruction,Glasser,7,kernel_ridge,"kernel_ridge[alpha=0.1,gamma_mult=2.0]",demo,demo,FC,False,683,195,8,64620,0.0143405832350254,-0.0332289226353168,0.823015570640564,0.0905438736081123,0.0153846153846153,0.6564891518737672,ok,e8f290e,25fa723d,precomputed,2.0,0.1
reconstruction,Glasser,7,kernel_ridge,"kernel_ridge[alpha=1.0,gamma_mult=2.0]",demo,demo,FC,False,683,195,8,64620,0.0140291787683963,-0.0113873900845646,0.8268129229545593,0.1008385866880416,0.0205128205128205,0.6824194608809994,ok,e8f290e,a6176e68,precomputed,2.0,1.0
reconstruction,Glasser,7,kernel_ridge,"kernel_ridge[alpha=10.0,gamma_mult=2.0]",demo,demo,FC,False,683,195,8,64620,0.0138593195006251,0.0004559404333122,0.8289607167243958,0.1095841452479362,0.0205128205128205,0.6918606180144642,ok,e8f290e,aebb8686,precomputed,2.0,10.0
reconstruction,Glasser,7,pca_pls,pca_pls,bv+demo,bv+demo,SC,False,683,195,24,64620,0.0053478456102311,0.0091304015368223,0.914302408695221,0.1745436042547226,0.1333333333333333,0.8954635108481263,ok,e8f290e,199c232d,precomputed,,
reconstruction,Glasser,7,bayesian_ridge,bayesian_ridge,bv+demo,bv+demo,SC,False,683,195,24,64620,0.005241229198873,0.0281363036483526,0.9160074591636658,0.186398908495903,0.1282051282051282,0.90543063773833,ok,e8f290e,643abcc1,precomputed,,
reconstruction,Glasser,7,kernel_ridge,"kernel_ridge[alpha=0.1,gamma_mult=0.5]",bv+demo,bv+demo,SC,False,683,195,24,64620,0.0055859549902379,-0.0303984899073839,0.9105096459388732,0.1481161713600158,0.0974358974358974,0.7908744247205786,ok,e8f290e,f6adeb78,precomputed,0.5,0.1
reconstruction,Glasser,7,kernel_ridge,"kernel_ridge[alpha=1.0,gamma_mult=0.5]",bv+demo,bv+demo,SC,False,683,195,24,64620,0.0052924989722669,0.0196180213242769,0.9152369499206544,0.1763966530561447,0.1692307692307692,0.9115844838921762,ok,e8f290e,c8734741,precomputed,0.5,1.0
reconstruction,Glasser,7,kernel_ridge,"kernel_ridge[alpha=10.0,gamma_mult=0.5]",bv+demo,bv+demo,SC,False,683,195,24,64620,0.0052998275496065,0.0198502577841281,0.9156195521354676,0.1772150248289108,0.1692307692307692,0.9188165680473372,ok,e8f290e,c93a5106,precomputed,0.5,10.0
reconstruction,Glasser,7,kernel_ridge,"kernel_ridge[alpha=0.1,gamma_mult=1.0]",bv+demo,bv+demo,SC,False,683,195,24,64620,0.0058799195103347,-0.074145920574665,0.9056460857391356,0.1210978180170059,0.0615384615384615,0.7057462195923734,ok,e8f290e,a22002de,precomputed,1.0,0.1
reconstruction,Glasser,7,kernel_ridge,"kernel_ridge[alpha=1.0,gamma_mult=1.0]",bv+demo,bv+demo,SC,False,683,195,24,64620,0.005338265094906,0.0129298269748687,0.9144957065582277,0.1662503629922866,0.1435897435897435,0.8965154503616042,ok,e8f290e,b617e8bf,precomputed,1.0,1.0
reconstruction,Glasser,7,kernel_ridge,"kernel_ridge[alpha=10.0,gamma_mult=1.0]",bv+demo,bv+demo,SC,False,683,195,24,64620,0.0052826153114438,0.0230233427137136,0.9157689809799194,0.1759586483240127,0.1641025641025641,0.9188691650230112,ok,e8f290e,f9f6bf88,precomputed,1.0,10.0
reconstruction,Glasser,7,kernel_ridge,"kernel_ridge[alpha=0.1,gamma_mult=2.0]",bv+demo,bv+demo,SC,False,683,195,24,64620,0.0061998455785214,-0.1199470981955528,0.9004856944084167,0.0982682630419731,0.0153846153846153,0.6731623931623931,ok,e8f290e,6d8f78a5,precomputed,2.0,0.1
reconstruction,Glasser,7,kernel_ridge,"kernel_ridge[alpha=1.0,gamma_mult=2.0]",bv+demo,bv+demo,SC,False,683,195,24,64620,0.0054267877712845,0.0004073426534887,0.9130821824073792,0.1472586542367935,0.0974358974358974,0.8625904010519395,ok,e8f290e,3c13a115,precomputed,2.0,1.0
reconstruction,Glasser,7,kernel_ridge,"kernel_ridge[alpha=10.0,gamma_mult=2.0]",bv+demo,bv+demo,SC,False,683,195,24,64620,0.0052867252379655,0.0228150505572557,0.9156824946403505,0.1713140606880188,0.1692307692307692,0.90913872452334,ok,e8f290e,6587f534,precomputed,2.0,10.0
reconstruction,Glasser,7,pca_pls,pca_pls,bv+demo,bv+demo,FC,False,683,195,24,64620,0.0141544211655855,-0.0218103043735027,0.8255398273468018,0.0961013808846473,0.0307692307692307,0.6819986850756081,ok,e8f290e,db617bac,precomputed,,
reconstruction,Glasser,7,bayesian_ridge,bayesian_ridge,bv+demo,bv+demo,FC,False,683,195,24,64620,0.0138038098812103,0.0040585147216916,0.8298078775405884,0.12176264077425,0.0153846153846153,0.7031426692965155,ok,e8f290e,169a095e,precomputed,,
reconstruction,Glasser,7,kernel_ridge,"kernel_ridge[alpha=0.1,gamma_mult=0.5]",bv+demo,bv+demo,FC,False,683,195,24,64620,0.0148032000288367,-0.0677891373634338,0.8170632123947144,0.0752867087721824,0.0358974358974358,0.6552794214332676,ok,e8f290e,9a734111,precomputed,0.5,0.1
reconstruction,Glasser,7,kernel_ridge,"kernel_ridge[alpha=1.0,gamma_mult=0.5]",bv+demo,bv+demo,FC,False,683,195,24,64620,0.01404560636729,-0.0136908143758773,0.8268072605133057,0.0963323712348938,0.0256410256410256,0.6947271531886916,ok,e8f290e,8a190ea8,precomputed,0.5,1.0
reconstruction,Glasser,7,kernel_ridge,"kernel_ridge[alpha=10.0,gamma_mult=0.5]",bv+demo,bv+demo,FC,False,683,195,24,64620,0.0139173241332173,-0.0033058819826692,0.8283419013023376,0.0987112000584602,0.0153846153846153,0.7069296515450361,ok,e8f290e,b32699c4,precomputed,0.5,10.0
reconstruction,Glasser,7,kernel_ridge,"kernel_ridge[alpha=0.1,gamma_mult=1.0]",bv+demo,bv+demo,FC,False,683,195,24,64620,0.0155952284112572,-0.1240780428051948,0.8074126243591309,0.0581652820110321,0.0256410256410256,0.6167258382642998,ok,e8f290e,9b139f93,precomputed,1.0,0.1
reconstruction,Glasser,7,kernel_ridge,"kernel_ridge[alpha=1.0,gamma_mult=1.0]",bv+demo,bv+demo,FC,False,683,195,24,64620,0.0141836674883961,-0.0234357919543981,0.825069785118103,0.0875730291008949,0.0307692307692307,0.6864431295200526,ok,e8f290e,fbac5c8c,precomputed,1.0,1.0
reconstruction,Glasser,7,kernel_ridge,"kernel_ridge[alpha=10.0,gamma_mult=1.0]",bv+demo,bv+demo,FC,False,683,195,24,64620,0.013917377218604,-0.0035258529242128,0.8283651471138,0.0965507477521896,0.0307692307692307,0.7029322813938199,ok,e8f290e,c129841e,precomputed,1.0,10.0
reconstruction,Glasser,7,kernel_ridge,"kernel_ridge[alpha=0.1,gamma_mult=2.0]",bv+demo,bv+demo,FC,False,683,195,24,64620,0.016400096938014,-0.1811349689960479,0.7981414794921875,0.0455342158675193,0.0153846153846153,0.595318869165023,ok,e8f290e,76d01ef3,precomputed,2.0,0.1
reconstruction,Glasser,7,kernel_ridge,"kernel_ridge[alpha=1.0,gamma_mult=2.0]",bv+demo,bv+demo,FC,False,683,195,24,64620,0.0144114326685667,-0.0394602268934249,0.8221871256828308,0.0734351351857185,0.0256410256410256,0.6673241288625904,ok,e8f290e,39de536a,precomputed,2.0,1.0
reconstruction,Glasser,7,kernel_ridge,"kernel_ridge[alpha=10.0,gamma_mult=2.0]",bv+demo,bv+demo,FC,False,683,195,24,64620,0.0139401666820049,-0.005135775078088,0.8280879259109497,0.0914824679493904,0.0205128205128205,0.6956738987508218,ok,e8f290e,81265edb,precomputed,2.0,10.0
reconstruction,Glasser,7,pca_pls,pca_pls,FC+bv+demo,FC+bv+demo,SC,True,683,195,64644,64620,0.005419781897217,-0.0043313046917319,0.9130286574363708,0.1704958081245422,0.1538461538461538,0.9146088099934254,ok,e8f290e,93209733,precomputed,,
reconstruction,Glasser,7,bayesian_ridge,bayesian_ridge,FC+bv+demo,FC+bv+demo,SC,True,683,195,64644,64620,0.0052169295959174,0.0314066186547279,0.9164171814918518,0.1983857750892639,0.1846153846153846,0.9317817225509532,ok,e8f290e,9b074e56,precomputed,,
reconstruction,Glasser,7,kernel_ridge,"kernel_ridge[alpha=0.1,gamma_mult=0.5]",FC+bv+demo,FC+bv+demo,SC,True,683,195,64644,64620,0.0055159367620944,-0.0204012542963027,0.9114344120025636,0.1711504757404327,0.2,0.93146614069691,ok,e8f290e,daa94a17,precomputed,0.5,0.1
reconstruction,Glasser,7,kernel_ridge,"kernel_ridge[alpha=1.0,gamma_mult=0.5]",FC+bv+demo,FC+bv+demo,SC,True,683,195,64644,64620,0.0052307453006505,0.0270946715027093,0.9161968231201172,0.1916702985763549,0.2974358974358974,0.9597107166337936,ok,e8f290e,f9361199,precomputed,0.5,1.0
reconstruction,Glasser,7,kernel_ridge,"kernel_ridge[alpha=10.0,gamma_mult=0.5]",FC+bv+demo,FC+bv+demo,SC,True,683,195,64644,64620,0.0053199459798634,0.0147831998765468,0.9151923656463624,0.186415746808052,0.123076923076923,0.914345825115056,ok,e8f290e,0307d345,precomputed,0.5,10.0
reconstruction,Glasser,7,kernel_ridge,"kernel_ridge[alpha=0.1,gamma_mult=1.0]",FC+bv+demo,FC+bv+demo,SC,True,683,195,64644,64620,0.0055955532006919,-0.0335514992475509,0.9101594090461732,0.1703807711601257,0.1692307692307692,0.9307297830374752,ok,e8f290e,2cf63796,precomputed,1.0,0.1
reconstruction,Glasser,7,kernel_ridge,"kernel_ridge[alpha=1.0,gamma_mult=1.0]",FC+bv+demo,FC+bv+demo,SC,True,683,195,64644,64620,0.0052597890608012,0.0216909945011138,0.9156968593597412,0.188518151640892,0.2615384615384615,0.9566600920447076,ok,e8f290e,7d830266,precomputed,1.0,1.0
reconstruction,Glasser,7,kernel_ridge,"kernel_ridge[alpha=10.0,gamma_mult=1.0]",FC+bv+demo,FC+bv+demo,SC,True,683,195,64644,64620,0.0052841817960143,0.0204809810966253,0.9155758619308472,0.1891358792781829,0.1794871794871795,0.9358842866535174,ok,e8f290e,ddc46e74,precomputed,1.0,10.0
reconstruction,Glasser,7,kernel_ridge,"kernel_ridge[alpha=0.1,gamma_mult=2.0]",FC+bv+demo,FC+bv+demo,SC,True,683,195,64644,64620,0.0056381099857389,-0.0411980003118515,0.9095407128334044,0.1726285815238952,0.1794871794871795,0.9370414201183432,ok,e8f290e,26892011,precomputed,2.0,0.1
reconstruction,Glasser,7,kernel_ridge,"kernel_ridge[alpha=1.0,gamma_mult=2.0]",FC+bv+demo,FC+bv+demo,SC,True,683,195,64644,64620,0.0052989795804023,0.014645910821855,0.915083348751068,0.1879781931638717,0.2205128205128205,0.9560552268244576,ok,e8f290e,22f903d4,precomputed,2.0,1.0
reconstruction,Glasser,7,kernel_ridge,"kernel_ridge[alpha=10.0,gamma_mult=2.0]",FC+bv+demo,FC+bv+demo,SC,True,683,195,64644,64620,0.0052609401755034,0.0241470374166965,0.9158381819725036,0.1901474744081497,0.2461538461538461,0.9472452333990796,ok,e8f290e,dfa9926d,precomputed,2.0,10.0
reconstruction,Glasser,7,pca_pls,pca_pls,SC+bv+demo,SC+bv+demo,FC,True,683,195,64644,64620,0.0144503256306052,-0.0441883616149425,0.8218629360198975,0.1139052361249923,0.0769230769230769,0.7494806048652203,ok,e8f290e,567f4938,precomputed,,
reconstruction,Glasser,7,bayesian_ridge,bayesian_ridge,SC+bv+demo,SC+bv+demo,FC,True,683,195,64644,64620,0.0137995695695281,0.0027411945629864,0.8300701379776001,0.1343577653169632,0.0666666666666666,0.7842735042735043,ok,e8f290e,a486ceed,precomputed,,
reconstruction,Glasser,7,kernel_ridge,"kernel_ridge[alpha=0.1,gamma_mult=0.5]",SC+bv+demo,SC+bv+demo,FC,True,683,195,64644,64620,0.0148445982486009,-0.0752322599291801,0.8173653483390808,0.1062051057815551,0.0717948717948717,0.7512689020381328,ok,e8f290e,5c9594ce,precomputed,0.5,0.1
reconstruction,Glasser,7,kernel_ridge,"kernel_ridge[alpha=1.0,gamma_mult=0.5]",SC+bv+demo,SC+bv+demo,FC,True,683,195,64644,64620,0.013872854411602,-0.0028112977743148,0.8290953040122986,0.1212728768587112,0.0615384615384615,0.7790664036817883,ok,e8f290e,8239a125,precomputed,0.5,1.0
reconstruction,Glasser,7,kernel_ridge,"kernel_ridge[alpha=10.0,gamma_mult=0.5]",SC+bv+demo,SC+bv+demo,FC,True,683,195,64644,64620,0.0139692155644297,-0.0063451356254518,0.8277736306190491,0.1220223680138588,0.0461538461538461,0.7833267587113741,ok,e8f290e,fdc88bb2,precomputed,0.5,10.0
reconstruction,Glasser,7,kernel_ridge,"kernel_ridge[alpha=0.1,gamma_mult=1.0]",SC+bv+demo,SC+bv+demo,FC,True,683,195,64644,64620,0.0150486249476671,-0.0903089120984077,0.8150140047073364,0.1059098839759826,0.0769230769230769,0.7543458251150559,ok,e8f290e,d525c9b9,precomputed,1.0,0.1
reconstruction,Glasser,7,kernel_ridge,"kernel_ridge[alpha=1.0,gamma_mult=1.0]",SC+bv+demo,SC+bv+demo,FC,True,683,195,64644,64620,0.0139801036566495,-0.0114673366770148,0.8278297781944275,0.1184510290622711,0.0666666666666666,0.7773044049967127,ok,e8f290e,3d3ba868,precomputed,1.0,1.0
reconstruction,Glasser,7,kernel_ridge,"kernel_ridge[alpha=10.0,gamma_mult=1.0]",SC+bv+demo,SC+bv+demo,FC,True,683,195,64644,64620,0.0139276068657636,-0.0038298103027045,0.8283098340034485,0.1235197633504867,0.0461538461538461,0.784404996712689,ok,e8f290e,4258ec2d,precomputed,1.0,10.0
reconstruction,Glasser,7,kernel_ridge,"kernel_ridge[alpha=0.1,gamma_mult=2.0]",SC+bv+demo,SC+bv+demo,FC,True,683,195,64644,64620,0.0150782661512494,-0.0927010029554367,0.8147603273391724,0.1078734472393989,0.0717948717948717,0.7619723865877712,ok,e8f290e,b8f63357,precomputed,2.0,0.1
reconstruction,Glasser,7,kernel_ridge,"kernel_ridge[alpha=1.0,gamma_mult=2.0]",SC+bv+demo,SC+bv+demo,FC,True,683,195,64644,64620,0.014076005667448,-0.0189538542181253,0.8267149329185486,0.1182119324803352,0.0769230769230769,0.7801709401709401,ok,e8f290e,20f8255f,precomputed,2.0,1.0
reconstruction,Glasser,7,kernel_ridge,"kernel_ridge[alpha=10.0,gamma_mult=2.0]",SC+bv+demo,SC+bv+demo,FC,True,683,195,64644,64620,0.0139018641784787,-0.0023563811555504,0.8286557197570801,0.1231669187545776,0.0461538461538461,0.7853254437869823,ok,e8f290e,ab268c76,precomputed,2.0,10.0
reconstruction,Glasser,7,pca_pls,pca_pls,FC,FC,FC,False,683,195,64620,64620,0.01008752733469,0.2506098449230194,0.8750780820846558,0.5100727677345276,1.0,1.0,ok,e8f290e,b8cde291,precomputed,,
reconstruction,Glasser,7,bayesian_ridge,bayesian_ridge,FC,FC,FC,False,683,195,64620,64620,0.0074265748262405,0.416355162858963,0.9091590046882628,0.6757948398590088,1.0,1.0,ok,e8f290e,64ba4166,precomputed,,
reconstruction,Glasser,7,kernel_ridge,"kernel_ridge[alpha=0.1,gamma_mult=0.5]",FC,FC,FC,False,683,195,64620,64620,0.0075567471794784,0.4114536643028259,0.907768189907074,0.6757857203483582,1.0,1.0,ok,e8f290e,b86dba4a,precomputed,0.5,0.1
reconstruction,Glasser,7,kernel_ridge,"kernel_ridge[alpha=1.0,gamma_mult=0.5]",FC,FC,FC,False,683,195,64620,64620,0.0101501122117042,0.2471836060285568,0.8761451244354248,0.6757562756538391,1.0,1.0,ok,e8f290e,cfa38843,precomputed,0.5,1.0
reconstruction,Glasser,7,kernel_ridge,"kernel_ridge[alpha=10.0,gamma_mult=0.5]",FC,FC,FC,False,683,195,64620,64620,0.013400824740529,0.0319186560809612,0.8349049091339111,0.6749200224876404,0.9282051282051282,0.9993951347797502,ok,e8f290e,b672615a,precomputed,0.5,10.0
reconstruction,Glasser,7,kernel_ridge,"kernel_ridge[alpha=0.1,gamma_mult=1.0]",FC,FC,FC,False,683,195,64620,64620,0.0074670347385108,0.4157171547412872,0.9087726473808287,0.6757568120956421,1.0,1.0,ok,e8f290e,532bd827,precomputed,1.0,0.1
reconstruction,Glasser,7,kernel_ridge,"kernel_ridge[alpha=1.0,gamma_mult=1.0]",FC,FC,FC,False,683,195,64620,64620,0.0091736996546387,0.3107921481132507,0.8884584307670593,0.6756899952888489,1.0,1.0,ok,e8f290e,61ddf7ab,precomputed,1.0,1.0
reconstruction,Glasser,7,kernel_ridge,"kernel_ridge[alpha=10.0,gamma_mult=1.0]",FC,FC,FC,False,683,195,64620,64620,0.0129998493939638,0.0586125962436199,0.8399852514266968,0.6742453575134277,0.964102564102564,0.9998159105851414,ok,e8f290e,4e506962,precomputed,1.0,10.0
reconstruction,Glasser,7,kernel_ridge,"kernel_ridge[alpha=0.1,gamma_mult=2.0]",FC,FC,FC,False,683,195,64620,64620,0.0074575007893145,0.4155784249305725,0.90889310836792,0.6756324172019958,1.0,1.0,ok,e8f290e,33a6b76f,precomputed,2.0,0.1
reconstruction,Glasser,7,kernel_ridge,"kernel_ridge[alpha=1.0,gamma_mult=2.0]",FC,FC,FC,False,683,195,64620,64620,0.0086560696363449,0.3440037667751312,0.894999086856842,0.6754075288772583,1.0,1.0,ok,e8f290e,4e0ff65f,precomputed,2.0,1.0
reconstruction,Glasser,7,kernel_ridge,"kernel_ridge[alpha=10.0,gamma_mult=2.0]",FC,FC,FC,False,683,195,64620,64620,0.0126464888453483,0.0820733234286308,0.8444979190826416,0.671498715877533,1.0,1.0,ok,e8f290e,013162e4,precomputed,2.0,10.0
reconstruction,Glasser,7,pca_pls,pca_pls,SC,SC,SC,False,683,195,64620,64620,0.0047109317965805,0.0454937294125556,0.9247996807098388,0.3658599853515625,1.0,1.0,ok,e8f290e,bf90ed01,precomputed,,
reconstruction,Glasser,7,bayesian_ridge,bayesian_ridge,SC,SC,SC,False,683,195,64620,64620,0.0031479448080062,0.0938681736588478,0.9502967000007628,0.6490035057067871,1.0,1.0,ok,e8f290e,74ee50b8,precomputed,,
reconstruction,Glasser,7,kernel_ridge,"kernel_ridge[alpha=0.1,gamma_mult=0.5]",SC,SC,SC,False,683,195,64620,64620,0.0031974001321941,0.1244370266795158,0.949593424797058,0.6489922404289246,1.0,1.0,ok,e8f290e,a2f5be46,precomputed,0.5,0.1
reconstruction,Glasser,7,kernel_ridge,"kernel_ridge[alpha=1.0,gamma_mult=0.5]",SC,SC,SC,False,683,195,64620,64620,0.0040959632024168,0.1128209233283996,0.9357051253318788,0.6489230990409851,1.0,1.0,ok,e8f290e,3e959db6,precomputed,0.5,1.0
reconstruction,Glasser,7,kernel_ridge,"kernel_ridge[alpha=10.0,gamma_mult=0.5]",SC,SC,SC,False,683,195,64620,64620,0.0052208150736987,0.0155273135751485,0.917730450630188,0.6448258757591248,1.0,1.0,ok,e8f290e,b90afd0f,precomputed,0.5,10.0
reconstruction,Glasser,7,kernel_ridge,"kernel_ridge[alpha=0.1,gamma_mult=1.0]",SC,SC,SC,False,683,195,64620,64620,0.0031682923436164,0.1142973154783248,0.9500259757041932,0.6489575505256653,1.0,1.0,ok,e8f290e,4747f01d,precomputed,1.0,0.1
reconstruction,Glasser,7,kernel_ridge,"kernel_ridge[alpha=1.0,gamma_mult=1.0]",SC,SC,SC,False,683,195,64620,64620,0.0037714641075581,0.1322813630104065,0.9408444166183472,0.6488131880760193,1.0,1.0,ok,e8f290e,b84073be,precomputed,1.0,1.0
reconstruction,Glasser,7,kernel_ridge,"kernel_ridge[alpha=10.0,gamma_mult=1.0]",SC,SC,SC,False,683,195,64620,64620,0.0050861667841672,0.0286716520786285,0.9199028611183168,0.6420705914497375,1.0,1.0,ok,e8f290e,984cdd0a,precomputed,1.0,10.0
reconstruction,Glasser,7,kernel_ridge,"kernel_ridge[alpha=0.1,gamma_mult=2.0]",SC,SC,SC,False,683,195,64620,64620,0.0031699300743639,0.1124086081981659,0.950022280216217,0.6487941741943359,1.0,1.0,ok,e8f290e,e518e89b,precomputed,2.0,0.1
reconstruction,Glasser,7,kernel_ridge,"kernel_ridge[alpha=1.0,gamma_mult=2.0]",SC,SC,SC,False,683,195,64620,64620,0.0036175744608044,0.1383630633354187,0.9433161616325378,0.6483062505722046,1.0,1.0,ok,e8f290e,13b2a1d9,precomputed,2.0,1.0
reconstruction,Glasser,7,kernel_ridge,"kernel_ridge[alpha=10.0,gamma_mult=2.0]",SC,SC,SC,False,683,195,64620,64620,0.0049766562879085,0.0391721352934837,0.9216938018798828,0.6308698058128357,1.0,1.0,ok,e8f290e,b2babf23,precomputed,2.0,10.0
reconstruction,Glasser,8,pca_pls,pca_pls,FC,FC,SC,False,683,195,64620,64620,0.005580130033195,-0.0209343433380126,0.9116998314857484,0.1399847567081451,0.1179487179487179,0.8811571334648258,ok,6b5eb84,53b86180,precomputed,,
reconstruction,Glasser,8,bayesian_ridge,bayesian_ridge,FC,FC,SC,False,683,195,64620,64620,0.0053658811375498,0.0178699977695941,0.9151963591575624,0.1652160584926605,0.0666666666666666,0.8940696909927679,ok,6b5eb84,97a4b29c,precomputed,,
reconstruction,Glasser,8,kernel_ridge,"kernel_ridge[alpha=0.1,gamma_mult=0.5]",FC,FC,SC,False,683,195,64620,64620,0.0056595457717776,-0.0325780659914016,0.9104041457176208,0.1376017183065414,0.1487179487179487,0.9047205785667324,ok,6b5eb84,c5821fc0,precomputed,0.5,0.1
reconstruction,Glasser,8,kernel_ridge,"kernel_ridge[alpha=1.0,gamma_mult=0.5]",FC,FC,SC,False,683,195,64620,64620,0.0054207257926464,0.0066739758476614,0.9145678281784058,0.1375759541988372,0.1692307692307692,0.9263905325443786,ok,6b5eb84,910cfd9b,precomputed,0.5,1.0
reconstruction,Glasser,8,kernel_ridge,"kernel_ridge[alpha=10.0,gamma_mult=0.5]",FC,FC,SC,False,683,195,64620,64620,0.0054971762001514,-0.0039906236343085,0.9137123823165894,0.1372397541999817,0.1641025641025641,0.9227087442472056,ok,6b5eb84,4e82d81e,precomputed,0.5,10.0
reconstruction,Glasser,8,kernel_ridge,"kernel_ridge[alpha=0.1,gamma_mult=1.0]",FC,FC,SC,False,683,195,64620,64620,0.0057330401614308,-0.0443745963275432,0.9092187881469728,0.1371105462312698,0.1384615384615384,0.9056673241288626,ok,6b5eb84,eb57fb2f,precomputed,1.0,0.1
reconstruction,Glasser,8,kernel_ridge,"kernel_ridge[alpha=1.0,gamma_mult=1.0]",FC,FC,SC,False,683,195,64620,64620,0.0054374416358768,0.0035347305238246,0.91416734457016,0.1376875191926956,0.1794871794871795,0.925759368836292,ok,6b5eb84,710d8398,precomputed,1.0,1.0
reconstruction,Glasser,8,kernel_ridge,"kernel_ridge[alpha=10.0,gamma_mult=1.0]",FC,FC,SC,False,683,195,64620,64620,0.005480813793838,-0.0015717246569693,0.9139302372932434,0.1371321678161621,0.1538461538461538,0.923602892833662,ok,6b5eb84,0c5747ae,precomputed,1.0,10.0
reconstruction,Glasser,8,kernel_ridge,"kernel_ridge[alpha=0.1,gamma_mult=2.0]",FC,FC,SC,False,683,195,64620,64620,0.0057771410793066,-0.0514313131570816,0.9085025787353516,0.1360193043947219,0.1435897435897435,0.9144510190664036,ok,6b5eb84,d644a76d,precomputed,2.0,0.1
reconstruction,Glasser,8,kernel_ridge,"kernel_ridge[alpha=1.0,gamma_mult=2.0]",FC,FC,SC,False,683,195,64620,64620,0.0054647689685225,-0.001113211386837,0.913647472858429,0.1375510990619659,0.1846153846153846,0.9275213675213676,ok,6b5eb84,23891ee5,precomputed,2.0,1.0
reconstruction,Glasser,8,kernel_ridge,"kernel_ridge[alpha=10.0,gamma_mult=2.0]",FC,FC,SC,False,683,195,64620,64620,0.0054669082164764,0.0004806720826309,0.9141095876693726,0.1361469030380249,0.1435897435897435,0.9237606837606838,ok,6b5eb84,56491c10,precomputed,2.0,10.0
reconstruction,Glasser,8,pca_pls,pca_pls,SC,SC,FC,False,683,195,64620,64620,0.0144965350627899,-0.0551062636077404,0.8307790756225586,0.0847632959485054,0.041025641025641,0.7249178172255095,ok,6b5eb84,faef2a18,precomputed,,
reconstruction,Glasser,8,bayesian_ridge,bayesian_ridge,SC,SC,FC,False,683,195,64620,64620,0.0137895587831735,-0.0033591848332434,0.8397364020347595,0.0998100191354751,0.0512820512820512,0.7474293228139381,ok,6b5eb84,f71ecff5,precomputed,,
reconstruction,Glasser,8,kernel_ridge,"kernel_ridge[alpha=0.1,gamma_mult=0.5]",SC,SC,FC,False,683,195,64620,64620,0.0148467747494578,-0.0819470435380935,0.8263329267501831,0.0792018175125122,0.0461538461538461,0.7196318211702827,ok,6b5eb84,9b59fd2c,precomputed,0.5,0.1
reconstruction,Glasser,8,kernel_ridge,"kernel_ridge[alpha=1.0,gamma_mult=0.5]",SC,SC,FC,False,683,195,64620,64620,0.0138809131458401,-0.0097716590389609,0.8385575413703918,0.0797399953007698,0.0307692307692307,0.7278895463510848,ok,6b5eb84,99467ffe,precomputed,0.5,1.0
reconstruction,Glasser,8,kernel_ridge,"kernel_ridge[alpha=10.0,gamma_mult=0.5]",SC,SC,FC,False,683,195,64620,64620,0.0138717480003833,-0.0065827635116875,0.8387424349784851,0.0783514231443405,0.0205128205128205,0.725733070348455,ok,6b5eb84,414f127c,precomputed,0.5,10.0
reconstruction,Glasser,8,kernel_ridge,"kernel_ridge[alpha=0.1,gamma_mult=1.0]",SC,SC,FC,False,683,195,64620,64620,0.0150791583582758,-0.0989260524511337,0.8235398530960083,0.0777642205357551,0.0358974358974358,0.7186850756081525,ok,6b5eb84,558a22f3,precomputed,1.0,0.1
reconstruction,Glasser,8,kernel_ridge,"kernel_ridge[alpha=1.0,gamma_mult=1.0]",SC,SC,FC,False,683,195,64620,64620,0.0140104871243238,-0.0199391245841979,0.8368697762489319,0.0794118642807006,0.0256410256410256,0.7282840236686391,ok,6b5eb84,21f4e222,precomputed,1.0,1.0
reconstruction,Glasser,8,kernel_ridge,"kernel_ridge[alpha=10.0,gamma_mult=1.0]",SC,SC,FC,False,683,195,64620,64620,0.0138538917526602,-0.0055966195650398,0.8389742970466614,0.0776581168174743,0.0205128205128205,0.7269690992767917,ok,6b5eb84,215ca7b0,precomputed,1.0,10.0
reconstruction,Glasser,8,kernel_ridge,"kernel_ridge[alpha=0.1,gamma_mult=2.0]",SC,SC,FC,False,683,195,64620,64620,0.0151825211942195,-0.1064562574028968,0.8223448991775513,0.0760166272521019,0.0307692307692307,0.7190006574621959,ok,6b5eb84,aaa33dc1,precomputed,2.0,0.1
reconstruction,Glasser,8,kernel_ridge,"kernel_ridge[alpha=1.0,gamma_mult=2.0]",SC,SC,FC,False,683,195,64620,64620,0.0141321318224072,-0.0291736107319593,0.835323691368103,0.0784710496664047,0.0307692307692307,0.7269690992767917,ok,6b5eb84,0e2eea3a,precomputed,2.0,1.0
reconstruction,Glasser,8,kernel_ridge,"kernel_ridge[alpha=10.0,gamma_mult=2.0]",SC,SC,FC,False,683,195,64620,64620,0.0138444527983665,-0.0051812771707773,0.8391038179397583,0.075321078300476,0.0205128205128205,0.7273635765943458,ok,6b5eb84,e5a993f8,precomputed,2.0,10.0
reconstruction,Glasser,8,pca_pls,pca_pls,bv,bv,SC,False,683,195,16,64620,0.0054175960831344,0.0123653002083301,0.9137981534004213,0.1589129269123077,0.1025641025641025,0.8633004602235371,ok,6b5eb84,5a904171,precomputed,,
reconstruction,Glasser,8,bayesian_ridge,bayesian_ridge,bv,bv,SC,False,683,195,16,64620,0.0053354077972471,0.0246210154145956,0.9150930643081664,0.1700280457735061,0.082051282051282,0.8819197896120973,ok,6b5eb84,60258ea4,precomputed,,
reconstruction,Glasser,8,kernel_ridge,"kernel_ridge[alpha=0.1,gamma_mult=0.5]",bv,bv,SC,False,683,195,16,64620,0.0056067453697323,-0.0123163145035505,0.9106212258338928,0.1295148730278015,0.0666666666666666,0.7689151873767258,ok,6b5eb84,3163d746,precomputed,0.5,0.1
reconstruction,Glasser,8,kernel_ridge,"kernel_ridge[alpha=1.0,gamma_mult=0.5]",bv,bv,SC,False,683,195,16,64620,0.0053746453486382,0.0203233771026134,0.9144347906112672,0.1588813811540603,0.0923076923076923,0.8816305062458909,ok,6b5eb84,71fab851,precomputed,0.5,1.0
reconstruction,Glasser,8,kernel_ridge,"kernel_ridge[alpha=10.0,gamma_mult=0.5]",bv,bv,SC,False,683,195,16,64620,0.0053728660568594,0.0193424820899963,0.9148206114768982,0.1621059775352478,0.0871794871794871,0.8874424720578566,ok,6b5eb84,63d62944,precomputed,0.5,10.0
reconstruction,Glasser,8,kernel_ridge,"kernel_ridge[alpha=0.1,gamma_mult=1.0]",bv,bv,SC,False,683,195,16,64620,0.0058208685368299,-0.0417209900915622,0.9071246981620787,0.1083353459835052,0.0153846153846153,0.6999079552925707,ok,6b5eb84,65237632,precomputed,1.0,0.1
reconstruction,Glasser,8,kernel_ridge,"kernel_ridge[alpha=1.0,gamma_mult=1.0]",bv,bv,SC,False,683,195,16,64620,0.0054232459515333,0.0146004799753427,0.913648247718811,0.147352859377861,0.0717948717948717,0.86232741617357,ok,6b5eb84,38d4f416,precomputed,1.0,1.0
reconstruction,Glasser,8,kernel_ridge,"kernel_ridge[alpha=10.0,gamma_mult=1.0]",bv,bv,SC,False,683,195,16,64620,0.005362335126847,0.0219842623919248,0.9148852229118348,0.1611967980861663,0.1076923076923077,0.8876002629848784,ok,6b5eb84,62e7af50,precomputed,1.0,10.0
reconstruction,Glasser,8,kernel_ridge,"kernel_ridge[alpha=0.1,gamma_mult=2.0]",bv,bv,SC,False,683,195,16,64620,0.0061468109488487,-0.0881759077310562,0.9019302129745485,0.0867090672254562,0.0153846153846153,0.6554635108481263,ok,6b5eb84,6514ff22,precomputed,2.0,0.1
reconstruction,Glasser,8,kernel_ridge,"kernel_ridge[alpha=1.0,gamma_mult=2.0]",bv,bv,SC,False,683,195,16,64620,0.0055115888826549,0.0032961883116513,0.9122399687767028,0.1290043592453003,0.0564102564102564,0.832215647600263,ok,6b5eb84,5e114adb,precomputed,2.0,1.0
reconstruction,Glasser,8,kernel_ridge,"kernel_ridge[alpha=10.0,gamma_mult=2.0]",bv,bv,SC,False,683,195,16,64620,0.005369993392378,0.0218548215925693,0.914758324623108,0.1564982235431671,0.0974358974358974,0.8768178829717291,ok,6b5eb84,480ae881,precomputed,2.0,10.0
reconstruction,Glasser,8,pca_pls,pca_pls,bv,bv,FC,False,683,195,16,64620,0.0142148295417428,-0.0306655522435903,0.8347635865211487,0.049652349203825,0.0,0.6176988823142668,ok,6b5eb84,31d60945,precomputed,,
reconstruction,Glasser,8,bayesian_ridge,bayesian_ridge,bv,bv,FC,False,683,195,16,64620,0.0138656022027134,-0.0057605984620749,0.8387116193771362,0.0602582767605781,0.0205128205128205,0.6473109796186719,ok,6b5eb84,27a98f79,precomputed,,
reconstruction,Glasser,8,kernel_ridge,"kernel_ridge[alpha=0.1,gamma_mult=0.5]",bv,bv,FC,False,683,195,16,64620,0.0146169736981391,-0.0585750490427017,0.8283016681671143,0.0410614311695098,0.0051282051282051,0.573990795529257,ok,6b5eb84,8c031826,precomputed,0.5,0.1
reconstruction,Glasser,8,kernel_ridge,"kernel_ridge[alpha=1.0,gamma_mult=0.5]",bv,bv,FC,False,683,195,16,64620,0.0140381595119833,-0.0176460891962051,0.8362881541252136,0.0494784899055957,0.0051282051282051,0.6196186719263642,ok,6b5eb84,87fc8c3e,precomputed,0.5,1.0
reconstruction,Glasser,8,kernel_ridge,"kernel_ridge[alpha=10.0,gamma_mult=0.5]",bv,bv,FC,False,683,195,16,64620,0.0138874454423785,-0.0071155978366732,0.8384328484535217,0.0507903173565864,0.0102564102564102,0.6350295857988166,ok,6b5eb84,c7ba7bbd,precomputed,0.5,10.0
reconstruction,Glasser,8,kernel_ridge,"kernel_ridge[alpha=0.1,gamma_mult=1.0]",bv,bv,FC,False,683,195,16,64620,0.0151410158723592,-0.0958400443196296,0.821528971195221,0.0360717624425888,0.0153846153846153,0.5526364234056542,ok,6b5eb84,588c8aef,precomputed,1.0,0.1
reconstruction,Glasser,8,kernel_ridge,"kernel_ridge[alpha=1.0,gamma_mult=1.0]",bv,bv,FC,False,683,195,16,64620,0.0141470385715365,-0.0253030434250831,0.8347449898719788,0.0457593128085136,0.0102564102564102,0.6054437869822485,ok,6b5eb84,0ec10b97,precomputed,1.0,1.0
reconstruction,Glasser,8,kernel_ridge,"kernel_ridge[alpha=10.0,gamma_mult=1.0]",bv,bv,FC,False,683,195,16,64620,0.0139007838442921,-0.0080010872334241,0.8382285237312317,0.0512901693582534,0.0051282051282051,0.6370808678500985,ok,6b5eb84,18c19b2a,precomputed,1.0,10.0
reconstruction,Glasser,8,kernel_ridge,"kernel_ridge[alpha=0.1,gamma_mult=2.0]",bv,bv,FC,False,683,195,16,64620,0.0159028228372335,-0.1503513008356094,0.8119597434997559,0.0326127596199512,0.0205128205128205,0.536094674556213,ok,6b5eb84,f65f5f24,precomputed,2.0,0.1
reconstruction,Glasser,8,kernel_ridge,"kernel_ridge[alpha=1.0,gamma_mult=2.0]",bv,bv,FC,False,683,195,16,64620,0.0143431657925248,-0.0393383614718914,0.8320938348770142,0.0416537597775459,0.0051282051282051,0.5912426035502958,ok,6b5eb84,e79388e8,precomputed,2.0,1.0
reconstruction,Glasser,8,kernel_ridge,"kernel_ridge[alpha=10.0,gamma_mult=2.0]",bv,bv,FC,False,683,195,16,64620,0.0139154205098748,-0.0090277045965194,0.8379988670349121,0.0507035665214061,0.0051282051282051,0.6351347797501644,ok,6b5eb84,bc0de904,precomputed,2.0,10.0
reconstruction,Glasser,8,pca_pls,pca_pls,demo,demo,SC,False,683,195,10,64620,0.005470898002386,0.0006373330834321,0.9134569764137268,0.1234205961227417,0.0256410256410256,0.7269953977646285,ok,6b5eb84,2f95e0b8,precomputed,,
reconstruction,Glasser,8,bayesian_ridge,bayesian_ridge,demo,demo,SC,False,683,195,10,64620,0.0054146135225892,0.008653356693685,0.9143904447555542,0.137837216258049,0.0153846153846153,0.7502169625246549,ok,6b5eb84,c1d7bb1e,precomputed,,
reconstruction,Glasser,8,kernel_ridge,"kernel_ridge[alpha=0.1,gamma_mult=0.5]",demo,demo,SC,False,683,195,10,64620,0.0056137815117836,-0.0191600862890481,0.9111695885658264,0.1068347170948982,0.0102564102564102,0.6504930966469428,ok,6b5eb84,9e190ee0,precomputed,0.5,0.1
reconstruction,Glasser,8,kernel_ridge,"kernel_ridge[alpha=1.0,gamma_mult=0.5]",demo,demo,SC,False,683,195,10,64620,0.005484820343554,-0.0009451658115722,0.9132510423660278,0.1176087781786918,0.0153846153846153,0.706456278763971,ok,6b5eb84,666beae4,precomputed,0.5,1.0
reconstruction,Glasser,8,kernel_ridge,"kernel_ridge[alpha=10.0,gamma_mult=0.5]",demo,demo,SC,False,683,195,10,64620,0.0054373303428292,0.0062082819640636,0.9140994548797609,0.1240641772747039,0.0307692307692307,0.7454832347140039,ok,6b5eb84,9855c12e,precomputed,0.5,10.0
reconstruction,Glasser,8,kernel_ridge,"kernel_ridge[alpha=0.1,gamma_mult=1.0]",demo,demo,SC,False,683,195,10,64620,0.0056897872127592,-0.0302638094872236,0.9099848866462708,0.1019043773412704,0.0205128205128205,0.6397107166337935,ok,6b5eb84,53a939d1,precomputed,1.0,0.1
reconstruction,Glasser,8,kernel_ridge,"kernel_ridge[alpha=1.0,gamma_mult=1.0]",demo,demo,SC,False,683,195,10,64620,0.005520240869373,-0.0058505251072347,0.9126824736595154,0.1108887791633606,0.0153846153846153,0.6813938198553583,ok,6b5eb84,1c9a996a,precomputed,1.0,1.0
reconstruction,Glasser,8,kernel_ridge,"kernel_ridge[alpha=10.0,gamma_mult=1.0]",demo,demo,SC,False,683,195,10,64620,0.0054439371451735,0.0050919922068715,0.9139942526817322,0.1195262446999549,0.0153846153846153,0.7399342537804077,ok,6b5eb84,6298d643,precomputed,1.0,10.0
reconstruction,Glasser,8,kernel_ridge,"kernel_ridge[alpha=0.1,gamma_mult=2.0]",demo,demo,SC,False,683,195,10,64620,0.0057478914968669,-0.0390772968530654,0.9091139435768129,0.097895547747612,0.0102564102564102,0.6267455621301776,ok,6b5eb84,d905b470,precomputed,2.0,0.1
reconstruction,Glasser,8,kernel_ridge,"kernel_ridge[alpha=1.0,gamma_mult=2.0]",demo,demo,SC,False,683,195,10,64620,0.0055591389536857,-0.0113386642187833,0.912058174610138,0.1049327179789543,0.0153846153846153,0.6656936226166996,ok,6b5eb84,7f5767c6,precomputed,2.0,1.0
reconstruction,Glasser,8,kernel_ridge,"kernel_ridge[alpha=10.0,gamma_mult=2.0]",demo,demo,SC,False,683,195,10,64620,0.0054557155817747,0.0033379935193806,0.9138247966766356,0.1133569180965423,0.0307692307692307,0.7278369493754109,ok,6b5eb84,81b5fa70,precomputed,2.0,10.0
reconstruction,Glasser,8,pca_pls,pca_pls,demo,demo,FC,False,683,195,10,64620,0.0137501321732997,0.0010643058922141,0.8398312330245972,0.1222099140286445,0.0051282051282051,0.704957264957265,ok,6b5eb84,f6e39c1a,precomputed,,
reconstruction,Glasser,8,bayesian_ridge,bayesian_ridge,demo,demo,FC,False,683,195,10,64620,0.0136541435495018,0.0080664753913879,0.8411189317703247,0.1306975930929184,0.0153846153846153,0.7100065746219593,ok,6b5eb84,9cfb9e5e,precomputed,,
reconstruction,Glasser,8,kernel_ridge,"kernel_ridge[alpha=0.1,gamma_mult=0.5]",demo,demo,FC,False,683,195,10,64620,0.0140308300033211,-0.0184487402439117,0.8360695838928223,0.1109752878546714,0.0102564102564102,0.6798159105851413,ok,6b5eb84,635d6290,precomputed,0.5,0.1
reconstruction,Glasser,8,kernel_ridge,"kernel_ridge[alpha=1.0,gamma_mult=0.5]",demo,demo,FC,False,683,195,10,64620,0.013761487789452,0.0005822488456033,0.8396545648574829,0.1205922216176986,0.0102564102564102,0.7128205128205128,ok,6b5eb84,45bb48df,precomputed,0.5,1.0
reconstruction,Glasser,8,kernel_ridge,"kernel_ridge[alpha=10.0,gamma_mult=0.5]",demo,demo,FC,False,683,195,10,64620,0.0136850569397211,0.0061217336915433,0.8408079743385315,0.1257927119731903,0.0256410256410256,0.7211834319526627,ok,6b5eb84,ae690385,precomputed,0.5,10.0
reconstruction,Glasser,8,kernel_ridge,"kernel_ridge[alpha=0.1,gamma_mult=1.0]",demo,demo,FC,False,683,195,10,64620,0.0142184011638164,-0.0317121967673301,0.8336793780326843,0.1057193875312805,0.0102564102564102,0.6586193293885602,ok,6b5eb84,ba1a22a3,precomputed,1.0,0.1
reconstruction,Glasser,8,kernel_ridge,"kernel_ridge[alpha=1.0,gamma_mult=1.0]",demo,demo,FC,False,683,195,10,64620,0.0138270240277051,-0.0039659980684518,0.8387496471405029,0.1152921020984649,0.0153846153846153,0.7041946088099934,ok,6b5eb84,af4dc25e,precomputed,1.0,1.0
reconstruction,Glasser,8,kernel_ridge,"kernel_ridge[alpha=10.0,gamma_mult=1.0]",demo,demo,FC,False,683,195,10,64620,0.0136830266565084,0.0062159756198525,0.8407622575759888,0.1238955855369567,0.0153846153846153,0.7201051939513479,ok,6b5eb84,94440835,precomputed,1.0,10.0
reconstruction,Glasser,8,kernel_ridge,"kernel_ridge[alpha=0.1,gamma_mult=2.0]",demo,demo,FC,False,683,195,10,64620,0.0143508119508624,-0.0410419292747974,0.8320520520210266,0.1003303527832031,0.0256410256410256,0.6402629848783695,ok,6b5eb84,aa4335fb,precomputed,2.0,0.1
reconstruction,Glasser,8,kernel_ridge,"kernel_ridge[alpha=1.0,gamma_mult=2.0]",demo,demo,FC,False,683,195,10,64620,0.0139134665951132,-0.0100033786147832,0.8376033902168274,0.1095618233084678,0.0102564102564102,0.6917817225509533,ok,6b5eb84,30d7e1e4,precomputed,2.0,1.0
reconstruction,Glasser,8,kernel_ridge,"kernel_ridge[alpha=10.0,gamma_mult=2.0]",demo,demo,FC,False,683,195,10,64620,0.0136944064870476,0.0054206606000661,0.8405569195747375,0.1203010007739067,0.0051282051282051,0.7173438527284681,ok,6b5eb84,3d28dcd5,precomputed,2.0,10.0
reconstruction,Glasser,8,pca_pls,pca_pls,bv+demo,bv+demo,SC,False,683,195,26,64620,0.005463108420372,0.0059794425033032,0.9130840301513672,0.1609788984060287,0.1282051282051282,0.8569625246548324,ok,6b5eb84,0cb3f89d,precomputed,,
reconstruction,Glasser,8,bayesian_ridge,bayesian_ridge,bv+demo,bv+demo,SC,False,683,195,26,64620,0.0053177247755229,0.0262888688594102,0.9153682589530944,0.1793654412031173,0.0871794871794871,0.8924128862590401,ok,6b5eb84,1bc37e25,precomputed,,
reconstruction,Glasser,8,kernel_ridge,"kernel_ridge[alpha=0.1,gamma_mult=0.5]",bv+demo,bv+demo,SC,False,683,195,26,64620,0.0055922353640198,-0.0110573144629597,0.910895586013794,0.1405336707830429,0.0923076923076923,0.7979224194608809,ok,6b5eb84,b05425fa,precomputed,0.5,0.1
reconstruction,Glasser,8,kernel_ridge,"kernel_ridge[alpha=1.0,gamma_mult=0.5]",bv+demo,bv+demo,SC,False,683,195,26,64620,0.0053772912360727,0.0196123663336038,0.9144138693809508,0.1634851396083831,0.1538461538461538,0.883629191321499,ok,6b5eb84,adae4257,precomputed,0.5,1.0
reconstruction,Glasser,8,kernel_ridge,"kernel_ridge[alpha=10.0,gamma_mult=0.5]",bv+demo,bv+demo,SC,False,683,195,26,64620,0.00538847502321,0.0160314086824655,0.914767563343048,0.1633805930614471,0.1487179487179487,0.8857856673241289,ok,6b5eb84,ae58eb18,precomputed,0.5,10.0
reconstruction,Glasser,8,kernel_ridge,"kernel_ridge[alpha=0.1,gamma_mult=1.0]",bv+demo,bv+demo,SC,False,683,195,26,64620,0.0058827651664614,-0.0519173927605152,0.9061887860298156,0.1143326163291931,0.0358974358974358,0.7200788954635109,ok,6b5eb84,b1de988c,precomputed,1.0,0.1
reconstruction,Glasser,8,kernel_ridge,"kernel_ridge[alpha=1.0,gamma_mult=1.0]",bv+demo,bv+demo,SC,False,683,195,26,64620,0.0054160635918378,0.0148303220048546,0.9137883186340332,0.1556819081306457,0.1282051282051282,0.8741617357001972,ok,6b5eb84,78b40cdd,precomputed,1.0,1.0
reconstruction,Glasser,8,kernel_ridge,"kernel_ridge[alpha=10.0,gamma_mult=1.0]",bv+demo,bv+demo,SC,False,683,195,26,64620,0.0053698131814599,0.0197511240839958,0.9149181842803956,0.1627963334321975,0.1435897435897435,0.8860486522024984,ok,6b5eb84,8ef3ad5f,precomputed,1.0,10.0
reconstruction,Glasser,8,kernel_ridge,"kernel_ridge[alpha=0.1,gamma_mult=2.0]",bv+demo,bv+demo,SC,False,683,195,26,64620,0.0062088007107377,-0.0989050343632698,0.9010109305381776,0.090657003223896,0.0102564102564102,0.6833136094674557,ok,6b5eb84,4b4cb09b,precomputed,2.0,0.1
reconstruction,Glasser,8,kernel_ridge,"kernel_ridge[alpha=1.0,gamma_mult=2.0]",bv+demo,bv+demo,SC,False,683,195,26,64620,0.0054978444240987,0.0040851556695997,0.9124953150749208,0.1386403143405914,0.1128205128205128,0.8465220249835634,ok,6b5eb84,a9de576b,precomputed,2.0,1.0
reconstruction,Glasser,8,kernel_ridge,"kernel_ridge[alpha=10.0,gamma_mult=2.0]",bv+demo,bv+demo,SC,False,683,195,26,64620,0.005371150560677,0.0201620105654001,0.914855420589447,0.1585327684879303,0.1384615384615384,0.8766600920447074,ok,6b5eb84,fb1a4b88,precomputed,2.0,10.0
reconstruction,Glasser,8,pca_pls,pca_pls,bv+demo,bv+demo,FC,False,683,195,26,64620,0.0140813663601875,-0.0222563799470663,0.8360813856124878,0.1041843146085739,0.0256410256410256,0.712741617357002,ok,6b5eb84,91c547fb,precomputed,,
reconstruction,Glasser,8,bayesian_ridge,bayesian_ridge,bv+demo,bv+demo,FC,False,683,195,26,64620,0.0136701921001076,0.0070041394792497,0.8408699035644531,0.1268867552280426,0.0153846153846153,0.7250493096646943,ok,6b5eb84,5a27ee55,precomputed,,
reconstruction,Glasser,8,kernel_ridge,"kernel_ridge[alpha=0.1,gamma_mult=0.5]",bv+demo,bv+demo,FC,False,683,195,26,64620,0.0143803562968969,-0.0427935682237148,0.8312459588050842,0.0879150405526161,0.0102564102564102,0.6678763971071664,ok,6b5eb84,25bcc037,precomputed,0.5,0.1
reconstruction,Glasser,8,kernel_ridge,"kernel_ridge[alpha=1.0,gamma_mult=0.5]",bv+demo,bv+demo,FC,False,683,195,26,64620,0.0138304447755217,-0.0039814906194806,0.8386901617050171,0.1061102822422981,0.0256410256410256,0.7223931623931623,ok,6b5eb84,15e0dfa3,precomputed,0.5,1.0
reconstruction,Glasser,8,kernel_ridge,"kernel_ridge[alpha=10.0,gamma_mult=0.5]",bv+demo,bv+demo,FC,False,683,195,26,64620,0.013751002959907,0.0020192163065075,0.8400535583496094,0.1072408929467201,0.0205128205128205,0.738224852071006,ok,6b5eb84,80adc484,precomputed,0.5,10.0
reconstruction,Glasser,8,kernel_ridge,"kernel_ridge[alpha=0.1,gamma_mult=1.0]",bv+demo,bv+demo,FC,False,683,195,26,64620,0.0151091553270816,-0.0941890329122543,0.8218395709991455,0.0711427479982376,0.0051282051282051,0.630611439842209,ok,6b5eb84,c237f42e,precomputed,1.0,0.1
reconstruction,Glasser,8,kernel_ridge,"kernel_ridge[alpha=1.0,gamma_mult=1.0]",bv+demo,bv+demo,FC,False,683,195,26,64620,0.0139160929247736,-0.009958584792912,0.8374269008636475,0.0997514650225639,0.0102564102564102,0.7115581854043392,ok,6b5eb84,7c19d1e3,precomputed,1.0,1.0
reconstruction,Glasser,8,kernel_ridge,"kernel_ridge[alpha=10.0,gamma_mult=1.0]",bv+demo,bv+demo,FC,False,683,195,26,64620,0.013732461258769,0.0032454368192702,0.8401941657066345,0.1074888408184051,0.0205128205128205,0.7388297172912557,ok,6b5eb84,6067acb4,precomputed,1.0,10.0
reconstruction,Glasser,8,kernel_ridge,"kernel_ridge[alpha=0.1,gamma_mult=2.0]",bv+demo,bv+demo,FC,False,683,195,26,64620,0.0158818662166595,-0.1488030403852462,0.812321126461029,0.0595095641911029,0.0102564102564102,0.6069690992767915,ok,6b5eb84,aea84c86,precomputed,2.0,0.1
reconstruction,Glasser,8,kernel_ridge,"kernel_ridge[alpha=1.0,gamma_mult=2.0]",bv+demo,bv+demo,FC,False,683,195,26,64620,0.0140930972993373,-0.0224008243530988,0.8350021839141846,0.0879996046423912,0.0205128205128205,0.69456936226167,ok,6b5eb84,1855a3d2,precomputed,2.0,1.0
reconstruction,Glasser,8,kernel_ridge,"kernel_ridge[alpha=10.0,gamma_mult=2.0]",bv+demo,bv+demo,FC,False,683,195,26,64620,0.0137326717376708,0.0032042220700532,0.840106189250946,0.105273924767971,0.0256410256410256,0.7354898093359632,ok,6b5eb84,872efb25,precomputed,2.0,10.0
reconstruction,Glasser,8,pca_pls,pca_pls,FC+bv+demo,FC+bv+demo,SC,True,683,195,64646,64620,0.0055053797550499,-0.0088502634316682,0.9123518466949464,0.1681858599185943,0.1641025641025641,0.920525969756739,ok,6b5eb84,afda9ebf,precomputed,,
reconstruction,Glasser,8,bayesian_ridge,bayesian_ridge,FC+bv+demo,FC+bv+demo,SC,True,683,195,64646,64620,0.0052939732559025,0.0281777083873748,0.9158135056495668,0.1940977424383163,0.1333333333333333,0.9305982905982906,ok,6b5eb84,4c97adcd,precomputed,,
reconstruction,Glasser,8,kernel_ridge,"kernel_ridge[alpha=0.1,gamma_mult=0.5]",FC+bv+demo,FC+bv+demo,SC,True,683,195,64646,64620,0.0055942367762327,-0.0223252177238464,0.9109055995941162,0.1698544472455978,0.2,0.93241288625904,ok,6b5eb84,e6f1bdb3,precomputed,0.5,0.1
reconstruction,Glasser,8,kernel_ridge,"kernel_ridge[alpha=1.0,gamma_mult=0.5]",FC+bv+demo,FC+bv+demo,SC,True,683,195,64646,64620,0.0053011113777756,0.0256891921162605,0.915654718875885,0.1895456910133361,0.2717948717948718,0.9555555555555556,ok,6b5eb84,04f428de,precomputed,0.5,1.0
reconstruction,Glasser,8,kernel_ridge,"kernel_ridge[alpha=10.0,gamma_mult=0.5]",FC+bv+demo,FC+bv+demo,SC,True,683,195,64646,64620,0.0053915730677545,0.0135439950972795,0.9145939946174622,0.1833482384681701,0.1435897435897435,0.9186061801446416,ok,6b5eb84,937c6e92,precomputed,0.5,10.0
reconstruction,Glasser,8,kernel_ridge,"kernel_ridge[alpha=0.1,gamma_mult=1.0]",FC+bv+demo,FC+bv+demo,SC,True,683,195,64646,64620,0.0056729391217231,-0.0349589809775352,0.9096742272377014,0.1689762622117996,0.1692307692307692,0.9339381985535832,ok,6b5eb84,8df47b0a,precomputed,1.0,0.1
reconstruction,Glasser,8,kernel_ridge,"kernel_ridge[alpha=1.0,gamma_mult=1.0]",FC+bv+demo,FC+bv+demo,SC,True,683,195,64646,64620,0.0053294659592211,0.0204436685889959,0.9151838421821594,0.1865435540676117,0.2564102564102564,0.95474030243261,ok,6b5eb84,e04077c5,precomputed,1.0,1.0
reconstruction,Glasser,8,kernel_ridge,"kernel_ridge[alpha=10.0,gamma_mult=1.0]",FC+bv+demo,FC+bv+demo,SC,True,683,195,64646,64620,0.0053555816411972,0.0191688667982816,0.9149872064590454,0.1860724687576294,0.2153846153846154,0.933517422748192,ok,6b5eb84,409ac160,precomputed,1.0,10.0
reconstruction,Glasser,8,kernel_ridge,"kernel_ridge[alpha=0.1,gamma_mult=2.0]",FC+bv+demo,FC+bv+demo,SC,True,683,195,64646,64620,0.0057086697779595,-0.0411790572106838,0.9091686010360718,0.1711782217025756,0.2205128205128205,0.9427744904667982,ok,6b5eb84,3dc21767,precomputed,2.0,0.1
reconstruction,Glasser,8,kernel_ridge,"kernel_ridge[alpha=1.0,gamma_mult=2.0]",FC+bv+demo,FC+bv+demo,SC,True,683,195,64646,64620,0.0053671086207032,0.0139231169596314,0.9146088361740112,0.1858099102973938,0.2666666666666666,0.9548980933596318,ok,6b5eb84,45984e6a,precomputed,2.0,1.0
reconstruction,Glasser,8,kernel_ridge,"kernel_ridge[alpha=10.0,gamma_mult=2.0]",FC+bv+demo,FC+bv+demo,SC,True,683,195,64646,64620,0.0053315260447561,0.0228938721120357,0.9152619242668152,0.187084674835205,0.2666666666666666,0.9416173570019724,ok,6b5eb84,f78b05d2,precomputed,2.0,10.0
reconstruction,Glasser,8,pca_pls,pca_pls,SC+bv+demo,SC+bv+demo,FC,True,683,195,64646,64620,0.014286546036601,-0.0409293882548809,0.8330590128898621,0.110767126083374,0.0666666666666666,0.7766732412886259,ok,6b5eb84,d89fbfc1,precomputed,,
reconstruction,Glasser,8,bayesian_ridge,bayesian_ridge,SC+bv+demo,SC+bv+demo,FC,True,683,195,64646,64620,0.0136898476630449,0.003453470300883,0.8408170342445374,0.1253626346588134,0.0461538461538461,0.7874556213017752,ok,6b5eb84,667a8772,precomputed,,
reconstruction,Glasser,8,kernel_ridge,"kernel_ridge[alpha=0.1,gamma_mult=0.5]",SC+bv+demo,SC+bv+demo,FC,True,683,195,64646,64620,0.0146886045113205,-0.0707835853099823,0.8279237151145935,0.1043611168861389,0.0307692307692307,0.7665483234714003,ok,6b5eb84,dbfc4d88,precomputed,0.5,0.1
reconstruction,Glasser,8,kernel_ridge,"kernel_ridge[alpha=1.0,gamma_mult=0.5]",SC+bv+demo,SC+bv+demo,FC,True,683,195,64646,64620,0.0137324035167694,0.0004093397292308,0.8402091264724731,0.1194394454360008,0.0358974358974358,0.7965285996055227,ok,6b5eb84,16832b4d,precomputed,0.5,1.0
reconstruction,Glasser,8,kernel_ridge,"kernel_ridge[alpha=10.0,gamma_mult=0.5]",SC+bv+demo,SC+bv+demo,FC,True,683,195,64646,64620,0.0138087421655654,-0.0022779109422117,0.8395103812217712,0.1175756230950355,0.041025641025641,0.770940170940171,ok,6b5eb84,2827cbe7,precomputed,0.5,10.0
reconstruction,Glasser,8,kernel_ridge,"kernel_ridge[alpha=0.1,gamma_mult=1.0]",SC+bv+demo,SC+bv+demo,FC,True,683,195,64646,64620,0.0149065107107162,-0.0866780653595924,0.8252639174461365,0.1030402928590774,0.0358974358974358,0.7634188034188034,ok,6b5eb84,b8851dbb,precomputed,1.0,0.1
reconstruction,Glasser,8,kernel_ridge,"kernel_ridge[alpha=1.0,gamma_mult=1.0]",SC+bv+demo,SC+bv+demo,FC,True,683,195,64646,64620,0.0138372872024774,-0.0079666823148727,0.8387646079063416,0.1165676191449165,0.0307692307692307,0.7941617357001972,ok,6b5eb84,e2dfc31c,precomputed,1.0,1.0
reconstruction,Glasser,8,kernel_ridge,"kernel_ridge[alpha=10.0,gamma_mult=1.0]",SC+bv+demo,SC+bv+demo,FC,True,683,195,64646,64620,0.0137712424620985,4.331969830673188e-05,0.8399561047554016,0.1202835068106651,0.0358974358974358,0.7800394477317554,ok,6b5eb84,290f0c28,precomputed,1.0,10.0
reconstruction,Glasser,8,kernel_ridge,"kernel_ridge[alpha=0.1,gamma_mult=2.0]",SC+bv+demo,SC+bv+demo,FC,True,683,195,64646,64620,0.0149445589631795,-0.0895794481039047,0.8248540759086609,0.1040511801838874,0.0205128205128205,0.7694674556213018,ok,6b5eb84,15b0b99f,precomputed,2.0,0.1
reconstruction,Glasser,8,kernel_ridge,"kernel_ridge[alpha=1.0,gamma_mult=2.0]",SC+bv+demo,SC+bv+demo,FC,True,683,195,64646,64620,0.0139343431219458,-0.0154352476820349,0.8374695777893066,0.1159997805953025,0.0307692307692307,0.7941880341880342,ok,6b5eb84,58a6373e,precomputed,2.0,1.0
reconstruction,Glasser,8,kernel_ridge,"kernel_ridge[alpha=10.0,gamma_mult=2.0]",SC+bv+demo,SC+bv+demo,FC,True,683,195,64646,64620,0.0137456022202968,0.0015772726619616,0.8402464389801025,0.1215161830186843,0.0307692307692307,0.7841420118343195,ok,6b5eb84,f9d5d335,precomputed,2.0,10.0
reconstruction,Glasser,8,pca_pls,pca_pls,FC,FC,FC,False,683,195,64620,64620,0.0111256064847111,0.1782439947128296,0.8692041635513306,0.431580126285553,1.0,1.0,ok,6b5eb84,83098b36,precomputed,,
reconstruction,Glasser,8,bayesian_ridge,bayesian_ridge,FC,FC,FC,False,683,195,64620,64620,0.0074265990406274,0.4150935411453247,0.9126731753349304,0.6716204285621643,1.0,1.0,ok,6b5eb84,1817c12d,precomputed,,
reconstruction,Glasser,8,kernel_ridge,"kernel_ridge[alpha=0.1,gamma_mult=0.5]",FC,FC,FC,False,683,195,64620,64620,0.0075607104226946,0.4101021587848663,0.91148442029953,0.6716111302375793,1.0,1.0,ok,6b5eb84,35149edb,precomputed,0.5,0.1
reconstruction,Glasser,8,kernel_ridge,"kernel_ridge[alpha=1.0,gamma_mult=0.5]",FC,FC,FC,False,683,195,64620,64620,0.0101004429161548,0.2473915070295334,0.8839230537414551,0.6715781092643738,1.0,1.0,ok,6b5eb84,b4492dfc,precomputed,0.5,1.0
reconstruction,Glasser,8,kernel_ridge,"kernel_ridge[alpha=10.0,gamma_mult=0.5]",FC,FC,FC,False,683,195,64620,64620,0.0132507644593715,0.0357956774532794,0.8463245630264282,0.6707660555839539,1.0,1.0,ok,6b5eb84,05637401,precomputed,0.5,10.0
reconstruction,Glasser,8,kernel_ridge,"kernel_ridge[alpha=0.1,gamma_mult=1.0]",FC,FC,FC,False,683,195,64620,64620,0.0074745463207364,0.4141698479652405,0.9123237729072572,0.6715822815895081,1.0,1.0,ok,6b5eb84,846a005d,precomputed,1.0,0.1
reconstruction,Glasser,8,kernel_ridge,"kernel_ridge[alpha=1.0,gamma_mult=1.0]",FC,FC,FC,False,683,195,64620,64620,0.0091572739183902,0.3096454739570617,0.8947535753250122,0.6715037226676941,1.0,1.0,ok,6b5eb84,f57590ab,precomputed,1.0,1.0
reconstruction,Glasser,8,kernel_ridge,"kernel_ridge[alpha=10.0,gamma_mult=1.0]",FC,FC,FC,False,683,195,64620,64620,0.0128664597868919,0.0617618262767791,0.8510366678237915,0.6701141595840454,1.0,1.0,ok,6b5eb84,d56f33c3,precomputed,1.0,10.0
reconstruction,Glasser,8,kernel_ridge,"kernel_ridge[alpha=0.1,gamma_mult=2.0]",FC,FC,FC,False,683,195,64620,64620,0.0074725947342813,0.4135898947715759,0.9123842120170592,0.6714502573013306,1.0,1.0,ok,6b5eb84,c472c15f,precomputed,2.0,0.1
reconstruction,Glasser,8,kernel_ridge,"kernel_ridge[alpha=1.0,gamma_mult=2.0]",FC,FC,FC,False,683,195,64620,64620,0.008668097667396,0.3414086401462555,0.9003868699073792,0.6711923480033875,1.0,1.0,ok,6b5eb84,536a31a2,precomputed,2.0,1.0
reconstruction,Glasser,8,kernel_ridge,"kernel_ridge[alpha=10.0,gamma_mult=2.0]",FC,FC,FC,False,683,195,64620,64620,0.012533064931631,0.084229938685894,0.8551685810089111,0.6674928069114685,1.0,1.0,ok,6b5eb84,9f0622c2,precomputed,2.0,10.0
reconstruction,Glasser,8,pca_pls,pca_pls,SC,SC,SC,False,683,195,64620,64620,0.0045316158793866,0.0700020939111709,0.928236961364746,0.418657124042511,1.0,1.0,ok,6b5eb84,1718ff39,precomputed,,
reconstruction,Glasser,8,bayesian_ridge,bayesian_ridge,SC,SC,SC,False,683,195,64620,64620,0.0032120472751557,0.09429532289505,0.9496469497680664,0.6455175280570984,1.0,1.0,ok,6b5eb84,1b2a729b,precomputed,,
reconstruction,Glasser,8,kernel_ridge,"kernel_ridge[alpha=0.1,gamma_mult=0.5]",SC,SC,SC,False,683,195,64620,64620,0.0032631778158247,0.1226402595639228,0.9489066004753112,0.645506739616394,1.0,1.0,ok,6b5eb84,219c4e38,precomputed,0.5,0.1
reconstruction,Glasser,8,kernel_ridge,"kernel_ridge[alpha=1.0,gamma_mult=0.5]",SC,SC,SC,False,683,195,64620,64620,0.004172503016889,0.1076279431581497,0.9349102973937988,0.6454346776008606,1.0,1.0,ok,6b5eb84,199dba6a,precomputed,0.5,1.0
reconstruction,Glasser,8,kernel_ridge,"kernel_ridge[alpha=10.0,gamma_mult=0.5]",SC,SC,SC,False,683,195,64620,64620,0.005292585119605,0.0139329433441162,0.917069971561432,0.6407907605171204,1.0,1.0,ok,6b5eb84,06770253,precomputed,0.5,10.0
reconstruction,Glasser,8,kernel_ridge,"kernel_ridge[alpha=0.1,gamma_mult=1.0]",SC,SC,SC,False,683,195,64620,64620,0.0032331459224224,0.1132623627781868,0.9493508338928224,0.6454737186431885,1.0,1.0,ok,6b5eb84,91279da2,precomputed,1.0,0.1
reconstruction,Glasser,8,kernel_ridge,"kernel_ridge[alpha=1.0,gamma_mult=1.0]",SC,SC,SC,False,683,195,64620,64620,0.0038453862071037,0.1269434690475464,0.9400657415390016,0.6453263759613037,1.0,1.0,ok,6b5eb84,ed50663d,precomputed,1.0,1.0
reconstruction,Glasser,8,kernel_ridge,"kernel_ridge[alpha=10.0,gamma_mult=1.0]",SC,SC,SC,False,683,195,64620,64620,0.0051595466211438,0.0262274760752916,0.9192163944244384,0.6377612352371216,1.0,1.0,ok,6b5eb84,c23beb84,precomputed,1.0,10.0
reconstruction,Glasser,8,kernel_ridge,"kernel_ridge[alpha=0.1,gamma_mult=2.0]",SC,SC,SC,False,683,195,64620,64620,0.0032342337071895,0.1112217605113983,0.9493482708930968,0.6453209519386292,1.0,1.0,ok,6b5eb84,67740fde,precomputed,2.0,0.1
reconstruction,Glasser,8,kernel_ridge,"kernel_ridge[alpha=1.0,gamma_mult=2.0]",SC,SC,SC,False,683,195,64620,64620,0.0036883919965475,0.133024200797081,0.9425674080848694,0.6448227167129517,1.0,1.0,ok,6b5eb84,ae7c1f4c,precomputed,2.0,1.0
reconstruction,Glasser,8,kernel_ridge,"kernel_ridge[alpha=10.0,gamma_mult=2.0]",SC,SC,SC,False,683,195,64620,64620,0.0050512487068772,0.0358069986104965,0.9209951758384703,0.6254905462265015,1.0,1.0,ok,6b5eb84,80bff073,precomputed,2.0,10.0
reconstruction,Glasser,9,pca_pls,pca_pls,FC,FC,SC,False,682,196,64620,64620,0.0054572909139096,-0.02316072024405,0.9130374193191528,0.1346637606620788,0.1326530612244898,0.8762494793835902,ok,1a4352c,1d0fbd08,precomputed,,
reconstruction,Glasser,9,bayesian_ridge,bayesian_ridge,FC,FC,SC,False,682,196,64620,64620,0.0052444087341427,0.0153711661696434,0.9164443016052246,0.166412353515625,0.1020408163265306,0.8860891295293628,ok,1a4352c,771b0bb7,precomputed,,
reconstruction,Glasser,9,kernel_ridge,"kernel_ridge[alpha=0.1,gamma_mult=0.5]",FC,FC,SC,False,682,196,64620,64620,0.0055399951525032,-0.038514420390129,0.911645770072937,0.132418617606163,0.1377551020408163,0.899286755518534,ok,1a4352c,208e27da,precomputed,0.5,0.1
reconstruction,Glasser,9,kernel_ridge,"kernel_ridge[alpha=1.0,gamma_mult=0.5]",FC,FC,SC,False,682,196,64620,64620,0.0053035039454698,0.0054200603626668,0.9157834649086,0.1322984844446182,0.1428571428571428,0.911521241149521,ok,1a4352c,186a1686,precomputed,0.5,1.0
reconstruction,Glasser,9,kernel_ridge,"kernel_ridge[alpha=10.0,gamma_mult=0.5]",FC,FC,SC,False,682,196,64620,64620,0.0053725340403616,-0.0044353292323648,0.9150283336639404,0.1299685835838318,0.1530612244897959,0.9071740941274468,ok,1a4352c,9845e9ed,precomputed,0.5,10.0
reconstruction,Glasser,9,kernel_ridge,"kernel_ridge[alpha=0.1,gamma_mult=1.0]",FC,FC,SC,False,682,196,64620,64620,0.005615847185254,-0.0521499998867511,0.9104251265525818,0.1316646486520767,0.1377551020408163,0.8989743856726364,ok,1a4352c,7077cfaa,precomputed,1.0,0.1
reconstruction,Glasser,9,kernel_ridge,"kernel_ridge[alpha=1.0,gamma_mult=1.0]",FC,FC,SC,False,682,196,64620,64620,0.0053226621821522,0.0012749104062095,0.9153492450714112,0.132194384932518,0.1479591836734693,0.912354227405248,ok,1a4352c,7dbffea5,precomputed,1.0,1.0
reconstruction,Glasser,9,kernel_ridge,"kernel_ridge[alpha=10.0,gamma_mult=1.0]",FC,FC,SC,False,682,196,64620,64620,0.005357873160392,-0.002154772169888,0.9152241349220276,0.1291235834360122,0.1428571428571428,0.9075645564348188,ok,1a4352c,9437b8b7,precomputed,1.0,10.0
reconstruction,Glasser,9,kernel_ridge,"kernel_ridge[alpha=0.1,gamma_mult=2.0]",FC,FC,SC,False,682,196,64620,64620,0.0056667863391339,-0.0612881444394588,0.9096153378486632,0.1302349865436554,0.1173469387755102,0.9033996251561848,ok,1a4352c,cad20f83,precomputed,2.0,0.1
reconstruction,Glasser,9,kernel_ridge,"kernel_ridge[alpha=1.0,gamma_mult=2.0]",FC,FC,SC,False,682,196,64620,64620,0.0053536924533545,-0.0046752034686505,0.9147771596908568,0.1315439790487289,0.1326530612244898,0.9126145356101624,ok,1a4352c,b08caf54,precomputed,2.0,1.0
reconstruction,Glasser,9,kernel_ridge,"kernel_ridge[alpha=10.0,gamma_mult=2.0]",FC,FC,SC,False,682,196,64620,64620,0.0053463471122086,-0.0004224776057526,0.91537344455719,0.1261893808841705,0.1530612244897959,0.9093346522282384,ok,1a4352c,d3569955,precomputed,2.0,10.0
reconstruction,Glasser,9,pca_pls,pca_pls,SC,SC,FC,False,682,196,64620,64620,0.0143653750419616,-0.0592092871665954,0.8260977864265442,0.0756568387150764,0.0408163265306122,0.6929925031236984,ok,1a4352c,7f4635a3,precomputed,,
reconstruction,Glasser,9,bayesian_ridge,bayesian_ridge,SC,SC,FC,False,682,196,64620,64620,0.0135627808049321,-0.0013367327628657,0.8364239931106567,0.1044758781790733,0.096938775510204,0.7676749271137027,ok,1a4352c,f5c69abf,precomputed,,
reconstruction,Glasser,9,kernel_ridge,"kernel_ridge[alpha=0.1,gamma_mult=0.5]",SC,SC,FC,False,682,196,64620,64620,0.0146104367449879,-0.0788925215601921,0.8232846260070801,0.0831753090023994,0.0765306122448979,0.7223032069970845,ok,1a4352c,be834d56,precomputed,0.5,0.1
reconstruction,Glasser,9,kernel_ridge,"kernel_ridge[alpha=1.0,gamma_mult=0.5]",SC,SC,FC,False,682,196,64620,64620,0.0136616947129368,-0.00850944314152,0.8351013660430908,0.0824009478092193,0.0663265306122449,0.7336266139108705,ok,1a4352c,8bfd776d,precomputed,0.5,1.0
reconstruction,Glasser,9,kernel_ridge,"kernel_ridge[alpha=10.0,gamma_mult=0.5]",SC,SC,FC,False,682,196,64620,64620,0.0136523908004164,-0.0058045871555805,0.8352633118629456,0.0821821242570877,0.0510204081632653,0.735630987088713,ok,1a4352c,d3ad4e6f,precomputed,0.5,10.0
reconstruction,Glasser,9,kernel_ridge,"kernel_ridge[alpha=0.1,gamma_mult=1.0]",SC,SC,FC,False,682,196,64620,64620,0.0148219671100378,-0.0943463519215583,0.8207188844680786,0.0839181616902351,0.0714285714285714,0.7242555185339442,ok,1a4352c,d255c70e,precomputed,1.0,0.1
reconstruction,Glasser,9,kernel_ridge,"kernel_ridge[alpha=1.0,gamma_mult=1.0]",SC,SC,FC,False,682,196,64620,64620,0.0137873198837041,-0.0182158034294843,0.8334869146347046,0.082914724946022,0.0714285714285714,0.7324552269887548,ok,1a4352c,302bb44e,precomputed,1.0,1.0
reconstruction,Glasser,9,kernel_ridge,"kernel_ridge[alpha=10.0,gamma_mult=1.0]",SC,SC,FC,False,682,196,64620,64620,0.0136329354718327,-0.0046357866376638,0.8355118632316589,0.082393117249012,0.0510204081632653,0.73664618908788,ok,1a4352c,25ea1e23,precomputed,1.0,10.0
reconstruction,Glasser,9,kernel_ridge,"kernel_ridge[alpha=0.1,gamma_mult=2.0]",SC,SC,FC,False,682,196,64620,64620,0.0149164097383618,-0.101250521838665,0.8195766806602478,0.0839293599128723,0.0714285714285714,0.7259735526863806,ok,1a4352c,deed7dc4,precomputed,2.0,0.1
reconstruction,Glasser,9,kernel_ridge,"kernel_ridge[alpha=1.0,gamma_mult=2.0]",SC,SC,FC,False,682,196,64620,64620,0.013902036473155,-0.0268451701849699,0.8320318460464478,0.0835781469941139,0.0816326530612244,0.7348240316534778,ok,1a4352c,36c5e4e5,precomputed,2.0,1.0
reconstruction,Glasser,9,kernel_ridge,"kernel_ridge[alpha=10.0,gamma_mult=2.0]",SC,SC,FC,False,682,196,64620,64620,0.013619509525597,-0.0038594112265855,0.8356851935386658,0.082220435142517,0.0459183673469387,0.7378175760099959,ok,1a4352c,3119d56b,precomputed,2.0,10.0
reconstruction,Glasser,9,pca_pls,pca_pls,bv,bv,SC,False,682,196,16,64620,0.0052547547966241,0.0166390426456928,0.91556578874588,0.167620450258255,0.0816326530612244,0.878436068304873,ok,1a4352c,8896bd74,precomputed,,
reconstruction,Glasser,9,bayesian_ridge,bayesian_ridge,bv,bv,SC,False,682,196,16,64620,0.005210367962718,0.0249059814959764,0.9162996411323548,0.166774109005928,0.0714285714285714,0.8652644731361933,ok,1a4352c,542e931c,precomputed,,
reconstruction,Glasser,9,kernel_ridge,"kernel_ridge[alpha=0.1,gamma_mult=0.5]",bv,bv,SC,False,682,196,16,64620,0.0054743154905736,-0.0160872861742973,0.9118685126304626,0.1377052962779998,0.0459183673469387,0.7726207830070804,ok,1a4352c,a3b35748,precomputed,0.5,0.1
reconstruction,Glasser,9,kernel_ridge,"kernel_ridge[alpha=1.0,gamma_mult=0.5]",bv,bv,SC,False,682,196,16,64620,0.0052390857599675,0.0211939066648483,0.9158403277397156,0.1682715713977813,0.1020408163265306,0.889030612244898,ok,1a4352c,2a5d2815,precomputed,0.5,1.0
reconstruction,Glasser,9,kernel_ridge,"kernel_ridge[alpha=10.0,gamma_mult=0.5]",bv,bv,SC,False,682,196,16,64620,0.0052301594987511,0.0232778936624526,0.9163371324539183,0.1728162765502929,0.1020408163265306,0.8990524781341108,ok,1a4352c,7a44b917,precomputed,0.5,10.0
reconstruction,Glasser,9,kernel_ridge,"kernel_ridge[alpha=0.1,gamma_mult=1.0]",bv,bv,SC,False,682,196,16,64620,0.0056873769499361,-0.0490908026695251,0.9083184003829956,0.1166294068098068,0.0306122448979591,0.7071793002915452,ok,1a4352c,24f744e2,precomputed,1.0,0.1
reconstruction,Glasser,9,kernel_ridge,"kernel_ridge[alpha=1.0,gamma_mult=1.0]",bv,bv,SC,False,682,196,16,64620,0.0052895140834152,0.0141683565452694,0.9149873852729796,0.1564751118421554,0.0765306122448979,0.8652905039566847,ok,1a4352c,dcdf0427,precomputed,1.0,1.0
reconstruction,Glasser,9,kernel_ridge,"kernel_ridge[alpha=10.0,gamma_mult=1.0]",bv,bv,SC,False,682,196,16,64620,0.0052188630215823,0.0257814321666955,0.9164106249809264,0.1719919890165329,0.1020408163265306,0.9015774677217826,ok,1a4352c,3ae9846e,precomputed,1.0,10.0
reconstruction,Glasser,9,kernel_ridge,"kernel_ridge[alpha=0.1,gamma_mult=2.0]",bv,bv,SC,False,682,196,16,64620,0.0060187852941453,-0.1020492538809776,0.9029428362846376,0.0939036980271339,0.010204081632653,0.6531653477717617,ok,1a4352c,aba33426,precomputed,2.0,0.1
reconstruction,Glasser,9,kernel_ridge,"kernel_ridge[alpha=1.0,gamma_mult=2.0]",bv,bv,SC,False,682,196,16,64620,0.0053762951865792,0.0014636879786849,0.9135668873786926,0.1382756531238556,0.0306122448979591,0.8356674302374011,ok,1a4352c,8e034a06,precomputed,2.0,1.0
reconstruction,Glasser,9,kernel_ridge,"kernel_ridge[alpha=10.0,gamma_mult=2.0]",bv,bv,SC,False,682,196,16,64620,0.0052273562178015,0.0250730328261852,0.916272521018982,0.1678331792354583,0.086734693877551,0.8928050812161599,ok,1a4352c,8226401f,precomputed,2.0,10.0
reconstruction,Glasser,9,pca_pls,pca_pls,bv,bv,FC,False,682,196,16,64620,0.0138171734288334,-0.0163964573293924,0.8328796625137329,0.0504503548145294,0.0204081632653061,0.6246095376926282,ok,1a4352c,63d28831,precomputed,,
reconstruction,Glasser,9,bayesian_ridge,bayesian_ridge,bv,bv,FC,False,682,196,16,64620,0.0136348223313689,-0.0039293100126087,0.8354487419128418,0.0582657605409622,0.010204081632653,0.6576166180758017,ok,1a4352c,bce1f9b1,precomputed,,
reconstruction,Glasser,9,kernel_ridge,"kernel_ridge[alpha=0.1,gamma_mult=0.5]",bv,bv,FC,False,682,196,16,64620,0.0144324358552694,-0.0600070133805274,0.8248113393783569,0.0376847274601459,0.0051020408163265,0.5842617659308621,ok,1a4352c,c4107cec,precomputed,0.5,0.1
reconstruction,Glasser,9,kernel_ridge,"kernel_ridge[alpha=1.0,gamma_mult=0.5]",bv,bv,FC,False,682,196,16,64620,0.0138013307005167,-0.0153309600427746,0.8330761790275574,0.0488904826343059,0.010204081632653,0.6323146605581008,ok,1a4352c,25431773,precomputed,0.5,1.0
reconstruction,Glasser,9,kernel_ridge,"kernel_ridge[alpha=10.0,gamma_mult=0.5]",bv,bv,FC,False,682,196,16,64620,0.013652404770255,-0.0051569989882409,0.835150957107544,0.0514221377670764,0.010204081632653,0.6419200333194502,ok,1a4352c,b7a9062f,precomputed,0.5,10.0
reconstruction,Glasser,9,kernel_ridge,"kernel_ridge[alpha=0.1,gamma_mult=1.0]",bv,bv,FC,False,682,196,16,64620,0.0150323659181594,-0.1026880964636802,0.8173205852508545,0.0338486954569816,0.010204081632653,0.5680966264056644,ok,1a4352c,f9de32ef,precomputed,1.0,0.1
reconstruction,Glasser,9,kernel_ridge,"kernel_ridge[alpha=1.0,gamma_mult=1.0]",bv,bv,FC,False,682,196,16,64620,0.0139290140941739,-0.0243507660925388,0.8313916325569153,0.0452374182641506,0.0204081632653061,0.6237505206164098,ok,1a4352c,71ad0488,precomputed,1.0,1.0
reconstruction,Glasser,9,kernel_ridge,"kernel_ridge[alpha=10.0,gamma_mult=1.0]",bv,bv,FC,False,682,196,16,64620,0.0136669594794511,-0.0060877087526023,0.8349447250366211,0.0514877773821353,0.010204081632653,0.6429352353186173,ok,1a4352c,a4e4df15,precomputed,1.0,10.0
reconstruction,Glasser,9,kernel_ridge,"kernel_ridge[alpha=0.1,gamma_mult=2.0]",bv,bv,FC,False,682,196,16,64620,0.0159481428563594,-0.168007418513298,0.8064229488372803,0.0277726501226425,0.010204081632653,0.5449291961682632,ok,1a4352c,b5cf9e00,precomputed,2.0,0.1
reconstruction,Glasser,9,kernel_ridge,"kernel_ridge[alpha=1.0,gamma_mult=2.0]",bv,bv,FC,False,682,196,16,64620,0.0141471615061163,-0.0398905836045742,0.8285863399505615,0.0410118401050567,0.0153061224489795,0.6065441482715535,ok,1a4352c,53f82c54,precomputed,2.0,1.0
reconstruction,Glasser,9,kernel_ridge,"kernel_ridge[alpha=10.0,gamma_mult=2.0]",bv,bv,FC,False,682,196,16,64620,0.0136872055009007,-0.0074505466036498,0.8346664905548096,0.0510011725127697,0.0153061224489795,0.64173781757601,ok,1a4352c,f56b1bce,precomputed,2.0,10.0
reconstruction,Glasser,9,pca_pls,pca_pls,demo,demo,SC,False,682,196,9,64620,0.0053236219100654,0.0015757913934066,0.9151970744132996,0.1323551535606384,0.010204081632653,0.7693148688046647,ok,1a4352c,adb5292e,precomputed,,
reconstruction,Glasser,9,bayesian_ridge,bayesian_ridge,demo,demo,SC,False,682,196,9,64620,0.0052844793535768,0.0087166782468557,0.9158270955085754,0.1400399059057235,0.0204081632653061,0.7887598917117867,ok,1a4352c,d4c10648,precomputed,,
reconstruction,Glasser,9,kernel_ridge,"kernel_ridge[alpha=0.1,gamma_mult=0.5]",demo,demo,SC,False,682,196,9,64620,0.0054042874835431,-0.0120833255350589,0.9138946533203124,0.1191737130284309,0.010204081632653,0.7167846730528946,ok,1a4352c,1c600a94,precomputed,0.5,0.1
reconstruction,Glasser,9,kernel_ridge,"kernel_ridge[alpha=1.0,gamma_mult=0.5]",demo,demo,SC,False,682,196,9,64620,0.0053361388854682,-0.0005550159839913,0.914987862110138,0.1275437027215957,0.0051020408163265,0.7598656809662641,ok,1a4352c,ccba182b,precomputed,0.5,1.0
reconstruction,Glasser,9,kernel_ridge,"kernel_ridge[alpha=10.0,gamma_mult=0.5]",demo,demo,SC,False,682,196,9,64620,0.0052968333475291,0.0075077363289892,0.9156786799430848,0.1334410458803177,0.010204081632653,0.7930810079133694,ok,1a4352c,19a64a67,precomputed,0.5,10.0
reconstruction,Glasser,9,kernel_ridge,"kernel_ridge[alpha=0.1,gamma_mult=1.0]",demo,demo,SC,False,682,196,9,64620,0.0054405503906309,-0.0180446524173021,0.91331148147583,0.1153226867318153,0.0255102040816326,0.6955435235318617,ok,1a4352c,4b709afe,precomputed,1.0,0.1
reconstruction,Glasser,9,kernel_ridge,"kernel_ridge[alpha=1.0,gamma_mult=1.0]",demo,demo,SC,False,682,196,9,64620,0.0053614294156432,-0.0047286464832723,0.9145731925964355,0.1225602105259895,0.0255102040816326,0.7425291545189504,ok,1a4352c,581785b5,precomputed,1.0,1.0
reconstruction,Glasser,9,kernel_ridge,"kernel_ridge[alpha=10.0,gamma_mult=1.0]",demo,demo,SC,False,682,196,9,64620,0.0053037572652101,0.0061349151656031,0.9155611991882324,0.1297315806150436,0.010204081632653,0.7919096209912536,ok,1a4352c,3014ecfc,precomputed,1.0,10.0
reconstruction,Glasser,9,kernel_ridge,"kernel_ridge[alpha=0.1,gamma_mult=2.0]",demo,demo,SC,False,682,196,9,64620,0.0054874466732144,-0.0259131584316492,0.9125677347183228,0.1110346764326095,0.0255102040816326,0.6784673052894628,ok,1a4352c,d943ff46,precomputed,2.0,0.1
reconstruction,Glasser,9,kernel_ridge,"kernel_ridge[alpha=1.0,gamma_mult=2.0]",demo,demo,SC,False,682,196,9,64620,0.0053871357813477,-0.0088069615885615,0.9141522645950316,0.1184237226843833,0.010204081632653,0.7255830903790088,ok,1a4352c,8576c279,precomputed,2.0,1.0
reconstruction,Glasser,9,kernel_ridge,"kernel_ridge[alpha=10.0,gamma_mult=2.0]",demo,demo,SC,False,682,196,9,64620,0.0053134532645344,0.0045400001108646,0.9154062271118164,0.125150665640831,0.010204081632653,0.7850114535610162,ok,1a4352c,c59da6b3,precomputed,2.0,10.0
reconstruction,Glasser,9,pca_pls,pca_pls,demo,demo,FC,False,682,196,9,64620,0.0136546995490789,-0.005390069913119,0.8344401121139526,0.1063459366559982,0.0051020408163265,0.6470741357767597,ok,1a4352c,3e4b979c,precomputed,,
reconstruction,Glasser,9,bayesian_ridge,bayesian_ridge,demo,demo,FC,False,682,196,9,64620,0.0135479876771569,0.0019319417187944,0.8360173106193542,0.1116762533783912,0.0051020408163265,0.6367659308621407,ok,1a4352c,884bf42e,precomputed,,
reconstruction,Glasser,9,kernel_ridge,"kernel_ridge[alpha=0.1,gamma_mult=0.5]",demo,demo,FC,False,682,196,9,64620,0.0138205923140048,-0.017289662733674,0.8323516845703125,0.0973212122917175,0.0153061224489795,0.6455383173677633,ok,1a4352c,5e0958b9,precomputed,0.5,0.1
reconstruction,Glasser,9,kernel_ridge,"kernel_ridge[alpha=1.0,gamma_mult=0.5]",demo,demo,FC,False,682,196,9,64620,0.0136507162824273,-0.0052828881889581,0.8345858454704285,0.1053187996149063,0.0408163265306122,0.6480893377759267,ok,1a4352c,a779344e,precomputed,0.5,1.0
reconstruction,Glasser,9,kernel_ridge,"kernel_ridge[alpha=10.0,gamma_mult=0.5]",demo,demo,FC,False,682,196,9,64620,0.0135254925116896,0.0033377399668097,0.8363909125328064,0.1105471178889274,0.0255102040816326,0.6590743440233235,ok,1a4352c,e7070967,precomputed,0.5,10.0
reconstruction,Glasser,9,kernel_ridge,"kernel_ridge[alpha=0.1,gamma_mult=1.0]",demo,demo,FC,False,682,196,9,64620,0.0139267006888985,-0.0248574931174516,0.831052839756012,0.0922413095831871,0.0153061224489795,0.6388223656809662,ok,1a4352c,94120422,precomputed,1.0,0.1
reconstruction,Glasser,9,kernel_ridge,"kernel_ridge[alpha=1.0,gamma_mult=1.0]",demo,demo,FC,False,682,196,9,64620,0.0137085923925042,-0.0094404267147183,0.8338409066200256,0.10132497549057,0.0255102040816326,0.6509527280299875,ok,1a4352c,00683050,precomputed,1.0,1.0
reconstruction,Glasser,9,kernel_ridge,"kernel_ridge[alpha=10.0,gamma_mult=1.0]",demo,demo,FC,False,682,196,9,64620,0.0135435201227664,0.0020994893275201,0.836103618144989,0.1085957735776901,0.0153061224489795,0.6562890462307371,ok,1a4352c,67a1cfdf,precomputed,1.0,10.0
reconstruction,Glasser,9,kernel_ridge,"kernel_ridge[alpha=0.1,gamma_mult=2.0]",demo,demo,FC,False,682,196,9,64620,0.0140645401552319,-0.0347720123827457,0.8294668197631836,0.0856082513928413,0.0255102040816326,0.6353602665556017,ok,1a4352c,22915650,precomputed,2.0,0.1
reconstruction,Glasser,9,kernel_ridge,"kernel_ridge[alpha=1.0,gamma_mult=2.0]",demo,demo,FC,False,682,196,9,64620,0.0137839140370488,-0.0148686422035098,0.8329114317893982,0.0960424169898033,0.0204081632653061,0.6499114952103291,ok,1a4352c,bfd43bd4,precomputed,2.0,1.0
reconstruction,Glasser,9,kernel_ridge,"kernel_ridge[alpha=10.0,gamma_mult=2.0]",demo,demo,FC,False,682,196,9,64620,0.0135654052719473,0.0005262985941953,0.8358182311058044,0.105204053223133,0.0357142857142857,0.6585276967930029,ok,1a4352c,c3b9a1a6,precomputed,2.0,10.0
reconstruction,Glasser,9,pca_pls,pca_pls,bv+demo,bv+demo,SC,False,682,196,25,64620,0.0052761281840503,0.0118207959458231,0.9152023792266846,0.1775073409080505,0.1377551020408163,0.8941847147022074,ok,1a4352c,45b78f7a,precomputed,,
reconstruction,Glasser,9,bayesian_ridge,bayesian_ridge,bv+demo,bv+demo,SC,False,682,196,25,64620,0.0051862318068742,0.0275656897574663,0.9167087078094482,0.1858389675617218,0.1071428571428571,0.8985839233652645,ok,1a4352c,a8166921,precomputed,,
reconstruction,Glasser,9,kernel_ridge,"kernel_ridge[alpha=0.1,gamma_mult=0.5]",bv+demo,bv+demo,SC,False,682,196,25,64620,0.0054786675609648,-0.020315695554018,0.9118602275848388,0.1514313369989395,0.0816326530612244,0.804951062057476,ok,1a4352c,001c8419,precomputed,0.5,0.1
reconstruction,Glasser,9,kernel_ridge,"kernel_ridge[alpha=1.0,gamma_mult=0.5]",bv+demo,bv+demo,SC,False,682,196,25,64620,0.0052284994162619,0.0208999402821064,0.9160451889038086,0.1792336702346801,0.1581632653061224,0.9105841316118284,ok,1a4352c,60e198a9,precomputed,0.5,1.0
reconstruction,Glasser,9,kernel_ridge,"kernel_ridge[alpha=10.0,gamma_mult=0.5]",bv+demo,bv+demo,SC,False,682,196,25,64620,0.0052371197380125,0.0207376945763826,0.9164212942123412,0.1810896098613739,0.1428571428571428,0.9174822990420658,ok,1a4352c,9aedba07,precomputed,0.5,10.0
reconstruction,Glasser,9,kernel_ridge,"kernel_ridge[alpha=0.1,gamma_mult=1.0]",bv+demo,bv+demo,SC,False,682,196,25,64620,0.005792245734483,-0.070307619869709,0.9067044854164124,0.1240505874156951,0.0204081632653061,0.7135047896709704,ok,1a4352c,0f296d96,precomputed,1.0,0.1
reconstruction,Glasser,9,kernel_ridge,"kernel_ridge[alpha=1.0,gamma_mult=1.0]",bv+demo,bv+demo,SC,False,682,196,25,64620,0.0052727395668625,0.0141072096303105,0.9153056740760804,0.1699057966470718,0.1224489795918367,0.8942107455226989,ok,1a4352c,380c14b1,precomputed,1.0,1.0
reconstruction,Glasser,9,kernel_ridge,"kernel_ridge[alpha=10.0,gamma_mult=1.0]",bv+demo,bv+demo,SC,False,682,196,25,64620,0.0052179186604917,0.0242968201637268,0.9165812134742736,0.1799117922782898,0.1428571428571428,0.9203196584756352,ok,1a4352c,c1251f6e,precomputed,1.0,10.0
reconstruction,Glasser,9,kernel_ridge,"kernel_ridge[alpha=0.1,gamma_mult=2.0]",bv+demo,bv+demo,SC,False,682,196,25,64620,0.006117585580796,-0.122444748878479,0.901502013206482,0.1022091954946518,0.0255102040816326,0.683725531028738,ok,1a4352c,48beea65,precomputed,2.0,0.1
reconstruction,Glasser,9,kernel_ridge,"kernel_ridge[alpha=1.0,gamma_mult=2.0]",bv+demo,bv+demo,SC,False,682,196,25,64620,0.0053579355590045,0.0012098394799977,0.9139209389686584,0.1514261662960052,0.1071428571428571,0.8665660141607663,ok,1a4352c,f5c23bf6,precomputed,2.0,1.0
reconstruction,Glasser,9,kernel_ridge,"kernel_ridge[alpha=10.0,gamma_mult=2.0]",bv+demo,bv+demo,SC,False,682,196,25,64620,0.0052210949361324,0.024096168577671,0.916496992111206,0.1755796521902084,0.1224489795918367,0.9137859225322782,ok,1a4352c,b2fe1486,precomputed,2.0,10.0
reconstruction,Glasser,9,pca_pls,pca_pls,bv+demo,bv+demo,FC,False,682,196,25,64620,0.0138552766293287,-0.0198255442082881,0.8318284749984741,0.0992083922028541,0.0204081632653061,0.6644887546855477,ok,1a4352c,c4de35db,precomputed,,
reconstruction,Glasser,9,bayesian_ridge,bayesian_ridge,bv+demo,bv+demo,FC,False,682,196,25,64620,0.0135663542896509,0.0006049771909601,0.8358367681503296,0.1142990738153457,0.0306122448979591,0.6565233236151604,ok,1a4352c,2d1b60c2,precomputed,,
reconstruction,Glasser,9,kernel_ridge,"kernel_ridge[alpha=0.1,gamma_mult=0.5]",bv+demo,bv+demo,FC,False,682,196,25,64620,0.0143263731151819,-0.053539901971817,0.8257753849029541,0.085619069635868,0.0051020408163265,0.6395512286547272,ok,1a4352c,8d49cd3f,precomputed,0.5,0.1
reconstruction,Glasser,9,kernel_ridge,"kernel_ridge[alpha=1.0,gamma_mult=0.5]",bv+demo,bv+demo,FC,False,682,196,25,64620,0.0136890336871147,-0.0081705953925848,0.8340651988983154,0.1031307652592659,0.0153061224489795,0.6722719700124948,ok,1a4352c,707ef281,precomputed,0.5,1.0
reconstruction,Glasser,9,kernel_ridge,"kernel_ridge[alpha=10.0,gamma_mult=0.5]",bv+demo,bv+demo,FC,False,682,196,25,64620,0.0135308932512998,0.0028621493838727,0.8364898562431335,0.104965440928936,0.010204081632653,0.692680133277801,ok,1a4352c,a886698f,precomputed,0.5,10.0
reconstruction,Glasser,9,kernel_ridge,"kernel_ridge[alpha=0.1,gamma_mult=1.0]",bv+demo,bv+demo,FC,False,682,196,25,64620,0.0151458261534571,-0.1123860925436019,0.815734326839447,0.0682765021920204,0.0051020408163265,0.611698250728863,ok,1a4352c,6f55a130,precomputed,1.0,0.1
reconstruction,Glasser,9,kernel_ridge,"kernel_ridge[alpha=1.0,gamma_mult=1.0]",bv+demo,bv+demo,FC,False,682,196,25,64620,0.013789820484817,-0.0153296245262026,0.8327163457870483,0.0982478260993957,0.010204081632653,0.6730008329862558,ok,1a4352c,db7c747d,precomputed,1.0,1.0
reconstruction,Glasser,9,kernel_ridge,"kernel_ridge[alpha=10.0,gamma_mult=1.0]",bv+demo,bv+demo,FC,False,682,196,25,64620,0.0135265188291668,0.0031785350292921,0.8364517688751221,0.1048853769898414,0.0204081632653061,0.6899208663057059,ok,1a4352c,02a8989c,precomputed,1.0,10.0
reconstruction,Glasser,9,kernel_ridge,"kernel_ridge[alpha=0.1,gamma_mult=2.0]",bv+demo,bv+demo,FC,False,682,196,25,64620,0.0160455126315355,-0.1772751361131668,0.8053574562072754,0.0534122437238693,0.0,0.5936588921282799,ok,1a4352c,e20e027f,precomputed,2.0,0.1
reconstruction,Glasser,9,kernel_ridge,"kernel_ridge[alpha=1.0,gamma_mult=2.0]",bv+demo,bv+demo,FC,False,682,196,25,64620,0.0139935705810785,-0.0299681257456541,0.8301542401313782,0.0866924375295639,0.0051020408163265,0.6686536859641816,ok,1a4352c,59a99033,precomputed,2.0,1.0
reconstruction,Glasser,9,kernel_ridge,"kernel_ridge[alpha=10.0,gamma_mult=2.0]",bv+demo,bv+demo,FC,False,682,196,25,64620,0.0135373687371611,0.0024485914036631,0.8362559676170349,0.1033534780144691,0.0255102040816326,0.6874739691795085,ok,1a4352c,a75d1485,precomputed,2.0,10.0
reconstruction,Glasser,9,pca_pls,pca_pls,FC+bv+demo,FC+bv+demo,SC,True,682,196,64645,64620,0.0053617064841091,-0.0094640562310814,0.9137699604034424,0.1734978854656219,0.1836734693877551,0.9222459391920034,ok,1a4352c,fd9add2a,precomputed,,
reconstruction,Glasser,9,bayesian_ridge,bayesian_ridge,FC+bv+demo,FC+bv+demo,SC,True,682,196,64645,64620,0.0051581100560724,0.028337949886918,0.9171884655952454,0.1976570188999176,0.1836734693877551,0.9322678050812162,ok,1a4352c,eb297a3e,precomputed,,
reconstruction,Glasser,9,kernel_ridge,"kernel_ridge[alpha=0.1,gamma_mult=0.5]",FC+bv+demo,FC+bv+demo,SC,True,682,196,64645,64620,0.0054460102692246,-0.0237143207341432,0.9123519062995912,0.1752503514289856,0.2551020408163265,0.9386713869221158,ok,1a4352c,49775735,precomputed,0.5,0.1
reconstruction,Glasser,9,kernel_ridge,"kernel_ridge[alpha=1.0,gamma_mult=0.5]",FC+bv+demo,FC+bv+demo,SC,True,682,196,64645,64620,0.0051664323545992,0.0269203055649995,0.9170465469360352,0.1945418715476989,0.3163265306122449,0.9586370262390672,ok,1a4352c,c1d5d4ee,precomputed,0.5,1.0
reconstruction,Glasser,9,kernel_ridge,"kernel_ridge[alpha=10.0,gamma_mult=0.5]",FC+bv+demo,FC+bv+demo,SC,True,682,196,64645,64620,0.0052598752081394,0.0151056107133626,0.915980100631714,0.1888394802808761,0.1275510204081632,0.9239379425239485,ok,1a4352c,515d711f,precomputed,0.5,10.0
reconstruction,Glasser,9,kernel_ridge,"kernel_ridge[alpha=0.1,gamma_mult=1.0]",FC+bv+demo,FC+bv+demo,SC,True,682,196,64645,64620,0.0055255093611776,-0.0373956151306629,0.9110644459724426,0.1739801615476608,0.2346938775510204,0.938176801332778,ok,1a4352c,125c6106,precomputed,1.0,0.1
reconstruction,Glasser,9,kernel_ridge,"kernel_ridge[alpha=1.0,gamma_mult=1.0]",FC+bv+demo,FC+bv+demo,SC,True,682,196,64645,64620,0.0051941946148872,0.0208818838000297,0.916557252407074,0.1915992200374603,0.2857142857142857,0.9573094543940024,ok,1a4352c,f7e2039f,precomputed,1.0,1.0
reconstruction,Glasser,9,kernel_ridge,"kernel_ridge[alpha=10.0,gamma_mult=1.0]",FC+bv+demo,FC+bv+demo,SC,True,682,196,64645,64620,0.0052230264991521,0.0209443904459476,0.9163787364959716,0.1912682652473449,0.1887755102040816,0.940493544356518,ok,1a4352c,d71f0dbd,precomputed,1.0,10.0
reconstruction,Glasser,9,kernel_ridge,"kernel_ridge[alpha=0.1,gamma_mult=2.0]",FC+bv+demo,FC+bv+demo,SC,True,682,196,64645,64620,0.0055689844302833,-0.0456377863883972,0.9104170799255372,0.1757459044456482,0.2448979591836734,0.9433309037900874,ok,1a4352c,5646000d,precomputed,2.0,0.1
reconstruction,Glasser,9,kernel_ridge,"kernel_ridge[alpha=1.0,gamma_mult=2.0]",FC+bv+demo,FC+bv+demo,SC,True,682,196,64645,64620,0.0052337013185024,0.0129336100071668,0.9159250259399414,0.1906899660825729,0.2908163265306122,0.9555133277800916,ok,1a4352c,2c707668,precomputed,2.0,1.0
reconstruction,Glasser,9,kernel_ridge,"kernel_ridge[alpha=10.0,gamma_mult=2.0]",FC+bv+demo,FC+bv+demo,SC,True,682,196,64645,64620,0.0051986225880682,0.0246616099029779,0.916650116443634,0.1919608563184738,0.2397959183673469,0.9495262390670554,ok,1a4352c,46c3c8cc,precomputed,2.0,10.0
reconstruction,Glasser,9,pca_pls,pca_pls,SC+bv+demo,SC+bv+demo,FC,True,682,196,64645,64620,0.0142309349030256,-0.0493425838649272,0.827373743057251,0.1017581224441528,0.0612244897959183,0.7208194502290712,ok,1a4352c,eb3ca360,precomputed,,
reconstruction,Glasser,9,bayesian_ridge,bayesian_ridge,SC+bv+demo,SC+bv+demo,FC,True,682,196,64645,64620,0.0135033428668975,0.0028253023047,0.8369891047477722,0.1229876577854156,0.0612244897959183,0.7648115368596418,ok,1a4352c,f51b12fd,precomputed,,
reconstruction,Glasser,9,kernel_ridge,"kernel_ridge[alpha=0.1,gamma_mult=0.5]",SC+bv+demo,SC+bv+demo,FC,True,682,196,64645,64620,0.0145483193919062,-0.0742629095911979,0.8235764503479004,0.1020065397024154,0.0663265306122449,0.7369064972927947,ok,1a4352c,1afdfbc0,precomputed,0.5,0.1
reconstruction,Glasser,9,kernel_ridge,"kernel_ridge[alpha=1.0,gamma_mult=0.5]",SC+bv+demo,SC+bv+demo,FC,True,682,196,64645,64620,0.013540125451982,0.0001561038952786,0.8364212512969971,0.116634152829647,0.0765306122448979,0.766399416909621,ok,1a4352c,5c7ef77c,precomputed,0.5,1.0
reconstruction,Glasser,9,kernel_ridge,"kernel_ridge[alpha=10.0,gamma_mult=0.5]",SC+bv+demo,SC+bv+demo,FC,True,682,196,64645,64620,0.0135845420882105,-0.0010411997791379,0.8361080884933472,0.1177334114909172,0.0561224489795918,0.7758746355685131,ok,1a4352c,d268d5a5,precomputed,0.5,10.0
reconstruction,Glasser,9,kernel_ridge,"kernel_ridge[alpha=0.1,gamma_mult=1.0]",SC+bv+demo,SC+bv+demo,FC,True,682,196,64645,64620,0.0147697078064084,-0.0903353542089462,0.8208412528038025,0.1012725085020065,0.0714285714285714,0.7365420658059142,ok,1a4352c,6a13a9cb,precomputed,1.0,0.1
reconstruction,Glasser,9,kernel_ridge,"kernel_ridge[alpha=1.0,gamma_mult=1.0]",SC+bv+demo,SC+bv+demo,FC,True,682,196,64645,64620,0.0136625124141573,-0.0092194182798266,0.8347674012184143,0.1140673905611038,0.0714285714285714,0.7623125780924614,ok,1a4352c,1dd611ad,precomputed,1.0,1.0
reconstruction,Glasser,9,kernel_ridge,"kernel_ridge[alpha=10.0,gamma_mult=1.0]",SC+bv+demo,SC+bv+demo,FC,True,682,196,64645,64620,0.0135473813861608,0.0013735140673816,0.8365548849105835,0.1196374967694282,0.0408163265306122,0.7779310703873386,ok,1a4352c,8c56b742,precomputed,1.0,10.0
reconstruction,Glasser,9,kernel_ridge,"kernel_ridge[alpha=0.1,gamma_mult=2.0]",SC+bv+demo,SC+bv+demo,FC,True,682,196,64645,64620,0.0148219848051667,-0.0940884426236152,0.8201925158500671,0.1026360467076301,0.0663265306122449,0.7394575177009579,ok,1a4352c,c033733f,precomputed,2.0,0.1
reconstruction,Glasser,9,kernel_ridge,"kernel_ridge[alpha=1.0,gamma_mult=2.0]",SC+bv+demo,SC+bv+demo,FC,True,682,196,64645,64620,0.0137724848464131,-0.0174083523452281,0.8333117365837097,0.1137050688266754,0.0765306122448979,0.7620783007080383,ok,1a4352c,3d74179a,precomputed,2.0,1.0
reconstruction,Glasser,9,kernel_ridge,"kernel_ridge[alpha=10.0,gamma_mult=2.0]",SC+bv+demo,SC+bv+demo,FC,True,682,196,64645,64620,0.0135229937732219,0.0029265747871249,0.8368367552757263,0.1205557584762573,0.0459183673469387,0.7786078717201166,ok,1a4352c,ad2b90da,precomputed,2.0,10.0
reconstruction,Glasser,9,pca_pls,pca_pls,FC,FC,FC,False,682,196,64620,64620,0.0103443544358015,0.2210102677345276,0.8735454082489014,0.4721787869930267,1.0,1.0,ok,1a4352c,03689cab,precomputed,,
reconstruction,Glasser,9,bayesian_ridge,bayesian_ridge,FC,FC,FC,False,682,196,64620,64620,0.0072657112032175,0.4203065037727356,0.9121923446655272,0.6737951040267944,1.0,1.0,ok,1a4352c,44528844,precomputed,,
reconstruction,Glasser,9,kernel_ridge,"kernel_ridge[alpha=0.1,gamma_mult=0.5]",FC,FC,FC,False,682,196,64620,64620,0.0073931822553277,0.4150874614715576,0.9109291434288024,0.6737861037254333,1.0,1.0,ok,1a4352c,daf8233d,precomputed,0.5,0.1
reconstruction,Glasser,9,kernel_ridge,"kernel_ridge[alpha=1.0,gamma_mult=0.5]",FC,FC,FC,False,682,196,64620,64620,0.0099010299891233,0.2508672177791595,0.8817744851112366,0.6737527847290039,1.0,1.0,ok,1a4352c,b302be4f,precomputed,0.5,1.0
reconstruction,Glasser,9,kernel_ridge,"kernel_ridge[alpha=10.0,gamma_mult=0.5]",FC,FC,FC,False,682,196,64620,64620,0.0130326794460415,0.0370832122862339,0.8429920673370361,0.6728340983390808,1.0,1.0,ok,1a4352c,71b25cc7,precomputed,0.5,10.0
reconstruction,Glasser,9,kernel_ridge,"kernel_ridge[alpha=0.1,gamma_mult=1.0]",FC,FC,FC,False,682,196,64620,64620,0.0073064193129539,0.419435441493988,0.9118434190750122,0.6737577319145203,1.0,1.0,ok,1a4352c,abf60060,precomputed,1.0,0.1
reconstruction,Glasser,9,kernel_ridge,"kernel_ridge[alpha=1.0,gamma_mult=1.0]",FC,FC,FC,False,682,196,64620,64620,0.0089572202414274,0.3143194019794464,0.8932081460952759,0.6736800670623779,1.0,1.0,ok,1a4352c,1693a5ca,precomputed,1.0,1.0
reconstruction,Glasser,9,kernel_ridge,"kernel_ridge[alpha=10.0,gamma_mult=1.0]",FC,FC,FC,False,682,196,64620,64620,0.012645442970097,0.0636728852987289,0.8478426933288574,0.6721076965332031,1.0,1.0,ok,1a4352c,f21778c5,precomputed,1.0,10.0
reconstruction,Glasser,9,kernel_ridge,"kernel_ridge[alpha=0.1,gamma_mult=2.0]",FC,FC,FC,False,682,196,64620,64620,0.0072982320562005,0.4192571640014648,0.9119516611099244,0.6736297607421875,1.0,1.0,ok,1a4352c,3efe1640,precomputed,2.0,0.1
reconstruction,Glasser,9,kernel_ridge,"kernel_ridge[alpha=1.0,gamma_mult=2.0]",FC,FC,FC,False,682,196,64620,64620,0.0084552997723221,0.3475892841815948,0.8992716073989868,0.6733725666999817,1.0,1.0,ok,1a4352c,1e6325bf,precomputed,2.0,1.0
reconstruction,Glasser,9,kernel_ridge,"kernel_ridge[alpha=10.0,gamma_mult=2.0]",FC,FC,FC,False,682,196,64620,64620,0.0123020280152559,0.0872231796383857,0.8521782755851746,0.6691575050354004,1.0,1.0,ok,1a4352c,bb9e290d,precomputed,2.0,10.0
reconstruction,Glasser,9,pca_pls,pca_pls,SC,SC,SC,False,682,196,64620,64620,0.0045918649993836,0.0477349422872066,0.9265342354774476,0.3822287023067474,1.0,1.0,ok,1a4352c,cf4256f7,precomputed,,
reconstruction,Glasser,9,bayesian_ridge,bayesian_ridge,SC,SC,SC,False,682,196,64620,64620,0.0031210153829306,0.0840850621461868,0.9506102800369264,0.6482783555984497,1.0,1.0,ok,1a4352c,1338abaf,precomputed,,
reconstruction,Glasser,9,kernel_ridge,"kernel_ridge[alpha=0.1,gamma_mult=0.5]",SC,SC,SC,False,682,196,64620,64620,0.0031704236753284,0.1170932278037071,0.949894368648529,0.6482671499252319,1.0,1.0,ok,1a4352c,5a35a507,precomputed,0.5,0.1
reconstruction,Glasser,9,kernel_ridge,"kernel_ridge[alpha=1.0,gamma_mult=0.5]",SC,SC,SC,False,682,196,64620,64620,0.0040644397959113,0.1100675910711288,0.9360141158103944,0.6482029557228088,1.0,1.0,ok,1a4352c,5cdba25f,precomputed,0.5,1.0
reconstruction,Glasser,9,kernel_ridge,"kernel_ridge[alpha=10.0,gamma_mult=0.5]",SC,SC,SC,False,682,196,64620,64620,0.0051675071008503,0.0147601012140512,0.918381690979004,0.644184410572052,1.0,1.0,ok,1a4352c,fbeaf8e3,precomputed,0.5,10.0
reconstruction,Glasser,9,kernel_ridge,"kernel_ridge[alpha=0.1,gamma_mult=1.0]",SC,SC,SC,False,682,196,64620,64620,0.0031404439359903,0.1057837083935737,0.950342059135437,0.6482329368591309,1.0,1.0,ok,1a4352c,5bbe620a,precomputed,1.0,0.1
reconstruction,Glasser,9,kernel_ridge,"kernel_ridge[alpha=1.0,gamma_mult=1.0]",SC,SC,SC,False,682,196,64620,64620,0.0037396624684333,0.1289691478013992,0.9411635398864746,0.6480989456176758,1.0,1.0,ok,1a4352c,72361cea,precomputed,1.0,1.0
reconstruction,Glasser,9,kernel_ridge,"kernel_ridge[alpha=10.0,gamma_mult=1.0]",SC,SC,SC,False,682,196,64620,64620,0.0050342897884547,0.0278922896832227,0.9205253720283508,0.6416136026382446,1.0,1.0,ok,1a4352c,0a762a1e,precomputed,1.0,10.0
reconstruction,Glasser,9,kernel_ridge,"kernel_ridge[alpha=0.1,gamma_mult=2.0]",SC,SC,SC,False,682,196,64620,64620,0.0031401463784277,0.1030997484922409,0.9503588080406188,0.6480739116668701,1.0,1.0,ok,1a4352c,535271eb,precomputed,2.0,0.1
reconstruction,Glasser,9,kernel_ridge,"kernel_ridge[alpha=1.0,gamma_mult=2.0]",SC,SC,SC,False,682,196,64620,64620,0.0035797259770333,0.1347677707672119,0.9437212944030762,0.6476315855979919,1.0,1.0,ok,1a4352c,976ca9f6,precomputed,2.0,1.0
reconstruction,Glasser,9,kernel_ridge,"kernel_ridge[alpha=10.0,gamma_mult=2.0]",SC,SC,SC,False,682,196,64620,64620,0.0049223848618566,0.0387608781456947,0.922344446182251,0.6311967968940735,1.0,1.0,ok,1a4352c,250baeb3,precomputed,2.0,10.0
