grid_version,combo_id,block,w_varmatch,w_correye,w_neidist,native_w_varmatch,native_w_correye,native_w_neidist,random_seed,model,tag,seed,parcellation,direction,epoch,train_demeaned_pearson,train_pearson,train_avg_rank,train_top1_acc,train_mse,train_loss_raw_mse,train_loss_raw_varmatch,train_loss_raw_correye,train_loss_raw_neidist,val_demeaned_pearson,val_pearson,val_avg_rank,val_top1_acc,val_mse,val_loss_raw_mse,val_loss_raw_varmatch,val_loss_raw_correye,val_loss_raw_neidist,test_demeaned_pearson,test_pearson,test_avg_rank,test_top1_acc,test_mse
v1,mse_only,factorial,0.0,0.0,0.0,0.0,0.0,0.0,0,Krakencoder,cl_kraken_v1_mse_only,0,Glasser,SC->FC,100,0.24417172372341156,0.8409785032272339,0.9540139210142147,0.2591508052708638,0.013170604594051838,0.013146141450852156,0.9811987698078155,52.94781837463379,2.2228439331054686,0.040607936680316925,0.8298486471176147,0.6189713186989265,0.0379746835443038,0.014408444985747337,0.0144493468105793,0.981788158416748,52.549835205078125,3.6812191009521484,0.0415675975382328,0.8387548327445984,0.6421827744904668,0.015384615384615385,0.013345927931368351
v1,mse_only,factorial,0.0,0.0,0.0,0.0,0.0,0.0,0,Krakencoder,cl_kraken_v1_mse_only,0,Glasser,FC->SC,100,0.22445061802864075,0.9176425933837891,0.9836051868318438,0.44216691068814057,0.005251853261142969,0.005252742301672697,0.981343400478363,58.03971862792969,1.1477132797241212,0.05859197676181793,0.9159711003303528,0.7054959141163275,0.05063291139240506,0.0052574872970581055,0.005293882451951504,0.9805899858474731,58.09292221069336,1.2743377685546875,0.06043073162436485,0.9147385954856873,0.7145562130177514,0.03076923076923077,0.005483010783791542
v1,mse_only,factorial,0.0,0.0,0.0,0.0,0.0,0.0,0,Krakencoder,cl_kraken_v1_mse_only,0,Glasser,SC->FC,200,0.366432785987854,0.849844217300415,0.9849814250711164,0.5431918008784773,0.012452792376279831,0.01242626179009676,0.9542343318462372,52.79959373474121,1.6306985855102538,0.045728135854005814,0.8287977576255798,0.6088767825668964,0.05063291139240506,0.014506779611110687,0.01453482173383236,0.9556527733802795,52.403316497802734,3.9012508392333984,0.0625976026058197,0.8383752107620239,0.6596449704142011,0.010256410256410256,0.0133785055950284
v1,mse_only,factorial,0.0,0.0,0.0,0.0,0.0,0.0,0,Krakencoder,cl_kraken_v1_mse_only,0,Glasser,FC->SC,200,0.32849761843681335,0.9207516312599182,0.9985208654437725,0.8243045387994143,0.005041372496634722,0.005041709309443832,0.9621677875518799,57.98900718688965,0.8001310348510742,0.09623900800943375,0.9163023829460144,0.8083640442236821,0.11392405063291139,0.005219819489866495,0.005254810210317373,0.9591892957687378,58.03876876831055,1.219522476196289,0.1022995263338089,0.915121853351593,0.7968441814595661,0.08717948717948718,0.0054345205426216125
v1,mse_only,factorial,0.0,0.0,0.0,0.0,0.0,0.0,0,Krakencoder,cl_kraken_v1_mse_only,0,Glasser,SC->FC,300,0.41952937841415405,0.8566948771476746,0.9906600155630679,0.6866764275256223,0.011903106234967709,0.011879609804600478,0.9222059726715088,52.624905014038085,1.1171777725219727,0.04546726122498512,0.8273707628250122,0.5978208620413396,0.05063291139240506,0.014645237475633621,0.014647514559328556,0.9249966144561768,52.24385452270508,4.043193817138672,0.06866443157196045,0.8371582627296448,0.6600394477317555,0.02564102564102564,0.01348125096410513
v1,mse_only,factorial,0.0,0.0,0.0,0.0,0.0,0.0,0,Krakencoder,cl_kraken_v1_mse_only,0,Glasser,FC->SC,300,0.38345491886138916,0.9232243895530701,0.9997106041085642,0.9502196193265008,0.004879942629486322,0.0048799389507621525,0.9439391493797302,57.94037017822266,0.5035530090332031,0.1125338077545166,0.9164615869522095,0.8424931901938791,0.189873417721519,0.005202759522944689,0.005234507378190756,0.939896285533905,57.992469787597656,1.1528911590576172,0.1178603544831276,0.915243923664093,0.8309007232084156,0.11794871794871795,0.005416290368884802
v1,mse_only,factorial,0.0,0.0,0.0,0.0,0.0,0.0,0,Krakencoder,cl_kraken_v1_mse_only,0,Glasser,SC->FC,400,0.44947686791419983,0.8607890605926514,0.9935303940714572,0.7628111273792094,0.011577518656849861,0.011555140838027,0.9027450442314148,52.518096923828125,0.7421354293823242,0.04454303905367851,0.8261493444442749,0.5946162473962506,0.05063291139240506,0.014759230427443981,0.014746938832104206,0.906596839427948,52.14035415649414,4.101404190063477,0.07258621603250504,0.836322009563446,0.6607495069033531,0.020512820512820513,0.01354870293289423
v1,mse_only,factorial,0.0,0.0,0.0,0.0,0.0,0.0,0,Krakencoder,cl_kraken_v1_mse_only,0,Glasser,FC->SC,400,0.41915321350097656,0.9250497221946716,0.9999142530692042,0.9795021961932651,0.00476536201313138,0.004765709955245256,0.9311355590820313,57.90489807128906,0.28209457397460935,0.12172284722328186,0.9165499806404114,0.8580355712225605,0.20253164556962025,0.005194969475269318,0.005223625339567661,0.9273119568824768,57.959590911865234,1.1171836853027344,0.12385377287864685,0.915229856967926,0.8478369493754109,0.13333333333333333,0.005413135513663292
v1,mse_only,factorial,0.0,0.0,0.0,0.0,0.0,0.0,0,Krakencoder,cl_kraken_v1_mse_only,0,Glasser,SC->FC,500,0.46777111291885376,0.8633284568786621,0.9949280690434287,0.808199121522694,0.011379053816199303,0.011356684938073158,0.8916181802749634,52.455615234375,0.5000869750976562,0.04811755195260048,0.825875461101532,0.5999038615606473,0.0379746835443038,0.014785352163016796,0.014774839393794537,0.8963010907173157,52.08562469482422,4.103395462036133,0.07683094590902328,0.8360164761543274,0.6692965154503616,0.03076923076923077,0.01357324980199337
v1,mse_only,factorial,0.0,0.0,0.0,0.0,0.0,0.0,0,Krakencoder,cl_kraken_v1_mse_only,0,Glasser,FC->SC,500,0.44368869066238403,0.9263274669647217,0.999980706940571,0.9897510980966325,0.004686459898948669,0.004686731239780783,0.9231351613998413,57.88201637268067,0.12239227294921876,0.12550882995128632,0.916531503200531,0.8678096458900817,0.21518987341772153,0.005195200443267822,0.005223674699664116,0.9193446636199951,57.939720153808594,1.1090679168701172,0.12728482484817505,0.915214478969574,0.8590927021696253,0.11794871794871795,0.005412439815700054
v1,mse_only,factorial,0.0,0.0,0.0,0.0,0.0,0.0,0,Krakencoder,cl_kraken_v1_mse_only,0,Glasser,SC->FC,600,0.48088526725769043,0.864867627620697,0.9958862909950716,0.8374816983894583,0.01125867199152708,0.011236600205302238,0.8868178248405456,52.428456497192386,0.3393726348876953,0.047436829656362534,0.8253931999206543,0.5976606313090851,0.0379746835443038,0.014822972007095814,0.014806599356234074,0.8918852210044861,52.057701110839844,4.132175445556641,0.0770416334271431,0.8357979655265808,0.6710848126232741,0.02564102564102564,0.013596957549452782
v1,mse_only,factorial,0.0,0.0,0.0,0.0,0.0,0.0,0,Krakencoder,cl_kraken_v1_mse_only,0,Glasser,FC->SC,600,0.46029072999954224,0.9272120594978333,0.9999935689801903,0.9956076134699854,0.004632634576410055,0.004632757464423776,0.9181785941123962,57.867453002929686,0.012113189697265625,0.12857995927333832,0.9165599942207336,0.8761416439673129,0.20253164556962025,0.005192339885979891,0.00522218644618988,0.9146611094474792,57.926692962646484,1.0933208465576172,0.12820258736610413,0.9151653051376343,0.8668770545693623,0.13333333333333333,0.005414902698248625
v1,mse_only,factorial,0.0,0.0,0.0,0.0,0.0,0.0,0,Krakencoder,cl_kraken_v1_mse_only,0,Glasser,SC->FC,700,0.4897133409976959,0.8659210205078125,0.996512243589881,0.8521229868228404,0.01117622759193182,0.011154354084283113,0.8833574473857879,52.409355545043944,0.2344575881958008,0.04734975844621658,0.8252309560775757,0.5997436308283929,0.0379746835443038,0.01483986061066389,0.01482242438942194,0.888552188873291,52.03630447387695,4.126834869384766,0.07709094136953354,0.835578203201294,0.6728205128205129,0.03076923076923077,0.013611354865133762
v1,mse_only,factorial,0.0,0.0,0.0,0.0,0.0,0.0,0,Krakencoder,cl_kraken_v1_mse_only,0,Glasser,FC->SC,700,0.4724162518978119,0.9278439283370972,0.9999914253069204,0.9941434846266471,0.0045939902774989605,0.004594040382653475,0.9149651527404785,57.85819511413574,-0.06656246185302735,0.12936951220035553,0.9165557622909546,0.8825508732574908,0.25316455696202533,0.005194143857806921,0.005224257241934538,0.9122596383094788,57.92005157470703,1.0952377319335938,0.129507914185524,0.9151588082313538,0.8704273504273504,0.12307692307692308,0.005415025632828474
v1,mse_only,factorial,0.0,0.0,0.0,0.0,0.0,0.0,0,Krakencoder,cl_kraken_v1_mse_only,0,Glasser,SC->FC,800,0.4958183467388153,0.866682231426239,0.9969173978378911,0.8682284040995608,0.011119859293103218,0.011097849998623132,0.8813911318778992,52.39595603942871,0.16127147674560546,0.04856519028544426,0.8251593112945557,0.600865245954174,0.0379746835443038,0.014845432713627815,0.01482873409986496,0.8870552778244019,52.03046417236328,4.139120101928711,0.08008746802806854,0.8356485962867737,0.67844838921762,0.02564102564102564,0.013602830469608307
v1,mse_only,factorial,0.0,0.0,0.0,0.0,0.0,0.0,0,Krakencoder,cl_kraken_v1_mse_only,0,Glasser,FC->SC,800,0.4812186360359192,0.9282777309417725,0.9999957126534602,0.9970717423133236,0.0045678638853132725,0.004567656060680747,0.9132986247539521,57.85292854309082,-0.12593498229980468,0.13049492239952087,0.9165716171264648,0.8867168722961064,0.21518987341772153,0.005193276796489954,0.005224592983722687,0.9114283919334412,57.91671371459961,1.0859699249267578,0.1307285726070404,0.9151718020439148,0.8750558842866535,0.11794871794871795,0.005413299426436424
v1,mse_only,factorial,0.0,0.0,0.0,0.0,0.0,0.0,0,Krakencoder,cl_kraken_v1_mse_only,0,Glasser,SC->FC,900,0.5003556609153748,0.8671871423721313,0.9969645586498288,0.8667642752562226,0.011080696247518063,0.011057431250810624,0.8802976429462432,52.38989067077637,0.10796012878417968,0.05235959216952324,0.8254053592681885,0.6061528601185708,0.0379746835443038,0.014822413213551044,0.014804678969085217,0.8872902989387512,52.027339935302734,4.1047821044921875,0.07819818705320358,0.835469663143158,0.67689677843524,0.02564102564102564,0.01361976657062769
v1,mse_only,factorial,0.0,0.0,0.0,0.0,0.0,0.0,0,Krakencoder,cl_kraken_v1_mse_only,0,Glasser,FC->SC,900,0.48784950375556946,0.9286035299301147,0.9999957126534602,0.9970717423133236,0.004548204597085714,0.00454774652607739,0.911983174085617,57.84894638061523,-0.165087890625,0.13089609146118164,0.9165744185447693,0.8883191796186508,0.189873417721519,0.0051929643377661705,0.005224212538450956,0.9103607535362244,57.913021087646484,1.0844879150390625,0.1313316971063614,0.9151859879493713,0.8766600920447074,0.11282051282051282,0.00541272945702076
v1,mse_only,factorial,0.0,0.0,0.0,0.0,0.0,0.0,0,Krakencoder,cl_kraken_v1_mse_only,0,Glasser,SC->FC,1000,0.5036686062812805,0.867550790309906,0.9972089374025969,0.8711566617862372,0.011052435263991356,0.011030607018619775,0.8795544385910035,52.38504066467285,0.06844024658203125,0.05188021436333656,0.8253867030143738,0.6087165518346418,0.0379746835443038,0.014824332669377327,0.014811164699494839,0.8864609003067017,52.022220611572266,4.087078094482422,0.07731352746486664,0.8353875279426575,0.6756607495069034,0.046153846153846156,0.0136290667578578
v1,mse_only,factorial,0.0,0.0,0.0,0.0,0.0,0.0,0,Krakencoder,cl_kraken_v1_mse_only,0,Glasser,FC->SC,1000,0.49290597438812256,0.9288723468780518,0.9999978563267301,0.9985358711566618,0.0045316475443542,0.004531207727268338,0.910674375295639,57.845037841796874,-0.19971904754638672,0.13127824664115906,0.9165387749671936,0.8859157186348342,0.20253164556962025,0.00519463000819087,0.0052254945039749146,0.9094855785369873,57.911643981933594,1.0851917266845703,0.13149216771125793,0.9151617884635925,0.8781854043392505,0.11794871794871795,0.005414200015366077
v1,mse_only,factorial,0.0,0.0,0.0,0.0,0.0,0.0,0,Krakencoder,cl_kraken_v1_mse_only,0,Glasser,SC->FC,1100,0.5059449672698975,0.8678366541862488,0.9973847186107282,0.8784773060029283,0.011030196212232113,0.011007360182702541,0.8788936853408813,52.381642532348636,0.04135971069335938,0.052380550652742386,0.8253189325332642,0.6047107835282808,0.0379746835443038,0.014832533895969391,0.014808258973062038,0.8856011033058167,52.01754379272461,4.076160430908203,0.07918033748865128,0.8354713916778564,0.6767389875082183,0.035897435897435895,0.013618890196084976
v1,mse_only,factorial,0.0,0.0,0.0,0.0,0.0,0.0,0,Krakencoder,cl_kraken_v1_mse_only,0,Glasser,FC->SC,1100,0.4969409704208374,0.9290599822998047,0.9999978563267301,0.9985358711566618,0.004520234186202288,0.004519785288721323,0.9101428091526031,57.843292999267575,-0.22707252502441405,0.13280241191387177,0.9165824055671692,0.8892805640121775,0.21518987341772153,0.005191434174776077,0.005221579223871231,0.9094290137290955,57.91086959838867,1.0741634368896484,0.13129045069217682,0.9151529669761658,0.8818145956607495,0.1076923076923077,0.005414422135800123
v1,mse_only,factorial,0.0,0.0,0.0,0.0,0.0,0.0,0,Krakencoder,cl_kraken_v1_mse_only,0,Glasser,SC->FC,1200,0.508036196231842,0.8680711388587952,0.9973911496305379,0.8755490483162518,0.011013646610081196,0.010991542041301728,0.8783991396427154,52.37740974426269,0.01765727996826172,0.05131067335605621,0.8253243565559387,0.6059926293863163,0.05063291139240506,0.014836233109235764,0.014810252003371716,0.8847840428352356,52.0113410949707,4.087940216064453,0.07847566902637482,0.8353611826896667,0.6755029585798817,0.046153846153846156,0.013625319115817547
v1,mse_only,factorial,0.0,0.0,0.0,0.0,0.0,0.0,0,Krakencoder,cl_kraken_v1_mse_only,0,Glasser,FC->SC,1200,0.5002194046974182,0.9292352199554443,1.0,1.0,0.004510166589170694,0.004510046448558569,0.9094377338886261,57.84078102111816,-0.24330615997314453,0.13442836701869965,0.9166337251663208,0.8934465630507932,0.25316455696202533,0.005189062096178532,0.0052200015634298325,0.9082573056221008,57.90707778930664,1.0669536590576172,0.13066700100898743,0.915116548538208,0.8821827744904668,0.10256410256410256,0.005417103413492441
v1,mse_only,factorial,0.0,0.0,0.0,0.0,0.0,0.0,0,Krakencoder,cl_kraken_v1_mse_only,0,Glasser,SC->FC,1300,0.5098877549171448,0.8682084083557129,0.9974683218682542,0.8857979502196194,0.011001949198544025,0.010979253891855478,0.8786154806613922,52.37942543029785,0.00029926300048828126,0.05217994004487991,0.8253430724143982,0.6085563211023874,0.06329113924050633,0.014827115461230278,0.014802937395870686,0.8858334422111511,52.01656723022461,4.0883941650390625,0.07938619703054428,0.8354440331459045,0.6782380013149244,0.03076923076923077,0.013617616146802902
v1,mse_only,factorial,0.0,0.0,0.0,0.0,0.0,0.0,0,Krakencoder,cl_kraken_v1_mse_only,0,Glasser,FC->SC,1300,0.502888023853302,0.9293590784072876,0.9999978563267301,0.9985358711566618,0.004502527415752411,0.004502387112006545,0.9091265499591827,57.84024162292481,-0.26056480407714844,0.1319177746772766,0.9165351986885071,0.8913635635314854,0.21518987341772153,0.005195103120058775,0.005225789733231068,0.9082010388374329,57.90669631958008,1.0777969360351562,0.1301712840795517,0.9151091575622559,0.8807626561472716,0.11282051282051282,0.0054179164581000805
v1,mse_only,factorial,0.0,0.0,0.0,0.0,0.0,0.0,0,Krakencoder,cl_kraken_v1_mse_only,0,Glasser,SC->FC,1400,0.5106988549232483,0.8683820366859436,0.9976205226704167,0.8828696925329429,0.010990516282618046,0.010968043934553862,0.8781311750411988,52.374826431274414,-0.012155532836914062,0.05021204054355621,0.8251428604125977,0.6045505527960262,0.0379746835443038,0.014844357967376709,0.014816774055361748,0.8849638104438782,52.01522445678711,4.105655670166016,0.0791553184390068,0.8354472517967224,0.6786587771203156,0.05128205128205128,0.01361682079732418
v1,mse_only,factorial,0.0,0.0,0.0,0.0,0.0,0.0,0,Krakencoder,cl_kraken_v1_mse_only,0,Glasser,FC->SC,1400,0.5051527619361877,0.9294766187667847,0.9999978563267301,0.9985358711566618,0.004495236556977034,0.0044950827490538355,0.9085372924804688,57.83862838745117,-0.2718099594116211,0.13147099316120148,0.9165208339691162,0.8913635635314854,0.21518987341772153,0.00519562279805541,0.005226063542068005,0.9084521532058716,57.90865707397461,1.0863208770751953,0.1308865249156952,0.915108859539032,0.8836817882971729,0.1282051282051282,0.0054174186661839485
v1,mse_only,factorial,0.0,0.0,0.0,0.0,0.0,0.0,0,Krakencoder,cl_kraken_v1_mse_only,0,Glasser,SC->FC,1500,0.5120822191238403,0.8684670329093933,0.9975304883930811,0.87701317715959,0.010984820313751698,0.010962402075529098,0.87834991812706,52.37657279968262,-0.018817138671875,0.05135960504412651,0.8253135085105896,0.6096779362281686,0.05063291139240506,0.014829790219664574,0.014811458997428417,0.8854890465736389,52.014015197753906,4.094768524169922,0.07812919467687607,0.8354009985923767,0.6787639710716633,0.041025641025641026,0.013624475337564945
v1,mse_only,factorial,0.0,0.0,0.0,0.0,0.0,0.0,0,Krakencoder,cl_kraken_v1_mse_only,0,Glasser,FC->SC,1500,0.50699782371521,0.9295473694801331,1.0,1.0,0.004490676335990429,0.004490196704864502,0.9084613740444183,57.83838539123535,-0.28600540161132815,0.13186581432819366,0.9165303707122803,0.8921647171927576,0.20253164556962025,0.005194811150431633,0.005225169472396374,0.9078283905982971,57.906333923339844,1.0802955627441406,0.13135965168476105,0.9151365756988525,0.8848652202498356,0.11794871794871795,0.005415858700871468
v1,mse_only,factorial,0.0,0.0,0.0,0.0,0.0,0.0,0,Krakencoder,cl_kraken_v1_mse_only,0,Glasser,SC->FC,1600,0.5126532316207886,0.868617057800293,0.9978927691756934,0.8799414348462665,0.010975583456456661,0.010953692346811294,0.8778408586978912,52.372209548950195,-0.027980804443359375,0.05316770076751709,0.8254516124725342,0.6104790898894408,0.06329113924050633,0.01481828186661005,0.014791115187108517,0.8852346539497375,52.01719665527344,4.070474624633789,0.07845587283372879,0.8353794813156128,0.6773438527284681,0.046153846153846156,0.013624133542180061
v1,mse_only,factorial,0.0,0.0,0.0,0.0,0.0,0.0,0,Krakencoder,cl_kraken_v1_mse_only,0,Glasser,FC->SC,1600,0.5084758400917053,0.9296497702598572,1.0,1.0,0.004484421573579311,0.004484382225200534,0.9077219784259796,57.836294937133786,-0.295269775390625,0.13324841856956482,0.9165616631507874,0.8902419484057043,0.21518987341772153,0.00519231241196394,0.005222870036959648,0.9071542620658875,57.9063720703125,1.0787601470947266,0.13191916048526764,0.9151243567466736,0.8824194608809993,0.11794871794871795,0.00541519932448864
v1,mse_only,factorial,0.0,0.0,0.0,0.0,0.0,0.0,0,Krakencoder,cl_kraken_v1_mse_only,0,Glasser,SC->FC,1700,0.5135390162467957,0.8686983585357666,0.9976976949081329,0.8799414348462665,0.010968083515763283,0.010945106856524944,0.8776909410953522,52.37157440185547,-0.037603569030761716,0.05249929428100586,0.8254170417785645,0.610959782086204,0.06329113924050633,0.014829370193183422,0.014806799590587616,0.8851385116577148,52.0120849609375,4.0862579345703125,0.0791289210319519,0.8354164958000183,0.6778435239973701,0.046153846153846156,0.013623371720314026
v1,mse_only,factorial,0.0,0.0,0.0,0.0,0.0,0.0,0,Krakencoder,cl_kraken_v1_mse_only,0,Glasser,FC->SC,1700,0.5100419521331787,0.9297086000442505,0.9999978563267301,0.9985358711566618,0.004480839241296053,0.0044808257836848496,0.9077681183815003,57.836496353149414,-0.30242233276367186,0.13345028460025787,0.9165680408477783,0.8928056401217753,0.20253164556962025,0.005192124284803867,0.005222667939960957,0.9071617722511292,57.90525436401367,1.0770111083984375,0.13228581845760345,0.9151540994644165,0.8839447731755424,0.13333333333333333,0.0054140836000442505
v1,mse_only,factorial,0.0,0.0,0.0,0.0,0.0,0.0,0,Krakencoder,cl_kraken_v1_mse_only,0,Glasser,SC->FC,1800,0.5139293074607849,0.8686861395835876,0.9976698271556242,0.8784773060029283,0.010967050679028034,0.010943310894072055,0.8777212917804718,52.37258949279785,-0.04023876190185547,0.05516156554222107,0.8256040215492249,0.6164076269828553,0.05063291139240506,0.014810489490628242,0.014784663915634155,0.8853074312210083,52.01694107055664,4.061328887939453,0.07937102019786835,0.8354324698448181,0.6778172255095332,0.05128205128205128,0.013617776334285736
v1,mse_only,factorial,0.0,0.0,0.0,0.0,0.0,0.0,0,Krakencoder,cl_kraken_v1_mse_only,0,Glasser,FC->SC,1800,0.5110483169555664,0.929764986038208,0.9999978563267301,0.9985358711566618,0.004477479495108128,0.004477055044844747,0.9075761795043945,57.83563079833984,-0.31138954162597654,0.1329423040151596,0.916546106338501,0.8944079474443198,0.20253164556962025,0.00519355246797204,0.005222363397479057,0.9070248007774353,57.904476165771484,1.0718955993652344,0.13133902847766876,0.9151186943054199,0.8826824457593688,0.11282051282051282,0.005417225416749716
v1,mse_only,factorial,0.0,0.0,0.0,0.0,0.0,0.0,0,Krakencoder,cl_kraken_v1_mse_only,0,Glasser,SC->FC,1900,0.5146791934967041,0.868783175945282,0.9975862238980984,0.8887262079062958,0.010960926301777363,0.01093739029020071,0.8774601578712463,52.37129592895508,-0.04961605072021484,0.05457759648561478,0.8254945874214172,0.6148053196603109,0.05063291139240506,0.014815508387982845,0.014794109389185905,0.885378360748291,52.012935638427734,4.078708648681641,0.07872412353754044,0.8354082107543945,0.6776068376068376,0.046153846153846156,0.013622022233903408
v1,mse_only,factorial,0.0,0.0,0.0,0.0,0.0,0.0,0,Krakencoder,cl_kraken_v1_mse_only,0,Glasser,FC->SC,1900,0.5120587944984436,0.9298113584518433,0.9999957126534602,0.9970717423133236,0.0044747269712388515,0.004474542615935206,0.9074075818061829,57.83528366088867,-0.3138601303100586,0.13358068466186523,0.9165772795677185,0.8942477167120654,0.22784810126582278,0.005191529169678688,0.005220694001764059,0.9071083068847656,57.90353012084961,1.064096450805664,0.13229471445083618,0.9151456356048584,0.8837343852728468,0.1282051282051282,0.005414372775703669
v1,mse_only,factorial,0.0,0.0,0.0,0.0,0.0,0.0,0,Krakencoder,cl_kraken_v1_mse_only,0,Glasser,SC->FC,2000,0.5152620673179626,0.8688298463821411,0.9975862238980984,0.8857979502196194,0.010956630110740662,0.010933592077344656,0.8775146663188934,52.37223434448242,-0.057333755493164065,0.053889788687229156,0.8254516124725342,0.6119211664797308,0.05063291139240506,0.014820612967014313,0.014795332215726376,0.8858206868171692,52.0147819519043,4.0645294189453125,0.07914906740188599,0.8354498744010925,0.6796581196581197,0.05128205128205128,0.013619092293083668
v1,mse_only,factorial,0.0,0.0,0.0,0.0,0.0,0.0,0,Krakencoder,cl_kraken_v1_mse_only,0,Glasser,FC->SC,2000,0.512974739074707,0.9298339486122131,1.0,1.0,0.004473676905035973,0.004473600024357438,0.9076029896736145,57.83570861816406,-0.3207874298095703,0.13264761865139008,0.9165475368499756,0.8942477167120654,0.21518987341772153,0.005194329656660557,0.0052239056676626205,0.907066822052002,57.90378189086914,1.0730457305908203,0.13171954452991486,0.9151402115821838,0.8849178172255096,0.12307692307692308,0.005415076389908791
v1,mse_only,factorial,0.0,0.0,0.0,0.0,0.0,0.0,0,Krakencoder,cl_kraken_v1_mse_only,1,Glasser,SC->FC,500,0.4710279107093811,0.8647011518478394,0.9958069750840856,0.8155197657393851,0.011346191167831421,0.011324775777757168,0.8967058539390564,52.611585235595705,0.46176834106445314,0.08349073678255081,0.8337769508361816,0.6857875340490306,0.05063291139240506,0.013882591389119625,0.014143903739750385,0.8925531506538391,52.48378372192383,3.260751724243164,0.07675091922283173,0.8266811370849609,0.6687179487179488,0.05128205128205128,0.01411131490021944
v1,mse_only,factorial,0.0,0.0,0.0,0.0,0.0,0.0,0,Krakencoder,cl_kraken_v1_mse_only,1,Glasser,FC->SC,500,0.4438455104827881,0.9265854954719543,0.999980706940571,0.986822840409956,0.004672347102314234,0.004670777404680848,0.9227801322937011,57.90227584838867,0.10004215240478516,0.13216689229011536,0.9166445136070251,0.8878384874218875,0.20253164556962025,0.005280437879264355,0.005322007928043604,0.9247769117355347,57.899200439453125,1.0448150634765625,0.12809333205223083,0.9143762588500977,0.8816042077580539,0.09230769230769231,0.005420073866844177
v1,mse_only,factorial,0.0,0.0,0.0,0.0,0.0,0.0,0,Krakencoder,cl_kraken_v1_mse_only,1,Glasser,SC->FC,1000,0.5054861307144165,0.8689496517181396,0.9975969422644478,0.8843338213762811,0.011017181910574436,0.010997639037668705,0.8830804109573365,52.53201904296875,0.031552696228027345,0.083081915974617,0.8330503106117249,0.6872296106393206,0.06329113924050633,0.01395058911293745,0.014223195612430573,0.8799734115600586,52.410400390625,3.315591812133789,0.0752347856760025,0.8258729577064514,0.6664036817882971,0.035897435897435895,0.014185728505253792
v1,mse_only,factorial,0.0,0.0,0.0,0.0,0.0,0.0,0,Krakencoder,cl_kraken_v1_mse_only,1,Glasser,FC->SC,1000,0.49328675866127014,0.9291302561759949,0.9999892816336505,0.9926793557833089,0.004517086315900087,0.004515524907037616,0.9104604482650757,57.86594467163086,-0.22490062713623046,0.13777299225330353,0.9166772365570068,0.90450248357635,0.22784810126582278,0.005277036223560572,0.005319289397448301,0.914240837097168,57.86833953857422,1.0029449462890625,0.13151107728481293,0.9143263697624207,0.8959368836291913,0.12307692307692308,0.005422419402748346
v1,mse_only,factorial,0.0,0.0,0.0,0.0,0.0,0.0,0,Krakencoder,cl_kraken_v1_mse_only,1,Glasser,SC->FC,1500,0.5141527652740479,0.8698114156723022,0.9979999528391881,0.8975109809663251,0.010951941832900047,0.010931498743593693,0.8820738554000854,52.52541732788086,-0.057887840270996097,0.0854734405875206,0.833058774471283,0.6915558404101907,0.06329113924050633,0.01394245307892561,0.014203671365976334,0.8796329498291016,52.405067443847656,3.3016319274902344,0.07600685209035873,0.8258351683616638,0.6689020381328074,0.035897435897435895,0.014183621853590012
v1,mse_only,factorial,0.0,0.0,0.0,0.0,0.0,0.0,0,Krakencoder,cl_kraken_v1_mse_only,1,Glasser,FC->SC,1500,0.5072643160820007,0.9298009276390076,0.9999957126534602,0.9970717423133236,0.004476459231227636,0.004474885948002339,0.9082022190093995,57.85971450805664,-0.30650177001953127,0.1365375518798828,0.9166110754013062,0.9062650216311489,0.22784810126582278,0.005282287485897541,0.0053235250525176525,0.91181880235672,57.861751556396484,1.0133934020996094,0.13270504772663116,0.914322555065155,0.8985141354372124,0.13846153846153847,0.005421973764896393
v1,mse_only,factorial,0.0,0.0,0.0,0.0,0.0,0.0,0,Krakencoder,cl_kraken_v1_mse_only,1,Glasser,SC->FC,2000,0.5171358585357666,0.8701397180557251,0.9979720850866795,0.8945827232796486,0.010928292758762836,0.010907966271042823,0.8816202878952026,52.52199592590332,-0.08884105682373047,0.08125068247318268,0.8328281044960022,0.6848261496555039,0.06329113924050633,0.013968405313789845,0.01423288881778717,0.8790725469589233,52.40460205078125,3.325559616088867,0.07769675552845001,0.8259395360946655,0.6731097961867192,0.046153846153846156,0.014175986871123314
v1,mse_only,factorial,0.0,0.0,0.0,0.0,0.0,0.0,0,Krakencoder,cl_kraken_v1_mse_only,1,Glasser,FC->SC,2000,0.5129425525665283,0.9300716519355774,0.9999957126534602,0.9970717423133236,0.004460338037461042,0.0044589325785636905,0.9075198948383332,57.85720291137695,-0.3397785186767578,0.1383245289325714,0.9166679978370667,0.9104310206697644,0.22784810126582278,0.005277941934764385,0.005315518472343683,0.9114107489585876,57.861576080322266,1.0021743774414062,0.13256201148033142,0.9143144488334656,0.8989349112426035,0.1282051282051282,0.005422947928309441
v1,mse_only,factorial,0.0,0.0,0.0,0.0,0.0,0.0,0,Krakencoder,cl_kraken_v1_mse_only,2,Glasser,SC->FC,500,0.4637865722179413,0.8627881407737732,0.9927543843477552,0.7818448023426061,0.011505527421832085,0.011493034567683936,0.8979461789131165,52.49835357666016,0.6210367202758789,0.07147184014320374,0.8340019583702087,0.6359557763178978,0.05063291139240506,0.013153902254998684,0.013278075493872166,0.8871610164642334,52.35798263549805,3.052122116088867,0.09215154498815536,0.8339709043502808,0.6853911900065746,0.020512820512820513,0.013855076394975185
v1,mse_only,factorial,0.0,0.0,0.0,0.0,0.0,0.0,0,Krakencoder,cl_kraken_v1_mse_only,2,Glasser,FC->SC,500,0.44388294219970703,0.9264582395553589,0.9999871379603806,0.9912152269399708,0.004657465033233166,0.004665309423580765,0.92324258685112,57.8915340423584,0.10084762573242187,0.14595645666122437,0.9159323573112488,0.8988944079474444,0.13924050632911392,0.00559735344722867,0.005531080532819033,0.9232609272003174,57.870262145996094,1.4137916564941406,0.12684404850006104,0.9152846336364746,0.8940959894806049,0.13846153846153847,0.005348884500563145
v1,mse_only,factorial,0.0,0.0,0.0,0.0,0.0,0.0,0,Krakencoder,cl_kraken_v1_mse_only,2,Glasser,SC->FC,1000,0.5002647042274475,0.8671013712882996,0.9945293458152282,0.849194729136164,0.011173360981047153,0.011164266988635064,0.8854661166667939,52.423963165283205,0.19057693481445312,0.07091520726680756,0.8334528207778931,0.6438070821983657,0.05063291139240506,0.013213446363806725,0.013334023766219616,0.8744301199913025,52.29164505004883,3.055814743041992,0.09117145836353302,0.833327054977417,0.6849967126890204,0.03076923076923077,0.013910300098359585
v1,mse_only,factorial,0.0,0.0,0.0,0.0,0.0,0.0,0,Krakencoder,cl_kraken_v1_mse_only,2,Glasser,FC->SC,1000,0.4932959973812103,0.9289911985397339,0.9999914253069204,0.9941434846266471,0.004504671320319176,0.004512853780761361,0.9111875891685486,57.854750061035155,-0.2125009536743164,0.14385734498500824,0.9157238006591797,0.898093254286172,0.1518987341772152,0.005610282067209482,0.005541541147977114,0.914061963558197,57.84126663208008,1.4097347259521484,0.12817782163619995,0.9151623249053955,0.8995397764628534,0.13333333333333333,0.005356192123144865
v1,mse_only,factorial,0.0,0.0,0.0,0.0,0.0,0.0,0,Krakencoder,cl_kraken_v1_mse_only,2,Glasser,SC->FC,1500,0.508222758769989,0.8681245446205139,0.9949495057761276,0.8579795021961932,0.011096527799963951,0.011086282972246408,0.8826703190803528,52.405565643310545,0.0946207046508789,0.07054324448108673,0.8330897092819214,0.6354750841211345,0.05063291139240506,0.01323237456381321,0.013350142166018486,0.8705326318740845,52.26850128173828,3.083097457885742,0.09183502197265625,0.833217203617096,0.6860486522024983,0.035897435897435895,0.01391411293298006
v1,mse_only,factorial,0.0,0.0,0.0,0.0,0.0,0.0,0,Krakencoder,cl_kraken_v1_mse_only,2,Glasser,FC->SC,1500,0.5066859126091003,0.9296375513076782,0.9999957126534602,0.9970717423133236,0.004465705715119839,0.0044736088253557686,0.9090089499950409,57.84859733581543,-0.29244194030761717,0.14657717943191528,0.9158065319061279,0.9001762538054798,0.189873417721519,0.005606184713542461,0.005537188611924648,0.912208616733551,57.83779525756836,1.4007606506347656,0.12833146750926971,0.915135383605957,0.901801446416831,0.14358974358974358,0.00535843800753355
v1,mse_only,factorial,0.0,0.0,0.0,0.0,0.0,0.0,0,Krakencoder,cl_kraken_v1_mse_only,2,Glasser,SC->FC,2000,0.5109407305717468,0.8684320449829102,0.9949687988355567,0.8594436310395315,0.011070789769291878,0.011059339623898268,0.8820499062538147,52.402716064453124,0.06138267517089844,0.06726130098104477,0.8328937292098999,0.6316295465470276,0.06329113924050633,0.013251792639493942,0.013371124863624573,0.870792806148529,52.27138137817383,3.098705291748047,0.09003495424985886,0.8331166505813599,0.6839710716633793,0.02564102564102564,0.013927257619798183
v1,mse_only,factorial,0.0,0.0,0.0,0.0,0.0,0.0,0,Krakencoder,cl_kraken_v1_mse_only,2,Glasser,FC->SC,2000,0.5123353600502014,0.9299288988113403,0.9999935689801903,0.9956076134699854,0.00444758590310812,0.004455516673624515,0.9077600538730621,57.84491195678711,-0.33097095489501954,0.14539532363414764,0.9157467484474182,0.8963307162313732,0.16455696202531644,0.0056103928945958614,0.0055384268052875996,0.9110029339790344,57.833335876464844,1.397928237915039,0.1289197951555252,0.9151263236999512,0.902853385930309,0.13333333333333333,0.005357536021620035
v1,mse_only,factorial,0.0,0.0,0.0,0.0,0.0,0.0,0,Krakencoder,cl_kraken_v1_mse_only,3,Glasser,SC->FC,500,0.46437954902648926,0.8639522194862366,0.99551329184611,0.7891654465592972,0.011451402679085732,0.011448038183152676,0.8965053856372833,52.55658073425293,0.5917343139648438,0.07832188904285431,0.8290025591850281,0.6196122416279443,0.06329113924050633,0.014075079001486301,0.013917235657572746,0.8857654929161072,52.350406646728516,3.5592384338378906,0.08685395866632462,0.8310741186141968,0.6732149901380671,0.035897435897435895,0.01366244163364172
v1,mse_only,factorial,0.0,0.0,0.0,0.0,0.0,0.0,0,Krakencoder,cl_kraken_v1_mse_only,3,Glasser,FC->SC,500,0.44462794065475464,0.9266583323478699,0.999980706940571,0.986822840409956,0.0046629891730844975,0.00466466979123652,0.9226989507675171,57.90674324035645,0.10464839935302735,0.127651646733284,0.9152544140815735,0.8434545745874058,0.22784810126582278,0.005265155807137489,0.005281593184918165,0.920775830745697,57.86981201171875,1.178213119506836,0.13448192179203033,0.9148319363594055,0.8868113083497698,0.13333333333333333,0.00544539000838995
v1,mse_only,factorial,0.0,0.0,0.0,0.0,0.0,0.0,0,Krakencoder,cl_kraken_v1_mse_only,3,Glasser,SC->FC,1000,0.5007160902023315,0.8683062195777893,0.9972346614818356,0.862371888726208,0.011116213165223598,0.011111195757985115,0.8837349772453308,52.48050956726074,0.14608306884765626,0.07811295241117477,0.8284944891929626,0.6305079314212466,0.05063291139240506,0.014115283265709877,0.013959817588329315,0.8750182390213013,52.289276123046875,3.544658660888672,0.08888682723045349,0.8305222988128662,0.6796055226824458,0.041025641025641026,0.013700367882847786
v1,mse_only,factorial,0.0,0.0,0.0,0.0,0.0,0.0,0,Krakencoder,cl_kraken_v1_mse_only,3,Glasser,FC->SC,1000,0.49431344866752625,0.9292169809341431,0.9999892816336505,0.9926793557833089,0.004506964702159166,0.004508176073431969,0.9100117981433868,57.86951866149902,-0.21985988616943358,0.13300134241580963,0.9152823090553284,0.8678096458900817,0.26582278481012656,0.005262198857963085,0.005280347540974617,0.9105693697929382,57.83928680419922,1.1447467803955078,0.1371798813343048,0.9147674441337585,0.9022485207100592,0.14358974358974358,0.005448926705867052
v1,mse_only,factorial,0.0,0.0,0.0,0.0,0.0,0.0,0,Krakencoder,cl_kraken_v1_mse_only,3,Glasser,SC->FC,1500,0.5093199610710144,0.8692115545272827,0.9975905112446382,0.8711566617862372,0.011047043837606907,0.011041582748293876,0.8822811722755433,52.47077331542969,0.05188140869140625,0.07804710417985916,0.8283845782279968,0.6273033167761577,0.06329113924050633,0.014124360866844654,0.01396363228559494,0.8746156096458435,52.289886474609375,3.5556297302246094,0.0923987552523613,0.8307302594184875,0.690913872452334,0.041025641025641026,0.013683581724762917
v1,mse_only,factorial,0.0,0.0,0.0,0.0,0.0,0.0,0,Krakencoder,cl_kraken_v1_mse_only,3,Glasser,FC->SC,1500,0.508467435836792,0.9298837184906006,0.9999935689801903,0.9956076134699854,0.00446749571710825,0.004468651348724961,0.9081571877002717,57.86336669921875,-0.2992847442626953,0.13598965108394623,0.9153632521629333,0.8742188751802595,0.22784810126582278,0.005256867501884699,0.0052740564569830894,0.910169243812561,57.839046478271484,1.1431999206542969,0.13672009110450745,0.9147185683250427,0.9028796844181459,0.15384615384615385,0.005452217534184456
v1,mse_only,factorial,0.0,0.0,0.0,0.0,0.0,0.0,0,Krakencoder,cl_kraken_v1_mse_only,3,Glasser,SC->FC,2000,0.5127831697463989,0.8695447444915771,0.9977620051062297,0.8916544655929722,0.011019865982234478,0.011015654634684324,0.8819339871406555,52.469451904296875,0.020812034606933594,0.07964994758367538,0.8285629749298096,0.6322704694760455,0.05063291139240506,0.014105725102126598,0.013949086889624596,0.8748544454574585,52.28559112548828,3.5270233154296875,0.0914553552865982,0.8305817246437073,0.6880999342537804,0.041025641025641026,0.013694225810468197
v1,mse_only,factorial,0.0,0.0,0.0,0.0,0.0,0.0,0,Krakencoder,cl_kraken_v1_mse_only,3,Glasser,FC->SC,2000,0.513978123664856,0.9301746487617493,0.9999978563267301,0.9985358711566618,0.004449571017175913,0.004450902529060841,0.9067769706249237,57.85960845947265,-0.3362874984741211,0.1379164606332779,0.9154337644577026,0.8809485659349463,0.26582278481012656,0.005253758281469345,0.005271126516163349,0.9089165925979614,57.835933685302734,1.1303691864013672,0.138706773519516,0.9147754311561584,0.9075871137409599,0.1282051282051282,0.005448575131595135
v1,mse_only,factorial,0.0,0.0,0.0,0.0,0.0,0.0,0,Krakencoder,cl_kraken_v1_mse_only,4,Glasser,SC->FC,500,0.4664481282234192,0.8628446459770203,0.994025582596803,0.7979502196193266,0.011340889148414135,0.011333323083817959,0.8971735298633575,52.46334342956543,0.5952110290527344,0.08135460317134857,0.8303818702697754,0.6612722320141002,0.0379746835443038,0.014350025914609432,0.014438780955970287,0.8996275663375854,52.167266845703125,3.306072235107422,0.0897919312119484,0.835974931716919,0.6835502958579882,0.046153846153846156,0.013939966447651386
v1,mse_only,factorial,0.0,0.0,0.0,0.0,0.0,0.0,0,Krakencoder,cl_kraken_v1_mse_only,4,Glasser,FC->SC,500,0.4445898234844208,0.9263862371444702,0.9999785632673011,0.9853587115666179,0.0046984045766294,0.0047022491227835415,0.9228406429290772,57.886138916015625,0.1315011978149414,0.13605386018753052,0.9160007238388062,0.9009774074667521,0.21518987341772153,0.00529475836083293,0.005277751013636589,0.9218398332595825,57.91371154785156,1.261566162109375,0.13349376618862152,0.915724515914917,0.8928862590401052,0.14358974358974358,0.00528367143124342
v1,mse_only,factorial,0.0,0.0,0.0,0.0,0.0,0.0,0,Krakencoder,cl_kraken_v1_mse_only,4,Glasser,SC->FC,1000,0.5019590854644775,0.8671318888664246,0.9962399970846043,0.8579795021961932,0.0110152717679739,0.01100882152095437,0.8842555522918701,52.38601417541504,0.16399211883544923,0.08956120908260345,0.8303351998329163,0.6745713827912194,0.0759493670886076,0.014340461231768131,0.014427166432142258,0.8883727788925171,52.09728240966797,3.2543182373046875,0.09143093973398209,0.8354749083518982,0.6902038132807364,0.06666666666666667,0.013979949988424778
v1,mse_only,factorial,0.0,0.0,0.0,0.0,0.0,0.0,0,Krakencoder,cl_kraken_v1_mse_only,4,Glasser,FC->SC,1000,0.493429571390152,0.9288818836212158,0.9999914253069204,0.9941434846266471,0.0045464420691132545,0.00455062985420227,0.9110502421855926,57.85088539123535,-0.18766746520996094,0.14082443714141846,0.9160031676292419,0.9153981733696523,0.2911392405063291,0.0052938321605324745,0.005276204086840153,0.9124391674995422,57.88558578491211,1.218536376953125,0.13558265566825867,0.9156196713447571,0.9065877712031558,0.14358974358974358,0.005289500113576651
v1,mse_only,factorial,0.0,0.0,0.0,0.0,0.0,0.0,0,Krakencoder,cl_kraken_v1_mse_only,4,Glasser,SC->FC,1500,0.510261058807373,0.8681207895278931,0.9965894158275972,0.8726207906295754,0.01093978714197874,0.010933060012757779,0.8817395806312561,52.37098236083985,0.07088890075683593,0.08860356360673904,0.8302043676376343,0.6748918442557282,0.0759493670886076,0.014351630583405495,0.014441379345953465,0.8872278332710266,52.08953857421875,3.2581939697265625,0.090886689722538,0.8353052139282227,0.6884944115713346,0.07179487179487179,0.013990525156259537
v1,mse_only,factorial,0.0,0.0,0.0,0.0,0.0,0.0,0,Krakencoder,cl_kraken_v1_mse_only,4,Glasser,FC->SC,1500,0.5073296427726746,0.9295631051063538,0.9999914253069204,0.9941434846266471,0.004505375400185585,0.0045099095441401005,0.9087656557559967,57.8437915802002,-0.2674520492553711,0.14198936522006989,0.916012704372406,0.9214869411953213,0.31645569620253167,0.005293416325002909,0.005273350514471531,0.9104388952255249,57.88089370727539,1.212453842163086,0.13763679563999176,0.9156619310379028,0.9137409598948061,0.14358974358974358,0.00528737111017108
v1,mse_only,factorial,0.0,0.0,0.0,0.0,0.0,0.0,0,Krakencoder,cl_kraken_v1_mse_only,4,Glasser,SC->FC,2000,0.5129541754722595,0.8684012293815613,0.9969281162042406,0.8872620790629575,0.010917513631284237,0.010909169539809227,0.8814573228359223,52.36955947875977,0.04050235748291016,0.08928637206554413,0.8302808403968811,0.6718474603428938,0.0759493670886076,0.014342988841235638,0.014427046291530132,0.8866757154464722,52.08853530883789,3.255420684814453,0.09170780330896378,0.8352975845336914,0.687836949375411,0.06666666666666667,0.013990867882966995
v1,mse_only,factorial,0.0,0.0,0.0,0.0,0.0,0.0,0,Krakencoder,cl_kraken_v1_mse_only,4,Glasser,FC->SC,2000,0.5128822922706604,0.9298388957977295,0.9999935689801903,0.9956076134699854,0.004488745704293251,0.004492871183902025,0.9078121960163117,57.841108322143555,-0.30332794189453127,0.14142963290214539,0.9159735441207886,0.9176414036212146,0.27848101265822783,0.005295930430293083,0.005277206189930439,0.9095242619514465,57.8789176940918,1.2139549255371094,0.13883861899375916,0.9156922101974487,0.9151873767258383,0.16923076923076924,0.0052846092730760574
v1,vm_0.5,factorial,0.5,0.0,0.0,4.6,0.0,0.0,0,Krakencoder,cl_kraken_v1_vm_0.5,0,Glasser,SC->FC,500,0.48277056217193604,0.875713050365448,0.9973354141255206,0.8931185944363104,0.010369345545768738,0.010353236459195614,0.5735384881496429,50.567162704467776,-1.9289190292358398,0.05727628991007805,0.8034343719482422,0.6194520108956898,0.05063291139240506,0.016834747046232224,0.016796652227640152,0.5892483592033386,50.25151443481445,4.485456466674805,0.08255701512098312,0.8134533762931824,0.6701117685733071,0.05128205128205128,0.015478401444852352
v1,vm_0.5,factorial,0.5,0.0,0.0,4.6,0.0,0.0,0,Krakencoder,cl_kraken_v1_vm_0.5,0,Glasser,FC->SC,500,0.46691063046455383,0.9333381056785583,0.9999914253069204,0.9941434846266471,0.00422408664599061,0.004223658563569188,0.6168139636516571,56.96295928955078,-1.7294370651245117,0.12886305153369904,0.9074108004570007,0.8775837205576029,0.11392405063291139,0.005750538315623999,0.005773051176220179,0.6019563674926758,57.01238250732422,1.0369377136230469,0.12781788408756256,0.9059250950813293,0.8570151216305062,0.09743589743589744,0.00597710907459259
v1,vm_0.5,factorial,0.5,0.0,0.0,4.6,0.0,0.0,0,Krakencoder,cl_kraken_v1_vm_0.5,0,Glasser,SC->FC,1000,0.5087329149246216,0.8801586627960205,0.9983365095425616,0.9077598828696926,0.010015152394771576,0.010004004929214716,0.573805820941925,50.577172470092776,-2.323382759094238,0.056557316333055496,0.8042713403701782,0.6120813972119852,0.06329113924050633,0.016764497384428978,0.01673128269612789,0.5970343351364136,50.29470443725586,4.513408660888672,0.07909953594207764,0.8136444091796875,0.6661669953977647,0.05641025641025641,0.015475773252546787
v1,vm_0.5,factorial,0.5,0.0,0.0,4.6,0.0,0.0,0,Krakencoder,cl_kraken_v1_vm_0.5,0,Glasser,FC->SC,1000,0.5086739659309387,0.9367073178291321,0.9999978563267301,0.9985358711566618,0.004017199855297804,0.004016636381857097,0.6170362830162048,56.96481590270996,-2.1180134773254395,0.13612818717956543,0.9083919525146484,0.8905624098702131,0.17721518987341772,0.005690612364560366,0.00572173623368144,0.6141923069953918,57.052574157714844,1.0011768341064453,0.13359534740447998,0.9067025780677795,0.8725312294543064,0.11794871794871795,0.005927570629864931
v1,vm_0.5,factorial,0.5,0.0,0.0,4.6,0.0,0.0,0,Krakencoder,cl_kraken_v1_vm_0.5,0,Glasser,SC->FC,1500,0.5128999352455139,0.8809242248535156,0.9984308311664369,0.9194729136163983,0.009956765919923782,0.009943746030330658,0.5728520035743714,50.573167419433595,-2.3984756469726562,0.055637504905462265,0.804508626461029,0.6157667040538375,0.05063291139240506,0.01676076091825962,0.01672741025686264,0.598591148853302,50.31016159057617,4.528652191162109,0.07971920818090439,0.8136423230171204,0.6692965154503616,0.05128205128205128,0.015476217493414879
v1,vm_0.5,factorial,0.5,0.0,0.0,4.6,0.0,0.0,0,Krakencoder,cl_kraken_v1_vm_0.5,0,Glasser,FC->SC,1500,0.5166119933128357,0.9373409152030945,0.9999978563267301,0.9985358711566618,0.003978487104177475,0.003977613057941198,0.6193144798278809,56.97213935852051,-2.192265033721924,0.13646164536476135,0.9085577726364136,0.8907226406024675,0.1518987341772152,0.005679514724761248,0.005709610413759947,0.6187559366226196,57.06953048706055,1.0050716400146484,0.13318414986133575,0.9068880677223206,0.8730046022353715,0.1076923076923077,0.0059138089418411255
v1,vm_0.5,factorial,0.5,0.0,0.0,4.6,0.0,0.0,0,Krakencoder,cl_kraken_v1_vm_0.5,0,Glasser,SC->FC,2000,0.5151161551475525,0.881260097026825,0.998409394433738,0.9253294289897511,0.009929034858942032,0.009915398154407739,0.5743676841259002,50.57423133850098,-2.434224510192871,0.05734784156084061,0.8044103980064392,0.6135234738022752,0.05063291139240506,0.01675073243677616,0.016705496236681938,0.5996251106262207,50.304161071777344,4.503194808959961,0.07976166158914566,0.8136661052703857,0.6657725180802103,0.041025641025641026,0.015465283766388893
v1,vm_0.5,factorial,0.5,0.0,0.0,4.6,0.0,0.0,0,Krakencoder,cl_kraken_v1_vm_0.5,0,Glasser,FC->SC,2000,0.519442617893219,0.93756502866745,0.9999957126534602,0.9970717423133236,0.003965291194617748,0.003964206064119935,0.6193487465381622,56.969421768188475,-2.2166399002075194,0.13702420890331268,0.9085994958877563,0.8913635635314854,0.13924050632911392,0.005673586390912533,0.005703343544155359,0.6200186014175415,57.066104888916016,1.0011672973632812,0.1334022581577301,0.9068638682365417,0.8726627218934911,0.11282051282051282,0.005914144217967987
v1,vm_0.5,factorial,0.5,0.0,0.0,4.6,0.0,0.0,0,Krakencoder,cl_kraken_v1_vm_0.5,1,Glasser,SC->FC,500,0.48569899797439575,0.8773982524871826,0.9978434646904857,0.9194729136163983,0.01030772365629673,0.010297774709761143,0.5843583285808563,50.78977508544922,-2.054190254211426,0.08549117296934128,0.8123134970664978,0.6761736901137638,0.06329113924050633,0.015814432874321938,0.01608470268547535,0.5765267014503479,50.600067138671875,3.7045421600341797,0.07960418611764908,0.8051920533180237,0.6717685733070349,0.05128205128205128,0.015993934124708176
v1,vm_0.5,factorial,0.5,0.0,0.0,4.6,0.0,0.0,0,Krakencoder,cl_kraken_v1_vm_0.5,1,Glasser,FC->SC,500,0.46718859672546387,0.9335840344429016,0.9999914253069204,0.9941434846266471,0.0042106639593839645,0.004208281962200999,0.6177943348884583,56.994303131103514,-1.7440322875976562,0.13430294394493103,0.9081447720527649,0.8793462586124019,0.22784810126582278,0.005785106215626001,0.005822744220495224,0.6283879280090332,57.03009796142578,0.9501018524169922,0.12993182241916656,0.9054102301597595,0.8792899408284024,0.11282051282051282,0.005962147377431393
v1,vm_0.5,factorial,0.5,0.0,0.0,4.6,0.0,0.0,0,Krakencoder,cl_kraken_v1_vm_0.5,1,Glasser,SC->FC,1000,0.5105264186859131,0.8816866874694824,0.9980706940570946,0.931185944363104,0.009966916404664516,0.009958974458277226,0.5822547972202301,50.77629356384277,-2.39071044921875,0.08409714698791504,0.8124678134918213,0.6663996154462426,0.06329113924050633,0.015807360410690308,0.01612422987818718,0.5801367163658142,50.623573303222656,3.881641387939453,0.07634793967008591,0.805091142654419,0.657146614069691,0.041025641025641026,0.01601586490869522
v1,vm_0.5,factorial,0.5,0.0,0.0,4.6,0.0,0.0,0,Krakencoder,cl_kraken_v1_vm_0.5,1,Glasser,FC->SC,1000,0.5090142488479614,0.9369519352912903,0.9999978563267301,0.9985358711566618,0.004004035610705614,0.0040027538780122995,0.6184350848197937,56.99809799194336,-2.1357439041137694,0.1419641226530075,0.9090672731399536,0.8993751001442076,0.24050632911392406,0.0057254512794315815,0.0057671996764838696,0.6361213326454163,57.056217193603516,0.9039268493652344,0.13457907736301422,0.9062672257423401,0.8869428007889546,0.12307692307692308,0.005910259671509266
v1,vm_0.5,factorial,0.5,0.0,0.0,4.6,0.0,0.0,0,Krakencoder,cl_kraken_v1_vm_0.5,1,Glasser,SC->FC,1500,0.5153063535690308,0.8824858665466309,0.9981735903740495,0.9472913616398243,0.009904246777296066,0.009894993528723717,0.5834441900253295,50.787316131591794,-2.465429496765137,0.08637861162424088,0.8129090666770935,0.672648614004166,0.06329113924050633,0.015762273222208023,0.01606588065624237,0.5841093063354492,50.64683532714844,3.838785171508789,0.0771251991391182,0.8055760860443115,0.658645627876397,0.035897435897435895,0.01596660725772381
v1,vm_0.5,factorial,0.5,0.0,0.0,4.6,0.0,0.0,0,Krakencoder,cl_kraken_v1_vm_0.5,1,Glasser,FC->SC,1500,0.5167468786239624,0.937571108341217,0.9999957126534602,0.9970717423133236,0.003966535907238722,0.003965333173982799,0.6192948579788208,56.99940910339355,-2.214951229095459,0.14144837856292725,0.9090193510055542,0.9008171767344977,0.22784810126582278,0.005730988457798958,0.005770357325673103,0.6359809637069702,57.053001403808594,0.9156627655029297,0.13411688804626465,0.9062965512275696,0.8832610124917817,0.1076923076923077,0.0059068696573376656
v1,vm_0.5,factorial,0.5,0.0,0.0,4.6,0.0,0.0,0,Krakencoder,cl_kraken_v1_vm_0.5,1,Glasser,SC->FC,2000,0.5172159075737,0.8828148245811462,0.9981800213938592,0.9370424597364568,0.00988029595464468,0.00987347485497594,0.5834222257137298,50.78304939270019,-2.4910388946533204,0.08470223844051361,0.8125981092453003,0.6708860759493671,0.0759493670886076,0.015808554366230965,0.016119927167892456,0.5802549719810486,50.63186264038086,3.8624210357666016,0.07658039778470993,0.8054736256599426,0.659776462853386,0.046153846153846156,0.01597415655851364
v1,vm_0.5,factorial,0.5,0.0,0.0,4.6,0.0,0.0,0,Krakencoder,cl_kraken_v1_vm_0.5,1,Glasser,FC->SC,2000,0.5193418264389038,0.9377906322479248,0.9999978563267301,0.9985358711566618,0.003953109495341778,0.003952249628491699,0.6196104347705841,57.00020523071289,-2.2425006866455077,0.14300991594791412,0.9091671109199524,0.9041820221118411,0.24050632911392406,0.005719099659472704,0.00575636001303792,0.6381034255027771,57.05707931518555,0.8959426879882812,0.13386240601539612,0.9062804579734802,0.8844444444444445,0.1076923076923077,0.005907881073653698
v1,vm_0.5,factorial,0.5,0.0,0.0,4.6,0.0,0.0,0,Krakencoder,cl_kraken_v1_vm_0.5,2,Glasser,SC->FC,500,0.4770449697971344,0.874991238117218,0.9936397214082219,0.8887262079062958,0.010519037954509258,0.010505478456616401,0.5798769652843475,50.62227821350098,-1.8309234619140624,0.07619963586330414,0.8108987808227539,0.6444480051273834,0.05063291139240506,0.015247846022248268,0.015328777022659779,0.5404937863349915,50.459590911865234,3.6395263671875,0.09504195302724838,0.813765287399292,0.6872057856673242,0.020512820512820513,0.015607074834406376
v1,vm_0.5,factorial,0.5,0.0,0.0,4.6,0.0,0.0,0,Krakencoder,cl_kraken_v1_vm_0.5,2,Glasser,FC->SC,500,0.4665502905845642,0.9334068298339844,0.9999914253069204,0.9941434846266471,0.0041988445445895195,0.004208888579159975,0.6191808462142945,56.97752342224121,-1.7118453979492188,0.14803574979305267,0.9075857400894165,0.9094696362762378,0.13924050632911392,0.0060932752676308155,0.00600912980735302,0.6246997714042664,56.9762077331543,1.1023216247558594,0.12707965075969696,0.9061517119407654,0.8788954635108481,0.15384615384615385,0.00591234490275383
v1,vm_0.5,factorial,0.5,0.0,0.0,4.6,0.0,0.0,0,Krakencoder,cl_kraken_v1_vm_0.5,2,Glasser,SC->FC,1000,0.5044883489608765,0.8797112107276917,0.9941992201316644,0.9121522693997072,0.010140824131667614,0.010132004041224718,0.583194637298584,50.63175468444824,-2.2580976486206055,0.07116159051656723,0.8110409379005432,0.63098862361801,0.05063291139240506,0.015208665281534195,0.015309496782720089,0.5513907670974731,50.50719451904297,3.727357864379883,0.09441976249217987,0.8142240047454834,0.6807626561472715,0.041025641025641026,0.015552809461951256
v1,vm_0.5,factorial,0.5,0.0,0.0,4.6,0.0,0.0,0,Krakencoder,cl_kraken_v1_vm_0.5,2,Glasser,FC->SC,1000,0.5082218647003174,0.9367778301239014,0.9999957126534602,0.9970717423133236,0.003993759863078594,0.004003654699772596,0.618534529209137,56.97715759277344,-2.098157501220703,0.14936798810958862,0.907991349697113,0.8992148694119533,0.1518987341772152,0.006067647133022547,0.0059785437770187855,0.6318609118461609,56.99811553955078,1.1164379119873047,0.1314084678888321,0.9068310856819153,0.8839710716633793,0.16923076923076924,0.0058733560144901276
v1,vm_0.5,factorial,0.5,0.0,0.0,4.6,0.0,0.0,0,Krakencoder,cl_kraken_v1_vm_0.5,2,Glasser,SC->FC,1500,0.5093306303024292,0.8805494904518127,0.9943192658347785,0.9136163982430454,0.01007497776299715,0.010063419584184885,0.5831902146339416,50.62424545288086,-2.328441047668457,0.069966159760952,0.8107782602310181,0.6244191635955776,0.06329113924050633,0.015202880837023258,0.015292310155928135,0.5563003420829773,50.51993179321289,3.753477096557617,0.09258294105529785,0.8139438033103943,0.6781591058514136,0.041025641025641026,0.015572341158986092
v1,vm_0.5,factorial,0.5,0.0,0.0,4.6,0.0,0.0,0,Krakencoder,cl_kraken_v1_vm_0.5,2,Glasser,FC->SC,1500,0.5164902806282043,0.9374376535415649,0.9999957126534602,0.9970717423133236,0.003954287618398666,0.003963178535923362,0.620405775308609,56.98172874450684,-2.1750120162963866,0.15036074817180634,0.9082510471343994,0.9022592533247877,0.1518987341772152,0.006051457021385431,0.005965788848698139,0.6372629404067993,57.011558532714844,1.1227130889892578,0.13160453736782074,0.9069766402244568,0.8859434582511505,0.14871794871794872,0.005863287020474672
v1,vm_0.5,factorial,0.5,0.0,0.0,4.6,0.0,0.0,0,Krakencoder,cl_kraken_v1_vm_0.5,2,Glasser,SC->FC,2000,0.5109157562255859,0.8808662295341492,0.994432880518083,0.9106881405563689,0.010049229487776756,0.010036972723901272,0.5814894914627076,50.618795776367186,-2.377821350097656,0.06667738407850266,0.8103771805763245,0.6183303957699087,0.06329113924050633,0.01524309441447258,0.01534273661673069,0.5575258731842041,50.532920837402344,3.793943405151367,0.09227599948644638,0.8138052225112915,0.6770545693622616,0.03076923076923077,0.015584682114422321
v1,vm_0.5,factorial,0.5,0.0,0.0,4.6,0.0,0.0,0,Krakencoder,cl_kraken_v1_vm_0.5,2,Glasser,FC->SC,2000,0.5192499756813049,0.9376658797264099,0.9999957126534602,0.9970717423133236,0.003940171096473932,0.003949698805809021,0.6188693165779113,56.97830314636231,-2.2118084907531737,0.1497144103050232,0.9081070423126221,0.9014580996635154,0.1518987341772152,0.006060998886823654,0.005972611252218485,0.6335663795471191,57.00236892700195,1.1272602081298828,0.13184648752212524,0.9069861173629761,0.8873109796186719,0.1641025641025641,0.005863121710717678
v1,vm_0.5,factorial,0.5,0.0,0.0,4.6,0.0,0.0,0,Krakencoder,cl_kraken_v1_vm_0.5,3,Glasser,SC->FC,500,0.4798657298088074,0.8764188289642334,0.9971617765906592,0.9106881405563689,0.010432854294776917,0.010427423752844334,0.5813189327716828,50.70005073547363,-1.9253622055053712,0.0855598896741867,0.8061994910240173,0.6345136997276077,0.0379746835443038,0.01606183871626854,0.015949398279190063,0.55026775598526,50.449562072753906,3.911907196044922,0.08882759511470795,0.809356153011322,0.6721104536489152,0.046153846153846156,0.015588975511491299
v1,vm_0.5,factorial,0.5,0.0,0.0,4.6,0.0,0.0,0,Krakencoder,cl_kraken_v1_vm_0.5,3,Glasser,FC->SC,500,0.4688282012939453,0.9337164163589478,0.9999935689801903,0.9956076134699854,0.004196133464574814,0.004198208078742027,0.6186272919178009,56.998619842529294,-1.7582685470581054,0.12909112870693207,0.9060578942298889,0.8464989585002404,0.27848101265822783,0.005811204202473164,0.005834558978676796,0.6197184324264526,56.957393646240234,1.1231060028076172,0.1329970508813858,0.9060161113739014,0.8799474030243262,0.09230769230769231,0.005987702403217554
v1,vm_0.5,factorial,0.5,0.0,0.0,4.6,0.0,0.0,0,Krakencoder,cl_kraken_v1_vm_0.5,3,Glasser,SC->FC,1000,0.5059747099876404,0.880922794342041,0.9978777634628041,0.9297218155197657,0.010074682533740997,0.010070187598466873,0.5822137415409088,50.70135498046875,-2.319209671020508,0.07880816608667374,0.8057534694671631,0.6189713186989265,0.06329113924050633,0.01606627367436886,0.01595740020275116,0.5587438941001892,50.495086669921875,4.020784378051758,0.09127803891897202,0.8101980090141296,0.6754503616042078,0.02564102564102564,0.015500889159739017
v1,vm_0.5,factorial,0.5,0.0,0.0,4.6,0.0,0.0,0,Krakencoder,cl_kraken_v1_vm_0.5,3,Glasser,FC->SC,1000,0.5099788308143616,0.9370376467704773,1.0,1.0,0.003992332611232996,0.003995828563347459,0.6157655775547027,56.994754791259766,-2.1401333808898926,0.13776858150959015,0.9069558382034302,0.8599583400096138,0.2911392405063291,0.005754570942372084,0.005780812818557024,0.6232839822769165,56.96984100341797,1.0964927673339844,0.14070937037467957,0.9069854617118835,0.897172912557528,0.11794871794871795,0.005931184161454439
v1,vm_0.5,factorial,0.5,0.0,0.0,4.6,0.0,0.0,0,Krakencoder,cl_kraken_v1_vm_0.5,3,Glasser,SC->FC,1500,0.5107690095901489,0.8817453384399414,0.9979163495816622,0.9326500732064422,0.010009480640292168,0.010004347749054432,0.583306759595871,50.70775527954102,-2.4035072326660156,0.0812983289361,0.8062974214553833,0.6215350104149976,0.05063291139240506,0.016022685915231705,0.015896067023277283,0.5613606572151184,50.51791763305664,3.9788589477539062,0.09380871802568436,0.8108080625534058,0.6832084155161078,0.03076923076923077,0.015436853282153606
v1,vm_0.5,factorial,0.5,0.0,0.0,4.6,0.0,0.0,0,Krakencoder,cl_kraken_v1_vm_0.5,3,Glasser,FC->SC,1500,0.517912745475769,0.9376690983772278,1.0,1.0,0.003954975865781307,0.0039575498318299655,0.6189051628112793,56.99886474609375,-2.206440830230713,0.14140959084033966,0.907376229763031,0.8724563371254607,0.2911392405063291,0.0057270037941634655,0.005752805154770613,0.6288607716560364,56.98530197143555,1.0779132843017578,0.13965913653373718,0.9070101380348206,0.8944378698224852,0.13846153846153847,0.005925099831074476
v1,vm_0.5,factorial,0.5,0.0,0.0,4.6,0.0,0.0,0,Krakencoder,cl_kraken_v1_vm_0.5,3,Glasser,SC->FC,2000,0.5125464200973511,0.882046103477478,0.9981564409878904,0.9326500732064422,0.00998378824442625,0.009980903659015893,0.5846959352493286,50.72244567871094,-2.435559844970703,0.08223405480384827,0.8069500923156738,0.6273033167761577,0.06329113924050633,0.01597130298614502,0.015855513513088226,0.5666676163673401,50.55045700073242,3.9309730529785156,0.09297677874565125,0.8109185099601746,0.6802103879026956,0.035897435897435895,0.015431026928126812
v1,vm_0.5,factorial,0.5,0.0,0.0,4.6,0.0,0.0,0,Krakencoder,cl_kraken_v1_vm_0.5,3,Glasser,FC->SC,2000,0.5203328728675842,0.9378742575645447,1.0,1.0,0.003942522685974836,0.003946231049485505,0.6174907922744751,56.99549331665039,-2.234425354003906,0.14272135496139526,0.9074363112449646,0.8740586444480052,0.27848101265822783,0.00572350574657321,0.00574821513146162,0.6274949312210083,56.983116149902344,1.0702362060546875,0.14120274782180786,0.9071223139762878,0.8951742274819198,0.15384615384615385,0.005918838549405336
v1,vm_0.5,factorial,0.5,0.0,0.0,4.6,0.0,0.0,0,Krakencoder,cl_kraken_v1_vm_0.5,4,Glasser,SC->FC,500,0.48246216773986816,0.8756452202796936,0.997817740611247,0.9019033674963397,0.010300758294761181,0.010298947896808386,0.5915757119655609,50.631608200073245,-1.969312858581543,0.08463193476200104,0.8083792924880981,0.6715269988783849,0.06329113924050633,0.016154564917087555,0.016246557235717773,0.6020575165748596,50.31187057495117,3.604074478149414,0.09287965297698975,0.8155354261398315,0.6894411571334649,0.041025641025641026,0.01562621258199215
v1,vm_0.5,factorial,0.5,0.0,0.0,4.6,0.0,0.0,0,Krakencoder,cl_kraken_v1_vm_0.5,4,Glasser,FC->SC,500,0.4695485532283783,0.9335100054740906,0.9999914253069204,0.9941434846266471,0.004225221462547779,0.004230782017111778,0.6176121175289154,56.97378158569336,-1.7505651473999024,0.13749012351036072,0.9070801734924316,0.899855792340971,0.31645569620253167,0.00584444822743535,0.0058248830027878284,0.6114983558654785,56.98491668701172,0.9920215606689453,0.13388845324516296,0.906585693359375,0.8896252465483234,0.07692307692307693,0.005841088946908712
v1,vm_0.5,factorial,0.5,0.0,0.0,4.6,0.0,0.0,0,Krakencoder,cl_kraken_v1_vm_0.5,4,Glasser,SC->FC,1000,0.5078690648078918,0.8799453377723694,0.9975776492050188,0.9121522693997072,0.009964611381292343,0.009965444821864367,0.5872900664806366,50.61843338012695,-2.3012460708618163,0.08831305801868439,0.8095937967300415,0.668001922768787,0.06329113924050633,0.016039270907640457,0.01614692248404026,0.6043167114257812,50.35883331298828,3.625406265258789,0.09103622287511826,0.8155392408370972,0.6780013149243919,0.06153846153846154,0.01564031094312668
v1,vm_0.5,factorial,0.5,0.0,0.0,4.6,0.0,0.0,0,Krakencoder,cl_kraken_v1_vm_0.5,4,Glasser,FC->SC,1000,0.5090852379798889,0.9367262721061707,0.9999957126534602,0.9970717423133236,0.004027742892503738,0.004032778041437268,0.6181680083274841,56.979787063598636,-2.1188704490661623,0.14201541244983673,0.9078701138496399,0.9020990225925333,0.34177215189873417,0.00579795753583312,0.005775369703769684,0.6231656670570374,57.03310012817383,0.9721584320068359,0.13994884490966797,0.9074192047119141,0.901328073635766,0.1282051282051282,0.005791086237877607
v1,vm_0.5,factorial,0.5,0.0,0.0,4.6,0.0,0.0,0,Krakencoder,cl_kraken_v1_vm_0.5,4,Glasser,SC->FC,1500,0.5118710398674011,0.8806766867637634,0.9975262010465413,0.9136163982430454,0.009907426312565804,0.009909242577850818,0.5855243980884552,50.60428428649902,-2.3614223480224608,0.08627564460039139,0.809221088886261,0.6612722320141002,0.05063291139240506,0.016077781096100807,0.01616634987294674,0.6027622818946838,50.34888458251953,3.662628173828125,0.09082569181919098,0.8156673312187195,0.675818540433925,0.07692307692307693,0.015625176951289177
v1,vm_0.5,factorial,0.5,0.0,0.0,4.6,0.0,0.0,0,Krakencoder,cl_kraken_v1_vm_0.5,4,Glasser,FC->SC,1500,0.5167542099952698,0.937353253364563,1.0,1.0,0.0039891330525279045,0.0039934350177645685,0.6202998101711273,56.984009170532225,-2.1902058601379393,0.1430993229150772,0.9081104397773743,0.9043422528440955,0.34177215189873417,0.005782286170870066,0.005755566526204348,0.6283982396125793,57.0508918762207,0.9568443298339844,0.1402006298303604,0.9076529741287231,0.9055358316896779,0.11282051282051282,0.005779775325208902
v1,vm_0.5,factorial,0.5,0.0,0.0,4.6,0.0,0.0,0,Krakencoder,cl_kraken_v1_vm_0.5,4,Glasser,SC->FC,2000,0.5133650898933411,0.8809249401092529,0.997594798591178,0.9209370424597365,0.009886576794087887,0.009885711688548326,0.5835275471210479,50.5938835144043,-2.397378921508789,0.08792217820882797,0.8095137476921082,0.6649575388559525,0.05063291139240506,0.016055382788181305,0.016138311475515366,0.6021749973297119,50.348087310791016,3.6218395233154297,0.09275183826684952,0.8154431581497192,0.6756344510190664,0.07692307692307693,0.01564345322549343
v1,vm_0.5,factorial,0.5,0.0,0.0,4.6,0.0,0.0,0,Krakencoder,cl_kraken_v1_vm_0.5,4,Glasser,FC->SC,2000,0.5192645788192749,0.9375640749931335,1.0,1.0,0.003976385109126568,0.003981124144047499,0.6195524990558624,56.98202133178711,-2.2155993461608885,0.14288944005966187,0.9080925583839417,0.9043422528440955,0.3291139240506329,0.005783380474895239,0.005759614985436201,0.6289196610450745,57.05302810668945,0.9834880828857422,0.14231398701667786,0.9077688455581665,0.9099013806706114,0.1282051282051282,0.005770730320364237
v1,ce_0.5,factorial,0.0,0.5,0.0,0.0,0.5,0.0,0,Krakencoder,cl_kraken_v1_ce_0.5,0,Glasser,SC->FC,100,0.2195703536272049,0.840304970741272,0.9877596256289002,0.5300146412884333,0.013235961087048054,0.013212824985384942,0.9798662066459656,52.93866386413574,2.14833927154541,0.036375414580106735,0.8296412229537964,0.6663996154462426,0.06329113924050633,0.014422552660107613,0.014467866159975529,0.9806577563285828,52.54439926147461,3.5507240295410156,0.03719558194279671,0.8384619951248169,0.6886522024983563,0.02564102564102564,0.013365569524466991
v1,ce_0.5,factorial,0.0,0.5,0.0,0.0,0.5,0.0,0,Krakencoder,cl_kraken_v1_ce_0.5,0,Glasser,FC->SC,100,0.21529418230056763,0.9176177978515625,0.991800449742652,0.5651537335285505,0.005260542035102844,0.005261753872036934,0.9802434206008911,58.035194396972656,1.1291784286499023,0.042823199182748795,0.9157297611236572,0.6990866848261497,0.05063291139240506,0.005278652999550104,0.005315400660037994,0.9798317551612854,58.089542388916016,1.2746448516845703,0.04539000242948532,0.914508044719696,0.7081393819855358,0.035897435897435895,0.005503631662577391
v1,ce_0.5,factorial,0.0,0.5,0.0,0.0,0.5,0.0,0,Krakencoder,cl_kraken_v1_ce_0.5,0,Glasser,SC->FC,200,0.33094069361686707,0.8470149040222168,0.9992518580288067,0.890190336749634,0.012718240730464458,0.012695274874567985,0.9631453335285187,52.83928756713867,1.5826648712158202,0.049540337175130844,0.829255223274231,0.7107835282807242,0.0759493670886076,0.01445288397371769,0.014496572315692902,0.9643717408180237,52.44538497924805,3.5659027099609375,0.059873610734939575,0.838452160358429,0.7462721893491124,0.03076923076923077,0.013363916426897049
v1,ce_0.5,factorial,0.0,0.5,0.0,0.0,0.5,0.0,0,Krakencoder,cl_kraken_v1_ce_0.5,0,Glasser,FC->SC,200,0.31988683342933655,0.9206100702285767,0.9997298971679932,0.9326500732064422,0.005071237683296204,0.005072365840896964,0.9652037441730499,57.991510009765626,0.7935073852539063,0.06879843771457672,0.9158058762550354,0.7827271270629707,0.10126582278481013,0.0052655041217803955,0.005300915800035,0.9634575843811035,58.0429573059082,1.2357730865478516,0.07590053975582123,0.9146847724914551,0.7899802761341224,0.07179487179487179,0.005481371656060219
v1,ce_0.5,factorial,0.0,0.5,0.0,0.0,0.5,0.0,0,Krakencoder,cl_kraken_v1_ce_0.5,0,Glasser,SC->FC,300,0.40041059255599976,0.8532730937004089,0.9997813453264707,0.9370424597364568,0.012226293794810772,0.012204759009182452,0.9433427095413208,52.72226448059082,1.0503473281860352,0.05517590045928955,0.8284853100776672,0.6986059926293864,0.08860759493670886,0.014515254646539688,0.01454886607825756,0.9452220797538757,52.33240509033203,3.601787567138672,0.07127779722213745,0.8380497694015503,0.7572386587771203,0.035897435897435895,0.013396011665463448
v1,ce_0.5,factorial,0.0,0.5,0.0,0.0,0.5,0.0,0,Krakencoder,cl_kraken_v1_ce_0.5,0,Glasser,FC->SC,300,0.3813190460205078,0.9232354760169983,0.9999528391880623,0.9795021961932651,0.004903765395283699,0.004904568428173661,0.948004400730133,57.94174423217773,0.4797149658203125,0.08602627366781235,0.9158049821853638,0.8203813491427656,0.189873417721519,0.005257874261587858,0.005291216541081667,0.9450841546058655,57.99317932128906,1.1813831329345703,0.09351890534162521,0.9147165417671204,0.8247205785667324,0.11282051282051282,0.005469410214573145
v1,ce_0.5,factorial,0.0,0.5,0.0,0.0,0.5,0.0,0,Krakencoder,cl_kraken_v1_ce_0.5,0,Glasser,SC->FC,400,0.4445478320121765,0.8581645488739014,0.9997963510393599,0.9458272327964861,0.011836405843496323,0.011814883071929216,0.9263156890869141,52.623931884765625,0.6313129425048828,0.055685702711343765,0.8275615572929382,0.6808203813491428,0.06329113924050633,0.01459162961691618,0.014605920761823654,0.9290212392807007,52.23611068725586,3.6521034240722656,0.07669845968484879,0.8374953269958496,0.7484812623274162,0.05128205128205128,0.013438538648188114
v1,ce_0.5,factorial,0.0,0.5,0.0,0.0,0.5,0.0,0,Krakencoder,cl_kraken_v1_ce_0.5,0,Glasser,FC->SC,400,0.42118287086486816,0.925216019153595,0.9999764195940312,0.9897510980966325,0.004778482019901276,0.0047795062884688376,0.9348614633083343,57.90393218994141,0.2400259017944336,0.09796827286481857,0.91587233543396,0.8405704214068258,0.21518987341772153,0.005249783396720886,0.005280183162540197,0.9321643710136414,57.95854949951172,1.14251708984375,0.10255375504493713,0.9146914482116699,0.8429980276134122,0.12307692307692308,0.005464805755764246
v1,ce_0.5,factorial,0.0,0.5,0.0,0.0,0.5,0.0,0,Krakencoder,cl_kraken_v1_ce_0.5,0,Glasser,SC->FC,500,0.4711228311061859,0.8615561127662659,0.9996998857422147,0.9428989751098097,0.011566117405891418,0.0115438811480999,0.9138188600540161,52.552508163452146,0.34764728546142576,0.05854340270161629,0.8270751237869263,0.674090690594456,0.05063291139240506,0.01463302318006754,0.01464565098285675,0.9170074462890625,52.16905975341797,3.706409454345703,0.08116377890110016,0.8371464610099792,0.7450887573964498,0.05128205128205128,0.013466401025652885
v1,ce_0.5,factorial,0.0,0.5,0.0,0.0,0.5,0.0,0,Krakencoder,cl_kraken_v1_ce_0.5,0,Glasser,FC->SC,500,0.44758692383766174,0.9265841841697693,0.9999957126534602,0.9970717423133236,0.0046924264170229435,0.004693188890814781,0.9263815879821777,57.879370498657224,0.06865367889404297,0.10430129617452621,0.9158865809440613,0.8586764941515783,0.189873417721519,0.005246683955192566,0.0052767107263207436,0.9242640137672424,57.9386100769043,1.1292877197265625,0.10787854343652725,0.9146803617477417,0.8577777777777778,0.13846153846153847,0.005462025757879019
v1,ce_0.5,factorial,0.0,0.5,0.0,0.0,0.5,0.0,0,Krakencoder,cl_kraken_v1_ce_0.5,0,Glasser,SC->FC,600,0.4871756434440613,0.8636675477027893,0.9996827363560555,0.9458272327964861,0.011396806687116623,0.011374531779438257,0.905938571691513,52.50764198303223,0.1603921890258789,0.05688782036304474,0.8264806270599365,0.6663996154462426,0.05063291139240506,0.01468197163194418,0.014685292728245258,0.9099100232124329,52.12700271606445,3.765796661376953,0.08142717182636261,0.8367821574211121,0.7389612097304405,0.046153846153846156,0.01349862851202488
v1,ce_0.5,factorial,0.0,0.5,0.0,0.0,0.5,0.0,0,Krakencoder,cl_kraken_v1_ce_0.5,0,Glasser,FC->SC,600,0.46488311886787415,0.927497386932373,0.9999978563267301,0.9985358711566618,0.004635487217456102,0.0046359261497855185,0.9211135327816009,57.86413650512695,-0.044942283630371095,0.10940364748239517,0.9159463047981262,0.869732414677135,0.20253164556962025,0.005240945611149073,0.005272489041090012,0.9194360375404358,57.925384521484375,1.1120052337646484,0.10991504043340683,0.9146366119384766,0.8659303090072321,0.1282051282051282,0.0054625398479402065
v1,ce_0.5,factorial,0.0,0.5,0.0,0.0,0.5,0.0,0,Krakencoder,cl_kraken_v1_ce_0.5,0,Glasser,SC->FC,700,0.4973481297492981,0.8650349378585815,0.9996441502371974,0.9370424597364568,0.011286593042314053,0.011264205351471901,0.9009118556976319,52.48046798706055,0.04575328826904297,0.05752578005194664,0.8263327479362488,0.6657586925172247,0.05063291139240506,0.014699042774736881,0.014700011350214481,0.9051051139831543,52.0992317199707,3.7821006774902344,0.08128022402524948,0.8364750742912292,0.7358316896778435,0.041025641025641026,0.013521267101168633
v1,ce_0.5,factorial,0.0,0.5,0.0,0.0,0.5,0.0,0,Krakencoder,cl_kraken_v1_ce_0.5,0,Glasser,FC->SC,700,0.4769289791584015,0.9281220436096191,0.9999978563267301,0.9985358711566618,0.00459656398743391,0.004596953978762031,0.917916339635849,57.854987716674806,-0.12320880889892578,0.11113511770963669,0.9159552454948425,0.8751802595737863,0.21518987341772153,0.0052409996278584,0.0052724736742675304,0.9167715311050415,57.9182243347168,1.1104297637939453,0.11142255365848541,0.914624810218811,0.8669033530571992,0.1282051282051282,0.005462371278554201
v1,ce_0.5,factorial,0.0,0.5,0.0,0.0,0.5,0.0,0,Krakencoder,cl_kraken_v1_ce_0.5,0,Glasser,SC->FC,800,0.503957211971283,0.8659655451774597,0.9996034204450694,0.9341142020497804,0.011214742437005043,0.01119171716272831,0.8976113319396972,52.46069488525391,-0.032764625549316403,0.058078814297914505,0.8261905312538147,0.6611120012818459,0.05063291139240506,0.014711095951497555,0.014714223332703114,0.9021356701850891,52.08248519897461,3.801969528198242,0.08335969597101212,0.8364408016204834,0.7368047337278106,0.035897435897435895,0.013522707857191563
v1,ce_0.5,factorial,0.0,0.5,0.0,0.0,0.5,0.0,0,Krakencoder,cl_kraken_v1_ce_0.5,0,Glasser,FC->SC,800,0.48519206047058105,0.9285447001457214,1.0,1.0,0.004570774734020233,0.004570916853845119,0.915981239080429,57.84928550720215,-0.17974510192871093,0.11252258718013763,0.9159716963768005,0.8812690273994552,0.22784810126582278,0.005239899270236492,0.005272501613944769,0.915550947189331,57.914573669433594,1.1021175384521484,0.11304397881031036,0.914649248123169,0.872715318869165,0.12307692307692308,0.005459981970489025
v1,ce_0.5,factorial,0.0,0.5,0.0,0.0,0.5,0.0,0,Krakencoder,cl_kraken_v1_ce_0.5,0,Glasser,SC->FC,900,0.5085989832878113,0.86655193567276,0.9995476849400522,0.9297218155197657,0.011168787255883217,0.011144826374948024,0.8958330452442169,52.45080299377442,-0.08609962463378906,0.0606672428548336,0.8262584209442139,0.6684826149655504,0.05063291139240506,0.014704041182994843,0.014706828631460667,0.9009096622467041,52.07389831542969,3.7907848358154297,0.08181721717119217,0.8362293839454651,0.7338593030900723,0.035897435897435895,0.013540818355977535
v1,ce_0.5,factorial,0.0,0.5,0.0,0.0,0.5,0.0,0,Krakencoder,cl_kraken_v1_ce_0.5,0,Glasser,FC->SC,900,0.4915696084499359,0.9288526773452759,1.0,1.0,0.004551932215690613,0.004551905812695623,0.9147778153419495,57.84562644958496,-0.21563377380371093,0.11326272040605545,0.915978729724884,0.8812690273994552,0.21518987341772153,0.005239122547209263,0.005271684844046831,0.9146696925163269,57.91132354736328,1.1005573272705078,0.11416393518447876,0.9146709442138672,0.8755555555555555,0.11282051282051282,0.005458279978483915
v1,ce_0.5,factorial,0.0,0.5,0.0,0.0,0.5,0.0,0,Krakencoder,cl_kraken_v1_ce_0.5,0,Glasser,SC->FC,1000,0.5117836594581604,0.8669394254684448,0.9995476849400522,0.9355783308931186,0.011138144880533218,0.011115052551031113,0.8947825312614441,52.44475059509277,-0.12560806274414063,0.06068280339241028,0.8262535929679871,0.6728088447364204,0.06329113924050633,0.014706624671816826,0.014709597453474998,0.8999533653259277,52.067874908447266,3.7771148681640625,0.08110243827104568,0.8361312747001648,0.7308086785009862,0.035897435897435895,0.013549734838306904
v1,ce_0.5,factorial,0.0,0.5,0.0,0.0,0.5,0.0,0,Krakencoder,cl_kraken_v1_ce_0.5,0,Glasser,FC->SC,1000,0.49632465839385986,0.9290975332260132,0.9999978563267301,0.9985358711566618,0.004536634776741266,0.0045366184785962105,0.9136294782161712,57.84214286804199,-0.24681835174560546,0.11328635364770889,0.9159423112869263,0.8799871815414196,0.21518987341772153,0.0052409847266972065,0.005273439455777407,0.9137861132621765,57.91001510620117,1.1012001037597656,0.11452402174472809,0.9146555066108704,0.8783168967784353,0.11794871794871795,0.005458907224237919
v1,ce_0.5,factorial,0.0,0.5,0.0,0.0,0.5,0.0,0,Krakencoder,cl_kraken_v1_ce_0.5,0,Glasser,SC->FC,1100,0.5142459273338318,0.8672568202018738,0.9995755526925608,0.9341142020497804,0.011112726293504238,0.011088932864367962,0.8938075482845307,52.439442825317386,-0.15433826446533203,0.060793645679950714,0.8261900544166565,0.6665598461784971,0.06329113924050633,0.014713163487613201,0.014709698967635632,0.8990076184272766,52.06178665161133,3.771242141723633,0.08282243460416794,0.8361984491348267,0.7321499013806706,0.046153846153846156,0.01354303676635027
v1,ce_0.5,factorial,0.0,0.5,0.0,0.0,0.5,0.0,0,Krakencoder,cl_kraken_v1_ce_0.5,0,Glasser,FC->SC,1100,0.49997085332870483,0.9292702674865723,1.0,1.0,0.004526109900325537,0.004526031576097012,0.9130769193172454,57.840410995483396,-0.2716878890991211,0.11476028710603714,0.9159819483757019,0.8857554879025797,0.22784810126582278,0.005238083191215992,0.005270007997751236,0.9137391448020935,57.90930938720703,1.0944633483886719,0.11438337713479996,0.9146478772163391,0.879973701512163,0.09743589743589744,0.00545911118388176
v1,ce_0.5,factorial,0.0,0.5,0.0,0.0,0.5,0.0,0,Krakencoder,cl_kraken_v1_ce_0.5,0,Glasser,SC->FC,1200,0.5160994529724121,0.867464005947113,0.9996012767717996,0.9428989751098097,0.011098017916083336,0.011074873991310597,0.8935189843177795,52.437110900878906,-0.17196331024169922,0.060040414333343506,0.8261879086494446,0.6633552315334081,0.0759493670886076,0.014716655015945435,0.014711832627654076,0.8985859155654907,52.05897521972656,3.788869857788086,0.08197614550590515,0.836108386516571,0.7303879026955951,0.035897435897435895,0.013548612594604492
v1,ce_0.5,factorial,0.0,0.5,0.0,0.0,0.5,0.0,0,Krakencoder,cl_kraken_v1_ce_0.5,0,Glasser,FC->SC,1200,0.5027761459350586,0.9294254779815674,1.0,1.0,0.004516985267400742,0.0045172445010393854,0.9123346030712127,57.83809852600098,-0.28631019592285156,0.11662383377552032,0.916034460067749,0.8884794103509053,0.22784810126582278,0.005235396325588226,0.005267693195492029,0.9125164151191711,57.90566635131836,1.0883445739746094,0.11413120478391647,0.9146230816841125,0.8812623274161736,0.10256410256410256,0.005460957996547222
v1,ce_0.5,factorial,0.0,0.5,0.0,0.0,0.5,0.0,0,Krakencoder,cl_kraken_v1_ce_0.5,0,Glasser,SC->FC,1300,0.51755291223526,0.8676055669784546,0.9996098514648791,0.9399707174231332,0.011086064390838146,0.011062303837388755,0.8932294547557831,52.43583641052246,-0.18757343292236328,0.06088798865675926,0.8261839747428894,0.6668803076430059,0.05063291139240506,0.014711884781718254,0.01470959559082985,0.898430585861206,52.058067321777344,3.7899417877197266,0.08278431743383408,0.8361560702323914,0.7337278106508875,0.041025641025641026,0.01354394294321537
v1,ce_0.5,factorial,0.0,0.5,0.0,0.0,0.5,0.0,0,Krakencoder,cl_kraken_v1_ce_0.5,0,Glasser,FC->SC,1300,0.5052182674407959,0.9295337796211243,1.0,1.0,0.0045104059390723705,0.00451067672111094,0.912149316072464,57.837744140625,-0.3017707824707031,0.11441836506128311,0.9159491062164307,0.8900817176734498,0.22784810126582278,0.005240443162620068,0.005272447597235441,0.912489652633667,57.90525436401367,1.0947513580322266,0.11377613991498947,0.9146163463592529,0.8791847468770546,0.10256410256410256,0.005461531225591898
v1,ce_0.5,factorial,0.0,0.5,0.0,0.0,0.5,0.0,0,Krakencoder,cl_kraken_v1_ce_0.5,0,Glasser,SC->FC,1400,0.5182444453239441,0.8677741885185242,0.9996377192173878,0.9414348462664714,0.011074865236878395,0.01105129225179553,0.8926347911357879,52.431175994873044,-0.19974861145019532,0.05895508453249931,0.8259937167167664,0.6636756929979171,0.05063291139240506,0.01472788117825985,0.014720396138727665,0.8978651165962219,52.05728530883789,3.7987194061279297,0.08290102332830429,0.8361478447914124,0.7356476002629848,0.041025641025641026,0.013544957153499126
v1,ce_0.5,factorial,0.0,0.5,0.0,0.0,0.5,0.0,0,Krakencoder,cl_kraken_v1_ce_0.5,0,Glasser,FC->SC,1400,0.5072715878486633,0.9296350479125977,1.0,1.0,0.0045038447715342045,0.00450414763763547,0.9117013871669769,57.836459732055665,-0.3117990493774414,0.11417192220687866,0.9159379005432129,0.8871975644928698,0.22784810126582278,0.005240537691861391,0.005272477399557829,0.9127753376960754,57.907196044921875,1.1043663024902344,0.11412879079580307,0.9146055579185486,0.8817357001972387,0.11282051282051282,0.005461496766656637
v1,ce_0.5,factorial,0.0,0.5,0.0,0.0,0.5,0.0,0,Krakencoder,cl_kraken_v1_ce_0.5,0,Glasser,SC->FC,1500,0.5194026827812195,0.8678297400474548,0.9996227135044985,0.9370424597364568,0.011071042157709599,0.01104748696088791,0.8929230332374573,52.43308067321777,-0.20212898254394532,0.05971187353134155,0.8261348605155945,0.6684826149655504,0.0759493670886076,0.01471675094217062,0.014716089703142643,0.8984111547470093,52.056793212890625,3.7941017150878906,0.08218380063772202,0.8361251354217529,0.7350953320184089,0.035897435897435895,0.01354918908327818
v1,ce_0.5,factorial,0.0,0.5,0.0,0.0,0.5,0.0,0,Krakencoder,cl_kraken_v1_ce_0.5,0,Glasser,FC->SC,1500,0.5088173151016235,0.9296998977661133,1.0,1.0,0.00449977396056056,0.0044997659046202895,0.9115556299686431,57.83606872558594,-0.3243257522583008,0.11414532363414764,0.9159349799156189,0.8918442557282487,0.20253164556962025,0.005241000559180975,0.005273337010294199,0.9122331738471985,57.90471267700195,1.1001949310302734,0.1146806851029396,0.9146360158920288,0.8835502958579882,0.12307692307692308,0.005459934938699007
v1,ce_0.5,factorial,0.0,0.5,0.0,0.0,0.5,0.0,0,Krakencoder,cl_kraken_v1_ce_0.5,0,Glasser,SC->FC,1600,0.5201526880264282,0.867969274520874,0.9996377192173878,0.9370424597364568,0.011062403209507465,0.01103895641863346,0.8925654113292694,52.430372619628905,-0.21105518341064453,0.061523303389549255,0.826235830783844,0.6684826149655504,0.0759493670886076,0.014708132483065128,0.014701096341013908,0.8979970812797546,52.05802917480469,3.7748966217041016,0.08297954499721527,0.8361586928367615,0.7341485864562788,0.03076923076923077,0.01354467123746872
v1,ce_0.5,factorial,0.0,0.5,0.0,0.0,0.5,0.0,0,Krakencoder,cl_kraken_v1_ce_0.5,0,Glasser,FC->SC,1600,0.510315477848053,0.9297934770584106,1.0,1.0,0.00449411803856492,0.004494499880820513,0.9109943151473999,57.83432846069336,-0.33255672454833984,0.11524862051010132,0.9159597158432007,0.8889601025476687,0.22784810126582278,0.005238942336291075,0.005271407775580883,0.9117045402526855,57.90514373779297,1.0996780395507812,0.11533881723880768,0.91463303565979,0.8819197896120973,0.12307692307692308,0.0054589202627539635
v1,ce_0.5,factorial,0.0,0.5,0.0,0.0,0.5,0.0,0,Krakencoder,cl_kraken_v1_ce_0.5,0,Glasser,SC->FC,1700,0.520907461643219,0.8680350184440613,0.9996377192173878,0.9399707174231332,0.011056243441998959,0.011032531782984734,0.892440778017044,52.42973518371582,-0.21868133544921875,0.061139728873968124,0.8262602686882019,0.6716872296106393,0.06329113924050633,0.014712955802679062,0.014710335060954094,0.8980638384819031,52.05563735961914,3.7859420776367188,0.08322443813085556,0.8361790776252747,0.73456936226167,0.041025641025641026,0.013544819317758083
v1,ce_0.5,factorial,0.0,0.5,0.0,0.0,0.5,0.0,0,Krakencoder,cl_kraken_v1_ce_0.5,0,Glasser,FC->SC,1700,0.5117529630661011,0.9298421144485474,1.0,1.0,0.004491112194955349,0.004491525469347835,0.9111017882823944,57.83471565246582,-0.33827934265136717,0.11591099947690964,0.9159807562828064,0.8910431020669765,0.22784810126582278,0.00523779122158885,0.005270079243928194,0.9116401076316833,57.90406036376953,1.0982646942138672,0.11584478616714478,0.9146655201911926,0.8821564760026298,0.14358974358974358,0.005457619670778513
v1,ce_0.5,factorial,0.0,0.5,0.0,0.0,0.5,0.0,0,Krakencoder,cl_kraken_v1_ce_0.5,0,Glasser,SC->FC,1800,0.5213300585746765,0.8680363893508911,0.9996462939104673,0.9414348462664714,0.01105478499084711,0.011030154302716255,0.8925214231014251,52.43074188232422,-0.22320556640625,0.06340859085321426,0.8263957500457764,0.6777759974363082,0.06329113924050633,0.014698238112032413,0.01469381619244814,0.8981543183326721,52.05872344970703,3.7693958282470703,0.08345268666744232,0.8361818194389343,0.7352794214332676,0.041025641025641026,0.013541716150939465
v1,ce_0.5,factorial,0.0,0.5,0.0,0.0,0.5,0.0,0,Krakencoder,cl_kraken_v1_ce_0.5,0,Glasser,FC->SC,1800,0.5124807357788086,0.9298931956291199,1.0,1.0,0.004487977828830481,0.004487999388948083,0.9107856273651123,57.833662033081055,-0.3465124130249023,0.11552668362855911,0.9159613251686096,0.8929658708540298,0.24050632911392406,0.005239123944193125,0.005269898567348719,0.9114436507225037,57.90296173095703,1.0943851470947266,0.1154768317937851,0.914645791053772,0.8833399079552926,0.13333333333333333,0.005459174048155546
v1,ce_0.5,factorial,0.0,0.5,0.0,0.0,0.5,0.0,0,Krakencoder,cl_kraken_v1_ce_0.5,0,Glasser,SC->FC,1900,0.5220031142234802,0.868100643157959,0.9996420065639275,0.9385065885797951,0.011050124652683735,0.011025434359908104,0.8924741923809052,52.430633544921875,-0.23238849639892578,0.06264518201351166,0.8263146877288818,0.6744111520589648,0.06329113924050633,0.014702405780553818,0.01470103207975626,0.8983038067817688,52.05712127685547,3.782184600830078,0.08274078369140625,0.8361603021621704,0.7342800788954635,0.02564102564102564,0.013544806279242039
v1,ce_0.5,factorial,0.0,0.5,0.0,0.0,0.5,0.0,0,Krakencoder,cl_kraken_v1_ce_0.5,0,Glasser,FC->SC,1900,0.513395369052887,0.9299336671829224,0.9999957126534602,0.9970717423133236,0.004485522862523794,0.004485739488154649,0.9106527686119079,57.8333324432373,-0.3487714767456055,0.11595910787582397,0.9159835577011108,0.8936067937830476,0.21518987341772153,0.0052378433756530285,0.0052692946046590805,0.9114395380020142,57.901954650878906,1.0888652801513672,0.11592651903629303,0.9146528244018555,0.8831295200525969,0.13846153846153847,0.005457966588437557
v1,ce_0.5,factorial,0.0,0.5,0.0,0.0,0.5,0.0,0,Krakencoder,cl_kraken_v1_ce_0.5,0,Glasser,SC->FC,2000,0.5224135518074036,0.8681522607803345,0.9996484375837372,0.9458272327964861,0.01104605384171009,0.011021842621266842,0.8923092961311341,52.43007698059082,-0.23627910614013672,0.062139324843883514,0.8262649774551392,0.6723281525396572,0.06329113924050633,0.014706986956298351,0.014701850712299347,0.8983426690101624,52.057308197021484,3.7721328735351562,0.0829683318734169,0.8361647129058838,0.7356476002629848,0.02564102564102564,0.013544581830501556
v1,ce_0.5,factorial,0.0,0.5,0.0,0.0,0.5,0.0,0,Krakencoder,cl_kraken_v1_ce_0.5,0,Glasser,FC->SC,2000,0.5140021443367004,0.9299495220184326,1.0,1.0,0.004484940320253372,0.004485386703163385,0.9107822179794312,57.833688735961914,-0.35324878692626954,0.1155310869216919,0.9159729480743408,0.8958500240346099,0.22784810126582278,0.005239064805209637,0.005270740017294884,0.9115273952484131,57.9027214050293,1.0964508056640625,0.11560306698083878,0.9146530628204346,0.8832873109796187,0.13333333333333333,0.0054580713622272015
v1,ce_0.5,factorial,0.0,0.5,0.0,0.0,0.5,0.0,0,Krakencoder,cl_kraken_v1_ce_0.5,1,Glasser,SC->FC,500,0.47212937474250793,0.8631036877632141,0.9998070694057095,0.9443631039531479,0.011520673520863056,0.011497818771749735,0.9157391667366028,52.689337158203124,0.31496391296386717,0.07934973388910294,0.8341042995452881,0.7553276718474603,0.0759493670886076,0.013806269504129887,0.014058816246688366,0.9129006266593933,52.57511520385742,2.8730125427246094,0.08084918558597565,0.8275899291038513,0.7508218277449047,0.05641025641025641,0.014015963301062584
v1,ce_0.5,factorial,0.0,0.5,0.0,0.0,0.5,0.0,0,Krakencoder,cl_kraken_v1_ce_0.5,1,Glasser,FC->SC,500,0.44893595576286316,0.9268903136253357,0.9999871379603806,0.9912152269399708,0.004675377160310745,0.004673982225358486,0.9257778108119965,57.898542404174805,0.04176959991455078,0.11322354525327682,0.9161068201065063,0.892324947925012,0.22784810126582278,0.005327004939317703,0.0053738499991595745,0.927309513092041,57.892982482910156,1.0467853546142578,0.10831858962774277,0.9137926697731018,0.8784220907297831,0.08717948717948718,0.005470138508826494
v1,ce_0.5,factorial,0.0,0.5,0.0,0.0,0.5,0.0,0,Krakencoder,cl_kraken_v1_ce_0.5,1,Glasser,SC->FC,1000,0.5128421187400818,0.8684665560722351,0.9997063167620244,0.9560761346998536,0.01109235268086195,0.011072092410176992,0.8965216219425202,52.580942916870114,-0.16208572387695314,0.08065440505743027,0.8333100080490112,0.7468354430379747,0.10126582278481013,0.013883079402148724,0.014147154986858368,0.8947708010673523,52.47210693359375,3.0003910064697266,0.07894305884838104,0.8265307545661926,0.7251282051282051,0.07692307692307693,0.014109289273619652
v1,ce_0.5,factorial,0.0,0.5,0.0,0.0,0.5,0.0,0,Krakencoder,cl_kraken_v1_ce_0.5,1,Glasser,FC->SC,1000,0.4972679018974304,0.929381787776947,0.9999978563267301,0.9985358711566618,0.004520827438682318,0.004519484983757138,0.913321578502655,57.86243438720703,-0.27372283935546876,0.12156256288290024,0.9161820411682129,0.9056240987021311,0.27848101265822783,0.005319057963788509,0.005365333054214716,0.9172481298446655,57.86423110961914,1.0094528198242188,0.11433245241641998,0.9137805104255676,0.8948060486522025,0.13333333333333333,0.005467916838824749
v1,ce_0.5,factorial,0.0,0.5,0.0,0.0,0.5,0.0,0,Krakencoder,cl_kraken_v1_ce_0.5,1,Glasser,SC->FC,1500,0.5204929113388062,0.8693264722824097,0.9997427592076126,0.9604685212298683,0.011025994084775448,0.011004285886883736,0.8944921553134918,52.56919059753418,-0.24549617767333984,0.0825134813785553,0.8333090543746948,0.7514821342733536,0.08860759493670886,0.013880455866456032,0.014132097363471985,0.8934098482131958,52.463768005371094,2.9957008361816406,0.0794387012720108,0.8264363408088684,0.7237869822485208,0.05641025641025641,0.014113898389041424
v1,ce_0.5,factorial,0.0,0.5,0.0,0.0,0.5,0.0,0,Krakencoder,cl_kraken_v1_ce_0.5,1,Glasser,FC->SC,1500,0.5098525881767273,0.9299731254577637,0.9999978563267301,0.9985358711566618,0.004484471864998341,0.004483090853318572,0.9114066004753113,57.85723991394043,-0.3459735870361328,0.1205901950597763,0.9161213636398315,0.9059445601666399,0.24050632911392406,0.005323164630681276,0.005368486978113651,0.9155724048614502,57.85942459106445,1.0208454132080078,0.11523037403821945,0.9137684106826782,0.8961472715318869,0.14358974358974358,0.005467796232551336
v1,ce_0.5,factorial,0.0,0.5,0.0,0.0,0.5,0.0,0,Krakencoder,cl_kraken_v1_ce_0.5,1,Glasser,SC->FC,2000,0.5232231020927429,0.8695983290672302,0.9997363281878029,0.95900439238653,0.011007196269929409,0.010986125934869051,0.8942947924137116,52.56712188720703,-0.2688007354736328,0.07916419953107834,0.8330987095832825,0.7433103669283768,0.0759493670886076,0.013901368714869022,0.01415624562650919,0.8928563594818115,52.461326599121094,3.014068603515625,0.08078531175851822,0.8265161514282227,0.7286785009861934,0.06153846153846154,0.014106887392699718
v1,ce_0.5,factorial,0.0,0.5,0.0,0.0,0.5,0.0,0,Krakencoder,cl_kraken_v1_ce_0.5,1,Glasser,FC->SC,2000,0.5145418047904968,0.9301998019218445,0.9999978563267301,0.9985358711566618,0.004470935557037592,0.004469745652750134,0.9107838451862336,57.85504570007324,-0.3740049362182617,0.1225641593337059,0.916179895401001,0.9091491748117289,0.27848101265822783,0.005318907555192709,0.005360611714422703,0.9150561094284058,57.85931396484375,1.0090179443359375,0.11502043902873993,0.9137592315673828,0.8965680473372781,0.13333333333333333,0.005468621384352446
v1,ce_0.5,factorial,0.0,0.5,0.0,0.0,0.5,0.0,0,Krakencoder,cl_kraken_v1_ce_0.5,2,Glasser,SC->FC,500,0.4647073745727539,0.8610209822654724,0.9995905584054501,0.9414348462664714,0.01168452762067318,0.011676388885825872,0.9167751848697663,52.57741355895996,0.4707487106323242,0.07581309229135513,0.8352422714233398,0.7309726005447845,0.08860759493670886,0.01302515622228384,0.013171754777431488,0.9077544212341309,52.44050216674805,2.6343441009521484,0.08345970511436462,0.833874523639679,0.7692307692307692,0.041025641025641026,0.013852528296411037
v1,ce_0.5,factorial,0.0,0.5,0.0,0.0,0.5,0.0,0,Krakencoder,cl_kraken_v1_ce_0.5,2,Glasser,FC->SC,500,0.4486224353313446,0.9267531633377075,0.9999892816336505,0.9926793557833089,0.0046612657606601715,0.004668907169252634,0.9260878086090087,57.88742599487305,0.043472671508789064,0.12063366919755936,0.9152355790138245,0.8929658708540298,0.16455696202531644,0.0056640226393938065,0.005597430281341076,0.9277852177619934,57.8677978515625,1.4916057586669922,0.10985735058784485,0.9147842526435852,0.895016436554898,0.1282051282051282,0.005387946963310242
v1,ce_0.5,factorial,0.0,0.5,0.0,0.0,0.5,0.0,0,Krakencoder,cl_kraken_v1_ce_0.5,2,Glasser,SC->FC,1000,0.5066092610359192,0.8664194941520691,0.9990996572266442,0.9209370424597365,0.011255729012191296,0.011250430624932051,0.8983080863952637,52.47244300842285,-0.00040645599365234374,0.07436743378639221,0.8342233300209045,0.7173529883031565,0.06329113924050633,0.013122008182108402,0.01325328927487135,0.888346254825592,52.342193603515625,2.7249679565429688,0.08482491970062256,0.8330876231193542,0.7475871137409599,0.03076923076923077,0.013918067328631878
v1,ce_0.5,factorial,0.0,0.5,0.0,0.0,0.5,0.0,0,Krakencoder,cl_kraken_v1_ce_0.5,2,Glasser,FC->SC,1000,0.4967584013938904,0.9292319416999817,0.9999957126534602,0.9970717423133236,0.004509278107434511,0.004517437377944589,0.9139530479907989,57.85118713378906,-0.26381263732910154,0.12258465588092804,0.9150989651679993,0.8956897933023554,0.17721518987341772,0.00566920405253768,0.005600088741630316,0.9185976386070251,57.83949279785156,1.4745979309082031,0.11340582370758057,0.914697527885437,0.9006443129520053,0.14871794871794872,0.0053915292955935
v1,ce_0.5,factorial,0.0,0.5,0.0,0.0,0.5,0.0,0,Krakencoder,cl_kraken_v1_ce_0.5,2,Glasser,SC->FC,1500,0.5147744417190552,0.8675268888473511,0.9991403870187722,0.9121522693997072,0.011171059682965279,0.011164626106619835,0.8950921833515167,52.45241584777832,-0.0912637710571289,0.07367676496505737,0.8339070081710815,0.7080596058323987,0.0759493670886076,0.013140898197889328,0.013269508257508278,0.884759247303009,52.3209114074707,2.7551841735839844,0.08657911419868469,0.8330413103103638,0.7481656804733727,0.03076923076923077,0.013918284326791763
v1,ce_0.5,factorial,0.0,0.5,0.0,0.0,0.5,0.0,0,Krakencoder,cl_kraken_v1_ce_0.5,2,Glasser,FC->SC,1500,0.5086349844932556,0.9298009872436523,0.9999957126534602,0.9970717423133236,0.004474697634577751,0.004482505097985268,0.9120635271072388,57.84581031799316,-0.33435726165771484,0.12537117302417755,0.9151773452758789,0.8964909469636276,0.17721518987341772,0.005665041971951723,0.005595458671450615,0.9171608686447144,57.83720397949219,1.4688739776611328,0.11361954361200333,0.9146713018417358,0.9009861932938856,0.13846153846153847,0.0053932336159050465
v1,ce_0.5,factorial,0.0,0.5,0.0,0.0,0.5,0.0,0,Krakencoder,cl_kraken_v1_ce_0.5,2,Glasser,SC->FC,2000,0.5176590085029602,0.8678044676780701,0.9989860425433397,0.9106881405563689,0.011147619225084782,0.011140242964029313,0.8946207582950592,52.45023040771484,-0.11970272064208984,0.0702185183763504,0.8336684703826904,0.6970036853068418,0.0759493670886076,0.01316137332469225,0.013287466019392014,0.8850096464157104,52.323760986328125,2.777965545654297,0.08504977077245712,0.8329592943191528,0.7441683103221565,0.041025641025641026,0.013928855769336224
v1,ce_0.5,factorial,0.0,0.5,0.0,0.0,0.5,0.0,0,Krakencoder,cl_kraken_v1_ce_0.5,2,Glasser,FC->SC,2000,0.5135306715965271,0.9300435185432434,0.9999978563267301,0.9985358711566618,0.0044598025269806385,0.0044675582554191354,0.9112077414989471,57.843017959594725,-0.36509113311767577,0.12417162209749222,0.9151250123977661,0.8924851786572665,0.1518987341772152,0.005668835248798132,0.005595979280769825,0.9163556098937988,57.833683013916016,1.4651756286621094,0.11403407901525497,0.9146683216094971,0.9014069690992768,0.1282051282051282,0.005392351653426886
v1,ce_0.5,factorial,0.0,0.5,0.0,0.0,0.5,0.0,0,Krakencoder,cl_kraken_v1_ce_0.5,3,Glasser,SC->FC,500,0.4691251516342163,0.8626040816307068,0.999712747781834,0.931185944363104,0.0116007374599576,0.011600578017532826,0.9148784458637238,52.6344554901123,0.4538698196411133,0.07722900807857513,0.8301235437393188,0.7005287614164397,0.10126582278481013,0.013986494392156601,0.013816461898386478,0.9100092053413391,52.452239990234375,3.123737335205078,0.08451536297798157,0.8313003778457642,0.7389349112426036,0.035897435897435895,0.01361782941967249
v1,ce_0.5,factorial,0.0,0.5,0.0,0.0,0.5,0.0,0,Krakencoder,cl_kraken_v1_ce_0.5,3,Glasser,FC->SC,500,0.4490543305873871,0.9269394278526306,0.9999871379603806,0.9912152269399708,0.004668878857046366,0.004670343408361077,0.9261207759380341,57.90378837585449,0.048836135864257814,0.10848644375801086,0.914779007434845,0.8497035731453293,0.25316455696202533,0.0053077321499586105,0.005326298531144857,0.9250033497810364,57.866878509521484,1.1525840759277344,0.11389729380607605,0.9142449498176575,0.88465483234714,0.12307692307692308,0.005496271885931492
v1,ce_0.5,factorial,0.0,0.5,0.0,0.0,0.5,0.0,0,Krakencoder,cl_kraken_v1_ce_0.5,3,Glasser,SC->FC,1000,0.5093826651573181,0.8679247498512268,0.9996612996233566,0.9326500732064422,0.011179069988429546,0.011177268251776696,0.8962375819683075,52.528046417236325,-0.029506683349609375,0.0792248472571373,0.8292759656906128,0.6872296106393206,0.05063291139240506,0.014049423858523369,0.013885356485843658,0.8916549682617188,52.35262680053711,3.2098617553710938,0.08731341361999512,0.830532431602478,0.7248126232741617,0.035897435897435895,0.013675577007234097
v1,ce_0.5,factorial,0.0,0.5,0.0,0.0,0.5,0.0,0,Krakencoder,cl_kraken_v1_ce_0.5,3,Glasser,FC->SC,1000,0.4978105425834656,0.9294553399085999,0.9999935689801903,0.9956076134699854,0.004512315150350332,0.004513594089075923,0.9132290720939636,57.86655693054199,-0.26781787872314455,0.11681835353374481,0.9148337244987488,0.8713347219996795,0.2911392405063291,0.0053008669055998325,0.005320945754647255,0.914544403553009,57.83717346191406,1.1271018981933594,0.11950474232435226,0.9142256379127502,0.899250493096647,0.14358974358974358,0.005494424141943455
v1,ce_0.5,factorial,0.0,0.5,0.0,0.0,0.5,0.0,0,Krakencoder,cl_kraken_v1_ce_0.5,3,Glasser,SC->FC,1500,0.5171964764595032,0.8687894344329834,0.9997256098214534,0.9370424597364568,0.011112518608570099,0.011109997797757388,0.8943887710571289,52.51703720092773,-0.11487579345703125,0.07859916239976883,0.8291077613830566,0.6838647652619773,0.06329113924050633,0.014063681475818157,0.013899409212172031,0.8901047110557556,52.34862518310547,3.2364883422851562,0.09002044051885605,0.8306869268417358,0.7324917817225509,0.03076923076923077,0.013664564117789268
v1,ce_0.5,factorial,0.0,0.5,0.0,0.0,0.5,0.0,0,Krakencoder,cl_kraken_v1_ce_0.5,3,Glasser,FC->SC,1500,0.5103095173835754,0.9300431609153748,0.9999978563267301,0.9985358711566618,0.004476944915950298,0.004478068696334958,0.9114318132400513,57.86092872619629,-0.3401905059814453,0.11965582519769669,0.9149100184440613,0.8737381829834963,0.26582278481012656,0.005295763723552227,0.005315186455845833,0.913876473903656,57.83648681640625,1.1222305297851562,0.11964841187000275,0.9141961336135864,0.8988560157790927,0.15384615384615385,0.0054962593130767345
v1,ce_0.5,factorial,0.0,0.5,0.0,0.0,0.5,0.0,0,Krakencoder,cl_kraken_v1_ce_0.5,3,Glasser,SC->FC,2000,0.5202578902244568,0.8690967559814453,0.9997084604352943,0.9341142020497804,0.011087751016020775,0.011086552683264018,0.8938959896564483,52.51432647705078,-0.14246101379394532,0.08084002882242203,0.8292841911315918,0.6939593013940073,0.0759493670886076,0.014046074822545052,0.013880688697099686,0.8902055025100708,52.34415054321289,3.211549758911133,0.08941937983036041,0.8305639028549194,0.7319921104536489,0.041025641025641026,0.013673030771315098
v1,ce_0.5,factorial,0.0,0.5,0.0,0.0,0.5,0.0,0,Krakencoder,cl_kraken_v1_ce_0.5,3,Glasser,FC->SC,2000,0.5152643918991089,0.9302926063537598,0.9999978563267301,0.9985358711566618,0.0044615124352276325,0.004462767811492086,0.9103821635246276,57.85796966552734,-0.3711835861206055,0.12221867591142654,0.9149959087371826,0.8825508732574908,0.25316455696202533,0.005290931556373835,0.0053102849051356316,0.9130947589874268,57.83437728881836,1.1118297576904297,0.12179653346538544,0.9142643213272095,0.9044838921761998,0.15384615384615385,0.005491767078638077
v1,ce_0.5,factorial,0.0,0.5,0.0,0.0,0.5,0.0,0,Krakencoder,cl_kraken_v1_ce_0.5,4,Glasser,SC->FC,500,0.46693387627601624,0.8610034584999084,0.9995905584054501,0.9370424597364568,0.011525043286383152,0.011519549507647752,0.9168248772621155,52.551478958129884,0.4571529388427734,0.07577905058860779,0.8306421041488647,0.7413875981413236,0.08860759493670886,0.014332917518913746,0.014422993175685406,0.9189132452011108,52.25779724121094,3.0332393646240234,0.08492998778820038,0.8362889885902405,0.7742011834319527,0.046153846153846156,0.013907690532505512
v1,ce_0.5,factorial,0.0,0.5,0.0,0.0,0.5,0.0,0,Krakencoder,cl_kraken_v1_ce_0.5,4,Glasser,FC->SC,500,0.448953777551651,0.9266879558563232,0.9999849942871107,0.9897510980966325,0.004702331498265266,0.0047061841003596784,0.9254978835582733,57.88121490478515,0.07274456024169922,0.11581022292375565,0.9153507947921753,0.8948886396410831,0.25316455696202533,0.005346344783902168,0.005325990729033947,0.9241535067558289,57.90703582763672,1.2873878479003906,0.11294639855623245,0.9151046276092529,0.8902301117685734,0.14871794871794872,0.0053344955667853355
v1,ce_0.5,factorial,0.0,0.5,0.0,0.0,0.5,0.0,0,Krakencoder,cl_kraken_v1_ce_0.5,4,Glasser,SC->FC,1000,0.5085350275039673,0.8664926290512085,0.9995241045340834,0.9414348462664714,0.011097035370767117,0.011091959103941918,0.8978029966354371,52.44114990234375,-0.021397972106933595,0.08407079428434372,0.8302701115608215,0.7348181381188912,0.11392405063291139,0.014348352327942848,0.014432752504944801,0.902113139629364,52.15604019165039,3.0521068572998047,0.08843321353197098,0.8355731964111328,0.7572123602892833,0.08717948717948718,0.013961520045995712
v1,ce_0.5,factorial,0.0,0.5,0.0,0.0,0.5,0.0,0,Krakencoder,cl_kraken_v1_ce_0.5,4,Glasser,FC->SC,1000,0.4964747428894043,0.929139256477356,0.9999914253069204,0.9941434846266471,0.004550787154585123,0.004555022716522217,0.9133959829807281,57.84573936462402,-0.23749275207519532,0.12288893759250641,0.9154021143913269,0.9117128665278,0.3291139240506329,0.005340648349374533,0.005319598130881786,0.9148525595664978,57.87966537475586,1.2419109344482422,0.11795619130134583,0.915052056312561,0.906508875739645,0.15384615384615385,0.0053350115194916725
v1,ce_0.5,factorial,0.0,0.5,0.0,0.0,0.5,0.0,0,Krakencoder,cl_kraken_v1_ce_0.5,4,Glasser,SC->FC,1500,0.5168998837471008,0.8675322532653809,0.9995562596331318,0.9414348462664714,0.011016163043677807,0.011010140925645829,0.8948293507099152,52.42431449890137,-0.11160831451416016,0.08392885327339172,0.8301424384117126,0.7311328312770389,0.08860759493670886,0.014357896521687508,0.014442529529333115,0.8997344970703125,52.142250061035156,3.0698623657226562,0.08826874196529388,0.8353927135467529,0.750664036817883,0.08205128205128205,0.013972824439406395
v1,ce_0.5,factorial,0.0,0.5,0.0,0.0,0.5,0.0,0,Krakencoder,cl_kraken_v1_ce_0.5,4,Glasser,FC->SC,1500,0.508837878704071,0.9297327399253845,0.9999978563267301,0.9985358711566618,0.004514538682997227,0.004519081674516201,0.9114680469036103,57.83985939025879,-0.307281494140625,0.12490693479776382,0.9154515266418457,0.9176414036212146,0.3291139240506329,0.005337833426892757,0.005313748959451914,0.9133803248405457,57.876712799072266,1.232492446899414,0.12042324244976044,0.915116548538208,0.9140039447731756,0.15897435897435896,0.005331185646355152
v1,ce_0.5,factorial,0.0,0.5,0.0,0.0,0.5,0.0,0,Krakencoder,cl_kraken_v1_ce_0.5,4,Glasser,SC->FC,2000,0.5196454524993896,0.8677936792373657,0.9995776963658307,0.9385065885797951,0.010994797572493553,0.010987597797065974,0.894625723361969,52.423226547241214,-0.13509578704833985,0.08522775769233704,0.8302627801895142,0.7306521390802756,0.0759493670886076,0.014346311800181866,0.014426255598664284,0.8997865319252014,52.14301300048828,3.0602245330810547,0.08889389038085938,0.8354136347770691,0.750611439842209,0.08717948717948718,0.013971797190606594
v1,ce_0.5,factorial,0.0,0.5,0.0,0.0,0.5,0.0,0,Krakencoder,cl_kraken_v1_ce_0.5,4,Glasser,FC->SC,2000,0.5134546160697937,0.9299584627151489,0.9999957126534602,0.9970717423133236,0.004500955808907747,0.0045051232911646364,0.9107290208339691,57.83773231506348,-0.3361783981323242,0.12420129030942917,0.9154092073440552,0.9155584041019067,0.27848101265822783,0.005340323317795992,0.005317491013556719,0.9128620624542236,57.87516784667969,1.2365684509277344,0.12150932848453522,0.9151389598846436,0.9153714661406969,0.1641025641025641,0.005328856408596039
v1,nd_0.5,factorial,0.0,0.0,0.5,0.0,0.0,0.5,0,Krakencoder,cl_kraken_v1_nd_0.5,0,Glasser,SC->FC,100,0.24432295560836792,0.8410093188285828,0.956046123274075,0.2635431918008785,0.013168251141905785,0.013143841549754143,0.9809822082519531,52.94650497436523,2.212661552429199,0.04068221524357796,0.8298408389091492,0.6196122416279443,0.05063291139240506,0.014408872462809086,0.014450347051024437,0.9815808534622192,52.548519134521484,3.675008773803711,0.04171134904026985,0.8387452960014343,0.6443918474687705,0.015384615384615385,0.01334632933139801
v1,nd_0.5,factorial,0.0,0.0,0.5,0.0,0.0,0.5,0,Krakencoder,cl_kraken_v1_nd_0.5,0,Glasser,FC->SC,100,0.2245733141899109,0.917661726474762,0.9841432488225874,0.445095168374817,0.005250663962215185,0.005251548392698169,0.9810892164707183,58.03889541625976,1.140700340270996,0.057997915893793106,0.9159582853317261,0.7059766063130908,0.05063291139240506,0.005258427932858467,0.005294839385896921,0.9803380966186523,58.0919075012207,1.2709999084472656,0.060142505913972855,0.914729118347168,0.7149506903353058,0.035897435897435895,0.005483465734869242
v1,nd_0.5,factorial,0.0,0.0,0.5,0.0,0.0,0.5,0,Krakencoder,cl_kraken_v1_nd_0.5,0,Glasser,SC->FC,200,0.3675031065940857,0.8499531745910645,0.9860018135475863,0.5563689604685212,0.012444531545042992,0.012418108060956001,0.9537832200527191,52.79678153991699,1.6104665756225587,0.04610205441713333,0.8287855982780457,0.6103188591571864,0.05063291139240506,0.014507466927170753,0.01453612744808197,0.9552134871482849,52.40046691894531,3.892240524291992,0.06308268010616302,0.838366687297821,0.6619329388560158,0.010256410256410256,0.01337871327996254
v1,nd_0.5,factorial,0.0,0.0,0.5,0.0,0.0,0.5,0,Krakencoder,cl_kraken_v1_nd_0.5,0,Glasser,FC->SC,200,0.3295179605484009,0.9208196401596069,0.9986237617607274,0.8330893118594437,0.005037239287048578,0.005037574423477053,0.9615254580974579,57.98704223632812,0.7870626449584961,0.09577375650405884,0.9162817597389221,0.8090049671526999,0.11392405063291139,0.005221185274422169,0.005256149917840958,0.9585367441177368,58.03662109375,1.2161426544189453,0.10202223062515259,0.9151062965393066,0.7972386587771203,0.08717948717948718,0.005435384344309568
v1,nd_0.5,factorial,0.0,0.0,0.5,0.0,0.0,0.5,0,Krakencoder,cl_kraken_v1_nd_0.5,0,Glasser,SC->FC,300,0.4211033880710602,0.8569009900093079,0.9912666750984482,0.6969253294289898,0.011887158267199993,0.011863728892058134,0.9212680518627167,52.61923332214356,1.0873641967773438,0.04590613394975662,0.8273263573646545,0.5989424771671207,0.05063291139240506,0.014648299664258957,0.014651084318757057,0.9241056442260742,52.23801040649414,4.035627365112305,0.06920173019170761,0.8371289372444153,0.661827744904668,0.02564102564102564,0.013483189046382904
v1,nd_0.5,factorial,0.0,0.0,0.5,0.0,0.0,0.5,0,Krakencoder,cl_kraken_v1_nd_0.5,0,Glasser,FC->SC,300,0.3848878741264343,0.9233371615409851,0.9997384718610728,0.9502196193265008,0.004873031284660101,0.004873024206608534,0.9427881360054016,57.93693580627441,0.4844400405883789,0.11218895763158798,0.9164327383041382,0.8429738823906425,0.189873417721519,0.005204570479691029,0.005236273165792227,0.9387551546096802,57.989017486572266,1.149078369140625,0.11762496083974838,0.915219247341156,0.8317685733070348,0.11794871794871795,0.00541768129914999
v1,nd_0.5,factorial,0.0,0.0,0.5,0.0,0.0,0.5,0,Krakencoder,cl_kraken_v1_nd_0.5,0,Glasser,SC->FC,400,0.4510902762413025,0.8610512614250183,0.9939162552600382,0.7686676427525623,0.011557161808013916,0.011534819100052118,0.9013431251049042,52.5097900390625,0.7058664321899414,0.044989705085754395,0.826079249382019,0.5958980932542861,0.05063291139240506,0.014764596708118916,0.014752532355487347,0.9052615165710449,52.13203048706055,4.094717025756836,0.07308563590049744,0.8362683653831482,0.662827087442472,0.020512820512820513,0.013552806340157986
v1,nd_0.5,factorial,0.0,0.0,0.5,0.0,0.0,0.5,0,Krakencoder,cl_kraken_v1_nd_0.5,0,Glasser,FC->SC,400,0.42071533203125,0.9251921772956848,0.9999163967424741,0.9795021961932651,0.004756580572575331,0.00475692031905055,0.9295844316482544,57.90032386779785,0.25850658416748046,0.12140410393476486,0.9165142178535461,0.8583560326870694,0.20253164556962025,0.005197186954319477,0.005225793458521366,0.9257788062095642,57.955081939697266,1.1131267547607422,0.12362357974052429,0.9151964783668518,0.8481788297172912,0.13333333333333333,0.005415022373199463
v1,nd_0.5,factorial,0.0,0.0,0.5,0.0,0.0,0.5,0,Krakencoder,cl_kraken_v1_nd_0.5,0,Glasser,SC->FC,500,0.4693205952644348,0.8636118769645691,0.9952303269744839,0.8155197657393851,0.011356987990438938,0.011334625259041785,0.8899871408939362,52.4459903717041,0.4608280181884766,0.04857811704277992,0.825789749622345,0.6013459381509374,0.0379746835443038,0.014791949652135372,0.01478187832981348,0.8947434425354004,52.075927734375,4.097230911254883,0.07723423838615417,0.8359458446502686,0.6713477975016438,0.03076923076923077,0.013578788377344608
v1,nd_0.5,factorial,0.0,0.0,0.5,0.0,0.0,0.5,0,Krakencoder,cl_kraken_v1_nd_0.5,0,Glasser,FC->SC,500,0.4452260732650757,0.9264852404594421,0.999980706940571,0.9897510980966325,0.004676699172705412,0.004676951840519905,0.9213527143001556,57.87678833007813,0.09598579406738281,0.12521247565746307,0.9164911508560181,0.8681301073545906,0.21518987341772153,0.0051976884715259075,0.005226144101470709,0.9176210165023804,57.93471908569336,1.1049385070800781,0.12703849375247955,0.915175199508667,0.8597764628533859,0.11794871794871795,0.005414653569459915
v1,nd_0.5,factorial,0.0,0.0,0.5,0.0,0.0,0.5,0,Krakencoder,cl_kraken_v1_nd_0.5,0,Glasser,SC->FC,600,0.48232966661453247,0.8651553988456726,0.996164968520158,0.8418740849194729,0.011236224323511124,0.011214151605963707,0.8850873589515686,52.41825714111328,0.2987327575683594,0.047847356647253036,0.8252937197685242,0.6002243230251563,0.0379746835443038,0.014830589294433594,0.01481467392295599,0.8902283310890198,52.04727554321289,4.126617431640625,0.07738720625638962,0.8357161283493042,0.6728468113083498,0.03076923076923077,0.013603446073830128
v1,nd_0.5,factorial,0.0,0.0,0.5,0.0,0.0,0.5,0,Krakencoder,cl_kraken_v1_nd_0.5,0,Glasser,FC->SC,600,0.46175795793533325,0.927376389503479,0.9999957126534602,0.9970717423133236,0.004622439853847027,0.004622536199167371,0.9162781119346619,57.861870193481444,-0.015685272216796876,0.12827663123607635,0.9165167212486267,0.8767825668963307,0.20253164556962025,0.00519498810172081,0.00522485189139843,0.9128261804580688,57.92138671875,1.0893974304199219,0.12790928781032562,0.9151210784912109,0.8675082182774491,0.13333333333333333,0.005417399108409882
v1,nd_0.5,factorial,0.0,0.0,0.5,0.0,0.0,0.5,0,Krakencoder,cl_kraken_v1_nd_0.5,0,Glasser,SC->FC,700,0.49104779958724976,0.8662075400352478,0.996718036223791,0.8550512445095169,0.011153841391205788,0.011131963692605495,0.8815869212150573,52.39893226623535,0.19350929260253907,0.04782828316092491,0.8251340985298157,0.5999038615606473,0.0379746835443038,0.01484723575413227,0.014830244705080986,0.8868511915206909,52.025634765625,4.120288848876953,0.07738690823316574,0.8354902267456055,0.6745036160420776,0.03076923076923077,0.013618333265185356
v1,nd_0.5,factorial,0.0,0.0,0.5,0.0,0.0,0.5,0,Krakencoder,cl_kraken_v1_nd_0.5,0,Glasser,FC->SC,700,0.4737796485424042,0.9280107021331787,0.9999914253069204,0.9941434846266471,0.0045836507342755795,0.004583674855530262,0.9129991412162781,57.852424240112306,-0.09473133087158203,0.1290610432624817,0.9165098667144775,0.8828713347219996,0.25316455696202533,0.005196902900934219,0.005227003246545792,0.9103641510009766,57.91456604003906,1.091217041015625,0.12919752299785614,0.9151124358177185,0.870664036817883,0.12307692307692308,0.005417646374553442
v1,nd_0.5,factorial,0.0,0.0,0.5,0.0,0.0,0.5,0,Krakencoder,cl_kraken_v1_nd_0.5,0,Glasser,SC->FC,800,0.4970625340938568,0.8669652342796326,0.9970996100658323,0.8726207906295754,0.011097729206085205,0.01107569970190525,0.8795981526374816,52.38536262512207,0.12039203643798828,0.04903944954276085,0.8250635862350464,0.6021470918122096,0.0379746835443038,0.014852764084935188,0.014836529269814491,0.8853375911712646,52.0196533203125,4.132410049438477,0.08035467565059662,0.8355593681335449,0.6802629848783694,0.02564102564102564,0.013609817251563072
v1,nd_0.5,factorial,0.0,0.0,0.5,0.0,0.0,0.5,0,Krakencoder,cl_kraken_v1_nd_0.5,0,Glasser,FC->SC,800,0.48245248198509216,0.9284438490867615,0.9999957126534602,0.9970717423133236,0.004557547625154257,0.004557302547618746,0.9113018095493317,57.84706039428711,-0.15451622009277344,0.13014473021030426,0.9165238738059998,0.8873577952251241,0.21518987341772153,0.005196158308535814,0.0052274735644459724,0.9095354080200195,57.91121292114258,1.0820579528808594,0.13040116429328918,0.9151248931884766,0.8755555555555555,0.11794871794871795,0.005415971856564283
v1,nd_0.5,factorial,0.0,0.0,0.5,0.0,0.0,0.5,0,Krakencoder,cl_kraken_v1_nd_0.5,0,Glasser,SC->FC,900,0.5015038251876831,0.8674653172492981,0.9971832133233581,0.8696925329428989,0.011058862321078777,0.011035582982003689,0.8784898102283478,52.379259490966795,0.06724414825439454,0.052723389118909836,0.82530277967453,0.608075628905624,0.0379746835443038,0.014830359257757664,0.014813181012868881,0.8855876326560974,52.01660919189453,4.098487854003906,0.07843007147312164,0.8353748917579651,0.6782905982905982,0.02564102564102564,0.013627284206449986
v1,nd_0.5,factorial,0.0,0.0,0.5,0.0,0.0,0.5,0,Krakencoder,cl_kraken_v1_nd_0.5,0,Glasser,FC->SC,900,0.48899754881858826,0.9287683367729187,0.9999957126534602,0.9970717423133236,0.004537966568022966,0.00453747995197773,0.9099786281585693,57.843048858642575,-0.19349212646484376,0.1305069923400879,0.9165249466896057,0.8886396410831597,0.20253164556962025,0.005195947829633951,0.005227195098996162,0.9084538817405701,57.90746307373047,1.0806140899658203,0.13094617426395416,0.9151368737220764,0.8772912557527942,0.11282051282051282,0.005415542516857386
v1,nd_0.5,factorial,0.0,0.0,0.5,0.0,0.0,0.5,0,Krakencoder,cl_kraken_v1_nd_0.5,0,Glasser,SC->FC,1000,0.5047415494918823,0.8678253889083862,0.9973525635116798,0.8740849194729137,0.011030922643840313,0.011009085923433304,0.877742463350296,52.37435340881348,0.028175544738769532,0.0522540807723999,0.8252823948860168,0.6093574747636596,0.0379746835443038,0.014832481741905212,0.014819925650954247,0.8847255110740662,52.011375427246094,4.081230163574219,0.07759363204240799,0.8352949023246765,0.677396449704142,0.046153846153846156,0.013636265881359577
v1,nd_0.5,factorial,0.0,0.0,0.5,0.0,0.0,0.5,0,Krakencoder,cl_kraken_v1_nd_0.5,0,Glasser,FC->SC,1000,0.4939638674259186,0.929035484790802,0.9999978563267301,0.9985358711566618,0.004521497525274754,0.004521036148071289,0.9086521804332733,57.83909301757812,-0.22801380157470702,0.1309170126914978,0.9164900779724121,0.8859157186348342,0.20253164556962025,0.005197575315833092,0.005228457041084766,0.9075573682785034,57.90608596801758,1.0815296173095703,0.13112956285476685,0.9151121377944946,0.8786061801446416,0.11794871794871795,0.00541699631139636
v1,nd_0.5,factorial,0.0,0.0,0.5,0.0,0.0,0.5,0,Krakencoder,cl_kraken_v1_nd_0.5,0,Glasser,SC->FC,1100,0.5069724917411804,0.8681075572967529,0.9975090516603822,0.8784773060029283,0.011008913628757,0.010986074060201644,0.8770790994167328,52.37096748352051,0.0012456893920898438,0.05274585634469986,0.8252160549163818,0.6064733215830796,0.0379746835443038,0.014840672723948956,0.014816849492490292,0.8838412761688232,52.006526947021484,4.07005500793457,0.07943543791770935,0.8353776931762695,0.6781591058514136,0.041025641025641026,0.013626223430037498
v1,nd_0.5,factorial,0.0,0.0,0.5,0.0,0.0,0.5,0,Krakencoder,cl_kraken_v1_nd_0.5,0,Glasser,FC->SC,1100,0.4979223906993866,0.9292218089103699,0.9999978563267301,0.9985358711566618,0.004510174505412579,0.004509697901085019,0.9081195056438446,57.837336730957034,-0.25517959594726564,0.13240060210227966,0.9165328741073608,0.8896010254766864,0.21518987341772153,0.005194430239498615,0.005224615801125765,0.9075073003768921,57.90529251098633,1.0709209442138672,0.1309162676334381,0.9151032567024231,0.8821564760026298,0.1076923076923077,0.005417248234152794
v1,nd_0.5,factorial,0.0,0.0,0.5,0.0,0.0,0.5,0,Krakencoder,cl_kraken_v1_nd_0.5,0,Glasser,SC->FC,1200,0.5090093612670898,0.8683387041091919,0.9975283447198112,0.87701317715959,0.010992668569087982,0.010970569029450417,0.8765974283218384,52.366754150390626,-0.02213287353515625,0.05170808732509613,0.8252217769622803,0.6059926293863163,0.05063291139240506,0.014844155870378017,0.014818680472671986,0.883044421672821,52.00031280517578,4.081766128540039,0.07871570438146591,0.8352664113044739,0.676844181459566,0.046153846153846156,0.013632782734930515
v1,nd_0.5,factorial,0.0,0.0,0.5,0.0,0.0,0.5,0,Krakencoder,cl_kraken_v1_nd_0.5,0,Glasser,FC->SC,1200,0.5011312365531921,0.9293950796127319,1.0,1.0,0.004500207956880331,0.004500063834711909,0.9074059963226319,57.834815216064456,-0.27149391174316406,0.13401399552822113,0.9165835976600647,0.8934465630507932,0.25316455696202533,0.005192088428884745,0.005223040468990803,0.9063176512718201,57.90144348144531,1.0634651184082031,0.13027355074882507,0.9150656461715698,0.8824457593688363,0.1076923076923077,0.005420007277280092
v1,nd_0.5,factorial,0.0,0.0,0.5,0.0,0.0,0.5,0,Krakencoder,cl_kraken_v1_nd_0.5,0,Glasser,SC->FC,1300,0.5108146667480469,0.8684735298156738,0.9976226663436866,0.8857979502196194,0.010981152765452862,0.010958467703312635,0.8768012285232544,52.368717193603516,-0.0392822265625,0.052572641521692276,0.8252425193786621,0.6090370132991507,0.05063291139240506,0.014834844507277012,0.014811079949140549,0.884088397026062,52.005592346191406,4.082050323486328,0.07958848774433136,0.8353471755981445,0.6796581196581197,0.02564102564102564,0.01362534612417221
v1,nd_0.5,factorial,0.0,0.0,0.5,0.0,0.0,0.5,0,Krakencoder,cl_kraken_v1_nd_0.5,0,Glasser,FC->SC,1300,0.5037434101104736,0.9295175075531006,0.9999978563267301,0.9985358711566618,0.004492661915719509,0.004492509504780173,0.9070995509624481,57.8342700958252,-0.28853549957275393,0.1315183937549591,0.9164847135543823,0.8920044864605031,0.21518987341772153,0.00519814295694232,0.005228820256888866,0.9062804579734802,57.901084899902344,1.0741958618164062,0.1297903209924698,0.9150585532188416,0.8810782380013149,0.11282051282051282,0.005420819856226444
v1,nd_0.5,factorial,0.0,0.0,0.5,0.0,0.0,0.5,0,Krakencoder,cl_kraken_v1_nd_0.5,0,Glasser,SC->FC,1400,0.5115976333618164,0.8686442971229553,0.9977341373537211,0.8843338213762811,0.010969908908009529,0.010947429202497005,0.8763111531734467,52.364091873168945,-0.05153961181640625,0.050601061433553696,0.8250402212142944,0.6056721679218073,0.05063291139240506,0.014852302148938179,0.014825213700532913,0.8832119703292847,52.00421905517578,4.099391937255859,0.07940111309289932,0.8353539109230042,0.6807100591715975,0.046153846153846156,0.013624242506921291
v1,nd_0.5,factorial,0.0,0.0,0.5,0.0,0.0,0.5,0,Krakencoder,cl_kraken_v1_nd_0.5,0,Glasser,FC->SC,1400,0.5059618353843689,0.9296334385871887,0.9999978563267301,0.9985358711566618,0.004485445562750101,0.004485284490510821,0.9065088629722595,57.83266334533691,-0.29961280822753905,0.13107876479625702,0.9164701104164124,0.8918442557282487,0.22784810126582278,0.005198649130761623,0.005229138303548098,0.9065271615982056,57.90306091308594,1.0830268859863281,0.1305028200149536,0.9150578379631042,0.8838132807363577,0.1282051282051282,0.00542030343785882
v1,nd_0.5,factorial,0.0,0.0,0.5,0.0,0.0,0.5,0,Krakencoder,cl_kraken_v1_nd_0.5,0,Glasser,SC->FC,1500,0.5129384398460388,0.8687264919281006,0.9977105569477522,0.8857979502196194,0.010964352637529373,0.010941912606358527,0.8765307903289795,52.36587028503418,-0.05805702209472656,0.0517442561686039,0.8252122402191162,0.610959782086204,0.05063291139240506,0.014837662689387798,0.014819692820310593,0.8837525248527527,52.00303649902344,4.087856292724609,0.0784299299120903,0.835309624671936,0.680499671268902,0.041025641025641026,0.0136316679418087
v1,nd_0.5,factorial,0.0,0.0,0.5,0.0,0.0,0.5,0,Krakencoder,cl_kraken_v1_nd_0.5,0,Glasser,FC->SC,1500,0.5077398419380188,0.9297025203704834,1.0,1.0,0.004480996634811163,0.004480504291132092,0.9064358949661255,57.832435607910156,-0.31351165771484374,0.13144347071647644,0.9164788126945496,0.8928056401217753,0.21518987341772153,0.005197921767830849,0.005228343885391951,0.9058956503868103,57.90071105957031,1.0771560668945312,0.13093838095664978,0.9150848388671875,0.8848915187376726,0.11794871794871795,0.005418820772320032
v1,nd_0.5,factorial,0.0,0.0,0.5,0.0,0.0,0.5,0,Krakencoder,cl_kraken_v1_nd_0.5,0,Glasser,SC->FC,1600,0.5134998559951782,0.8688758611679077,0.9979956654926483,0.8799414348462665,0.010955274105072021,0.010933381970971823,0.8760243117809295,52.36146087646485,-0.06676769256591797,0.053555235266685486,0.8253484964370728,0.6119211664797308,0.06329113924050633,0.014826064929366112,0.014799419790506363,0.8834918737411499,52.006099700927734,4.063619613647461,0.07872487604618073,0.8352853655815125,0.6788691650230112,0.046153846153846156,0.013631515204906464
v1,nd_0.5,factorial,0.0,0.0,0.5,0.0,0.0,0.5,0,Krakencoder,cl_kraken_v1_nd_0.5,0,Glasser,FC->SC,1600,0.5091789364814758,0.9298037886619568,1.0,1.0,0.004474806133657694,0.004474759986624122,0.9056902050971984,57.83030700683594,-0.32274436950683594,0.132757768034935,0.916508138179779,0.8904021791379586,0.21518987341772153,0.005195538979023695,0.005226138047873974,0.905222475528717,57.900733947753906,1.0756664276123047,0.13149547576904297,0.9150723814964294,0.8825509533201841,0.11794871794871795,0.005418163258582354
v1,nd_0.5,factorial,0.0,0.0,0.5,0.0,0.0,0.5,0,Krakencoder,cl_kraken_v1_nd_0.5,0,Glasser,SC->FC,1700,0.5143658518791199,0.868955135345459,0.9978155969379771,0.8828696925329429,0.010947934351861477,0.010924953687936067,0.8758886218070984,52.36090850830078,-0.07617645263671875,0.05287329852581024,0.8253138065338135,0.6114404742829675,0.06329113924050633,0.0148372333496809,0.014815094880759716,0.8833969831466675,52.00108337402344,4.079885482788086,0.07939406484365463,0.8353226184844971,0.6793425378040763,0.046153846153846156,0.013630727306008339
v1,nd_0.5,factorial,0.0,0.0,0.5,0.0,0.0,0.5,0,Krakencoder,cl_kraken_v1_nd_0.5,0,Glasser,FC->SC,1700,0.5107089281082153,0.9298614263534546,0.9999978563267301,0.9985358711566618,0.004471288528293371,0.004471275629475713,0.9057408928871155,57.830532455444335,-0.3297405242919922,0.1330229789018631,0.9165164828300476,0.8932863323185387,0.21518987341772153,0.00519521115347743,0.005225811153650284,0.9052160382270813,57.89957046508789,1.0735359191894531,0.13188129663467407,0.9151033163070679,0.8839973701512163,0.13333333333333333,0.005416985601186752
v1,nd_0.5,factorial,0.0,0.0,0.5,0.0,0.0,0.5,0,Krakencoder,cl_kraken_v1_nd_0.5,0,Glasser,SC->FC,1800,0.5147318840026855,0.8689420819282532,0.9978048785716276,0.8828696925329429,0.010946941561996937,0.010923218633979558,0.8759084522724152,52.36192512512207,-0.07903079986572266,0.05550135672092438,0.8255001902580261,0.6172087806441275,0.05063291139240506,0.014818590134382248,0.01479317806661129,0.883538007736206,52.00595474243164,4.054729461669922,0.07962172478437424,0.8353379368782043,0.6796844181459566,0.05128205128205128,0.013625293038785458
v1,nd_0.5,factorial,0.0,0.0,0.5,0.0,0.0,0.5,0,Krakencoder,cl_kraken_v1_nd_0.5,0,Glasser,FC->SC,1800,0.5116820931434631,0.9299169778823853,1.0,1.0,0.004468001890927553,0.004467571759596467,0.9055482506752014,57.829653930664065,-0.3385471343994141,0.1325286328792572,0.9164949059486389,0.8942477167120654,0.20253164556962025,0.005196640267968178,0.005225497297942638,0.9050925374031067,57.89881896972656,1.0688934326171875,0.13095049560070038,0.9150680303573608,0.8827876397107166,0.11794871794871795,0.005420132540166378
v1,nd_0.5,factorial,0.0,0.0,0.5,0.0,0.0,0.5,0,Krakencoder,cl_kraken_v1_nd_0.5,0,Glasser,SC->FC,1900,0.5154707431793213,0.8690378665924072,0.9977427120468007,0.8887262079062958,0.01094088051468134,0.010917372349649668,0.8756454348564148,52.36061019897461,-0.08819160461425782,0.054913442581892014,0.8253913521766663,0.6157667040538375,0.05063291139240506,0.014823486097157001,0.014802473597228527,0.8836171627044678,52.001914978027344,4.072170257568359,0.07897889614105225,0.835311233997345,0.6790795529257068,0.046153846153846156,0.013629564084112644
v1,nd_0.5,factorial,0.0,0.0,0.5,0.0,0.0,0.5,0,Krakencoder,cl_kraken_v1_nd_0.5,0,Glasser,FC->SC,1900,0.5126543045043945,0.9299623966217041,0.9999957126534602,0.9970717423133236,0.004465281963348389,0.004465089784935117,0.9053674638271332,57.829292678833006,-0.34108695983886717,0.13318903744220734,0.9165271520614624,0.8945681781765743,0.22784810126582278,0.005194558762013912,0.005223787389695644,0.9051482081413269,57.89778518676758,1.0607261657714844,0.13192909955978394,0.9150953888893127,0.8837343852728468,0.1282051282051282,0.005417217034846544
v1,nd_0.5,factorial,0.0,0.0,0.5,0.0,0.0,0.5,0,Krakencoder,cl_kraken_v1_nd_0.5,0,Glasser,SC->FC,2000,0.5160378217697144,0.8690828680992126,0.9977169879675619,0.8872620790629575,0.010936676524579525,0.010913636349141598,0.8756981670856476,52.361548233032224,-0.09583530426025391,0.05426027253270149,0.8253476023674011,0.6133632430700209,0.05063291139240506,0.014828631654381752,0.014803769066929817,0.8840452432632446,52.00368881225586,4.057977676391602,0.07940007001161575,0.8353548645973206,0.6813149243918475,0.05128205128205128,0.0136265242472291
v1,nd_0.5,factorial,0.0,0.0,0.5,0.0,0.0,0.5,0,Krakencoder,cl_kraken_v1_nd_0.5,0,Glasser,FC->SC,2000,0.5135308504104614,0.9299837350845337,1.0,1.0,0.004464323166757822,0.004464239394292235,0.9055754721164704,57.82974052429199,-0.34771728515625,0.13225719332695007,0.916497528553009,0.8945681781765743,0.21518987341772153,0.005197346676141024,0.005227009765803814,0.9051464796066284,57.89813995361328,1.0697975158691406,0.1312948614358902,0.9150881171226501,0.8849967126890204,0.12307692307692308,0.005418057553470135
v1,nd_0.5,factorial,0.0,0.0,0.5,0.0,0.0,0.5,0,Krakencoder,cl_kraken_v1_nd_0.5,1,Glasser,SC->FC,500,0.4725523293018341,0.8649834394454956,0.9960685032230128,0.8169838945827232,0.011324147693812847,0.011302809044718743,0.8950855135917664,52.60206642150879,0.4218616485595703,0.08360809832811356,0.8336920142173767,0.687710302836084,0.05063291139240506,0.013889312744140625,0.014150680974125862,0.8909135460853577,52.47447204589844,3.2562427520751953,0.07687151432037354,0.8265954256057739,0.6710585141354373,0.05128205128205128,0.01411849819123745
v1,nd_0.5,factorial,0.0,0.0,0.5,0.0,0.0,0.5,0,Krakencoder,cl_kraken_v1_nd_0.5,1,Glasser,FC->SC,500,0.44547295570373535,0.9267450571060181,0.999980706940571,0.986822840409956,0.004662472754716873,0.004660916887223721,0.9210087060928345,57.89710960388184,0.07388153076171874,0.13200029730796814,0.9166113138198853,0.887998718154142,0.20253164556962025,0.005282232072204351,0.00532404612749815,0.9231047630310059,57.894309997558594,1.040323257446289,0.12782661616802216,0.9143393635749817,0.882103879026956,0.09230769230769231,0.005422255955636501
v1,nd_0.5,factorial,0.0,0.0,0.5,0.0,0.0,0.5,0,Krakencoder,cl_kraken_v1_nd_0.5,1,Glasser,SC->FC,1000,0.5065382719039917,0.8692244291305542,0.997736281026991,0.8857979502196194,0.010995536111295223,0.010976027697324753,0.8812478244304657,52.521288299560545,-0.009193229675292968,0.0830552726984024,0.8329383730888367,0.6886716872296106,0.06329113924050633,0.013959409669041634,0.014232296496629715,0.8781453371047974,52.399906158447266,3.3121604919433594,0.07532822340726852,0.8257691860198975,0.6673767258382644,0.035897435897435895,0.014194403775036335
v1,nd_0.5,factorial,0.0,0.0,0.5,0.0,0.0,0.5,0,Krakencoder,cl_kraken_v1_nd_0.5,1,Glasser,FC->SC,1000,0.4943430423736572,0.9292910695075989,0.9999892816336505,0.9926793557833089,0.004507084377110004,0.0045055229216814045,0.9084733903408051,57.8601432800293,-0.2525005340576172,0.13741585612297058,0.9166320562362671,0.9053036372376222,0.22784810126582278,0.00527952890843153,0.005321981385350227,0.912394642829895,57.8629264831543,0.999114990234375,0.13112063705921173,0.9142784476280212,0.8962261669953978,0.12307692307692308,0.005425221752375364
v1,nd_0.5,factorial,0.0,0.0,0.5,0.0,0.0,0.5,0,Krakencoder,cl_kraken_v1_nd_0.5,1,Glasser,SC->FC,1500,0.5149879455566406,0.8700701594352722,0.9980964181363333,0.9019033674963397,0.010931458324193954,0.010911035165190697,0.88024400472641,52.51474266052246,-0.09752464294433594,0.0854802131652832,0.8329547643661499,0.6926774555359718,0.06329113924050633,0.013950576074421406,0.014211631380021572,0.87785404920578,52.39503479003906,3.2975711822509766,0.07612410932779312,0.8257359266281128,0.6702169625246548,0.035897435897435895,0.01419198140501976
v1,nd_0.5,factorial,0.0,0.0,0.5,0.0,0.0,0.5,0,Krakencoder,cl_kraken_v1_nd_0.5,1,Glasser,FC->SC,1500,0.5080074071884155,0.9299531579017639,0.9999957126534602,0.9970717423133236,0.004466955550014973,0.004465388460084796,0.9062115311622619,57.85390853881836,-0.333342170715332,0.136214479804039,0.9165655374526978,0.9064252523634033,0.22784810126582278,0.005284816026687622,0.005326247774064541,0.9099640846252441,57.85634231567383,1.0096092224121094,0.13228411972522736,0.9142728447914124,0.8987245233399079,0.13846153846153847,0.005424870178103447
v1,nd_0.5,factorial,0.0,0.0,0.5,0.0,0.0,0.5,0,Krakencoder,cl_kraken_v1_nd_0.5,1,Glasser,SC->FC,2000,0.5178915858268738,0.8703931570053101,0.9981157111957624,0.8975109809663251,0.010908251628279686,0.010887981113046407,0.8797904551029205,52.51129837036133,-0.12772884368896484,0.0812542587518692,0.8327203989028931,0.6857875340490306,0.06329113924050633,0.01397708524018526,0.014241600409150124,0.8772720098495483,52.39436340332031,3.3220748901367188,0.07779023796319962,0.8258391618728638,0.6745036160420776,0.046153846153846156,0.014184387400746346
v1,nd_0.5,factorial,0.0,0.0,0.5,0.0,0.0,0.5,0,Krakencoder,cl_kraken_v1_nd_0.5,1,Glasser,FC->SC,2000,0.5135005712509155,0.9302178025245667,0.9999957126534602,0.9970717423133236,0.004451204091310501,0.004449801845476031,0.9055391669273376,57.851416778564456,-0.3660694122314453,0.13799530267715454,0.9166222810745239,0.9110719435987822,0.22784810126582278,0.00528044905513525,0.005318223498761654,0.9095563292503357,57.85615921020508,0.998199462890625,0.1321057677268982,0.9142637848854065,0.8989875082182774,0.1282051282051282,0.005425913259387016
v1,nd_0.5,factorial,0.0,0.0,0.5,0.0,0.0,0.5,0,Krakencoder,cl_kraken_v1_nd_0.5,2,Glasser,SC->FC,500,0.46531933546066284,0.8630719780921936,0.9931209524769072,0.7935578330893118,0.011483300477266312,0.01147094676271081,0.8963047146797181,52.48863143920899,0.5811542510986328,0.07162134349346161,0.8339129090309143,0.6372376221759333,0.05063291139240506,0.013161684386432171,0.013285918161273003,0.8853700160980225,52.34811019897461,3.046720504760742,0.09206456691026688,0.8338792324066162,0.6870479947403024,0.020512820512820513,0.013862617313861847
v1,nd_0.5,factorial,0.0,0.0,0.5,0.0,0.0,0.5,0,Krakencoder,cl_kraken_v1_nd_0.5,2,Glasser,FC->SC,500,0.44545772671699524,0.9266133904457092,0.9999871379603806,0.9912152269399708,0.004647906869649887,0.004655782505869866,0.9215174973011017,57.88644142150879,0.07528343200683593,0.14565172791481018,0.9158936738967896,0.8995353308764621,0.13924050632911392,0.005599187687039375,0.005532918497920036,0.9216693043708801,57.86550521850586,1.408843994140625,0.12662997841835022,0.915248453617096,0.8943589743589744,0.13846153846153847,0.0053510223515331745
v1,nd_0.5,factorial,0.0,0.0,0.5,0.0,0.0,0.5,0,Krakencoder,cl_kraken_v1_nd_0.5,2,Glasser,SC->FC,1000,0.5012874603271484,0.8673763871192932,0.9947201327362488,0.8506588579795022,0.011151662096381187,0.011142698395997287,0.8836276829242706,52.41307106018066,0.14999237060546874,0.07100119441747665,0.8333379030227661,0.6454093895209101,0.05063291139240506,0.01322303619235754,0.013343511149287224,0.8724278211593628,52.280548095703125,3.0515918731689453,0.09105034917593002,0.8332134485244751,0.6866798159105851,0.03076923076923077,0.01391939539462328
v1,nd_0.5,factorial,0.0,0.0,0.5,0.0,0.0,0.5,0,Krakencoder,cl_kraken_v1_nd_0.5,2,Glasser,FC->SC,1000,0.4943482279777527,0.9291500449180603,0.9999914253069204,0.9941434846266471,0.004494812339544296,0.004503015056252479,0.909234368801117,57.84900665283203,-0.23976783752441405,0.14353886246681213,0.9156771302223206,0.8982534850184265,0.16455696202531644,0.005612576380372047,0.005543863866478205,0.9122705459594727,57.83592224121094,1.404428482055664,0.12789279222488403,0.9151167869567871,0.899776462853386,0.13333333333333333,0.005358848720788956
v1,nd_0.5,factorial,0.0,0.0,0.5,0.0,0.0,0.5,0,Krakencoder,cl_kraken_v1_nd_0.5,2,Glasser,SC->FC,1500,0.5090534687042236,0.8683862090110779,0.9951595857565774,0.8638360175695461,0.011075790040194988,0.011065661069005727,0.8808273077011108,52.394613647460936,0.054679489135742186,0.07058601081371307,0.8329737186431885,0.6380387758372056,0.05063291139240506,0.013241954147815704,0.01335968542844057,0.8685848712921143,52.25755310058594,3.0785789489746094,0.09172724932432175,0.8331043124198914,0.6873635765943458,0.035897435897435895,0.013923170045018196
v1,nd_0.5,factorial,0.0,0.0,0.5,0.0,0.0,0.5,0,Krakencoder,cl_kraken_v1_nd_0.5,2,Glasser,FC->SC,1500,0.5074270963668823,0.9297881126403809,0.9999935689801903,0.9956076134699854,0.004456350579857826,0.004464269382879138,0.9070572078227996,57.84284019470215,-0.31883602142333983,0.14624600112438202,0.9157599806785583,0.9008171767344977,0.189873417721519,0.005608529318124056,0.005539537873119116,0.9104356169700623,57.832462310791016,1.3961677551269531,0.12799695134162903,0.915087103843689,0.9020381328073636,0.14358974358974358,0.005361244548112154
v1,nd_0.5,factorial,0.0,0.0,0.5,0.0,0.0,0.5,0,Krakencoder,cl_kraken_v1_nd_0.5,2,Glasser,SC->FC,2000,0.511685311794281,0.8686872124671936,0.995146723716958,0.8638360175695461,0.011050543747842312,0.011039220821112394,0.8802001774311066,52.39175605773926,0.022138595581054688,0.0673370510339737,0.8327775597572327,0.63387277679859,0.05063291139240506,0.013261492364108562,0.013380649499595165,0.8688420653343201,52.26054382324219,3.0943737030029297,0.08998926728963852,0.8330062627792358,0.6850230111768574,0.02564102564102564,0.013936074450612068
v1,nd_0.5,factorial,0.0,0.0,0.5,0.0,0.0,0.5,0,Krakencoder,cl_kraken_v1_nd_0.5,2,Glasser,FC->SC,2000,0.5129056572914124,0.9300740957260132,0.9999935689801903,0.9956076134699854,0.004438542295247316,0.004446490341797471,0.9058063626289368,57.83914756774902,-0.35696163177490237,0.1450931578874588,0.9157001972198486,0.8958500240346099,0.16455696202531644,0.005612696520984173,0.005540680140256882,0.9091964960098267,57.82793426513672,1.3924732208251953,0.12855830788612366,0.9150775671005249,0.9025641025641026,0.13333333333333333,0.005360377486795187
v1,nd_0.5,factorial,0.0,0.0,0.5,0.0,0.0,0.5,0,Krakencoder,cl_kraken_v1_nd_0.5,3,Glasser,SC->FC,500,0.46596625447273254,0.8642411828041077,0.9957705326384974,0.8038067349926794,0.011428816244006157,0.011425516847521067,0.894850081205368,52.54675827026367,0.5520647048950196,0.0783635601401329,0.8289041519165039,0.6221759333440153,0.06329113924050633,0.014083042740821838,0.013925260864198208,0.8840993642807007,52.34067153930664,3.5515689849853516,0.08689982444047928,0.8309816718101501,0.6742143326758712,0.035897435897435895,0.013670051470398903
v1,nd_0.5,factorial,0.0,0.0,0.5,0.0,0.0,0.5,0,Krakencoder,cl_kraken_v1_nd_0.5,3,Glasser,FC->SC,500,0.44623178243637085,0.9268166422843933,0.999980706940571,0.986822840409956,0.004653203301131725,0.004654877632856369,0.9209402084350586,57.90158195495606,0.078460693359375,0.1273362785577774,0.915215790271759,0.8436148053196604,0.22784810126582278,0.0052674561738967896,0.005283847916871309,0.9190945029258728,57.864810943603516,1.1738948822021484,0.1342308670282364,0.9147955775260925,0.8876528599605522,0.13333333333333333,0.005447470583021641
v1,nd_0.5,factorial,0.0,0.0,0.5,0.0,0.0,0.5,0,Krakencoder,cl_kraken_v1_nd_0.5,3,Glasser,SC->FC,1000,0.5017842054367065,0.8685845136642456,0.9973847186107282,0.8667642752562226,0.011094316840171814,0.011089373473078012,0.8818798184394836,52.46951522827148,0.1057821273803711,0.07812091708183289,0.8283738493919373,0.6314693158147733,0.05063291139240506,0.014124973677098751,0.013969414867460728,0.8731393814086914,52.278289794921875,3.537771224975586,0.08890588581562042,0.8304152488708496,0.6808415516107824,0.041025641025641026,0.013709264807403088
v1,nd_0.5,factorial,0.0,0.0,0.5,0.0,0.0,0.5,0,Krakencoder,cl_kraken_v1_nd_0.5,3,Glasser,FC->SC,1000,0.4953523874282837,0.9293779730796814,0.9999892816336505,0.9926793557833089,0.00449694599956274,0.004498162725940347,0.9080104529857635,57.863656234741214,-0.24776382446289064,0.13262461125850677,0.9152347445487976,0.8678096458900817,0.26582278481012656,0.005264983046799898,0.005283140577375889,0.9086650013923645,57.83371353149414,1.140970230102539,0.13680903613567352,0.9147215485572815,0.9025115055884286,0.14871794871794872,0.005451573058962822
v1,nd_0.5,factorial,0.0,0.0,0.5,0.0,0.0,0.5,0,Krakencoder,cl_kraken_v1_nd_0.5,3,Glasser,SC->FC,1500,0.5101851224899292,0.8694753646850586,0.9977062696012124,0.8784773060029283,0.011026228778064251,0.011020838003605603,0.8804327011108398,52.45984382629395,0.012559127807617188,0.07804106175899506,0.8282606601715088,0.6290658548309566,0.06329113924050633,0.014134352095425129,0.013974086381494999,0.8727095723152161,52.278724670410156,3.5500106811523438,0.09237076342105865,0.8306220173835754,0.6921236028928337,0.041025641025641026,0.01369252149015665
v1,nd_0.5,factorial,0.0,0.0,0.5,0.0,0.0,0.5,0,Krakencoder,cl_kraken_v1_nd_0.5,3,Glasser,FC->SC,1500,0.5091942548751831,0.9300356507301331,0.9999935689801903,0.9956076134699854,0.004457988776266575,0.004459146875888109,0.9061606824398041,57.85751571655273,-0.32637805938720704,0.1355995237827301,0.9153161644935608,0.8738984137157507,0.24050632911392406,0.005259641911834478,0.0052768937312066555,0.9082729816436768,57.83348083496094,1.139608383178711,0.1363755762577057,0.9146728515625,0.9029322813938199,0.15384615384615385,0.005454837344586849
v1,nd_0.5,factorial,0.0,0.0,0.5,0.0,0.0,0.5,0,Krakencoder,cl_kraken_v1_nd_0.5,3,Glasser,SC->FC,2000,0.5135566592216492,0.8698024749755859,0.997858470403375,0.890190336749634,0.010999556630849838,0.010995450150221586,0.8800824463367463,52.45848770141602,-0.01781597137451172,0.0797620639204979,0.8284493088722229,0.6335523153340811,0.05063291139240506,0.014114745892584324,0.013958216644823551,0.87296062707901,52.27457809448242,3.5196685791015625,0.09140253067016602,0.830470085144043,0.6894148586456279,0.041025641025641026,0.013703406788408756
v1,nd_0.5,factorial,0.0,0.0,0.5,0.0,0.0,0.5,0,Krakencoder,cl_kraken_v1_nd_0.5,3,Glasser,FC->SC,2000,0.5145356059074402,0.9303212761878967,0.9999978563267301,0.9985358711566618,0.0044404068030416965,0.0044417389202862975,0.9047820568084717,57.853755950927734,-0.36268062591552735,0.13752774894237518,0.9153863191604614,0.8806281044704374,0.26582278481012656,0.005256513599306345,0.0052739279344677925,0.9070188999176025,57.830379486083984,1.1266803741455078,0.13836795091629028,0.9147308468818665,0.9079552925706772,0.13333333333333333,0.005451143253594637
v1,nd_0.5,factorial,0.0,0.0,0.5,0.0,0.0,0.5,0,Krakencoder,cl_kraken_v1_nd_0.5,4,Glasser,SC->FC,500,0.4679618179798126,0.8631322979927063,0.9944007254190346,0.8008784773060029,0.011318819597363472,0.01131133921444416,0.8955322742462158,52.4535415649414,0.5557609558105469,0.08169618993997574,0.8303018808364868,0.6631950008011537,0.0379746835443038,0.014355837367475033,0.014444195665419102,0.8980728387832642,52.15790557861328,3.2982730865478516,0.08987858891487122,0.835885226726532,0.6853911900065746,0.046153846153846156,0.01394642610102892
v1,nd_0.5,factorial,0.0,0.0,0.5,0.0,0.0,0.5,0,Krakencoder,cl_kraken_v1_nd_0.5,4,Glasser,FC->SC,500,0.44615089893341064,0.9265432357788086,0.9999785632673011,0.9853587115666179,0.004688647110015154,0.004692507022991776,0.9210801839828491,57.880967712402345,0.10509567260742188,0.13575075566768646,0.915962815284729,0.9017785611280243,0.21518987341772153,0.005297039169818163,0.00528000108897686,0.9201455116271973,57.90873718261719,1.2566642761230469,0.1331307739019394,0.9156838655471802,0.8939119000657462,0.14358974358974358,0.005286121740937233
v1,nd_0.5,factorial,0.0,0.0,0.5,0.0,0.0,0.5,0,Krakencoder,cl_kraken_v1_nd_0.5,4,Glasser,SC->FC,1000,0.503002405166626,0.8674112558364868,0.9964457897185143,0.862371888726208,0.010993591509759426,0.010987208876758813,0.882419753074646,52.375078964233396,0.1234283447265625,0.08961547166109085,0.8302274346351624,0.675532767184746,0.0759493670886076,0.014348539523780346,0.01443493366241455,0.8866814374923706,52.08695983886719,3.2476329803466797,0.09144417941570282,0.8353633284568787,0.691439842209073,0.06666666666666667,0.013988042250275612
v1,nd_0.5,factorial,0.0,0.0,0.5,0.0,0.0,0.5,0,Krakencoder,cl_kraken_v1_nd_0.5,4,Glasser,FC->SC,1000,0.4944446086883545,0.9290421009063721,0.9999914253069204,0.9941434846266471,0.004536449443548918,0.004540653852745891,0.9090695023536682,57.84505043029785,-0.21566085815429686,0.1403403878211975,0.9159539341926575,0.9158788655664156,0.2911392405063291,0.005296795628964901,0.005279066041111946,0.9105576276779175,57.88003158569336,1.2135238647460938,0.13517987728118896,0.9155718684196472,0.9071137409598948,0.15384615384615385,0.005292411427944899
v1,nd_0.5,factorial,0.0,0.0,0.5,0.0,0.0,0.5,0,Krakencoder,cl_kraken_v1_nd_0.5,4,Glasser,SC->FC,1500,0.5110954642295837,0.868384063243866,0.9967609096891888,0.8740849194729137,0.010919234715402126,0.010912550520151854,0.8799048840999604,52.36012191772461,0.031651878356933595,0.0886174812912941,0.8300905823707581,0.6761736901137638,0.0759493670886076,0.014360259287059307,0.014449579641222954,0.885529100894928,52.07914352416992,3.2515926361083984,0.09086409211158752,0.8351931571960449,0.689861932938856,0.07179487179487179,0.01399881113320589
v1,nd_0.5,factorial,0.0,0.0,0.5,0.0,0.0,0.5,0,Krakencoder,cl_kraken_v1_nd_0.5,4,Glasser,FC->SC,1500,0.5080271363258362,0.9297152161598206,0.9999935689801903,0.9956076134699854,0.004495864734053612,0.004500398831441999,0.9067729830741882,57.83793067932129,-0.29467124938964845,0.14154759049415588,0.9159651398658752,0.9208460182663035,0.31645569620253167,0.005296305753290653,0.005276098381727934,0.9085457921028137,57.87542724609375,1.20745849609375,0.1372252255678177,0.9156141877174377,0.9137935568704799,0.14871794871794872,0.005290286149829626
v1,nd_0.5,factorial,0.0,0.0,0.5,0.0,0.0,0.5,0,Krakencoder,cl_kraken_v1_nd_0.5,4,Glasser,SC->FC,2000,0.5137020349502563,0.8686568140983582,0.9970760296598634,0.8916544655929722,0.01089754980057478,0.01088924016803503,0.8796411752700806,52.35879898071289,0.0020265579223632812,0.08939370512962341,0.8301751613616943,0.6736099983976926,0.0759493670886076,0.014350908808410168,0.014434540644288063,0.8849784731864929,52.07815170288086,3.2486801147460938,0.09171110391616821,0.8351868391036987,0.6898093359631821,0.06666666666666667,0.013998973183333874
v1,nd_0.5,factorial,0.0,0.0,0.5,0.0,0.0,0.5,0,Krakencoder,cl_kraken_v1_nd_0.5,4,Glasser,FC->SC,2000,0.5133967399597168,0.9299845695495605,0.9999935689801903,0.9956076134699854,0.004479604307562113,0.004483734862878919,0.9058281302452087,57.835273361206056,-0.32985782623291016,0.14099128544330597,0.915925145149231,0.9176414036212146,0.2911392405063291,0.005298870615661144,0.005280067212879658,0.9076491594314575,57.8734245300293,1.2093524932861328,0.13840480148792267,0.9156433343887329,0.9155029585798816,0.16923076923076924,0.005287578795105219
v1,vm_ce_0.5,factorial,0.5,0.5,0.0,4.6,0.5,0.0,0,Krakencoder,cl_kraken_v1_vm_ce_0.5,0,Glasser,SC->FC,500,0.4885426461696625,0.8764772415161133,0.9994833747419554,0.9399707174231332,0.010304910130798817,0.010286087170243263,0.5968836009502411,50.66073989868164,-2.2347116470336914,0.061631638556718826,0.8046104907989502,0.6391603909629867,0.0379746835443038,0.016619285568594933,0.01658811792731285,0.6112366318702698,50.31219482421875,4.110210418701172,0.085112065076828,0.8148423433303833,0.698750821827745,0.05641025641025641,0.015313894487917423
v1,vm_ce_0.5,factorial,0.5,0.5,0.0,4.6,0.5,0.0,0,Krakencoder,cl_kraken_v1_vm_ce_0.5,0,Glasser,FC->SC,500,0.4693099558353424,0.9335613250732422,0.9999935689801903,0.9956076134699854,0.004213572479784489,0.00421302723698318,0.6221510291099548,56.95660247802734,-1.800018882751465,0.12199446558952332,0.9068827629089355,0.8801474122736741,0.11392405063291139,0.005777458660304546,0.005799851845949888,0.6099131107330322,57.01170349121094,1.0148639678955078,0.12144896388053894,0.9054790735244751,0.8613806706114399,0.10256410256410256,0.005997775122523308
v1,vm_ce_0.5,factorial,0.5,0.5,0.0,4.6,0.5,0.0,0,Krakencoder,cl_kraken_v1_vm_ce_0.5,0,Glasser,SC->FC,1000,0.5163767337799072,0.8812115788459778,0.9994855184152253,0.9502196193265008,0.009930751286447048,0.009915653616189957,0.5953704953193665,50.66217308044433,-2.641637420654297,0.06180523708462715,0.8053907752037048,0.6386796987662233,0.06329113924050633,0.016568470746278763,0.01654203236103058,0.6151831746101379,50.34285354614258,4.169685363769531,0.08228258788585663,0.8150577545166016,0.693517422748192,0.06153846153846154,0.015314759686589241
v1,vm_ce_0.5,factorial,0.5,0.5,0.0,4.6,0.5,0.0,0,Krakencoder,cl_kraken_v1_vm_ce_0.5,0,Glasser,FC->SC,1000,0.5111342072486877,0.9369299411773682,0.9999978563267301,0.9985358711566618,0.00400710990652442,0.004006519191898405,0.623319149017334,56.96011734008789,-2.189079475402832,0.1287781298160553,0.9078533053398132,0.8947284089088288,0.189873417721519,0.0057184635661542416,0.005749257747083902,0.6230823993682861,57.054283142089844,0.9828834533691406,0.12637990713119507,0.9062401652336121,0.8762919132149901,0.12307692307692308,0.00594921363517642
v1,vm_ce_0.5,factorial,0.5,0.5,0.0,4.6,0.5,0.0,0,Krakencoder,cl_kraken_v1_vm_ce_0.5,0,Glasser,SC->FC,1500,0.5208685994148254,0.8820065259933472,0.9995198171875436,0.9531478770131772,0.009870156645774841,0.009852962009608746,0.5951514780521393,50.66274795532227,-2.716301155090332,0.06084708869457245,0.8056380152702332,0.638519468033969,0.05063291139240506,0.01656271144747734,0.01653715968132019,0.6173939108848572,50.358699798583984,4.198587417602539,0.08305346965789795,0.8151707053184509,0.6962261669953977,0.041025641025641026,0.015304951928555965
v1,vm_ce_0.5,factorial,0.5,0.5,0.0,4.6,0.5,0.0,0,Krakencoder,cl_kraken_v1_vm_ce_0.5,0,Glasser,FC->SC,1500,0.5186500549316406,0.937532901763916,0.9999978563267301,0.9985358711566618,0.003970573656260967,0.003969647409394384,0.6252637267112732,56.9666130065918,-2.2579912185668944,0.1289459615945816,0.9080030918121338,0.8915237942637397,0.1518987341772152,0.005708687473088503,0.005738392006605864,0.6274484992027283,57.07066345214844,0.9878120422363281,0.12589669227600098,0.9064011573791504,0.8764760026298488,0.11282051282051282,0.005938124842941761
v1,vm_ce_0.5,factorial,0.5,0.5,0.0,4.6,0.5,0.0,0,Krakencoder,cl_kraken_v1_vm_ce_0.5,0,Glasser,SC->FC,2000,0.5228867530822754,0.8823224306106567,0.9995498286133221,0.9560761346998536,0.00984560139477253,0.009827964473515749,0.5959941446781158,50.66174468994141,-2.745482063293457,0.061815690249204636,0.8053992986679077,0.6396410831597501,0.05063291139240506,0.01656673103570938,0.016531886532902718,0.6175217032432556,50.34983444213867,4.1840362548828125,0.08285340666770935,0.8151317238807678,0.6940959894806049,0.041025641025641026,0.015301101841032505
v1,vm_ce_0.5,factorial,0.5,0.5,0.0,4.6,0.5,0.0,0,Krakencoder,cl_kraken_v1_vm_ce_0.5,0,Glasser,FC->SC,2000,0.5213514566421509,0.9377477765083313,1.0,1.0,0.003958126530051231,0.0039570257533341644,0.6251979112625122,56.96412467956543,-2.280818462371826,0.12948599457740784,0.9080424308776855,0.8956897933023554,0.13924050632911392,0.005703489761799574,0.005732714664191008,0.6285404562950134,57.06742477416992,0.9845390319824219,0.12612178921699524,0.9063898921012878,0.8760026298487837,0.11282051282051282,0.005937876179814339
v1,vm_ce_0.5,factorial,0.5,0.5,0.0,4.6,0.5,0.0,0,Krakencoder,cl_kraken_v1_vm_ce_0.5,1,Glasser,SC->FC,500,0.4898254871368408,0.8778070211410522,0.9994662253557962,0.9472913616398243,0.010269260965287685,0.01025856239721179,0.6037017285823822,50.854974365234376,-2.341460418701172,0.08380088210105896,0.813030481338501,0.7162313731773754,0.08860759493670886,0.015677256509661674,0.01594671979546547,0.5962648391723633,50.68568801879883,3.3883285522460938,0.0820540338754654,0.8061692714691162,0.7018540433925049,0.05641025641025641,0.015856381505727768
v1,vm_ce_0.5,factorial,0.5,0.5,0.0,4.6,0.5,0.0,0,Krakencoder,cl_kraken_v1_vm_ce_0.5,1,Glasser,FC->SC,500,0.4699072241783142,0.933822512626648,0.9999914253069204,0.9941434846266471,0.004198876675218344,0.004196339985355735,0.6225176632404328,56.98548889160156,-1.81629638671875,0.1280244141817093,0.9075968265533447,0.8881589488863965,0.22784810126582278,0.005813158582895994,0.005853679031133652,0.6333031058311462,57.01884841918945,0.9199352264404297,0.12303151935338974,0.9048228859901428,0.8838658777120315,0.11794871794871795,0.005993218626827002
v1,vm_ce_0.5,factorial,0.5,0.5,0.0,4.6,0.5,0.0,0,Krakencoder,cl_kraken_v1_vm_ce_0.5,1,Glasser,SC->FC,1000,0.5178770422935486,0.8826022148132324,0.9994062025042391,0.9531478770131772,0.009890695102512836,0.009881740063428878,0.6014889717102051,50.84580039978027,-2.70217227935791,0.08263848721981049,0.8133015632629395,0.7003685306841853,0.0759493670886076,0.01566709764301777,0.01597503572702408,0.5996938943862915,50.7095947265625,3.5791378021240234,0.07923366874456406,0.8062290549278259,0.6860486522024983,0.046153846153846156,0.015869460999965668
v1,vm_ce_0.5,factorial,0.5,0.5,0.0,4.6,0.5,0.0,0,Krakencoder,cl_kraken_v1_vm_ce_0.5,1,Glasser,FC->SC,1000,0.5116133689880371,0.937176525592804,0.9999978563267301,0.9985358711566618,0.003993436228483915,0.003992046951316297,0.6244824230670929,56.99205894470215,-2.2049405097961428,0.1346324235200882,0.9085147976875305,0.9006569460022432,0.24050632911392406,0.005755369085818529,0.005799258593469858,0.6432420015335083,57.05182647705078,0.8871707916259766,0.12683099508285522,0.9056810140609741,0.8898619329388561,0.14358974358974358,0.005941338837146759
v1,vm_ce_0.5,factorial,0.5,0.5,0.0,4.6,0.5,0.0,0,Krakencoder,cl_kraken_v1_vm_ce_0.5,1,Glasser,SC->FC,1500,0.5227612853050232,0.8834164142608643,0.9994233518903983,0.9575402635431918,0.009827423840761185,0.00981731414794922,0.602503913640976,50.855790328979495,-2.775852394104004,0.08488982170820236,0.8136866092681885,0.7062970677775997,0.06329113924050633,0.01562950573861599,0.01592146046459675,0.6026954650878906,50.72701644897461,3.5394344329833984,0.0798337459564209,0.8066069483757019,0.6860749506903353,0.046153846153846156,0.01583157479763031
v1,vm_ce_0.5,factorial,0.5,0.5,0.0,4.6,0.5,0.0,0,Krakencoder,cl_kraken_v1_vm_ce_0.5,1,Glasser,FC->SC,1500,0.5189350843429565,0.9377643465995789,0.9999978563267301,0.9985358711566618,0.0039580268785357475,0.003956682933494449,0.6251357674598694,56.99285774230957,-2.2783452033996583,0.134211927652359,0.9084829092025757,0.9029001762538055,0.24050632911392406,0.005759615451097488,0.005801607854664326,0.6432832479476929,57.04979705810547,0.9020366668701172,0.1263464093208313,0.9057078957557678,0.8868376068376068,0.11794871794871795,0.005938479211181402
v1,vm_ce_0.5,factorial,0.5,0.5,0.0,4.6,0.5,0.0,0,Krakencoder,cl_kraken_v1_vm_ce_0.5,1,Glasser,SC->FC,2000,0.524538516998291,0.8837206959724426,0.9993954841378896,0.9560761346998536,0.009805279783904552,0.009797632973641158,0.602266252040863,50.8505142211914,-2.7979219436645506,0.08377836644649506,0.81346195936203,0.702771991668002,0.0759493670886076,0.015665745362639427,0.01596973091363907,0.5991725921630859,50.7134895324707,3.5638561248779297,0.07939337939023972,0.8064420223236084,0.6859171597633136,0.046153846153846156,0.01584324985742569
v1,vm_ce_0.5,factorial,0.5,0.5,0.0,4.6,0.5,0.0,0,Krakencoder,cl_kraken_v1_vm_ce_0.5,1,Glasser,FC->SC,2000,0.521419882774353,0.937972903251648,0.9999978563267301,0.9985358711566618,0.003945390228182077,0.003944404702633619,0.6256471097469329,56.99438629150391,-2.304342746734619,0.1357029378414154,0.90864098072052,0.9065854830956578,0.24050632911392406,0.005748654715716839,0.005788619630038738,0.6453008055686951,57.05453872680664,0.8840255737304688,0.1260049045085907,0.9057000279426575,0.8878106508875739,0.12307692307692308,0.005939486902207136
v1,vm_ce_0.5,factorial,0.5,0.5,0.0,4.6,0.5,0.0,0,Krakencoder,cl_kraken_v1_vm_ce_0.5,2,Glasser,SC->FC,500,0.4825778007507324,0.875689685344696,0.9970653112935138,0.9194729136163983,0.01045354176312685,0.01044505499303341,0.6017507791519165,50.7078197479248,-2.1334226608276365,0.07783710211515427,0.8120123744010925,0.6777759974363082,0.05063291139240506,0.015064004808664322,0.015164791606366634,0.5623556971549988,50.53447341918945,3.263683319091797,0.09279847890138626,0.814012348651886,0.7179750164365549,0.035897435897435895,0.015535436570644379
v1,vm_ce_0.5,factorial,0.5,0.5,0.0,4.6,0.5,0.0,0,Krakencoder,cl_kraken_v1_vm_ce_0.5,2,Glasser,FC->SC,500,0.46895599365234375,0.9336289763450623,0.9999892816336505,0.9926793557833089,0.004188888240605593,0.004198524681851268,0.624098402261734,56.97017364501953,-1.7863014221191407,0.13932354748249054,0.9069601893424988,0.9072264060246755,0.12658227848101267,0.00612863851711154,0.006045803893357515,0.6324824094772339,56.97153854370117,1.1160202026367188,0.12137606739997864,0.9057134389877319,0.8876791584483892,0.1794871794871795,0.00593196926638484
v1,vm_ce_0.5,factorial,0.5,0.5,0.0,4.6,0.5,0.0,0,Krakencoder,cl_kraken_v1_vm_ce_0.5,2,Glasser,SC->FC,1000,0.511798620223999,0.8806642293930054,0.9969152541646212,0.9370424597364568,0.010059629566967487,0.010055165272206068,0.6026071608066559,50.71059608459473,-2.554820251464844,0.07348887622356415,0.8121033906936646,0.662233616407627,0.06329113924050633,0.015042921528220177,0.015146885067224503,0.571181058883667,50.57896423339844,3.3824291229248047,0.09290005266666412,0.814501941204071,0.710138067061144,0.035897435897435895,0.015488016419112682
v1,vm_ce_0.5,factorial,0.5,0.5,0.0,4.6,0.5,0.0,0,Krakencoder,cl_kraken_v1_vm_ce_0.5,2,Glasser,FC->SC,1000,0.5106993913650513,0.9370042085647583,0.9999957126534602,0.9970717423133236,0.003983854781836271,0.003993295761756599,0.6247306823730469,56.971824645996094,-2.1716629028320313,0.13999511301517487,0.9073768258094788,0.8976125620894088,0.1518987341772152,0.006102857179939747,0.006015190854668617,0.6419282555580139,56.998870849609375,1.1290664672851562,0.12526090443134308,0.9064183831214905,0.8924128862590401,0.18461538461538463,0.005889613181352615
v1,vm_ce_0.5,factorial,0.5,0.5,0.0,4.6,0.5,0.0,0,Krakencoder,cl_kraken_v1_vm_ce_0.5,2,Glasser,SC->FC,1500,0.5169273614883423,0.8815454840660095,0.9969688459963686,0.9326500732064422,0.009991349652409554,0.00998436938971281,0.6027324020862579,50.70431671142578,-2.6258243560791015,0.07230489701032639,0.8119696378707886,0.6545425412594136,0.0759493670886076,0.015033517964184284,0.015127611346542835,0.5755854845046997,50.590362548828125,3.394071578979492,0.09136415272951126,0.8142461776733398,0.7066403681788298,0.041025641025641026,0.015505249612033367
v1,vm_ce_0.5,factorial,0.5,0.5,0.0,4.6,0.5,0.0,0,Krakencoder,cl_kraken_v1_vm_ce_0.5,2,Glasser,FC->SC,1500,0.5185320377349854,0.9376301169395447,0.9999957126534602,0.9970717423133236,0.0039464933797717094,0.003955035470426083,0.6262811660766602,56.97549705505371,-2.2442089080810548,0.14085565507411957,0.9076165556907654,0.9041820221118411,0.16455696202531644,0.006088945548981428,0.006004804279655218,0.6464123129844666,57.01063919067383,1.1373786926269531,0.12536296248435974,0.9065551161766052,0.8931755424063117,0.15897435897435896,0.005880813580006361
v1,vm_ce_0.5,factorial,0.5,0.5,0.0,4.6,0.5,0.0,0,Krakencoder,cl_kraken_v1_vm_ce_0.5,2,Glasser,SC->FC,2000,0.5185110569000244,0.8818473815917969,0.9969216851844309,0.9355783308931186,0.009966460056602955,0.009958968497812748,0.6014789044857025,50.70024948120117,-2.668544960021973,0.06904590874910355,0.8115392923355103,0.6460503124499279,0.0759493670886076,0.015070991590619087,0.015172038227319717,0.5767690539360046,50.60011291503906,3.4390640258789062,0.0911482721567154,0.8141669034957886,0.7042209072978304,0.03076923076923077,0.015512695536017418
v1,vm_ce_0.5,factorial,0.5,0.5,0.0,4.6,0.5,0.0,0,Krakencoder,cl_kraken_v1_vm_ce_0.5,2,Glasser,FC->SC,2000,0.5212414860725403,0.9378488659858704,0.9999957126534602,0.9970717423133236,0.003932764288038015,0.003941754484549165,0.6255557537078857,56.97448387145996,-2.278366947174072,0.1402605175971985,0.9075143337249756,0.8987341772151899,0.1518987341772152,0.006095205899327993,0.006007997319102287,0.644447922706604,57.00632858276367,1.1422576904296875,0.12551136314868927,0.9065961837768555,0.8947797501643655,0.1641025641025641,0.005878347437828779
v1,vm_ce_0.5,factorial,0.5,0.5,0.0,4.6,0.5,0.0,0,Krakencoder,cl_kraken_v1_vm_ce_0.5,3,Glasser,SC->FC,500,0.4854981303215027,0.877138078212738,0.9990675021275958,0.9355783308931186,0.010371639393270016,0.010366995725780726,0.6014964401721954,50.77630462646484,-2.2153072357177734,0.08493953943252563,0.8075886368751526,0.660791539817337,0.05063291139240506,0.015893805772066116,0.015772411599755287,0.5765749216079712,50.55193328857422,3.558778762817383,0.08914130926132202,0.810263454914093,0.6958053911900066,0.05641025641025641,0.015447034500539303
v1,vm_ce_0.5,factorial,0.5,0.5,0.0,4.6,0.5,0.0,0,Krakencoder,cl_kraken_v1_vm_ce_0.5,3,Glasser,FC->SC,500,0.471174418926239,0.9339393973350525,0.9999957126534602,0.9970717423133236,0.004186318255960941,0.00418790178373456,0.6235465586185456,56.99038887023926,-1.8268545150756836,0.12264382094144821,0.9056662917137146,0.8551514180419805,0.27848101265822783,0.0058348458260297775,0.005858385935425758,0.6246210336685181,56.954185485839844,1.0785350799560547,0.12623870372772217,0.9054617285728455,0.884128862590401,0.11794871794871795,0.00601606722921133
v1,vm_ce_0.5,factorial,0.5,0.5,0.0,4.6,0.5,0.0,0,Krakencoder,cl_kraken_v1_vm_ce_0.5,3,Glasser,SC->FC,1000,0.5138018727302551,0.8819537162780762,0.9993590416923014,0.9531478770131772,0.0099905114620924,0.00998632712289691,0.601352995634079,50.77634773254395,-2.6171810150146486,0.07973619550466537,0.8072745203971863,0.6406024675532767,0.06329113924050633,0.015894517302513123,0.01577969267964363,0.5831493735313416,50.59098815917969,3.687936782836914,0.09194163978099823,0.8110681176185608,0.6994082840236686,0.035897435897435895,0.01537087932229042
v1,vm_ce_0.5,factorial,0.5,0.5,0.0,4.6,0.5,0.0,0,Krakencoder,cl_kraken_v1_vm_ce_0.5,3,Glasser,FC->SC,1000,0.5124406218528748,0.9372621774673462,1.0,1.0,0.003982181660830975,0.003985063685104251,0.6224621057510376,56.989728164672854,-2.207546520233154,0.13061419129371643,0.9065651297569275,0.8670084922288095,0.2911392405063291,0.005776752717792988,0.005803172942250967,0.6305626034736633,56.97294235229492,1.0565624237060547,0.1332172155380249,0.9064512848854065,0.8995923734385273,0.1282051282051282,0.005956433247774839
v1,vm_ce_0.5,factorial,0.5,0.5,0.0,4.6,0.5,0.0,0,Krakencoder,cl_kraken_v1_vm_ce_0.5,3,Glasser,SC->FC,1500,0.5186254382133484,0.8827568888664246,0.9993997714844294,0.9560761346998536,0.009927640669047832,0.009923377726227044,0.6023383677005768,50.78251914978027,-2.6974149703979493,0.08226900547742844,0.8078219890594482,0.6450889280564012,0.06329113924050633,0.01585223898291588,0.015723012387752533,0.585020899772644,50.61213684082031,3.6493968963623047,0.09425053000450134,0.8116260766983032,0.7056936226166995,0.05128205128205128,0.015315304510295391
v1,vm_ce_0.5,factorial,0.5,0.5,0.0,4.6,0.5,0.0,0,Krakencoder,cl_kraken_v1_vm_ce_0.5,3,Glasser,FC->SC,1500,0.5198469758033752,0.9378536939620972,1.0,1.0,0.003947566729038954,0.003949514264240861,0.6249793529510498,56.99301300048828,-2.2730128288269045,0.13398319482803345,0.9069706201553345,0.8777439512898574,0.27848101265822783,0.005750440526753664,0.005775686353445053,0.6358701586723328,56.98847198486328,1.0365715026855469,0.13221025466918945,0.9064711332321167,0.8974095989480605,0.13846153846153847,0.005952019244432449
v1,vm_ce_0.5,factorial,0.5,0.5,0.0,4.6,0.5,0.0,0,Krakencoder,cl_kraken_v1_vm_ce_0.5,3,Glasser,SC->FC,2000,0.5203010439872742,0.8830189108848572,0.9994812310686855,0.9531478770131772,0.009905101731419563,0.009903130866587163,0.603415846824646,50.79505615234375,-2.7225969314575194,0.08321181684732437,0.8083388209342957,0.6527800032046147,0.06329113924050633,0.015814807265996933,0.015691807493567467,0.5892589092254639,50.63720703125,3.614084243774414,0.09323954582214355,0.8116564750671387,0.7042209072978304,0.046153846153846156,0.015317936427891254
v1,vm_ce_0.5,factorial,0.5,0.5,0.0,4.6,0.5,0.0,0,Krakencoder,cl_kraken_v1_vm_ce_0.5,3,Glasser,FC->SC,2000,0.522305965423584,0.9380542039871216,1.0,1.0,0.003935182001441717,0.00393829382956028,0.6244234025478363,56.99179306030273,-2.297418212890625,0.1352393627166748,0.9070538878440857,0.8785451049511296,0.26582278481012656,0.005744910798966885,0.005769063718616962,0.6354652643203735,56.98830032348633,1.028238296508789,0.13369561731815338,0.9066089987754822,0.8983563445101906,0.13846153846153847,0.005944020580500364
v1,vm_ce_0.5,factorial,0.5,0.5,0.0,4.6,0.5,0.0,0,Krakencoder,cl_kraken_v1_vm_ce_0.5,4,Glasser,SC->FC,500,0.48561719059944153,0.8759002685546875,0.9993376049596024,0.9326500732064422,0.01028311438858509,0.010280623659491539,0.6082268595695496,50.692929077148435,-2.228422737121582,0.0831555426120758,0.8089750409126282,0.7005287614164397,0.06329113924050633,0.01608298346400261,0.016159826889634132,0.6197024583816528,50.38249206542969,3.3101654052734375,0.09191401302814484,0.8156201243400574,0.7240762656147272,0.05128205128205128,0.015581432729959488
v1,vm_ce_0.5,factorial,0.5,0.5,0.0,4.6,0.5,0.0,0,Krakencoder,cl_kraken_v1_vm_ce_0.5,4,Glasser,FC->SC,500,0.4721235930919647,0.933752179145813,0.9999957126534602,0.9970717423133236,0.004213822074234486,0.004219286097213626,0.6221768140792847,56.96426277160644,-1.8221601486206054,0.13119609653949738,0.9065581560134888,0.9020990225925333,0.31645569620253167,0.0058692083694040775,0.005850908346474171,0.6155760288238525,56.97373962402344,0.978363037109375,0.1267882138490677,0.9060496091842651,0.8937278106508876,0.09743589743589744,0.005867405328899622
v1,vm_ce_0.5,factorial,0.5,0.5,0.0,4.6,0.5,0.0,0,Krakencoder,cl_kraken_v1_vm_ce_0.5,4,Glasser,SC->FC,1000,0.5147867798805237,0.8808484077453613,0.999264720068426,0.9399707174231332,0.009895293042063713,0.009894793014973402,0.6054402351379394,50.68878593444824,-2.603163719177246,0.08704925328493118,0.8102320432662964,0.6896330716231374,0.06329113924050633,0.015963414683938026,0.016047367826104164,0.6234810948371887,50.4350471496582,3.3462677001953125,0.09082815796136856,0.8158734440803528,0.7081656804733728,0.06153846153846154,0.01557690929621458
v1,vm_ce_0.5,factorial,0.5,0.5,0.0,4.6,0.5,0.0,0,Krakencoder,cl_kraken_v1_vm_ce_0.5,4,Glasser,FC->SC,1000,0.5114933848381042,0.9369495511054993,0.9999978563267301,0.9985358711566618,0.004017801024019718,0.004022665414959192,0.6239424169063568,56.972279739379886,-2.1860834121704102,0.1347884088754654,0.9073596596717834,0.9051434065053677,0.3291139240506329,0.005820945370942354,0.005800582934170961,0.6296803951263428,57.02784729003906,0.9723148345947266,0.1324533224105835,0.9069080948829651,0.9061406969099277,0.13846153846153847,0.0058144195936620235
v1,vm_ce_0.5,factorial,0.5,0.5,0.0,4.6,0.5,0.0,0,Krakencoder,cl_kraken_v1_vm_ce_0.5,4,Glasser,SC->FC,1500,0.5192127823829651,0.8816415071487427,0.9992732947615056,0.9428989751098097,0.009833332151174545,0.009833443164825439,0.60477973818779,50.68241653442383,-2.661970520019531,0.08552566915750504,0.8100599646568298,0.6857875340490306,0.05063291139240506,0.015984583646059036,0.01605108752846718,0.6227961182594299,50.432132720947266,3.3632450103759766,0.09082305431365967,0.8160431981086731,0.7048257725180802,0.07179487179487179,0.015559418126940727
v1,vm_ce_0.5,factorial,0.5,0.5,0.0,4.6,0.5,0.0,0,Krakencoder,cl_kraken_v1_vm_ce_0.5,4,Glasser,FC->SC,1500,0.5187203884124756,0.9375392198562622,1.0,1.0,0.003981926944106817,0.003986258339136839,0.625623369216919,56.97584838867188,-2.2536594390869142,0.13543768227100372,0.9075644612312317,0.9069059445601666,0.3291139240506329,0.005808258429169655,0.005783312488347292,0.6346920728683472,57.045005798339844,0.9621028900146484,0.13268817961215973,0.9071305990219116,0.9098487836949375,0.11794871794871795,0.005803469568490982
v1,vm_ce_0.5,factorial,0.5,0.5,0.0,4.6,0.5,0.0,0,Krakencoder,cl_kraken_v1_vm_ce_0.5,4,Glasser,SC->FC,2000,0.5208839178085327,0.8819177746772766,0.999286156801125,0.9428989751098097,0.009810401126742363,0.009808085113763809,0.6037320017814636,50.67886161804199,-2.696621131896973,0.08712395280599594,0.8104067444801331,0.6885114564973562,0.05063291139240506,0.01595669612288475,0.016021406278014183,0.623353898525238,50.43830490112305,3.319814682006836,0.09274053573608398,0.8160536289215088,0.7054832347140039,0.07692307692307693,0.015559704974293709
v1,vm_ce_0.5,factorial,0.5,0.5,0.0,4.6,0.5,0.0,0,Krakencoder,cl_kraken_v1_vm_ce_0.5,4,Glasser,FC->SC,2000,0.5211426615715027,0.9377376437187195,1.0,1.0,0.003969771321862936,0.003974465443752706,0.6252795577049255,56.97469863891602,-2.2781373977661135,0.135256826877594,0.9075508713722229,0.9078673289536934,0.3291139240506329,0.005808588583022356,0.005787283647805452,0.6352713108062744,57.046321868896484,0.9882774353027344,0.13471075892448425,0.9072476029396057,0.9147140039447732,0.14358974358974358,0.005794032942503691
v1,vm_nd_0.5,factorial,0.5,0.0,0.5,4.6,0.0,0.5,0,Krakencoder,cl_kraken_v1_vm_nd_0.5,0,Glasser,SC->FC,500,0.48387259244918823,0.8758990168571472,0.9976998385814028,0.9019033674963397,0.010354206897318363,0.010337866563349962,0.575064605474472,50.57422523498535,-1.9662609100341797,0.05750267952680588,0.8035181760787964,0.6199327030924531,0.05063291139240506,0.016820639371871948,0.016783514991402626,0.5907734036445618,50.25600814819336,4.459968566894531,0.08272255212068558,0.8135599493980408,0.6720052596975674,0.05128205128205128,0.015466954559087753
v1,vm_nd_0.5,factorial,0.5,0.0,0.5,4.6,0.0,0.5,0,Krakencoder,cl_kraken_v1_vm_nd_0.5,0,Glasser,FC->SC,500,0.46786177158355713,0.9334164261817932,0.9999914253069204,0.9941434846266471,0.004219328053295612,0.004218898201361299,0.616837453842163,56.96192626953125,-1.7463342666625976,0.1284194439649582,0.907374918460846,0.8782246434866208,0.11392405063291139,0.005752675235271454,0.00577540835365653,0.6022763252258301,57.01197814941406,1.0324230194091797,0.12747175991535187,0.9058969616889954,0.8575936883629192,0.09743589743589744,0.005978443659842014
v1,vm_nd_0.5,factorial,0.5,0.0,0.5,4.6,0.0,0.5,0,Krakencoder,cl_kraken_v1_vm_nd_0.5,0,Glasser,SC->FC,1000,0.5096319317817688,0.8803038001060486,0.9985380148299317,0.9150805270863837,0.010003624483942986,0.009992095176130533,0.5751029789447785,50.58312568664551,-2.3563182830810545,0.056850530207157135,0.80434250831604,0.6138439352667842,0.06329113924050633,0.01675339974462986,0.016721483319997787,0.5980619192123413,50.2974967956543,4.489505767822266,0.07929681986570358,0.813746988773346,0.6681919789612097,0.06153846153846154,0.01546578761190176
v1,vm_nd_0.5,factorial,0.5,0.0,0.5,4.6,0.0,0.5,0,Krakencoder,cl_kraken_v1_vm_nd_0.5,0,Glasser,FC->SC,1000,0.5092049837112427,0.936752200126648,0.9999978563267301,0.9985358711566618,0.004014511592686176,0.004013974615372717,0.6172413408756257,56.96407508850098,-2.131376361846924,0.13551007211208344,0.9083445072174072,0.8920044864605031,0.189873417721519,0.005693435203284025,0.005724545102566481,0.6146582961082458,57.05244827270508,0.9971923828125,0.13302461802959442,0.9066611528396606,0.8730571992110454,0.11794871794871795,0.005929708015173674
v1,vm_nd_0.5,factorial,0.5,0.0,0.5,4.6,0.0,0.5,0,Krakencoder,cl_kraken_v1_vm_nd_0.5,0,Glasser,SC->FC,1500,0.5137602686882019,0.8810606002807617,0.9985658825824403,0.9224011713030746,0.009945953264832497,0.009932565223425626,0.5741629958152771,50.579302597045896,-2.4305084228515623,0.05593830347061157,0.804571807384491,0.6167280884473643,0.05063291139240506,0.016750343143939972,0.01671832613646984,0.5995871424674988,50.31262969970703,4.505895614624023,0.07993915677070618,0.8137509226799011,0.6710848126232741,0.05128205128205128,0.01546587236225605
v1,vm_nd_0.5,factorial,0.5,0.0,0.5,4.6,0.0,0.5,0,Krakencoder,cl_kraken_v1_vm_nd_0.5,0,Glasser,FC->SC,1500,0.5169978737831116,0.937374472618103,0.9999978563267301,0.9985358711566618,0.0039765178225934505,0.00397565437015146,0.6194708228111268,56.97121810913086,-2.2041218757629393,0.13584516942501068,0.908507227897644,0.8912033327992309,0.1518987341772152,0.005682540126144886,0.005712627898901701,0.6191315054893494,57.06907272338867,1.001922607421875,0.13260355591773987,0.906842052936554,0.8736883629191321,0.1076923076923077,0.005916299298405647
v1,vm_nd_0.5,factorial,0.5,0.0,0.5,4.6,0.0,0.5,0,Krakencoder,cl_kraken_v1_vm_nd_0.5,0,Glasser,SC->FC,2000,0.5159385800361633,0.8813909292221069,0.9985873193151392,0.9267935578330894,0.009918790310621262,0.009904816839843988,0.5756078064441681,50.58006057739258,-2.4652336120605467,0.05764024332165718,0.804469883441925,0.6148053196603109,0.05063291139240506,0.016740716993808746,0.016697311773896217,0.6005339622497559,50.30632781982422,4.480384826660156,0.07995223999023438,0.8137635588645935,0.6674556213017752,0.041025641025641026,0.015456109307706356
v1,vm_nd_0.5,factorial,0.5,0.0,0.5,4.6,0.0,0.5,0,Krakencoder,cl_kraken_v1_vm_nd_0.5,0,Glasser,FC->SC,2000,0.5197759866714478,0.937594473361969,0.9999957126534602,0.9970717423133236,0.003963580820709467,0.003962501371279359,0.61949343085289,56.9685302734375,-2.2280853271484373,0.1363922506570816,0.9085478186607361,0.8926454093895209,0.1518987341772152,0.00567668629810214,0.005706427618861198,0.6203827261924744,57.06570816040039,0.9974536895751953,0.13282757997512817,0.9068191051483154,0.8733727810650888,0.11282051282051282,0.005916579160839319
v1,vm_nd_0.5,factorial,0.5,0.0,0.5,4.6,0.0,0.5,0,Krakencoder,cl_kraken_v1_vm_nd_0.5,1,Glasser,SC->FC,500,0.4867224097251892,0.8775538206100464,0.9980578320174752,0.9209370424597365,0.010294479317963123,0.010284388530999422,0.5857074558734894,50.79530258178711,-2.090153694152832,0.08548611402511597,0.8124101758003235,0.6790578432943439,0.06329113924050633,0.01580202765762806,0.01607227325439453,0.5780814290046692,50.60851287841797,3.6803112030029297,0.07964834570884705,0.8052743673324585,0.6733464825772518,0.05128205128205128,0.01598478853702545
v1,vm_nd_0.5,factorial,0.5,0.0,0.5,4.6,0.0,0.5,0,Krakencoder,cl_kraken_v1_vm_nd_0.5,1,Glasser,FC->SC,500,0.4681558609008789,0.9336627125740051,0.9999914253069204,0.9941434846266471,0.004205846227705479,0.0042034461162984375,0.617824113368988,56.99305114746094,-1.7609237670898437,0.1339876502752304,0.9081070423126221,0.8817497195962185,0.22784810126582278,0.005786743946373463,0.005824753548949957,0.628478467464447,57.02870559692383,0.943389892578125,0.1294942945241928,0.9053690433502197,0.8802892833662065,0.11282051282051282,0.005964412819594145
v1,vm_nd_0.5,factorial,0.5,0.0,0.5,4.6,0.0,0.5,0,Krakencoder,cl_kraken_v1_vm_nd_0.5,1,Glasser,SC->FC,1000,0.5114163160324097,0.8818185329437256,0.9982207511859872,0.9326500732064422,0.00995600689202547,0.009947897400707006,0.5834017872810364,50.78119468688965,-2.42281436920166,0.08405018597841263,0.8125435709953308,0.6675212305720237,0.06329113924050633,0.015797419473528862,0.016113262623548508,0.5815063118934631,50.63113021850586,3.860240936279297,0.07644591480493546,0.8051693439483643,0.6589349112426035,0.041025641025641026,0.016007767990231514
v1,vm_nd_0.5,factorial,0.5,0.0,0.5,4.6,0.0,0.5,0,Krakencoder,cl_kraken_v1_vm_nd_0.5,1,Glasser,FC->SC,1000,0.5095549821853638,0.9369965195655823,0.9999978563267301,0.9985358711566618,0.004001338966190815,0.004000042378902435,0.6186520397663117,56.99722518920898,-2.149171257019043,0.14137393236160278,0.9090141654014587,0.9004967152699888,0.24050632911392406,0.00572825176641345,0.005770236719399691,0.6364189386367798,57.055442810058594,0.8997859954833984,0.13390323519706726,0.906212568283081,0.8873109796186719,0.1282051282051282,0.005913373548537493
v1,vm_nd_0.5,factorial,0.5,0.0,0.5,4.6,0.0,0.5,0,Krakencoder,cl_kraken_v1_vm_nd_0.5,1,Glasser,SC->FC,1500,0.5161357522010803,0.8826078772544861,0.998267911997925,0.9472913616398243,0.009894223883748055,0.009884853288531304,0.5845176219940186,50.79166946411133,-2.4965858459472656,0.08635788410902023,0.8129753470420837,0.6748918442557282,0.06329113924050633,0.01575341448187828,0.01605597697198391,0.5852380990982056,50.65283203125,3.8170642852783203,0.07721880078315735,0.8056361079216003,0.659723865877712,0.035897435897435895,0.015959883108735085
v1,vm_nd_0.5,factorial,0.5,0.0,0.5,4.6,0.0,0.5,0,Krakencoder,cl_kraken_v1_vm_nd_0.5,1,Glasser,FC->SC,1500,0.5171328186988831,0.9376035928726196,0.9999957126534602,0.9970717423133236,0.003964594565331936,0.0039633596548810605,0.6194994568824768,56.99846878051758,-2.226677989959717,0.14086923003196716,0.9089671969413757,0.9014580996635154,0.22784810126582278,0.005733787082135677,0.005773433484137058,0.6362587213516235,57.052249908447266,0.9119796752929688,0.13347160816192627,0.9062420129776001,0.8840499671268902,0.1076923076923077,0.005910004489123821
v1,vm_nd_0.5,factorial,0.5,0.0,0.5,4.6,0.0,0.5,0,Krakencoder,cl_kraken_v1_vm_nd_0.5,1,Glasser,SC->FC,2000,0.5179964303970337,0.8829281330108643,0.9983215038296723,0.9385065885797951,0.00987090915441513,0.009863993152976036,0.5844416737556457,50.78725738525391,-2.521197700500488,0.08471564203500748,0.81266188621521,0.6715269988783849,0.0759493670886076,0.01579977758228779,0.016109993681311607,0.5813605785369873,50.637630462646484,3.840730667114258,0.07663886994123459,0.8055192828178406,0.6609861932938856,0.05128205128205128,0.01596873812377453
v1,vm_nd_0.5,factorial,0.5,0.0,0.5,4.6,0.0,0.5,0,Krakencoder,cl_kraken_v1_vm_nd_0.5,1,Glasser,FC->SC,2000,0.5196734070777893,0.9378185868263245,0.9999978563267301,0.9985358711566618,0.00395144522190094,0.003950556134805083,0.61982062458992,56.99934539794922,-2.253605270385742,0.14242757856845856,0.909116804599762,0.9043422528440955,0.24050632911392406,0.0057218968868255615,0.005759562365710735,0.6383835077285767,57.05642318725586,0.8922195434570312,0.13322286307811737,0.9062276482582092,0.8848915187376726,0.10256410256410256,0.005910937208682299
v1,vm_nd_0.5,factorial,0.5,0.0,0.5,4.6,0.0,0.5,0,Krakencoder,cl_kraken_v1_vm_nd_0.5,2,Glasser,SC->FC,500,0.4781363308429718,0.8751705288887024,0.9939891401512148,0.890190336749634,0.010503806173801422,0.010490663442760706,0.5813684225082397,50.629031372070315,-1.8673629760742188,0.07619114965200424,0.8109842538833618,0.6460503124499279,0.06329113924050633,0.015235986560583115,0.01531815156340599,0.5420684218406677,50.46619415283203,3.6137161254882812,0.09482164680957794,0.8137889504432678,0.6900460223537146,0.020512820512820513,0.015602929517626762
v1,vm_nd_0.5,factorial,0.5,0.0,0.5,4.6,0.0,0.5,0,Krakencoder,cl_kraken_v1_vm_nd_0.5,2,Glasser,FC->SC,500,0.46750086545944214,0.9334850907325745,0.9999914253069204,0.9941434846266471,0.004194159992039204,0.00420420509763062,0.6191861093044281,56.97655067443848,-1.7287559509277344,0.14755485951900482,0.9075422883033752,0.9093094055439833,0.12658227848101267,0.006095700431615114,0.0060116322711110115,0.6249738335609436,56.97575378417969,1.1000442504882812,0.1267688125371933,0.9061274528503418,0.8798159105851413,0.15897435897435896,0.005913492292165756
v1,vm_nd_0.5,factorial,0.5,0.0,0.5,4.6,0.0,0.5,0,Krakencoder,cl_kraken_v1_vm_nd_0.5,2,Glasser,SC->FC,1000,0.5053828954696655,0.8798509836196899,0.9944500299042421,0.9150805270863837,0.010129272006452084,0.010120723489671945,0.5843959450721741,50.637337112426756,-2.289739418029785,0.07129063457250595,0.811115026473999,0.6329113924050633,0.05063291139240506,0.01519834902137518,0.015298957005143166,0.5527160167694092,50.512542724609375,3.702056884765625,0.09432030469179153,0.8142493367195129,0.6828402366863906,0.041025641025641026,0.015549101866781712
v1,vm_nd_0.5,factorial,0.5,0.0,0.5,4.6,0.0,0.5,0,Krakencoder,cl_kraken_v1_vm_nd_0.5,2,Glasser,FC->SC,1000,0.5087531208992004,0.9368224740028381,0.9999957126534602,0.9970717423133236,0.003991097677499056,0.0040009768912568685,0.6187362432479858,56.97642478942871,-2.111543560028076,0.14873643219470978,0.9079397916793823,0.8992148694119533,0.13924050632911392,0.006070559378713369,0.00598169444128871,0.6323845386505127,56.99799728393555,1.1146888732910156,0.13093434274196625,0.9067963361740112,0.8848915187376726,0.16923076923076924,0.005874887574464083
v1,vm_nd_0.5,factorial,0.5,0.0,0.5,4.6,0.0,0.5,0,Krakencoder,cl_kraken_v1_vm_nd_0.5,2,Glasser,SC->FC,1500,0.5101783871650696,0.8806807398796082,0.9945700756073562,0.9150805270863837,0.01006422471255064,0.010052944906055928,0.584341561794281,50.62954406738281,-2.3589193344116213,0.07008367776870728,0.8108523488044739,0.6265021631148855,0.06329113924050633,0.015193402767181396,0.015282700769603252,0.55745929479599,50.524497985839844,3.727048873901367,0.09249631315469742,0.8139629364013672,0.680473372781065,0.041025641025641026,0.015568955801427364
v1,vm_nd_0.5,factorial,0.5,0.0,0.5,4.6,0.0,0.5,0,Krakencoder,cl_kraken_v1_vm_nd_0.5,2,Glasser,FC->SC,1500,0.5168764591217041,0.9374707937240601,0.9999957126534602,0.9970717423133236,0.003952308092266321,0.003961201943457127,0.6205803334712983,56.980902099609374,-2.187046527862549,0.1496707946062088,0.9081937670707703,0.9024194840570421,0.1518987341772152,0.0060547697357833385,0.005969325080513954,0.63770991563797,57.01131820678711,1.1213016510009766,0.13111647963523865,0.9069398641586304,0.8867061143984221,0.14871794871794872,0.005865033715963364
v1,vm_nd_0.5,factorial,0.5,0.0,0.5,4.6,0.0,0.5,0,Krakencoder,cl_kraken_v1_vm_nd_0.5,2,Glasser,SC->FC,2000,0.5117322206497192,0.880990207195282,0.9946515351916122,0.9165446559297218,0.01003902219235897,0.010027070436626673,0.5826706111431121,50.62437896728515,-2.4072505950927736,0.06676942110061646,0.8104455471038818,0.6205736260214709,0.06329113924050633,0.01523397397249937,0.015333564952015877,0.5586242079734802,50.53715133666992,3.7686309814453125,0.09224118292331696,0.8138327598571777,0.6786850756081526,0.03076923076923077,0.015580764971673489
v1,vm_nd_0.5,factorial,0.5,0.0,0.5,4.6,0.0,0.5,0,Krakencoder,cl_kraken_v1_vm_nd_0.5,2,Glasser,FC->SC,2000,0.5195817351341248,0.9376944303512573,0.9999957126534602,0.9970717423133236,0.003938452806323767,0.003947956021875143,0.6190937697887421,56.9776912689209,-2.2232433319091798,0.14905717968940735,0.9080557227134705,0.9014580996635154,0.1518987341772152,0.0060639334842562675,0.0059757111594080925,0.6341150403022766,57.00253677368164,1.1254940032958984,0.13136409223079681,0.9069528579711914,0.8882051282051282,0.1641025641025641,0.005864661652594805
v1,vm_nd_0.5,factorial,0.5,0.0,0.5,4.6,0.0,0.5,0,Krakencoder,cl_kraken_v1_vm_nd_0.5,3,Glasser,SC->FC,500,0.4809582829475403,0.8765949606895447,0.9974125863632368,0.9121522693997072,0.010418280959129333,0.010412899125367404,0.5826386094093323,50.705572509765624,-1.9612745285034179,0.08547542989253998,0.8062928318977356,0.63675692997917,0.02531645569620253,0.016050798818469048,0.01593784987926483,0.5521519780158997,50.45724105834961,3.886465072631836,0.08881530910730362,0.8094292283058167,0.6737672583826431,0.046153846153846156,0.01557923574000597
v1,vm_nd_0.5,factorial,0.5,0.0,0.5,4.6,0.0,0.5,0,Krakencoder,cl_kraken_v1_vm_nd_0.5,3,Glasser,FC->SC,500,0.4697715938091278,0.9337944388389587,0.9999935689801903,0.9956076134699854,0.004191479180008173,0.004193540010601282,0.6186267077922821,56.99756393432617,-1.7749237060546874,0.1287228912115097,0.9060370326042175,0.8489024194840571,0.27848101265822783,0.005812634713947773,0.005835968069732189,0.619784951210022,56.95710372924805,1.1176261901855469,0.13264748454093933,0.9059825539588928,0.8811308349769889,0.09743589743589744,0.005989676807075739
v1,vm_nd_0.5,factorial,0.5,0.0,0.5,4.6,0.0,0.5,0,Krakencoder,cl_kraken_v1_vm_nd_0.5,3,Glasser,SC->FC,1000,0.5068960785865784,0.8810639381408691,0.998021389571887,0.931185944363104,0.010063212364912033,0.010058698989450932,0.5833693683147431,50.706389617919925,-2.35064754486084,0.07886257022619247,0.8058574795722961,0.6194520108956898,0.06329113924050633,0.016056140884757042,0.015947112813591957,0.5602890849113464,50.501625061035156,3.99627685546875,0.09131956845521927,0.8102684617042542,0.677396449704142,0.03076923076923077,0.015492488630115986
v1,vm_nd_0.5,factorial,0.5,0.0,0.5,4.6,0.0,0.5,0,Krakencoder,cl_kraken_v1_vm_nd_0.5,3,Glasser,FC->SC,1000,0.5104987025260925,0.9370818734169006,1.0,1.0,0.003989705815911293,0.003993162559345365,0.6159891605377197,56.9940242767334,-2.15330057144165,0.1372401863336563,0.9069210886955261,0.8614004165999039,0.2911392405063291,0.0057565937750041485,0.00578280258923769,0.6235167384147644,56.96976089477539,1.091787338256836,0.14015403389930725,0.9069399833679199,0.8978303747534517,0.12307692307692308,0.005933694075793028
v1,vm_nd_0.5,factorial,0.5,0.0,0.5,4.6,0.0,0.5,0,Krakencoder,cl_kraken_v1_vm_nd_0.5,3,Glasser,SC->FC,1500,0.5116245150566101,0.8818731307983398,0.9980599756907451,0.9355783308931186,0.009999123401939869,0.00999401519075036,0.5844360232353211,50.71269645690918,-2.433996391296387,0.08138222992420197,0.8064029812812805,0.6228168562730332,0.05063291139240506,0.016012774780392647,0.01588613912463188,0.5627812147140503,50.52388000488281,3.954191207885742,0.09379421919584274,0.8108628392219543,0.6840762656147272,0.03076923076923077,0.015429958701133728
v1,vm_nd_0.5,factorial,0.5,0.0,0.5,4.6,0.0,0.5,0,Krakencoder,cl_kraken_v1_vm_nd_0.5,3,Glasser,FC->SC,1500,0.5182837247848511,0.9377012252807617,1.0,1.0,0.003953068517148495,0.003955590003170073,0.6190695524215698,56.998051452636716,-2.2185314178466795,0.1408390998840332,0.9073375463485718,0.8727767985899696,0.2911392405063291,0.005729282274842262,0.005754913203418255,0.6290304064750671,56.985042572021484,1.072580337524414,0.13910651206970215,0.9069627523422241,0.895095332018409,0.13846153846153847,0.005927794612944126
v1,vm_nd_0.5,factorial,0.5,0.0,0.5,4.6,0.0,0.5,0,Krakencoder,cl_kraken_v1_vm_nd_0.5,3,Glasser,SC->FC,2000,0.5133689045906067,0.8821667432785034,0.998267911997925,0.9385065885797951,0.009974075481295586,0.009971243515610694,0.5857997834682465,50.72710418701172,-2.4650476455688475,0.08235687762498856,0.8070451021194458,0.6281044704374299,0.06329113924050633,0.01596209593117237,0.015845928341150284,0.5679713487625122,50.55548858642578,3.9065017700195312,0.09294664114713669,0.8109650611877441,0.6819986850756081,0.035897435897435895,0.01542491652071476
v1,vm_nd_0.5,factorial,0.5,0.0,0.5,4.6,0.0,0.5,0,Krakencoder,cl_kraken_v1_vm_nd_0.5,3,Glasser,FC->SC,2000,0.5206645727157593,0.9379023313522339,1.0,1.0,0.0039408449083566666,0.00394450300373137,0.6177431404590606,56.994851684570314,-2.245609474182129,0.14212340116500854,0.9073972105979919,0.874379105912514,0.27848101265822783,0.005725681781768799,0.005750242620706558,0.6277669668197632,56.98308181762695,1.0648860931396484,0.14064089953899384,0.9070757031440735,0.8959368836291913,0.14871794871794872,0.005921439733356237
v1,vm_nd_0.5,factorial,0.5,0.0,0.5,4.6,0.0,0.5,0,Krakencoder,cl_kraken_v1_vm_nd_0.5,4,Glasser,SC->FC,500,0.483441025018692,0.8757942318916321,0.9980535446709354,0.9062957540263543,0.010288855992257595,0.010286874882876874,0.5929982900619507,50.637765884399414,-2.005303955078125,0.08443764597177505,0.8084414601325989,0.6728088447364204,0.06329113924050633,0.01614782027900219,0.01623797044157982,0.603746235370636,50.32048034667969,3.575601577758789,0.09273900836706161,0.8155542612075806,0.6920710059171598,0.041025641025641026,0.015622264705598354
v1,vm_nd_0.5,factorial,0.5,0.0,0.5,4.6,0.0,0.5,0,Krakencoder,cl_kraken_v1_vm_nd_0.5,4,Glasser,FC->SC,500,0.4704604148864746,0.9335860013961792,0.9999914253069204,0.9941434846266471,0.004220678471028805,0.004226263938471675,0.6173131406307221,56.97226409912109,-1.7670686721801758,0.13711708784103394,0.907035231590271,0.899855792340971,0.31645569620253167,0.0058472598902881145,0.005827888380736113,0.6110725998878479,56.982826232910156,0.9893703460693359,0.13356317579746246,0.9065472483634949,0.8899934253780408,0.07692307692307693,0.005843473132699728
v1,vm_nd_0.5,factorial,0.5,0.0,0.5,4.6,0.0,0.5,0,Krakencoder,cl_kraken_v1_vm_nd_0.5,4,Glasser,SC->FC,1000,0.5087834596633911,0.8800876140594482,0.9977662924527695,0.91800878477306,0.009953306056559086,0.00995396738871932,0.5887675225734711,50.62564468383789,-2.3342893600463865,0.08815731853246689,0.8096513748168945,0.6699246915558403,0.06329113924050633,0.016033779829740524,0.01613977737724781,0.6058493852615356,50.3673210144043,3.600107192993164,0.09100057184696198,0.8155922889709473,0.6801840894148586,0.06153846153846154,0.015634236857295036
v1,vm_nd_0.5,factorial,0.5,0.0,0.5,4.6,0.0,0.5,0,Krakencoder,cl_kraken_v1_vm_nd_0.5,4,Glasser,FC->SC,1000,0.5095588564872742,0.9367679357528687,0.9999957126534602,0.9970717423133236,0.004025314003229141,0.004030364798381925,0.6181208431720734,56.97851219177246,-2.1316508293151855,0.14142218232154846,0.9078149795532227,0.9025797147892965,0.35443037974683544,0.005801045801490545,0.005778862163424492,0.6230764985084534,57.03158187866211,0.9715805053710938,0.13945481181144714,0.907374918460846,0.9022222222222223,0.13333333333333333,0.00579351419582963
v1,vm_nd_0.5,factorial,0.5,0.0,0.5,4.6,0.0,0.5,0,Krakencoder,cl_kraken_v1_vm_nd_0.5,4,Glasser,SC->FC,1500,0.5127306580543518,0.8808087706565857,0.9977191316408318,0.9150805270863837,0.009896962903439999,0.009898579493165017,0.5870147585868836,50.61149368286133,-2.392832374572754,0.08620116114616394,0.8092838525772095,0.6630347700688992,0.05063291139240506,0.016071463003754616,0.01615837961435318,0.6041633486747742,50.35612106323242,3.6360397338867188,0.09078837931156158,0.8157181739807129,0.677475345167653,0.07179487179487179,0.015619568526744843
v1,vm_nd_0.5,factorial,0.5,0.0,0.5,4.6,0.0,0.5,0,Krakencoder,cl_kraken_v1_vm_nd_0.5,4,Glasser,FC->SC,1500,0.5170958042144775,0.9373836517333984,1.0,1.0,0.003987382166087627,0.003991730231791735,0.6202614068984985,56.9827823638916,-2.201717662811279,0.14240975677967072,0.9080503582954407,0.9043422528440955,0.3291139240506329,0.005785637069493532,0.0057592387311160564,0.6284497976303101,57.04946517944336,0.9567508697509766,0.13969729840755463,0.9076067209243774,0.905982905982906,0.11794871794871795,0.005782182794064283
v1,vm_nd_0.5,factorial,0.5,0.0,0.5,4.6,0.0,0.5,0,Krakencoder,cl_kraken_v1_vm_nd_0.5,4,Glasser,SC->FC,2000,0.5141860246658325,0.8810518383979797,0.9977705797993093,0.9267935578330894,0.009876502677798271,0.009875472635030746,0.5850117087364197,50.601373291015626,-2.427646827697754,0.08785836398601532,0.8095828890800476,0.6665598461784971,0.05063291139240506,0.016048645600676537,0.01613033376634121,0.6036630868911743,50.35612487792969,3.5962791442871094,0.09273531287908554,0.8155129551887512,0.6773438527284681,0.07692307692307693,0.01563650369644165
v1,vm_nd_0.5,factorial,0.5,0.0,0.5,4.6,0.0,0.5,0,Krakencoder,cl_kraken_v1_vm_nd_0.5,4,Glasser,FC->SC,2000,0.5195591449737549,0.9375902414321899,1.0,1.0,0.003974873572587967,0.003979643736965954,0.6195672750473022,56.980862045288085,-2.226826000213623,0.14224284887313843,0.9080350995063782,0.9057843294343855,0.34177215189873417,0.005786556284874678,0.005763160530477762,0.6289374828338623,57.05141830444336,0.9827480316162109,0.14176301658153534,0.9077198505401611,0.9104010519395135,0.1282051282051282,0.0057732705026865005
v1,ce_nd_0.5,factorial,0.0,0.5,0.5,0.0,0.5,0.5,0,Krakencoder,cl_kraken_v1_ce_nd_0.5,0,Glasser,SC->FC,500,0.47195032238960266,0.8618115782737732,0.9997234661481835,0.9458272327964861,0.011545778252184391,0.01152357179671526,0.9120427548885346,52.542209243774415,0.3132768630981445,0.05868157744407654,0.8269714117050171,0.6756929979170004,0.06329113924050633,0.014641271904110909,0.014653992839157581,0.9153202176094055,52.15900802612305,3.7028865814208984,0.0813102200627327,0.8370555639266968,0.7457462195923734,0.05128205128205128,0.013473445549607277
v1,ce_nd_0.5,factorial,0.0,0.5,0.5,0.0,0.5,0.5,0,Krakencoder,cl_kraken_v1_ce_nd_0.5,0,Glasser,FC->SC,500,0.4489540159702301,0.9267395734786987,0.9999978563267301,0.9985358711566618,0.004682500846683979,0.004683231841772795,0.9245126605033874,57.87396011352539,0.04337329864501953,0.104486383497715,0.9158521294593811,0.8588367248838327,0.189873417721519,0.005248568952083588,0.005278556142002344,0.9223847389221191,57.93330764770508,1.12554931640625,0.1080441027879715,0.9146448969841003,0.8584878369493754,0.13333333333333333,0.0054636988788843155
v1,ce_nd_0.5,factorial,0.0,0.5,0.5,0.0,0.5,0.5,0,Krakencoder,cl_kraken_v1_ce_nd_0.5,0,Glasser,SC->FC,1000,0.5120795965194702,0.8671754598617554,0.9995734090192909,0.9385065885797951,0.01111913938075304,0.011096104048192501,0.8927843630313873,52.43319091796875,-0.16116504669189452,0.060830894857645035,0.826133131980896,0.6732895369331837,0.06329113924050633,0.014716273173689842,0.014719451777637005,0.8980614542961121,52.05658721923828,3.773468017578125,0.08119465410709381,0.8360190391540527,0.7316765285996055,0.035897435897435895,0.01355852372944355
v1,ce_nd_0.5,factorial,0.0,0.5,0.5,0.0,0.5,0.5,0,Krakencoder,cl_kraken_v1_ce_nd_0.5,0,Glasser,FC->SC,1000,0.49711495637893677,0.9292541742324829,0.9999978563267301,0.9985358711566618,0.004526582546532154,0.004526542732492089,0.9115264117717743,57.83604507446289,-0.27357120513916017,0.11334659159183502,0.9158991575241089,0.8803076430059286,0.21518987341772153,0.005243334453552961,0.005275781732052565,0.9117213487625122,57.904178619384766,1.097747802734375,0.1145513504743576,0.9146105647087097,0.8787902695595003,0.11794871794871795,0.005461135413497686
v1,ce_nd_0.5,factorial,0.0,0.5,0.5,0.0,0.5,0.5,0,Krakencoder,cl_kraken_v1_ce_nd_0.5,0,Glasser,SC->FC,1500,0.5195238590240479,0.8680548667907715,0.9996377192173878,0.9385065885797951,0.011052754707634449,0.011029238067567348,0.8909009158611297,52.42141571044922,-0.2370912551879883,0.05988500267267227,0.8260145783424377,0.6684826149655504,0.0759493670886076,0.014726447872817516,0.014725890941917896,0.8964980840682983,52.0452995300293,3.7901668548583984,0.08230306953191757,0.8360145092010498,0.7357001972386588,0.035897435897435895,0.0135579165071249
v1,ce_nd_0.5,factorial,0.0,0.5,0.5,0.0,0.5,0.5,0,Krakencoder,cl_kraken_v1_ce_nd_0.5,0,Glasser,FC->SC,1500,0.5093169212341309,0.9298489093780518,1.0,1.0,0.00449016410857439,0.004490143526345492,0.9094487428665161,57.82996597290039,-0.3503145217895508,0.11415500938892365,0.9158898591995239,0.8928056401217753,0.20253164556962025,0.005243467632681131,0.005275838542729616,0.910165011882782,57.89886474609375,1.0970325469970703,0.11467807739973068,0.914590060710907,0.8839973701512163,0.11794871794871795,0.005462256260216236
v1,ce_nd_0.5,factorial,0.0,0.5,0.5,0.0,0.5,0.5,0,Krakencoder,cl_kraken_v1_ce_nd_0.5,0,Glasser,SC->FC,2000,0.5224654078483582,0.8683722615242004,0.9996612996233566,0.9458272327964861,0.01102815754711628,0.01100402269512415,0.8902876615524292,52.41841583251953,-0.27055511474609373,0.06227613240480423,0.8261412382125854,0.6728088447364204,0.06329113924050633,0.014716885052621365,0.014711829833686352,0.8964109420776367,52.045745849609375,3.768207550048828,0.08306490629911423,0.8360520005226135,0.7369625246548324,0.02564102564102564,0.013553434051573277
v1,ce_nd_0.5,factorial,0.0,0.5,0.5,0.0,0.5,0.5,0,Krakencoder,cl_kraken_v1_ce_nd_0.5,0,Glasser,FC->SC,2000,0.514346182346344,0.9300944805145264,1.0,1.0,0.004475578665733337,0.004476014152169227,0.9086686313152313,57.827558517456055,-0.3788400650024414,0.1155676320195198,0.9159297943115234,0.8963307162313732,0.22784810126582278,0.005241436418145895,0.005273137707263231,0.9094645977020264,57.8968391418457,1.0930156707763672,0.11558874696493149,0.9146069884300232,0.8834714003944774,0.12307692307692308,0.005460411310195923
v1,ce_nd_0.5,factorial,0.0,0.5,0.5,0.0,0.5,0.5,0,Krakencoder,cl_kraken_v1_ce_nd_0.5,1,Glasser,SC->FC,500,0.47295382618904114,0.8633623719215393,0.9998156440987891,0.9443631039531479,0.011500031687319279,0.011477263271808624,0.913966566324234,52.67919731140137,0.2801668167114258,0.07946193963289261,0.8340151906013489,0.7564492869732415,0.08860759493670886,0.013813631609082222,0.014066401869058609,0.9111109972000122,52.565086364746094,2.8721485137939453,0.0808183029294014,0.8274931907653809,0.7513477975016436,0.05641025641025641,0.014023971743881702
v1,ce_nd_0.5,factorial,0.0,0.5,0.5,0.0,0.5,0.5,0,Krakencoder,cl_kraken_v1_ce_nd_0.5,1,Glasser,FC->SC,500,0.4503574073314667,0.9270466566085815,0.9999871379603806,0.9912152269399708,0.004665398970246315,0.004664008924737573,0.9239230513572693,57.89320526123047,0.016735649108886717,0.11347632110118866,0.916077733039856,0.8934465630507932,0.22784810126582278,0.0053283232264220715,0.005375288426876068,0.9255138635635376,57.88783264160156,1.042806625366211,0.10849066823720932,0.9137596487998962,0.8793688362919132,0.08717948717948718,0.005471815355122089
v1,ce_nd_0.5,factorial,0.0,0.5,0.5,0.0,0.5,0.5,0,Krakencoder,cl_kraken_v1_ce_nd_0.5,1,Glasser,SC->FC,1000,0.5131222009658813,0.868705689907074,0.9997213224749136,0.9560761346998536,0.011073029600083828,0.011052816081792117,0.8945104658603669,52.569461059570315,-0.1977924346923828,0.08064613491296768,0.833193838596344,0.7468354430379747,0.10126582278481013,0.013892623595893383,0.014156917110085487,0.8927668333053589,52.46078872680664,2.9997177124023438,0.07889259606599808,0.826413094997406,0.725733070348455,0.07692307692307693,0.014119203202426434
v1,ce_nd_0.5,factorial,0.0,0.5,0.5,0.0,0.5,0.5,0,Krakencoder,cl_kraken_v1_ce_nd_0.5,1,Glasser,FC->SC,1000,0.49805039167404175,0.9295358657836914,0.9999978563267301,0.9985358711566618,0.004510918166488409,0.004509572964161634,0.9112514793872833,57.856489181518555,-0.2998180389404297,0.1215975433588028,0.9161420464515686,0.9062650216311489,0.27848101265822783,0.0053209965117275715,0.0053673600777983665,0.9152899980545044,57.858585357666016,1.005849838256836,0.11435715109109879,0.9137377738952637,0.895069033530572,0.13333333333333333,0.005470148753374815
v1,ce_nd_0.5,factorial,0.0,0.5,0.5,0.0,0.5,0.5,0,Krakencoder,cl_kraken_v1_ce_nd_0.5,1,Glasser,SC->FC,1500,0.5206008553504944,0.8695540428161621,0.999753477573962,0.9619326500732065,0.011007489636540413,0.010985816083848476,0.8924694061279297,52.557670211791994,-0.28038959503173827,0.08252067863941193,0.8331956267356873,0.7522832879346258,0.0759493670886076,0.013889721594750881,0.014141281135380268,0.891420304775238,52.45264434814453,2.9948596954345703,0.07940153777599335,0.8263200521469116,0.7245759368836292,0.05641025641025641,0.014123713597655296
v1,ce_nd_0.5,factorial,0.0,0.5,0.5,0.0,0.5,0.5,0,Krakencoder,cl_kraken_v1_ce_nd_0.5,1,Glasser,FC->SC,1500,0.5103380084037781,0.9301194548606873,0.9999978563267301,0.9985358711566618,0.004475013352930546,0.004473636811599136,0.9093287050724029,57.85126647949219,-0.37134838104248047,0.120644710958004,0.916080892086029,0.9061047908988944,0.24050632911392406,0.005325154401361942,0.005370564293116331,0.9135997891426086,57.85377883911133,1.0175418853759766,0.11521418392658234,0.9137238264083862,0.8964628533859303,0.14358974358974358,0.00547013571485877
v1,ce_nd_0.5,factorial,0.0,0.5,0.5,0.0,0.5,0.5,0,Krakencoder,cl_kraken_v1_ce_nd_0.5,1,Glasser,SC->FC,2000,0.5232651829719543,0.8698218464851379,0.9997513339006922,0.9604685212298683,0.010989001020789146,0.010968004073947667,0.8922701835632324,52.555562591552736,-0.30313949584960936,0.07918217033147812,0.8329848051071167,0.7445922127864124,0.0759493670886076,0.013910899870097637,0.014165892265737057,0.8908607959747314,52.450096130371094,3.013650894165039,0.0807042270898819,0.8263967037200928,0.729388560157791,0.06153846153846154,0.014116941951215267
v1,ce_nd_0.5,factorial,0.0,0.5,0.5,0.0,0.5,0.5,0,Krakencoder,cl_kraken_v1_ce_nd_0.5,1,Glasser,FC->SC,2000,0.5148707032203674,0.9303414821624756,0.9999978563267301,0.9985358711566618,0.004461758770048618,0.004460574453696608,0.9087064445018769,57.849072265625,-0.3989128112792969,0.12258286774158478,0.9161385893821716,0.9093094055439833,0.27848101265822783,0.005320938769727945,0.005362721625715494,0.913077175617218,57.853641510009766,1.0054149627685547,0.11498982459306717,0.9137141108512878,0.8966469428007889,0.13333333333333333,0.005471000913530588
v1,ce_nd_0.5,factorial,0.0,0.5,0.5,0.0,0.5,0.5,0,Krakencoder,cl_kraken_v1_ce_nd_0.5,2,Glasser,SC->FC,500,0.4655413329601288,0.8612799644470215,0.9996227135044985,0.9472913616398243,0.011663884855806828,0.011655859649181366,0.914988762140274,52.56704559326172,0.43544368743896483,0.07571812719106674,0.8351355195045471,0.7341772151898734,0.08860759493670886,0.013034247793257236,0.013180650770664215,0.9058099985122681,52.4300537109375,2.633638381958008,0.0834035724401474,0.8337771892547607,0.7700197238658777,0.041025641025641026,0.01386039238423109
v1,ce_nd_0.5,factorial,0.0,0.5,0.5,0.0,0.5,0.5,0,Krakencoder,cl_kraken_v1_ce_nd_0.5,2,Glasser,FC->SC,500,0.4500041604042053,0.9269060492515564,0.9999892816336505,0.9926793557833089,0.004651529714465141,0.004659197758883238,0.9242668926715851,57.88213920593262,0.01896533966064453,0.12088057398796082,0.9152038097381592,0.8929658708540298,0.16455696202531644,0.005665035452693701,0.005598431918770075,0.926045298576355,57.86271286010742,1.4863109588623047,0.11000364273786545,0.9147508144378662,0.8951742274819198,0.1282051282051282,0.005389717873185873
v1,ce_nd_0.5,factorial,0.0,0.5,0.5,0.0,0.5,0.5,0,Krakencoder,cl_kraken_v1_ce_nd_0.5,2,Glasser,SC->FC,1000,0.5068730115890503,0.8666574954986572,0.9991296686524227,0.9209370424597365,0.01123654842376709,0.011231346428394318,0.8963020801544189,52.46080207824707,-0.036388587951660153,0.07428039610385895,0.8340920805931091,0.7187950648934466,0.06329113924050633,0.013132907450199127,0.013264002278447151,0.8861718773841858,52.33047103881836,2.724210739135742,0.08468708395957947,0.8329643607139587,0.7486127547666009,0.03076923076923077,0.013927939347922802
v1,ce_nd_0.5,factorial,0.0,0.5,0.5,0.0,0.5,0.5,0,Krakencoder,cl_kraken_v1_ce_nd_0.5,2,Glasser,FC->SC,1000,0.49752411246299744,0.9293834567070007,0.9999957126534602,0.9970717423133236,0.004499560687690973,0.004507739003747702,0.9119212090969085,57.845293045043945,-0.2894451141357422,0.1227409765124321,0.9150588512420654,0.8958500240346099,0.17721518987341772,0.005670723970979452,0.00560161704197526,0.9166954755783081,57.83392333984375,1.4692020416259766,0.11343798786401749,0.914655327796936,0.9003024326101249,0.14871794871794872,0.005393809173256159
v1,ce_nd_0.5,factorial,0.0,0.5,0.5,0.0,0.5,0.5,0,Krakencoder,cl_kraken_v1_ce_nd_0.5,2,Glasser,SC->FC,1500,0.5148974657058716,0.8677573800086975,0.9991682547712808,0.9150805270863837,0.011152372695505619,0.011146020703017711,0.8930474102497101,52.440514373779294,-0.1270296096801758,0.07354849576950073,0.833769679069519,0.7090209902259252,0.0759493670886076,0.01315221842378378,0.013280706480145454,0.8825855255126953,52.30907440185547,2.754688262939453,0.0864618569612503,0.8329181671142578,0.7489809335963182,0.03076923076923077,0.013928123749792576
v1,ce_nd_0.5,factorial,0.0,0.5,0.5,0.0,0.5,0.5,0,Krakencoder,cl_kraken_v1_ce_nd_0.5,2,Glasser,FC->SC,1500,0.509118914604187,0.9299451112747192,0.9999957126534602,0.9970717423133236,0.0044654435478150845,0.004473275225609541,0.9100323796272278,57.83989944458008,-0.35922489166259763,0.1254531592130661,0.9151360988616943,0.8968114084281364,0.189873417721519,0.005666726268827915,0.005597121547907591,0.9152728915214539,57.831634521484375,1.4641571044921875,0.11360637843608856,0.9146271347999573,0.9012491781722551,0.13846153846153847,0.005395626649260521
v1,ce_nd_0.5,factorial,0.0,0.5,0.5,0.0,0.5,0.5,0,Krakencoder,cl_kraken_v1_ce_nd_0.5,2,Glasser,SC->FC,2000,0.5177136063575745,0.8680316209793091,0.9990139102958483,0.9106881405563689,0.011129147373139858,0.011121873371303081,0.8925642549991608,52.438311386108396,-0.1551959991455078,0.0701177790760994,0.8335304856300354,0.698125300432623,0.0759493670886076,0.013172874227166176,0.013298789970576763,0.8828138709068298,52.31189727783203,2.777780532836914,0.08500231057405472,0.8328391313552856,0.7454043392504931,0.041025641025641026,0.013938439078629017
v1,ce_nd_0.5,factorial,0.0,0.5,0.5,0.0,0.5,0.5,0,Krakencoder,cl_kraken_v1_ce_nd_0.5,2,Glasser,FC->SC,2000,0.5138711333274841,0.9301835298538208,0.9999978563267301,0.9985358711566618,0.004450774751603603,0.0044585554394871,0.90916907787323,57.83709564208984,-0.38970050811767576,0.12431611865758896,0.9150845408439636,0.8928056401217753,0.1518987341772152,0.005670404061675072,0.005597480107098818,0.9144459962844849,57.82807159423828,1.4596424102783203,0.11401545256376266,0.9146242737770081,0.9017488494411572,0.1282051282051282,0.0053947437554597855
v1,ce_nd_0.5,factorial,0.0,0.5,0.5,0.0,0.5,0.5,0,Krakencoder,cl_kraken_v1_ce_nd_0.5,3,Glasser,SC->FC,500,0.47002172470092773,0.8628690242767334,0.9997298971679932,0.9341142020497804,0.011579613201320171,0.01157948635518551,0.9130716621875763,52.62395324707031,0.41814517974853516,0.07719402760267258,0.8300159573554993,0.701009453613203,0.10126582278481013,0.013994981534779072,0.013824857771396637,0.9081701636314392,52.44182586669922,3.118854522705078,0.08447349071502686,0.8312000036239624,0.7394608809993426,0.035897435897435895,0.013626020401716232
v1,ce_nd_0.5,factorial,0.0,0.5,0.5,0.0,0.5,0.5,0,Krakencoder,cl_kraken_v1_ce_nd_0.5,3,Glasser,FC->SC,500,0.45046770572662354,0.9270948767662048,0.9999871379603806,0.9912152269399708,0.004658958408981562,0.004660418070852756,0.924278736114502,57.89844932556152,0.02385234832763672,0.10857418179512024,0.9147441983222961,0.8501842653420926,0.25316455696202533,0.005309623666107655,0.0053281462751328945,0.9231898784637451,57.861629486083984,1.1496028900146484,0.11405958235263824,0.9142124056816101,0.8852071005917159,0.12307692307692308,0.0054978374391794205
v1,ce_nd_0.5,factorial,0.0,0.5,0.5,0.0,0.5,0.5,0,Krakencoder,cl_kraken_v1_ce_nd_0.5,3,Glasser,SC->FC,1000,0.5097137689590454,0.8681701421737671,0.999674161662976,0.9326500732064422,0.01115930825471878,0.011157527379691601,0.8941935718059539,52.51619758605957,-0.06545696258544922,0.07908571511507034,0.8291385769844055,0.6878705335683384,0.05063291139240506,0.014060270972549915,0.013896198011934757,0.8895725011825562,52.34081268310547,3.2066192626953125,0.08724656701087952,0.8304141163825989,0.725207100591716,0.041025641025641026,0.013685471378266811
v1,ce_nd_0.5,factorial,0.0,0.5,0.5,0.0,0.5,0.5,0,Krakencoder,cl_kraken_v1_ce_nd_0.5,3,Glasser,FC->SC,1000,0.4985886812210083,0.929609477519989,0.9999935689801903,0.9956076134699854,0.0045024072751402855,0.0045036942232400175,0.9111522853374481,57.86054916381836,-0.2940675735473633,0.11679866909980774,0.9147904515266418,0.8705335683384073,0.27848101265822783,0.005303212907165289,0.005323289893567562,0.9125381112098694,57.8314208984375,1.1243209838867188,0.11953912675380707,0.9141850471496582,0.899697567389875,0.14871794871794872,0.005496485158801079
v1,ce_nd_0.5,factorial,0.0,0.5,0.5,0.0,0.5,0.5,0,Krakencoder,cl_kraken_v1_ce_nd_0.5,3,Glasser,SC->FC,1500,0.5173578262329102,0.8690250515937805,0.9997513339006922,0.9385065885797951,0.011093465611338615,0.01109097469598055,0.8923277854919434,52.505103302001956,-0.1502531051635742,0.07850808650255203,0.8289709687232971,0.6849863803877583,0.06329113924050633,0.014074510894715786,0.013910532929003239,0.8880014419555664,52.33662796020508,3.2334327697753906,0.08995325863361359,0.8305690884590149,0.7331755424063117,0.03076923076923077,0.013674387708306313
v1,ce_nd_0.5,factorial,0.0,0.5,0.5,0.0,0.5,0.5,0,Krakencoder,cl_kraken_v1_ce_nd_0.5,3,Glasser,FC->SC,1500,0.5107899904251099,0.9301891922950745,0.9999978563267301,0.9985358711566618,0.004467518534511328,0.004468641057610512,0.9093558669090271,57.854919815063475,-0.36567249298095705,0.11964741349220276,0.9148681163787842,0.874379105912514,0.26582278481012656,0.005298037547618151,0.005317477509379387,0.9118838310241699,57.830753326416016,1.1194038391113281,0.1197044849395752,0.9141557812690735,0.8989612097304405,0.15384615384615385,0.00549829937517643
v1,ce_nd_0.5,factorial,0.0,0.5,0.5,0.0,0.5,0.5,0,Krakencoder,cl_kraken_v1_ce_nd_0.5,3,Glasser,SC->FC,2000,0.5203427672386169,0.8693280816078186,0.9997277534947233,0.9355783308931186,0.011069047264754772,0.01106791002675891,0.8918290257453918,52.50233497619629,-0.17745647430419922,0.08082938939332962,0.8291552662849426,0.6939593013940073,0.06329113924050633,0.014056192710995674,0.013890965841710567,0.8881063461303711,52.33225631713867,3.2071151733398438,0.08933404833078384,0.8304438591003418,0.7323339907955293,0.046153846153846156,0.013683018274605274
v1,ce_nd_0.5,factorial,0.0,0.5,0.5,0.0,0.5,0.5,0,Krakencoder,cl_kraken_v1_ce_nd_0.5,3,Glasser,FC->SC,2000,0.5155952572822571,0.9304341077804565,0.9999978563267301,0.9985358711566618,0.004452355206012726,0.00445360979065299,0.9083005964756012,57.851949310302736,-0.3961198806762695,0.12219185382127762,0.9149534702301025,0.8827111039897453,0.25316455696202533,0.005293192341923714,0.0053125545382499695,0.9110995531082153,57.828617095947266,1.1090412139892578,0.12185447663068771,0.9142248630523682,0.9050361604207758,0.14871794871794872,0.005493765231221914
v1,ce_nd_0.5,factorial,0.0,0.5,0.5,0.0,0.5,0.5,0,Krakencoder,cl_kraken_v1_ce_nd_0.5,4,Glasser,SC->FC,500,0.4677664637565613,0.8612624406814575,0.9996141388114189,0.9385065885797951,0.011504794470965862,0.011499373707920313,0.9150665700435638,52.54118003845215,0.42261581420898436,0.07593680918216705,0.8305467963218689,0.7431501361961224,0.10126582278481013,0.01433994434773922,0.014429702423512936,0.9172317981719971,52.247745513916016,3.0287303924560547,0.0849505141377449,0.8361893892288208,0.7745956607495069,0.046153846153846156,0.013914961367845535
v1,ce_nd_0.5,factorial,0.0,0.5,0.5,0.0,0.5,0.5,0,Krakencoder,cl_kraken_v1_ce_nd_0.5,4,Glasser,FC->SC,500,0.4503476917743683,0.9268428683280945,0.9999849942871107,0.9897510980966325,0.004692388232797384,0.004696263233199716,0.923647403717041,57.87585983276367,0.04741458892822266,0.11592964828014374,0.9153177738189697,0.8953693318378465,0.25316455696202533,0.0053480821661651134,0.005327785387635231,0.9223046898841858,57.901695251464844,1.2828235626220703,0.11303187906742096,0.9150689244270325,0.890940170940171,0.14871794871794872,0.005336366593837738
v1,ce_nd_0.5,factorial,0.0,0.5,0.5,0.0,0.5,0.5,0,Krakencoder,cl_kraken_v1_ce_nd_0.5,4,Glasser,SC->FC,1000,0.5088163018226624,0.8667301535606384,0.9995476849400522,0.9443631039531479,0.011078163050115108,0.011073145736008882,0.8958215057849884,52.429565048217775,-0.05697154998779297,0.08403924107551575,0.8301504850387573,0.7346579073866367,0.11392405063291139,0.01435741875320673,0.014441517181694508,0.9002535939216614,52.144954681396484,3.047517776489258,0.08838728815317154,0.8354507684707642,0.7581854043392505,0.08717948717948718,0.013970550149679184
v1,ce_nd_0.5,factorial,0.0,0.5,0.5,0.0,0.5,0.5,0,Krakencoder,cl_kraken_v1_ce_nd_0.5,4,Glasser,FC->SC,1000,0.497234970331192,0.9292926788330078,0.9999914253069204,0.9941434846266471,0.004540890920907259,0.0045451429206877945,0.9113312005996704,57.83974609375,-0.26390323638916013,0.12284315377473831,0.9153599739074707,0.912033327992309,0.3291139240506329,0.005342946853488684,0.005321873817592859,0.9128366112709045,57.87382888793945,1.2372283935546875,0.11795657873153687,0.9150093197822571,0.9065351742274819,0.15897435897435896,0.005337338428944349
v1,ce_nd_0.5,factorial,0.0,0.5,0.5,0.0,0.5,0.5,0,Krakencoder,cl_kraken_v1_ce_nd_0.5,4,Glasser,SC->FC,1500,0.5170148015022278,0.8677588701248169,0.9995819837123705,0.9399707174231332,0.010998046025633812,0.010992055851966142,0.8928282678127288,52.41266784667969,-0.14635257720947265,0.08383819460868835,0.8300146460533142,0.7311328312770389,0.08860759493670886,0.014367741532623768,0.014452079311013222,0.8978458046913147,52.130916595458984,3.065427780151367,0.0881982073187828,0.8352690935134888,0.7514792899408285,0.08205128205128205,0.013982092961668968
v1,ce_nd_0.5,factorial,0.0,0.5,0.5,0.0,0.5,0.5,0,Krakencoder,cl_kraken_v1_ce_nd_0.5,4,Glasser,FC->SC,1500,0.5092997550964355,0.9298781752586365,0.9999978563267301,0.9985358711566618,0.004505114164203405,0.0045096568763256075,0.9093972086906433,57.83385009765625,-0.3330648422241211,0.12487512826919556,0.9154104590415955,0.9182823265502323,0.3291139240506329,0.0053400942124426365,0.0053159683011472225,0.911374568939209,57.870967864990234,1.2280921936035156,0.12040047347545624,0.915073812007904,0.9141354372123602,0.15897435897435896,0.0053335255943238735
v1,ce_nd_0.5,factorial,0.0,0.5,0.5,0.0,0.5,0.5,0,Krakencoder,cl_kraken_v1_ce_nd_0.5,4,Glasser,SC->FC,2000,0.5196897983551025,0.8680166006088257,0.9996012767717996,0.9428989751098097,0.010976956225931644,0.010969782527536154,0.8926223754882813,52.411567306518556,-0.16958274841308593,0.08521758019924164,0.8301416635513306,0.7320942156705657,0.08860759493670886,0.014355541206896305,0.0144351152703166,0.8978889584541321,52.13162612915039,3.055654525756836,0.08887244015932083,0.8352930545806885,0.7513740959894806,0.08717948717948718,0.013980772346258163
v1,ce_nd_0.5,factorial,0.0,0.5,0.5,0.0,0.5,0.5,0,Krakencoder,cl_kraken_v1_ce_nd_0.5,4,Glasser,FC->SC,2000,0.5137671828269958,0.930098831653595,0.9999957126534602,0.9970717423133236,0.004491835366934538,0.00449600387364626,0.908666980266571,57.831753158569335,-0.36134586334228513,0.12415813654661179,0.9153672456741333,0.9165197884954335,0.27848101265822783,0.005342640448361635,0.00531981885433197,0.9108792543411255,57.86946487426758,1.2323684692382812,0.12148856371641159,0.9150965213775635,0.9154766600920448,0.1641025641025641,0.005331171210855246
v1,all_0.5,factorial,0.5,0.5,0.5,4.6,0.5,0.5,0,Krakencoder,cl_kraken_v1_all_0.5,0,Glasser,SC->FC,500,0.489070326089859,0.8765465021133423,0.9995198171875436,0.9414348462664714,0.010299715213477612,0.01028078244999051,0.5976533234119416,50.66439361572266,-2.2599878311157227,0.06175963580608368,0.8046345710754395,0.6415638519468034,0.0379746835443038,0.016612904146313667,0.016582617536187172,0.6120539307594299,50.31439208984375,4.0904541015625,0.08511742204427719,0.8148791790008545,0.7003287310979618,0.05641025641025641,0.015309634618461132
v1,all_0.5,factorial,0.5,0.5,0.5,4.6,0.5,0.5,0,Krakencoder,cl_kraken_v1_all_0.5,0,Glasser,FC->SC,500,0.4700646698474884,0.9336248636245728,0.9999935689801903,0.9956076134699854,0.004209892824292183,0.0042093511205166575,0.6219877302646637,56.95556106567383,-1.813909149169922,0.12164586782455444,0.9068508744239807,0.8798269508091652,0.11392405063291139,0.005779688246548176,0.00580231798812747,0.6099088191986084,57.01095962524414,1.0120372772216797,0.12114550918340683,0.9054521322250366,0.8620907297830375,0.1076923076923077,0.005999519024044275
v1,all_0.5,factorial,0.5,0.5,0.5,4.6,0.5,0.5,0,Krakencoder,cl_kraken_v1_all_0.5,0,Glasser,SC->FC,1000,0.5167371034622192,0.8812529444694519,0.9995069551479242,0.9502196193265008,0.009927831590175629,0.009912480879575015,0.5960738062858582,50.66554183959961,-2.6632129669189455,0.06195997819304466,0.8054138422012329,0.6406024675532767,0.06329113924050633,0.01656336896121502,0.016538213938474655,0.615757405757904,50.34436798095703,4.152072906494141,0.08234284073114395,0.8151007294654846,0.6953057199211046,0.06153846153846154,0.015310639515519142
v1,all_0.5,factorial,0.5,0.5,0.5,4.6,0.5,0.5,0,Krakencoder,cl_kraken_v1_all_0.5,0,Glasser,FC->SC,1000,0.5114092826843262,0.9369553923606873,0.9999978563267301,0.9985358711566618,0.004005795810371637,0.004005231661722064,0.6232911825180054,56.95934867858887,-2.1987114906311036,0.1282511055469513,0.907809317111969,0.8948886396410831,0.189873417721519,0.005721451714634895,0.005752294324338436,0.6231541037559509,57.05365753173828,0.9805183410644531,0.12588849663734436,0.9062007069587708,0.8766600920447074,0.12307692307692308,0.00595172680914402
v1,all_0.5,factorial,0.5,0.5,0.5,4.6,0.5,0.5,0,Krakencoder,cl_kraken_v1_all_0.5,0,Glasser,SC->FC,1500,0.5211876034736633,0.882039487361908,0.9995348229004328,0.9531478770131772,0.009867892600595951,0.009850467275828122,0.5958498060703278,50.6660888671875,-2.736852836608887,0.06101464480161667,0.8056529760360718,0.6393206216952412,0.05063291139240506,0.016558023169636726,0.016533615067601204,0.6179209351539612,50.359798431396484,4.181598663330078,0.08311746269464493,0.8152121305465698,0.6974621959237344,0.041025641025641026,0.015300984494388103
v1,all_0.5,factorial,0.5,0.5,0.5,4.6,0.5,0.5,0,Krakencoder,cl_kraken_v1_all_0.5,0,Glasser,FC->SC,1500,0.5187944173812866,0.9375484585762024,0.9999978563267301,0.9985358711566618,0.003969891462475061,0.003968978533521295,0.6252023279666901,56.96572341918945,-2.266461944580078,0.12841054797172546,0.9079565405845642,0.8920044864605031,0.1518987341772152,0.005711848847568035,0.005741623230278492,0.627449631690979,57.069786071777344,0.9858684539794922,0.1254025399684906,0.9063585996627808,0.8766600920447074,0.11794871794871795,0.005940861068665981
v1,all_0.5,factorial,0.5,0.5,0.5,4.6,0.5,0.5,0,Krakencoder,cl_kraken_v1_all_0.5,0,Glasser,SC->FC,2000,0.5231757760047913,0.8823521137237549,0.9995798400391006,0.95900439238653,0.009843677282333374,0.009825818240642548,0.59665367603302,50.66496238708496,-2.765407752990723,0.061971839517354965,0.8054133057594299,0.6423650056080756,0.05063291139240506,0.0165623240172863,0.016529010608792305,0.6179887056350708,50.35077667236328,4.167530059814453,0.08290530741214752,0.8151676058769226,0.6958053911900066,0.035897435897435895,0.015297774225473404
v1,all_0.5,factorial,0.5,0.5,0.5,4.6,0.5,0.5,0,Krakencoder,cl_kraken_v1_all_0.5,0,Glasser,FC->SC,2000,0.5214501619338989,0.9377596974372864,1.0,1.0,0.003957656212151051,0.003956565330736339,0.6251251518726348,56.96325340270996,-2.288922882080078,0.1289421170949936,0.9079945087432861,0.895529562570101,0.13924050632911392,0.005706713534891605,0.005736013408750296,0.6285267472267151,57.06655502319336,0.9821815490722656,0.12562884390354156,0.9063478112220764,0.8765023011176858,0.11282051282051282,0.005940611008554697
v1,all_0.5,factorial,0.5,0.5,0.5,4.6,0.5,0.5,0,Krakencoder,cl_kraken_v1_all_0.5,1,Glasser,SC->FC,500,0.4902536869049072,0.8778623938560486,0.9995155298410038,0.9472913616398243,0.010265132412314415,0.010254281852394343,0.6042719781398773,50.8572338104248,-2.365009880065918,0.08373656868934631,0.8130642771720886,0.717513219035411,0.08860759493670886,0.015672171488404274,0.015941185876727104,0.5970519781112671,50.69042205810547,3.3697452545166016,0.08197863399982452,0.8061910271644592,0.7031689677843524,0.05641025641025641,0.015853961929678917
v1,all_0.5,factorial,0.5,0.5,0.5,4.6,0.5,0.5,0,Krakencoder,cl_kraken_v1_all_0.5,1,Glasser,FC->SC,500,0.47066304087638855,0.9338861703872681,0.9999914253069204,0.9941434846266471,0.004195208195596933,0.004192653903737664,0.6223520159721374,56.98430862426758,-1.8301227569580079,0.12773562967777252,0.9075624346733093,0.8891203332799231,0.22784810126582278,0.005815204232931137,0.005855914205312729,0.6331297159194946,57.01744079589844,0.9156608581542969,0.1226816400885582,0.9047876596450806,0.884181459566075,0.11794871794871795,0.005995589308440685
v1,all_0.5,factorial,0.5,0.5,0.5,4.6,0.5,0.5,0,Krakencoder,cl_kraken_v1_all_0.5,1,Glasser,SC->FC,1000,0.5181965827941895,0.8826366066932678,0.9994319265834779,0.9575402635431918,0.00988814514130354,0.009879025258123874,0.6020570874214173,50.848200988769534,-2.723170280456543,0.08256379514932632,0.8133300542831421,0.7022912994712386,0.0759493670886076,0.015662549063563347,0.015969404950737953,0.6004443764686584,50.714115142822266,3.5615501403808594,0.07920428365468979,0.8062523603439331,0.6876265614727153,0.046153846153846156,0.015866976231336594
v1,all_0.5,factorial,0.5,0.5,0.5,4.6,0.5,0.5,0,Krakencoder,cl_kraken_v1_all_0.5,1,Glasser,FC->SC,1000,0.5118836760520935,0.9372013211250305,0.9999978563267301,0.9985358711566618,0.003992174286395311,0.0039907739032059904,0.624447476863861,56.99116325378418,-2.2146621704101563,0.13411730527877808,0.9084653258323669,0.901297868931261,0.24050632911392406,0.005758453626185656,0.005802506115287542,0.643153965473175,57.050655364990234,0.8842887878417969,0.12625908851623535,0.9056316614151001,0.8902038132807364,0.14358974358974358,0.0059446003288030624
v1,all_0.5,factorial,0.5,0.5,0.5,4.6,0.5,0.5,0,Krakencoder,cl_kraken_v1_all_0.5,1,Glasser,SC->FC,1500,0.5230298042297363,0.8834436535835266,0.999451219642907,0.95900439238653,0.009825489483773708,0.009815260488539933,0.6030108511447907,50.85772972106933,-2.795919418334961,0.08483064919710159,0.8137099742889404,0.708219836564653,0.06329113924050633,0.015625659376382828,0.015916580334305763,0.6032774448394775,50.73044204711914,3.522480010986328,0.07979825139045715,0.8066157698631287,0.687284681130835,0.046153846153846156,0.01583021506667137
v1,all_0.5,factorial,0.5,0.5,0.5,4.6,0.5,0.5,0,Krakencoder,cl_kraken_v1_all_0.5,1,Glasser,FC->SC,1500,0.5190723538398743,0.9377787113189697,0.9999978563267301,0.9985358711566618,0.003957401495426893,0.003956031100824475,0.6251029551029206,56.991952896118164,-2.286499786376953,0.1337134838104248,0.9084346890449524,0.9033808684505689,0.24050632911392406,0.005762623623013496,0.005804833956062794,0.6431821584701538,57.048641204833984,0.8994312286376953,0.125812366604805,0.9056594967842102,0.8868113083497698,0.11794871794871795,0.005941659212112427
v1,all_0.5,factorial,0.5,0.5,0.5,4.6,0.5,0.5,0,Krakencoder,cl_kraken_v1_all_0.5,1,Glasser,SC->FC,2000,0.5247769951820374,0.8837427496910095,0.9994169208705886,0.9560761346998536,0.009803690016269684,0.00979594299569726,0.6027572214603424,50.852516174316406,-2.817022514343262,0.08373500406742096,0.8134843111038208,0.7046947604550553,0.0759493670886076,0.015661785379052162,0.015964673832058907,0.5997816920280457,50.716896057128906,3.5471725463867188,0.07933185249567032,0.8064452409744263,0.6873109796186719,0.046153846153846156,0.015842370688915253
v1,all_0.5,factorial,0.5,0.5,0.5,4.6,0.5,0.5,0,Krakencoder,cl_kraken_v1_all_0.5,1,Glasser,FC->SC,2000,0.5215080380439758,0.9379832744598389,0.9999978563267301,0.9985358711566618,0.003945009782910347,0.003943996899761259,0.6256085395812988,56.993513107299805,-2.3120305061340334,0.13519835472106934,0.9085936546325684,0.9072264060246755,0.24050632911392406,0.005751668941229582,0.005791958887130022,0.6452029347419739,57.05344772338867,0.8812370300292969,0.12547674775123596,0.9056531190872192,0.8879158448389217,0.12307692307692308,0.00594260124489665
v1,all_0.5,factorial,0.5,0.5,0.5,4.6,0.5,0.5,0,Krakencoder,cl_kraken_v1_all_0.5,2,Glasser,SC->FC,500,0.48306965827941895,0.8757537007331848,0.9972110810758668,0.9209370424597365,0.010448489338159561,0.010440299846231937,0.6024275362491608,50.71080780029297,-2.1576536178588865,0.07775180786848068,0.8120468854904175,0.6803396891523794,0.05063291139240506,0.015059097670018673,0.015160713344812393,0.5631672739982605,50.53801727294922,3.2439727783203125,0.09254398941993713,0.8139922022819519,0.7196318211702827,0.035897435897435895,0.015536388382315636
v1,all_0.5,factorial,0.5,0.5,0.5,4.6,0.5,0.5,0,Krakencoder,cl_kraken_v1_all_0.5,2,Glasser,FC->SC,500,0.4697120487689972,0.9336925745010376,0.9999892816336505,0.9926793557833089,0.004185241647064686,0.004194890893995762,0.6239211738109589,56.969173431396484,-1.8000062942504882,0.1389332264661789,0.9069215655326843,0.90738663675693,0.11392405063291139,0.006131140515208244,0.006048377137631178,0.6324635148048401,56.970794677734375,1.1142349243164062,0.12112810462713242,0.9056908488273621,0.8887310979618672,0.1794871794871795,0.005933387205004692
v1,all_0.5,factorial,0.5,0.5,0.5,4.6,0.5,0.5,0,Krakencoder,cl_kraken_v1_all_0.5,2,Glasser,SC->FC,1000,0.5121379494667053,0.8807013630867004,0.9970310125211955,0.9370424597364568,0.01005674246698618,0.010052444506436586,0.603199690580368,50.71332473754883,-2.5752492904663087,0.07351158559322357,0.8121346831321716,0.6639961544624259,0.06329113924050633,0.015038191340863705,0.015142101794481277,0.5719122290611267,50.58199691772461,3.3630905151367188,0.0927271693944931,0.8144876956939697,0.7121367521367521,0.035897435897435895,0.015488549135625362
v1,all_0.5,factorial,0.5,0.5,0.5,4.6,0.5,0.5,0,Krakencoder,cl_kraken_v1_all_0.5,2,Glasser,FC->SC,1000,0.5109735727310181,0.9370296001434326,0.9999957126534602,0.9970717423133236,0.00398255605250597,0.003991996101103723,0.6247032463550568,56.97108535766601,-2.181289005279541,0.13947764039039612,0.9073315262794495,0.8974523313571543,0.1518987341772152,0.006105768959969282,0.006018324289470911,0.6420714259147644,56.99840545654297,1.1277618408203125,0.12485188990831375,0.906385064125061,0.892991452991453,0.18974358974358974,0.005891548469662666
v1,all_0.5,factorial,0.5,0.5,0.5,4.6,0.5,0.5,0,Krakencoder,cl_kraken_v1_all_0.5,2,Glasser,SC->FC,1500,0.5172236561775208,0.8815757036209106,0.9970653112935138,0.9326500732064422,0.009989065118134022,0.00998225538060069,0.6032887756824493,50.70689315795899,-2.6453094482421875,0.0723390132188797,0.8120039105415344,0.6561448485819581,0.0759493670886076,0.015029245056211948,0.015123450197279453,0.5761705040931702,50.592735290527344,3.374237060546875,0.09120900183916092,0.8142294883728027,0.7081656804733728,0.041025641025641026,0.015505868010222912
v1,all_0.5,factorial,0.5,0.5,0.5,4.6,0.5,0.5,0,Krakencoder,cl_kraken_v1_all_0.5,2,Glasser,FC->SC,1500,0.5186764597892761,0.9376453161239624,0.9999957126534602,0.9970717423133236,0.0039458018727600574,0.003954352415166795,0.6262349128723145,56.974694061279294,-2.2526117324829102,0.14028139412403107,0.9075656533241272,0.90450248357635,0.16455696202531644,0.006092215422540903,0.006008262280374765,0.6464973092079163,57.010047912597656,1.1366806030273438,0.12495327740907669,0.906520664691925,0.8932281393819855,0.15897435897435896,0.00588286854326725
v1,all_0.5,factorial,0.5,0.5,0.5,4.6,0.5,0.5,0,Krakencoder,cl_kraken_v1_all_0.5,2,Glasser,SC->FC,2000,0.518787682056427,0.8818727731704712,0.9970460182340848,0.9355783308931186,0.009964547120034695,0.00995726278051734,0.6020626366138458,50.703047561645505,-2.6869903564453126,0.06905382126569748,0.8115680813789368,0.6470116968434545,0.0759493670886076,0.01506709959357977,0.015168292447924614,0.5773203372955322,50.60234451293945,3.420938491821289,0.09103125333786011,0.8141557574272156,0.705956607495069,0.035897435897435895,0.015512979589402676
v1,all_0.5,factorial,0.5,0.5,0.5,4.6,0.5,0.5,0,Krakencoder,cl_kraken_v1_all_0.5,2,Glasser,FC->SC,2000,0.5213353037834167,0.9378597140312195,0.9999957126534602,0.9970717423133236,0.003932312596589327,0.003941294667311013,0.6255288898944855,56.973791885375974,-2.2863162994384765,0.13971459865570068,0.9074676036834717,0.8987341772151899,0.16455696202531644,0.006098231766372919,0.006011159159243107,0.6445690989494324,57.00598907470703,1.14117431640625,0.12510815262794495,0.9065635204315186,0.895042735042735,0.1641025641025641,0.005880317185074091
v1,all_0.5,factorial,0.5,0.5,0.5,4.6,0.5,0.5,0,Krakencoder,cl_kraken_v1_all_0.5,3,Glasser,SC->FC,500,0.4860331416130066,0.8772101402282715,0.9991296686524227,0.9370424597364568,0.010366193950176239,0.010361569188535213,0.6020725846290589,50.77861442565918,-2.239487648010254,0.08480444550514221,0.8076279163360596,0.6627143086043903,0.0379746835443038,0.015889380127191544,0.01576736755669117,0.5776235461235046,50.55629348754883,3.5423622131347656,0.08902955800294876,0.8102736473083496,0.6969099276791584,0.05641025641025641,0.015444394201040268
v1,all_0.5,factorial,0.5,0.5,0.5,4.6,0.5,0.5,0,Krakencoder,cl_kraken_v1_all_0.5,3,Glasser,FC->SC,500,0.4719318747520447,0.9340032339096069,0.9999957126534602,0.9970717423133236,0.00418265862390399,0.004184240521863103,0.6233827233314514,56.989353561401366,-1.8406570434570313,0.12234839797019958,0.9056456089019775,0.8559525717032527,0.27848101265822783,0.005836476106196642,0.005860031582415104,0.6244889497756958,56.95357894897461,1.0748004913330078,0.1259518414735794,0.9054327607154846,0.8846022353714661,0.11282051282051282,0.006018053740262985
v1,all_0.5,factorial,0.5,0.5,0.5,4.6,0.5,0.5,0,Krakencoder,cl_kraken_v1_all_0.5,3,Glasser,SC->FC,1000,0.514171838760376,0.8819957375526428,0.9994169208705886,0.9546120058565154,0.009987425990402699,0.009983226656913757,0.6019138514995575,50.77870674133301,-2.6377536773681642,0.0797170102596283,0.8073257207870483,0.6422047748758212,0.06329113924050633,0.015890030190348625,0.015774667263031006,0.584033727645874,50.59477996826172,3.669605255126953,0.09188207983970642,0.8110834360122681,0.7008021038790269,0.035897435897435895,0.015368356369435787
v1,all_0.5,factorial,0.5,0.5,0.5,4.6,0.5,0.5,0,Krakencoder,cl_kraken_v1_all_0.5,3,Glasser,FC->SC,1000,0.5127077698707581,0.9372873306274414,1.0,1.0,0.003980912268161774,0.003983769821934402,0.6224555253982544,56.98899459838867,-2.2170316696166994,0.13015367090702057,0.9065303802490234,0.867168722961064,0.2911392405063291,0.005779125262051821,0.005805517081171274,0.6305286288261414,56.97246170043945,1.0533466339111328,0.13275332748889923,0.9064101576805115,0.8998816568047338,0.1282051282051282,0.005959109403192997
v1,all_0.5,factorial,0.5,0.5,0.5,4.6,0.5,0.5,0,Krakencoder,cl_kraken_v1_all_0.5,3,Glasser,SC->FC,1500,0.5189361572265625,0.8827876448631287,0.9994362139300177,0.9560761346998536,0.009925483725965023,0.00992123205214739,0.6028858602046967,50.78491706848145,-2.716477966308594,0.08226201683282852,0.8078711628913879,0.6478128505047268,0.06329113924050633,0.015848249197006226,0.01571863330900669,0.5858021974563599,50.615413665771484,3.632070541381836,0.09413281828165054,0.8116295337677002,0.7070611439842209,0.05128205128205128,0.015314015559852123
v1,all_0.5,factorial,0.5,0.5,0.5,4.6,0.5,0.5,0,Krakencoder,cl_kraken_v1_all_0.5,3,Glasser,FC->SC,1500,0.5199821591377258,0.9378683567047119,1.0,1.0,0.0039469157345592976,0.003948826692067087,0.6249267816543579,56.99221687316894,-2.2814826011657714,0.1334874927997589,0.90693199634552,0.8780644127543663,0.27848101265822783,0.005753063131123781,0.005778178572654724,0.6357672214508057,56.98775863647461,1.0329723358154297,0.13174574077129364,0.9064281582832336,0.8975673898750822,0.13846153846153847,0.005954836029559374
v1,all_0.5,factorial,0.5,0.5,0.5,4.6,0.5,0.5,0,Krakencoder,cl_kraken_v1_all_0.5,3,Glasser,SC->FC,2000,0.5205862522125244,0.8830448389053345,0.9995241045340834,0.9546120058565154,0.009903373196721077,0.009901433903723954,0.6039363324642182,50.79715232849121,-2.741120529174805,0.0832405537366867,0.8083810210227966,0.6542220797949047,0.06329113924050633,0.01581122912466526,0.0156874880194664,0.5899401307106018,50.639732360839844,3.5964393615722656,0.09311051666736603,0.8116530179977417,0.7050887573964497,0.046153846153846156,0.01531718298792839
v1,all_0.5,factorial,0.5,0.5,0.5,4.6,0.5,0.5,0,Krakencoder,cl_kraken_v1_all_0.5,3,Glasser,FC->SC,2000,0.5223989486694336,0.9380649328231812,1.0,1.0,0.00393476989120245,0.003937845909968018,0.6244180202484131,56.99108238220215,-2.3052194595336912,0.134712353348732,0.907014012336731,0.878705335683384,0.26582278481012656,0.005747536197304726,0.005771601106971502,0.6354168057441711,56.98771286010742,1.0250740051269531,0.13321590423583984,0.9065654873847961,0.8988560157790927,0.14358974358974358,0.0059468429535627365
v1,all_0.5,factorial,0.5,0.5,0.5,4.6,0.5,0.5,0,Krakencoder,cl_kraken_v1_all_0.5,4,Glasser,SC->FC,500,0.4859984517097473,0.8759440183639526,0.9993847657715401,0.9341142020497804,0.010280197486281395,0.010277671832591295,0.6087001681327819,50.694771957397464,-2.25140438079834,0.0830053836107254,0.8089781403541565,0.7034129145970197,0.06329113924050633,0.016082294285297394,0.01615850068628788,0.6203216910362244,50.385860443115234,3.2939281463623047,0.09175188094377518,0.8155940175056458,0.7263379355687047,0.05128205128205128,0.015582500025629997
v1,all_0.5,factorial,0.5,0.5,0.5,4.6,0.5,0.5,0,Krakencoder,cl_kraken_v1_all_0.5,4,Glasser,FC->SC,500,0.47289037704467773,0.9338167309761047,0.9999957126534602,0.9970717423133236,0.004210038110613823,0.00421551545150578,0.6218428492546082,56.96297073364258,-1.8361625671386719,0.13091877102851868,0.906524658203125,0.9017785611280243,0.3037974683544304,0.005871501751244068,0.005853243172168732,0.6151887774467468,56.97220993041992,0.9760665893554688,0.1265319287776947,0.9060196280479431,0.8939119000657462,0.09743589743589744,0.005869524087756872
v1,all_0.5,factorial,0.5,0.5,0.5,4.6,0.5,0.5,0,Krakencoder,cl_kraken_v1_all_0.5,4,Glasser,SC->FC,1000,0.5150713324546814,0.8808749914169312,0.9993290302665229,0.9399707174231332,0.009893524460494518,0.00989293996244669,0.6061178803443908,50.69206771850586,-2.62457218170166,0.08683689683675766,0.8102236390113831,0.6910751482134274,0.06329113924050633,0.015964290127158165,0.01604757271707058,0.6241641044616699,50.438846588134766,3.3316287994384766,0.09070993959903717,0.815869152545929,0.7100591715976332,0.06153846153846154,0.015576277859508991
v1,all_0.5,factorial,0.5,0.5,0.5,4.6,0.5,0.5,0,Krakencoder,cl_kraken_v1_all_0.5,4,Glasser,FC->SC,1000,0.5117619633674622,0.9369752407073975,0.9999978563267301,0.9985358711566618,0.004016447812318802,0.004021320817992091,0.6237201154232025,56.97111206054687,-2.1957390785217283,0.13431546092033386,0.9073116183280945,0.9054638679698767,0.3291139240506329,0.005824033636599779,0.005803910084068775,0.6293392181396484,57.02625274658203,0.9718265533447266,0.13205814361572266,0.9068688154220581,0.906482577251808,0.13846153846153847,0.0058169797994196415
v1,all_0.5,factorial,0.5,0.5,0.5,4.6,0.5,0.5,0,Krakencoder,cl_kraken_v1_all_0.5,4,Glasser,SC->FC,1500,0.5194581747055054,0.8816609382629395,0.9993290302665229,0.9428989751098097,0.009832155890762806,0.009832164272665977,0.6055023670196533,50.68596420288086,-2.681731414794922,0.08538573235273361,0.8100606799125671,0.6880307643005928,0.05063291139240506,0.01598440483212471,0.016050200909376144,0.6234601736068726,50.435638427734375,3.3485107421875,0.09070327877998352,0.8160393834114075,0.706482577251808,0.07179487179487179,0.015558898448944092
v1,all_0.5,factorial,0.5,0.5,0.5,4.6,0.5,0.5,0,Krakencoder,cl_kraken_v1_all_0.5,4,Glasser,FC->SC,1500,0.5188625454902649,0.9375544190406799,1.0,1.0,0.003981208428740501,0.003985576331615448,0.625407361984253,56.97475700378418,-2.262093734741211,0.13489064574241638,0.9075117707252502,0.9070661752924211,0.34177215189873417,0.005811610259115696,0.005786902271211147,0.6344128847122192,57.04335021972656,0.9621067047119141,0.1322827786207199,0.9070891737937927,0.9104536489151874,0.11794871794871795,0.005806082859635353
v1,all_0.5,factorial,0.5,0.5,0.5,4.6,0.5,0.5,0,Krakencoder,cl_kraken_v1_all_0.5,4,Glasser,SC->FC,2000,0.5211118459701538,0.8819347620010376,0.9993483233259519,0.9428989751098097,0.009809345938265324,0.009806943405419589,0.6044897019863129,50.682747268676756,-2.715683937072754,0.08696626871824265,0.8104068636894226,0.6896330716231374,0.05063291139240506,0.01595652662217617,0.016020948067307472,0.6240753531455994,50.442169189453125,3.304779052734375,0.0926244705915451,0.8160635232925415,0.7072189349112425,0.07692307692307693,0.015558158047497272
v1,all_0.5,factorial,0.5,0.5,0.5,4.6,0.5,0.5,0,Krakencoder,cl_kraken_v1_all_0.5,4,Glasser,FC->SC,2000,0.5212371349334717,0.9377487897872925,1.0,1.0,0.0039693028666079044,0.0039740189909935,0.6250914037227631,56.973635864257815,-2.286096954345703,0.13473708927631378,0.9074994921684265,0.9080275596859477,0.3291139240506329,0.0058118561282753944,0.005790791008621454,0.6349735856056213,57.044532775878906,0.9876461029052734,0.13426318764686584,0.9072036147117615,0.914792899408284,0.14358974358974358,0.00579677103087306
v1,vm_0.1,dose,0.1,0.0,0.0,0.9199999999999999,0.0,0.0,0,Krakencoder,cl_kraken_v1_vm_0.1,0,Glasser,SC->FC,500,0.48613715171813965,0.8750118017196655,0.9976376720565758,0.8960468521229868,0.010434812866151333,0.010416487138718367,0.693282526731491,51.305681991577146,-1.2530603408813477,0.054692402482032776,0.8127366900444031,0.6116007050152219,0.05063291139240506,0.015970498323440552,0.01594187505543232,0.7057592868804932,50.974822998046875,4.368223190307617,0.0808178260922432,0.8228880167007446,0.6698750821827746,0.041025641025641026,0.014660155400633812
v1,vm_0.1,dose,0.1,0.0,0.0,0.9199999999999999,0.0,0.0,0,Krakencoder,cl_kraken_v1_vm_0.1,0,Glasser,FC->SC,500,0.4723568856716156,0.9330760836601257,0.9999957126534602,0.9970717423133236,0.004246980883181095,0.00424636728130281,0.7288990259170532,57.31786575317383,-1.262693214416504,0.12970972061157227,0.9115636348724365,0.8799871815414196,0.17721518987341772,0.005490773823112249,0.0055131386034190655,0.7197322845458984,57.37974166870117,1.026601791381836,0.13019151985645294,0.9101279377937317,0.8680867850098619,0.09230769230769231,0.0057101477868855
v1,vm_0.1,dose,0.1,0.0,0.0,0.9199999999999999,0.0,0.0,0,Krakencoder,cl_kraken_v1_vm_0.1,0,Glasser,SC->FC,1000,0.5089941620826721,0.878279983997345,0.9983450842356412,0.91800878477306,0.010176029056310654,0.010159996245056391,0.6932679533958435,51.30919342041015,-1.5749223709106446,0.05590011551976204,0.8133429288864136,0.6116007050152219,0.05063291139240506,0.01591535285115242,0.015889815986156464,0.7104747295379639,50.999366760253906,4.356283187866211,0.07897770404815674,0.822991132736206,0.6719789612097304,0.06153846153846154,0.014665186405181885
v1,vm_0.1,dose,0.1,0.0,0.0,0.9199999999999999,0.0,0.0,0,Krakencoder,cl_kraken_v1_vm_0.1,0,Glasser,FC->SC,1000,0.5078347325325012,0.9354763031005859,1.0,1.0,0.004100887104868889,0.004099649703130126,0.727886039018631,57.31344032287598,-1.552928352355957,0.13495175540447235,0.9120558500289917,0.8913635635314854,0.189873417721519,0.005461159627884626,0.005491421092301607,0.7259968519210815,57.39714050292969,1.0160961151123047,0.1333683431148529,0.9104551672935486,0.8805785667324129,0.1076923076923077,0.00568970013409853
v1,vm_0.1,dose,0.1,0.0,0.0,0.9199999999999999,0.0,0.0,0,Krakencoder,cl_kraken_v1_vm_0.1,0,Glasser,SC->FC,1500,0.5133504271507263,0.8789470195770264,0.9984351185129767,0.9267935578330894,0.010125934146344662,0.010109033901244402,0.6928648173809051,51.30708770751953,-1.6372634887695312,0.05556214600801468,0.8135012984275818,0.6141643967312931,0.05063291139240506,0.01591118983924389,0.015884198248386383,0.7115788459777832,51.00340270996094,4.363649368286133,0.07972751557826996,0.8230187892913818,0.6749243918474688,0.041025641025641026,0.014659670181572437
v1,vm_0.1,dose,0.1,0.0,0.0,0.9199999999999999,0.0,0.0,0,Krakencoder,cl_kraken_v1_vm_0.1,0,Glasser,FC->SC,1500,0.5159763097763062,0.9360139966011047,1.0,1.0,0.004068293143063784,0.0040672147180885075,0.7289770722389222,57.31617126464844,-1.6160258293151855,0.136086568236351,0.9121931195259094,0.8932863323185387,0.189873417721519,0.005452021490782499,0.005482365842908621,0.7284380197525024,57.40456008911133,1.0099964141845703,0.13342635333538055,0.910566508769989,0.8832347140039447,0.1076923076923077,0.00568203954026103
v1,vm_0.1,dose,0.1,0.0,0.0,0.9199999999999999,0.0,0.0,0,Krakencoder,cl_kraken_v1_vm_0.1,0,Glasser,SC->FC,2000,0.5154080986976624,0.8792241811752319,0.9984158254535477,0.9297218155197657,0.010104537010192871,0.010086942464113235,0.6931274890899658,51.30520744323731,-1.6668216705322265,0.05808623880147934,0.813666045665741,0.6154462425893287,0.0379746835443038,0.015890302136540413,0.015848129987716675,0.7129129767417908,51.00831604003906,4.3334808349609375,0.07984478771686554,0.8230188488960266,0.6742143326758712,0.05641025641025641,0.0146550964564085
v1,vm_0.1,dose,0.1,0.0,0.0,0.9199999999999999,0.0,0.0,0,Krakencoder,cl_kraken_v1_vm_0.1,0,Glasser,FC->SC,2000,0.5189154744148254,0.9362164735794067,1.0,1.0,0.0040567172691226006,0.004055677354335785,0.728946739435196,57.314615631103514,-1.6383071899414063,0.13724324107170105,0.9122717380523682,0.8964909469636276,0.21518987341772153,0.005445947404950857,0.005476083140820265,0.7285782694816589,57.401546478271484,1.0009346008300781,0.13333924114704132,0.9105360507965088,0.8804470742932281,0.11794871794871795,0.005683111492544413
v1,vm_0.1,dose,0.1,0.0,0.0,0.9199999999999999,0.0,0.0,0,Krakencoder,cl_kraken_v1_vm_0.1,1,Glasser,SC->FC,500,0.48939892649650574,0.8765808343887329,0.9977727234725792,0.9092240117130308,0.010381263680756092,0.01036857720464468,0.7017589449882508,51.50208282470703,-1.3551702499389648,0.08593617379665375,0.8214268684387207,0.6813010735459061,0.0759493670886076,0.014981737360358238,0.015260374173521996,0.6948764324188232,51.33644485473633,3.6003971099853516,0.07942473888397217,0.8142690658569336,0.6731097961867192,0.05128205128205128,0.015180565416812897
v1,vm_0.1,dose,0.1,0.0,0.0,0.9199999999999999,0.0,0.0,0,Krakencoder,cl_kraken_v1_vm_0.1,1,Glasser,FC->SC,500,0.4733560085296631,0.9333621263504028,0.9999892816336505,0.9926793557833089,0.004230889491736889,0.004229271132498979,0.7295436024665832,57.34482078552246,-1.2835060119628907,0.13828420639038086,0.912202775478363,0.8966511776958821,0.21518987341772153,0.005533987656235695,0.005574220325797796,0.7380693554878235,57.37099075317383,0.9479255676269531,0.13207268714904785,0.9095837473869324,0.8904404996712689,0.1282051282051282,0.005700567737221718
v1,vm_0.1,dose,0.1,0.0,0.0,0.9199999999999999,0.0,0.0,0,Krakencoder,cl_kraken_v1_vm_0.1,1,Glasser,SC->FC,1000,0.5106154084205627,0.8796934485435486,0.9981671593542398,0.9267935578330894,0.010136114433407784,0.010124656464904546,0.6991898715496063,51.48485641479492,-1.6323171615600587,0.08321212232112885,0.821241557598114,0.6691235378945681,0.0759493670886076,0.01500917412340641,0.015315319411456585,0.6960284113883972,51.342124938964844,3.708211898803711,0.07633613049983978,0.814004123210907,0.6616436554898093,0.05128205128205128,0.01521882601082325
v1,vm_0.1,dose,0.1,0.0,0.0,0.9199999999999999,0.0,0.0,0,Krakencoder,cl_kraken_v1_vm_0.1,1,Glasser,FC->SC,1000,0.5080177783966064,0.9356974363327026,0.9999957126534602,0.9970717423133236,0.004088248126208782,0.004086898220703006,0.7287854611873626,57.342295455932614,-1.5704246520996095,0.14238661527633667,0.9125945568084717,0.9040217913795866,0.22784810126582278,0.005508400034159422,0.005550935864448547,0.741442859172821,57.37990951538086,0.9150028228759766,0.1341131031513214,0.9098939299583435,0.894543063773833,0.15384615384615385,0.005682466551661491
v1,vm_0.1,dose,0.1,0.0,0.0,0.9199999999999999,0.0,0.0,0,Krakencoder,cl_kraken_v1_vm_0.1,1,Glasser,SC->FC,1500,0.5155479907989502,0.8803715109825134,0.9983257911762121,0.9355783308931186,0.010083748959004879,0.010071383137255908,0.7002763211727142,51.49204597473145,-1.6949954986572267,0.085792675614357,0.8215243220329285,0.6771350745072905,0.06329113924050633,0.014971238560974598,0.01525968313217163,0.6992993950843811,51.35609436035156,3.6598682403564453,0.07693474739789963,0.8142575025558472,0.6629848783694938,0.041025641025641026,0.01518966257572174
v1,vm_0.1,dose,0.1,0.0,0.0,0.9199999999999999,0.0,0.0,0,Krakencoder,cl_kraken_v1_vm_0.1,1,Glasser,FC->SC,1500,0.5160722136497498,0.9362391829490662,0.9999957126534602,0.9970717423133236,0.004055988974869251,0.004054690431803465,0.7288098216056824,57.34138641357422,-1.636728000640869,0.1408853530883789,0.9124768376350403,0.9057843294343855,0.24050632911392406,0.005517865531146526,0.005558176897466183,0.7406560778617859,57.37507629394531,0.9334850311279297,0.13389571011066437,0.9098822474479675,0.8925180802103879,0.12307692307692308,0.005681640934199095
v1,vm_0.1,dose,0.1,0.0,0.0,0.9199999999999999,0.0,0.0,0,Krakencoder,cl_kraken_v1_vm_0.1,1,Glasser,SC->FC,2000,0.5174694061279297,0.8806686997413635,0.9983386532158315,0.9355783308931186,0.010063276626169682,0.010052671283483505,0.6999706268310547,51.4866943359375,-1.721598243713379,0.08308766037225723,0.8212180733680725,0.6715269988783849,0.0759493670886076,0.015014958567917347,0.015312853269279003,0.6964109539985657,51.34316635131836,3.6935386657714844,0.07680690288543701,0.8142072558403015,0.6636949375410914,0.06153846153846154,0.015194987878203392
v1,vm_0.1,dose,0.1,0.0,0.0,0.9199999999999999,0.0,0.0,0,Krakencoder,cl_kraken_v1_vm_0.1,1,Glasser,FC->SC,2000,0.518876850605011,0.936429500579834,0.9999978563267301,0.9985358711566618,0.004044486675411463,0.0040437629446387294,0.7292544305324554,57.34214820861816,-1.6624113082885743,0.14180104434490204,0.9125611782073975,0.9089889440794745,0.26582278481012656,0.00551120238378644,0.005548054818063974,0.7421920299530029,57.37913513183594,0.9232635498046875,0.13385680317878723,0.9098983407020569,0.8944115713346482,0.11794871794871795,0.005681368988007307
v1,vm_0.1,dose,0.1,0.0,0.0,0.9199999999999999,0.0,0.0,0,Krakencoder,cl_kraken_v1_vm_0.1,2,Glasser,SC->FC,500,0.4811907112598419,0.8744539618492126,0.994104898507789,0.87701317715959,0.01056453213095665,0.010552326682955027,0.7013514995574951,51.36400947570801,-1.17047119140625,0.07389187812805176,0.8204507231712341,0.6430059285370934,0.05063291139240506,0.014357767067849636,0.014448137953877449,0.6729239225387573,51.21684265136719,3.4517822265625,0.09398848563432693,0.822413980960846,0.6887310979618673,0.020512820512820513,0.014838551171123981
v1,vm_0.1,dose,0.1,0.0,0.0,0.9199999999999999,0.0,0.0,0,Krakencoder,cl_kraken_v1_vm_0.1,2,Glasser,FC->SC,500,0.47219353914260864,0.9331643581390381,0.9999914253069204,0.9941434846266471,0.004221528302878141,0.004231182346120477,0.7303139209747315,57.330509948730466,-1.2561254501342773,0.14939555525779724,0.9113909602165222,0.9091491748117289,0.13924050632911392,0.005849901586771011,0.0057714651338756084,0.734220564365387,57.32284164428711,1.1640968322753906,0.12915056943893433,0.9103081822395325,0.8913872452333991,0.14871794871794872,0.005650569684803486
v1,vm_0.1,dose,0.1,0.0,0.0,0.9199999999999999,0.0,0.0,0,Krakencoder,cl_kraken_v1_vm_0.1,2,Glasser,SC->FC,1000,0.5046691298484802,0.8778458833694458,0.9945807939737057,0.8989751098096632,0.010298920795321465,0.010291106719523668,0.701644378900528,51.359820175170896,-1.484367561340332,0.07078442722558975,0.8204631805419922,0.6372376221759333,0.05063291139240506,0.014351896941661835,0.014453132636845112,0.6763126254081726,51.23006057739258,3.4893741607666016,0.09309975802898407,0.8224797248840332,0.6818934911242603,0.03076923076923077,0.014826321974396706
v1,vm_0.1,dose,0.1,0.0,0.0,0.9199999999999999,0.0,0.0,0,Krakencoder,cl_kraken_v1_vm_0.1,2,Glasser,FC->SC,1000,0.5072866678237915,0.935545802116394,0.9999978563267301,0.9985358711566618,0.004077637568116188,0.004087218921631575,0.7290512502193451,57.324175643920896,-1.539402961730957,0.14847473800182343,0.9114733338356018,0.8987341772151899,0.1518987341772152,0.005845447536557913,0.00576248113065958,0.7385044097900391,57.331478118896484,1.1781787872314453,0.1310710459947586,0.910569429397583,0.8953320184089415,0.18974358974358974,0.005635172128677368
v1,vm_0.1,dose,0.1,0.0,0.0,0.9199999999999999,0.0,0.0,0,Krakencoder,cl_kraken_v1_vm_0.1,2,Glasser,SC->FC,1500,0.5096175670623779,0.8785868883132935,0.9947651498749167,0.9092240117130308,0.010242324322462082,0.010231768991798163,0.7012044727802277,51.35114517211914,-1.5521066665649415,0.06963758170604706,0.8201250433921814,0.6308283928857554,0.05063291139240506,0.01436169259250164,0.014455175027251244,0.6776180863380432,51.22689437866211,3.5249996185302734,0.0928390696644783,0.822378933429718,0.6835239973701512,0.03076923076923077,0.014831919223070145
v1,vm_0.1,dose,0.1,0.0,0.0,0.9199999999999999,0.0,0.0,0,Krakencoder,cl_kraken_v1_vm_0.1,2,Glasser,FC->SC,1500,0.5155290961265564,0.9360880851745605,0.9999978563267301,0.9985358711566618,0.004045409616082907,0.004054139042273164,0.7302610993385314,57.32722053527832,-1.6041893005371093,0.15037278831005096,0.911720871925354,0.9046627143086043,0.1518987341772152,0.005832183174788952,0.005751364398747683,0.7424614429473877,57.341068267822266,1.175811767578125,0.13109183311462402,0.9106472730636597,0.8963050624589086,0.18461538461538463,0.005630801431834698
v1,vm_0.1,dose,0.1,0.0,0.0,0.9199999999999999,0.0,0.0,0,Krakencoder,cl_kraken_v1_vm_0.1,2,Glasser,SC->FC,2000,0.5110720992088318,0.8788681030273438,0.9946493915183423,0.9092240117130308,0.010218990966677666,0.01020779674872756,0.6995656967163086,51.34521408081055,-1.5884593963623046,0.06673405319452286,0.819826066493988,0.6208940874859799,0.06329113924050633,0.014391366392374039,0.014491370879113674,0.6789644360542297,51.241844177246094,3.552865982055664,0.09207414835691452,0.822283148765564,0.6829191321499014,0.02564102564102564,0.014842914417386055
v1,vm_0.1,dose,0.1,0.0,0.0,0.9199999999999999,0.0,0.0,0,Krakencoder,cl_kraken_v1_vm_0.1,2,Glasser,FC->SC,2000,0.5186623334884644,0.936314582824707,0.9999978563267301,0.9985358711566618,0.004031369462609291,0.004040413442999125,0.7289714395999909,57.3239086151123,-1.6380154609680175,0.1490824669599533,0.9115680456161499,0.9011376381990066,0.17721518987341772,0.005841524340212345,0.005755914840847254,0.7395657896995544,57.333106994628906,1.1753883361816406,0.1315893977880478,0.9106566309928894,0.8965680473372781,0.16923076923076924,0.005628549959510565
v1,vm_0.1,dose,0.1,0.0,0.0,0.9199999999999999,0.0,0.0,0,Krakencoder,cl_kraken_v1_vm_0.1,3,Glasser,SC->FC,500,0.48339125514030457,0.8757323622703552,0.9973161210660916,0.9062957540263543,0.010494188405573368,0.010488912835717202,0.7004533112049103,51.42701187133789,-1.2440690994262695,0.08255324512720108,0.8153204321861267,0.6285851626341932,0.0379746835443038,0.015223304741084576,0.015088919550180435,0.6757272481918335,51.18186569213867,3.8042526245117188,0.088030144572258,0.8184766173362732,0.6735042735042736,0.041025641025641026,0.01475746650248766
v1,vm_0.1,dose,0.1,0.0,0.0,0.9199999999999999,0.0,0.0,0,Krakencoder,cl_kraken_v1_vm_0.1,3,Glasser,FC->SC,500,0.4742180407047272,0.9334235787391663,0.9999871379603806,0.9912152269399708,0.004221680108457804,0.004223407339304685,0.7299395322799682,57.34914932250977,-1.2862127304077149,0.1307268589735031,0.9102211594581604,0.8484217272872937,0.27848101265822783,0.0055575985461473465,0.0055767023004591465,0.7294260859489441,57.313297271728516,1.12738037109375,0.13557903468608856,0.9100408554077148,0.8900197238658777,0.13333333333333333,0.005729683209210634
v1,vm_0.1,dose,0.1,0.0,0.0,0.9199999999999999,0.0,0.0,0,Krakencoder,cl_kraken_v1_vm_0.1,3,Glasser,SC->FC,1000,0.5060473680496216,0.8790229558944702,0.9978477520370255,0.9224011713030746,0.010237844660878181,0.010232603922486306,0.6999897360801697,51.4203483581543,-1.5480480194091797,0.07747233659029007,0.8151682615280151,0.6172087806441275,0.0379746835443038,0.015227955766022205,0.015096583403646946,0.6810593605041504,51.211883544921875,3.841367721557617,0.09114275872707367,0.8190848231315613,0.6787902695595003,0.03076923076923077,0.01469742227345705
v1,vm_0.1,dose,0.1,0.0,0.0,0.9199999999999999,0.0,0.0,0,Krakencoder,cl_kraken_v1_vm_0.1,3,Glasser,FC->SC,1000,0.5089979767799377,0.9357947707176208,0.9999957126534602,0.9970717423133236,0.004076770041137934,0.004079522285610438,0.7267732143402099,57.3403018951416,-1.5713090896606445,0.13624684512615204,0.9106554388999939,0.8682903380868451,0.3037974683544304,0.005529493559151888,0.005551860202103853,0.7309414744377136,57.316558837890625,1.103250503540039,0.13992558419704437,0.9104799032211304,0.9018803418803418,0.14358974358974358,0.005704387091100216
v1,vm_0.1,dose,0.1,0.0,0.0,0.9199999999999999,0.0,0.0,0,Krakencoder,cl_kraken_v1_vm_0.1,3,Glasser,SC->FC,1500,0.5111010074615479,0.8797153234481812,0.9980063838589978,0.9297218155197657,0.010183465667068958,0.010177973192185163,0.70067258477211,51.42389755249023,-1.6215299606323241,0.07954554259777069,0.8155015110969543,0.6215350104149976,0.05063291139240506,0.015201438218355179,0.015062374994158745,0.6833564639091492,51.232666015625,3.816987991333008,0.09386833757162094,0.8195872902870178,0.6870479947403024,0.041025641025641026,0.014653046615421772
v1,vm_0.1,dose,0.1,0.0,0.0,0.9199999999999999,0.0,0.0,0,Krakencoder,cl_kraken_v1_vm_0.1,3,Glasser,FC->SC,1500,0.5172038078308105,0.9363282918930054,0.9999957126534602,0.9970717423133236,0.004046131391078234,0.004048064583912492,0.7287287056446076,57.34258689880371,-1.6280088424682617,0.1399795264005661,0.9109967350959778,0.8774234898253485,0.2911392405063291,0.0055084228515625,0.005529132671654224,0.7356998920440674,57.329593658447266,1.0945148468017578,0.1393813043832779,0.910496711730957,0.8998816568047338,0.13846153846153847,0.00570148229598999
v1,vm_0.1,dose,0.1,0.0,0.0,0.9199999999999999,0.0,0.0,0,Krakencoder,cl_kraken_v1_vm_0.1,3,Glasser,SC->FC,2000,0.5129838585853577,0.8799612522125244,0.9981328605819215,0.9326500732064422,0.010162736289203167,0.010159852262586356,0.7015705525875091,51.43150024414062,-1.644362449645996,0.08122773468494415,0.8160106539726257,0.6300272392244832,0.05063291139240506,0.015156141482293606,0.015021240338683128,0.6869571805000305,51.24870300292969,3.775747299194336,0.0924721360206604,0.8194819688796997,0.6847337278106509,0.046153846153846156,0.014659212902188301
v1,vm_0.1,dose,0.1,0.0,0.0,0.9199999999999999,0.0,0.0,0,Krakencoder,cl_kraken_v1_vm_0.1,3,Glasser,FC->SC,2000,0.5199042558670044,0.9365297555923462,0.9999978563267301,0.9985358711566618,0.0040338835678994656,0.004036528803408146,0.7277930855751038,57.340470504760745,-1.6543097496032715,0.1416197568178177,0.9110744595527649,0.8825508732574908,0.3037974683544304,0.005503995809704065,0.005522705148905516,0.734376072883606,57.32707977294922,1.0806217193603516,0.1410319060087204,0.9106100797653198,0.9024589086127548,0.14871794871794872,0.005695454776287079
v1,vm_0.1,dose,0.1,0.0,0.0,0.9199999999999999,0.0,0.0,0,Krakencoder,cl_kraken_v1_vm_0.1,4,Glasser,SC->FC,500,0.4855160713195801,0.8747724890708923,0.9972711039274238,0.8931185944363104,0.010383296757936478,0.010379970073699951,0.7055039465427398,51.34006195068359,-1.2420122146606445,0.08346282690763474,0.8174213171005249,0.6686428456978049,0.05063291139240506,0.015389095060527325,0.015475921332836151,0.713239848613739,51.03165054321289,3.5212440490722656,0.09132367372512817,0.8239766359329224,0.6848915187376725,0.046153846153846156,0.014908576384186745
v1,vm_0.1,dose,0.1,0.0,0.0,0.9199999999999999,0.0,0.0,0,Krakencoder,cl_kraken_v1_vm_0.1,4,Glasser,FC->SC,500,0.4743582606315613,0.9331843852996826,0.9999935689801903,0.9956076134699854,0.004252637270838022,0.004257856868207455,0.729696536064148,57.327138900756836,-1.2719339370727538,0.13872471451759338,0.9112371206283569,0.9051434065053677,0.3037974683544304,0.005581993609666824,0.005563431419432163,0.7283874750137329,57.3565788269043,1.0448455810546875,0.13569840788841248,0.9107564091682434,0.8985667324128863,0.11794871794871795,0.0055792978964746
v1,vm_0.1,dose,0.1,0.0,0.0,0.9199999999999999,0.0,0.0,0,Krakencoder,cl_kraken_v1_vm_0.1,4,Glasser,SC->FC,1000,0.5079303979873657,0.8779772520065308,0.9973289831057109,0.9062957540263543,0.010134769603610039,0.010133079346269369,0.702362447977066,51.32582778930664,-1.526717185974121,0.0889732837677002,0.8185129165649414,0.6673609998397693,0.06329113924050633,0.01528614480048418,0.015379460528492928,0.7152977585792542,51.0587043762207,3.4706687927246094,0.09144047647714615,0.8240349888801575,0.6811045364891519,0.05641025641025641,0.014913253486156464
v1,vm_0.1,dose,0.1,0.0,0.0,0.9199999999999999,0.0,0.0,0,Krakencoder,cl_kraken_v1_vm_0.1,4,Glasser,FC->SC,1000,0.508263885974884,0.9354860782623291,0.9999935689801903,0.9956076134699854,0.0041122944094240665,0.004117175936698914,0.7292767226696014,57.32562408447266,-1.5462976455688477,0.14191310107707977,0.9115985631942749,0.9123537894568178,0.3037974683544304,0.005559694487601519,0.005538954399526119,0.7338733077049255,57.375892639160156,1.0244064331054688,0.13835051655769348,0.9110720753669739,0.9082971729125575,0.15897435897435896,0.005559754092246294
v1,vm_0.1,dose,0.1,0.0,0.0,0.9199999999999999,0.0,0.0,0,Krakencoder,cl_kraken_v1_vm_0.1,4,Glasser,SC->FC,1500,0.5120809674263,0.8786322474479675,0.9972989716799324,0.9136163982430454,0.010083980858325958,0.010082400124520063,0.7010368704795837,51.3161506652832,-1.5828134536743164,0.08703827857971191,0.8182992339134216,0.6683223842332959,0.0759493670886076,0.015312314964830875,0.015397214330732822,0.7152091264724731,51.05381393432617,3.4820804595947266,0.09051615744829178,0.8240528702735901,0.6791058514135437,0.06666666666666667,0.014909542165696621
v1,vm_0.1,dose,0.1,0.0,0.0,0.9199999999999999,0.0,0.0,0,Krakencoder,cl_kraken_v1_vm_0.1,4,Glasser,FC->SC,1500,0.516025722026825,0.9360150694847107,0.9999978563267301,0.9985358711566618,0.004080654587596655,0.00408516051247716,0.7302206873893737,57.325801849365234,-1.6050132751464843,0.1437501609325409,0.9117560982704163,0.9157186348341612,0.34177215189873417,0.0055492534302175045,0.005525791551917791,0.736059844493866,57.38404846191406,1.0184917449951172,0.1392165869474411,0.9112255573272705,0.9127942143326758,0.1282051282051282,0.005551694892346859
v1,vm_0.1,dose,0.1,0.0,0.0,0.9199999999999999,0.0,0.0,0,Krakencoder,cl_kraken_v1_vm_0.1,4,Glasser,SC->FC,2000,0.5137395262718201,0.8788923025131226,0.9974511724820949,0.9136163982430454,0.010063511319458485,0.010059152822941541,0.7001154959201813,51.3117000579834,-1.6163894653320312,0.08871838450431824,0.8185705542564392,0.6683223842332959,0.06329113924050633,0.015287489630281925,0.015365179628133774,0.7144826650619507,51.05572509765625,3.4582252502441406,0.09249672293663025,0.8239312767982483,0.681078238001315,0.05641025641025641,0.014917314983904362
v1,vm_0.1,dose,0.1,0.0,0.0,0.9199999999999999,0.0,0.0,0,Krakencoder,cl_kraken_v1_vm_0.1,4,Glasser,FC->SC,2000,0.5189245343208313,0.936221718788147,0.9999957126534602,0.9970717423133236,0.004068068228662014,0.00407252567820251,0.7296764552593231,57.32464485168457,-1.6318236351013184,0.1427295058965683,0.9117102026939392,0.9134754045825989,0.31645569620253167,0.005552950315177441,0.005532899405807257,0.7369856238365173,57.38740158081055,1.0382652282714844,0.14120927453041077,0.9113534092903137,0.9172386587771203,0.14871794871794872,0.00554284593090415
v1,vm_1.0,dose,1.0,0.0,0.0,9.2,0.0,0.0,0,Krakencoder,cl_kraken_v1_vm_1.0,0,Glasser,SC->FC,500,0.4769698977470398,0.8744368553161621,0.9959163024208503,0.8931185944363104,0.010475944727659225,0.01046122508123517,0.5130969047546386,50.19295806884766,-2.1167762756347654,0.05720217153429985,0.7987331748008728,0.6175292421086365,0.0759493670886076,0.017332322895526886,0.017296142876148224,0.5300794243812561,49.88846206665039,4.569141387939453,0.0820549875497818,0.8084864616394043,0.6663510848126233,0.046153846153846156,0.015951991081237793
v1,vm_1.0,dose,1.0,0.0,0.0,9.2,0.0,0.0,0,Krakencoder,cl_kraken_v1_vm_1.0,0,Glasser,FC->SC,500,0.4590464234352112,0.9325769543647766,0.9999892816336505,0.9926793557833089,0.004268990829586983,0.004268677020445466,0.5647346913814545,56.7859806060791,-1.8668462753295898,0.126829594373703,0.9050795435905457,0.8740586444480052,0.12658227848101267,0.005896457936614752,0.005919754039496183,0.5477705597877502,56.827484130859375,1.0515327453613281,0.12541894614696503,0.9035606980323792,0.8480473372781065,0.08717948717948718,0.00612642290070653
v1,vm_1.0,dose,1.0,0.0,0.0,9.2,0.0,0.0,0,Krakencoder,cl_kraken_v1_vm_1.0,0,Glasser,SC->FC,1000,0.5083090662956238,0.8802108764648438,0.9980878434432537,0.9077598828696926,0.010009684599936008,0.010000489093363285,0.5160350799560547,50.20937652587891,-2.6332317352294923,0.05645288899540901,0.7995210886001587,0.6116007050152219,0.06329113924050633,0.017223015427589417,0.017188936471939087,0.5416586995124817,49.93673324584961,4.598609924316406,0.07908625155687332,0.8087863922119141,0.6639842209072978,0.05641025641025641,0.015911610797047615
v1,vm_1.0,dose,1.0,0.0,0.0,9.2,0.0,0.0,0,Krakencoder,cl_kraken_v1_vm_1.0,0,Glasser,FC->SC,1000,0.5084416270256042,0.9368676543235779,0.9999935689801903,0.9956076134699854,0.004005029331892729,0.0040046364767476915,0.5638848900794983,56.787642288208005,-2.3498153686523438,0.13606828451156616,0.9063752293586731,0.8878384874218875,0.1518987341772152,0.005818338133394718,0.005849855020642281,0.5602307319641113,56.87577438354492,1.006265640258789,0.13398820161819458,0.9047166109085083,0.8673767258382643,0.11282051282051282,0.0060550132766366005
v1,vm_1.0,dose,1.0,0.0,0.0,9.2,0.0,0.0,0,Krakencoder,cl_kraken_v1_vm_1.0,0,Glasser,SC->FC,1500,0.5126788020133972,0.8810736536979675,0.9980964181363333,0.91800878477306,0.009943149983882904,0.009932065941393375,0.5154063880443573,50.2066234588623,-2.716866111755371,0.055238351225852966,0.7997906804084778,0.6136837045345297,0.05063291139240506,0.01721215806901455,0.017177563160657883,0.5445054769515991,49.95806121826172,4.613124847412109,0.07951787114143372,0.808750331401825,0.6650361604207757,0.046153846153846156,0.015913356095552444
v1,vm_1.0,dose,1.0,0.0,0.0,9.2,0.0,0.0,0,Krakencoder,cl_kraken_v1_vm_1.0,0,Glasser,FC->SC,1500,0.51671302318573,0.9375880360603333,0.9999978563267301,0.9985358711566618,0.003960816655308008,0.003960068570449948,0.5667020976543427,56.797786712646484,-2.4347119331359863,0.13632376492023468,0.9065934419631958,0.8892805640121775,0.16455696202531644,0.005805016029626131,0.005834981333464384,0.5658702850341797,56.8985481262207,1.0102577209472656,0.13364115357398987,0.9049746990203857,0.8687968441814595,0.09230769230769231,0.006036762613803148
v1,vm_1.0,dose,1.0,0.0,0.0,9.2,0.0,0.0,0,Krakencoder,cl_kraken_v1_vm_1.0,0,Glasser,SC->FC,2000,0.515012264251709,0.8814489841461182,0.9981950271067485,0.9165446559297218,0.009910638444125652,0.009898931253701448,0.5175457835197449,50.20934295654297,-2.757472610473633,0.05715982988476753,0.7997168302536011,0.6103188591571864,0.06329113924050633,0.01719452440738678,0.017148790881037712,0.5458665490150452,49.95386505126953,4.5758514404296875,0.07977975904941559,0.8088198900222778,0.6631689677843524,0.046153846153846156,0.01589548960328102
v1,vm_1.0,dose,1.0,0.0,0.0,9.2,0.0,0.0,0,Krakencoder,cl_kraken_v1_vm_1.0,0,Glasser,FC->SC,2000,0.5196922421455383,0.9378374218940735,0.9999978563267301,0.9985358711566618,0.003945908509194851,0.003944892901927233,0.5668294489383697,56.79466667175293,-2.4624210357666017,0.13720226287841797,0.9066440463066101,0.8899214869411953,0.1518987341772152,0.005796987563371658,0.005826912820339203,0.5675749778747559,56.894493103027344,1.004709243774414,0.13381674885749817,0.9049473404884338,0.8681656804733728,0.10256410256410256,0.006036599166691303
v1,vm_1.0,dose,1.0,0.0,0.0,9.2,0.0,0.0,0,Krakencoder,cl_kraken_v1_vm_1.0,1,Glasser,SC->FC,500,0.4794413447380066,0.8761979341506958,0.9973182647393615,0.9194729136163983,0.010412367060780525,0.01040405100211501,0.5238568425178528,50.423693084716795,-2.248944091796875,0.08370255678892136,0.8072070479393005,0.6747316135234738,0.06329113924050633,0.01632750779390335,0.016583723947405815,0.5160284042358398,50.227230072021484,3.8017139434814453,0.0783032476902008,0.8001746535301208,0.6663510848126233,0.05128205128205128,0.016486017033457756
v1,vm_1.0,dose,1.0,0.0,0.0,9.2,0.0,0.0,0,Krakencoder,cl_kraken_v1_vm_1.0,1,Glasser,FC->SC,500,0.4588129222393036,0.9327961206436157,0.9999892816336505,0.9926793557833089,0.0042578428983688354,0.004255253402516246,0.5655910551548005,56.819868087768555,-1.8779260635375976,0.13129958510398865,0.9058690071105957,0.8708540298029162,0.22784810126582278,0.005928437691181898,0.005963790696114302,0.5770878791809082,56.8616828918457,0.9698734283447266,0.12720055878162384,0.903077244758606,0.8690335305719921,0.09743589743589744,0.006110417190939188
v1,vm_1.0,dose,1.0,0.0,0.0,9.2,0.0,0.0,0,Krakencoder,cl_kraken_v1_vm_1.0,1,Glasser,SC->FC,1000,0.5100793838500977,0.8818214535713196,0.9979527920272504,0.9370424597364568,0.009956724010407925,0.009950468875467777,0.5249764382839203,50.4149772644043,-2.7074365615844727,0.08399974554777145,0.8077373504638672,0.6646370773914436,0.05063291139240506,0.0162495169788599,0.016567887738347054,0.523619532585144,50.25899887084961,3.969888687133789,0.07650535553693771,0.8004072308540344,0.655069033530572,0.035897435897435895,0.016445837914943695
v1,vm_1.0,dose,1.0,0.0,0.0,9.2,0.0,0.0,0,Krakencoder,cl_kraken_v1_vm_1.0,1,Glasser,FC->SC,1000,0.5087764859199524,0.9371246099472046,0.9999978563267301,0.9985358711566618,0.003991740755736828,0.003990519884973764,0.5653666973114013,56.8233226776123,-2.3692596435546873,0.14170804619789124,0.9071460366249084,0.8953693318378465,0.22784810126582278,0.0058464352041482925,0.0058873118832707405,0.5850568413734436,56.89045715332031,0.9069805145263672,0.13441067934036255,0.9043117165565491,0.8808678500986193,0.11282051282051282,0.006035451777279377
v1,vm_1.0,dose,1.0,0.0,0.0,9.2,0.0,0.0,0,Krakencoder,cl_kraken_v1_vm_1.0,1,Glasser,SC->FC,1500,0.51509690284729,0.8827300071716309,0.997980659779759,0.9443631039531479,0.00988464243710041,0.009876542910933494,0.5271416366100311,50.43419189453125,-2.787552833557129,0.08636580407619476,0.8083407878875732,0.672648614004166,0.05063291139240506,0.016191117465496063,0.016500262543559074,0.5282635688781738,50.29069137573242,3.9273109436035156,0.07709277421236038,0.8010669350624084,0.6567784352399737,0.041025641025641026,0.01638149470090866
v1,vm_1.0,dose,1.0,0.0,0.0,9.2,0.0,0.0,0,Krakencoder,cl_kraken_v1_vm_1.0,1,Glasser,FC->SC,1500,0.5168437361717224,0.937820553779602,0.9999957126534602,0.9970717423133236,0.003949103411287069,0.003947948897257447,0.566933137178421,56.82676620483399,-2.4572509765625,0.14125941693782806,0.9071223735809326,0.8968114084281364,0.22784810126582278,0.005850407760590315,0.005888530518859625,0.5856152772903442,56.88903045654297,0.9168415069580078,0.1340465545654297,0.9043816924095154,0.8798948060486522,0.09230769230769231,0.006029170006513596
v1,vm_1.0,dose,1.0,0.0,0.0,9.2,0.0,0.0,0,Krakencoder,cl_kraken_v1_vm_1.0,1,Glasser,SC->FC,2000,0.5171079635620117,0.8830940127372742,0.9980942744630634,0.9414348462664714,0.00985710695385933,0.009852165076881646,0.5275318384170532,50.43137626647949,-2.8159763336181642,0.08433951437473297,0.8079405426979065,0.6681621535010416,0.0759493670886076,0.01624484173953533,0.016563335433602333,0.5243823528289795,50.27217102050781,3.955087661743164,0.07646363973617554,0.8009803295135498,0.6566732412886259,0.041025641025641026,0.01638491079211235
v1,vm_1.0,dose,1.0,0.0,0.0,9.2,0.0,0.0,0,Krakencoder,cl_kraken_v1_vm_1.0,1,Glasser,FC->SC,2000,0.5193580389022827,0.9380525946617126,0.9999978563267301,0.9985358711566618,0.003934895619750023,0.003934040595777333,0.5671915709972382,56.82772216796875,-2.4881763458251953,0.14294782280921936,0.9072902798652649,0.8988944079474444,0.21518987341772153,0.0058366344310343266,0.005873463582247496,0.5878191590309143,56.892948150634766,0.8941745758056641,0.13390041887760162,0.9043747186660767,0.8791321499013807,0.09743589743589744,0.006029536481946707
v1,vm_1.0,dose,1.0,0.0,0.0,9.2,0.0,0.0,0,Krakencoder,cl_kraken_v1_vm_1.0,2,Glasser,SC->FC,500,0.4710439145565033,0.8736777901649475,0.9925250113078765,0.8872620790629575,0.010634356178343296,0.010621053632348776,0.5201632410287857,50.25315628051758,-2.0176761627197264,0.077721506357193,0.806008517742157,0.6431661592693478,0.05063291139240506,0.015744656324386597,0.01581183262169361,0.4751751720905304,50.08010482788086,3.7271995544433594,0.09587227553129196,0.8093549609184265,0.6871268902038132,0.020512820512820513,0.01602870784699917
v1,vm_1.0,dose,1.0,0.0,0.0,9.2,0.0,0.0,0,Krakencoder,cl_kraken_v1_vm_1.0,2,Glasser,FC->SC,500,0.4581669270992279,0.9326012134552002,0.9999914253069204,0.9941434846266471,0.00424561370164156,0.004255955200642347,0.5671971440315247,56.80029983520508,-1.8413846969604493,0.14524701237678528,0.9053617119789124,0.8987341772151899,0.10126582278481013,0.00623832643032074,0.006152435205876827,0.5723247528076172,56.797813415527344,1.08624267578125,0.12438543885946274,0.9037736654281616,0.8698224852071006,0.14358974358974358,0.006061909254640341
v1,vm_1.0,dose,1.0,0.0,0.0,9.2,0.0,0.0,0,Krakencoder,cl_kraken_v1_vm_1.0,2,Glasser,SC->FC,1000,0.5041171312332153,0.8797693252563477,0.9938498013886715,0.9165446559297218,0.010136204771697521,0.01012651864439249,0.5260893821716308,50.26643333435059,-2.578542709350586,0.07166443765163422,0.8062060475349426,0.6298670084922289,0.05063291139240506,0.015667419880628586,0.01576840877532959,0.49079230427742004,50.14292907714844,3.8328380584716797,0.09472125768661499,0.8098697066307068,0.6793425378040763,0.046153846153846156,0.015946704894304276
v1,vm_1.0,dose,1.0,0.0,0.0,9.2,0.0,0.0,0,Krakencoder,cl_kraken_v1_vm_1.0,2,Glasser,FC->SC,1000,0.5079798102378845,0.9369381070137024,0.9999957126534602,0.9970717423133236,0.00398149061948061,0.003991640824824572,0.5654398977756501,56.801395416259766,-2.3298432350158693,0.14963960647583008,0.9061110019683838,0.8958500240346099,0.12658227848101267,0.006191602908074856,0.0061001465655863285,0.5798918604850769,56.82780456542969,1.0955886840820312,0.13156434893608093,0.9048363566398621,0.8772386587771204,0.15384615384615385,0.006002458743751049
v1,vm_1.0,dose,1.0,0.0,0.0,9.2,0.0,0.0,0,Krakencoder,cl_kraken_v1_vm_1.0,2,Glasser,SC->FC,1500,0.5091348886489868,0.8807002902030945,0.9940941801414396,0.9136163982430454,0.010061604902148247,0.010049185156822205,0.5264848232269287,50.25951156616211,-2.6529232025146485,0.07046093791723251,0.8060064911842346,0.6250600865245954,0.06329113924050633,0.015648676082491875,0.015739763155579567,0.4971791207790375,50.16083908081055,3.856649398803711,0.09267853945493698,0.8095386028289795,0.675818540433925,0.035897435897435895,0.01596822962164879
v1,vm_1.0,dose,1.0,0.0,0.0,9.2,0.0,0.0,0,Krakencoder,cl_kraken_v1_vm_1.0,2,Glasser,FC->SC,1500,0.5165489912033081,0.9376803636550903,0.9999957126534602,0.9970717423133236,0.003936795052140951,0.00394575132522732,0.5675898373126984,56.80672340393066,-2.415598964691162,0.1503993719816208,0.9063861966133118,0.9003364845377343,0.1518987341772152,0.006173321511596441,0.00608537532389164,0.5858919620513916,56.842777252197266,1.1022624969482422,0.13186490535736084,0.9050332307815552,0.8807626561472716,0.15384615384615385,0.005988352466374636
v1,vm_1.0,dose,1.0,0.0,0.0,9.2,0.0,0.0,0,Krakencoder,cl_kraken_v1_vm_1.0,2,Glasser,SC->FC,2000,0.5108097195625305,0.8810378313064575,0.9943364152209377,0.9136163982430454,0.010034018196165562,0.01002145055681467,0.5249317944049835,50.256443405151366,-2.7086238861083984,0.06686676293611526,0.8056347370147705,0.620253164556962,0.06329113924050633,0.015690064057707787,0.015793630853295326,0.499017596244812,50.17841720581055,3.8979015350341797,0.09229082614183426,0.809410035610199,0.6746614069690993,0.035897435897435895,0.015980685129761696
v1,vm_1.0,dose,1.0,0.0,0.0,9.2,0.0,0.0,0,Krakencoder,cl_kraken_v1_vm_1.0,2,Glasser,FC->SC,2000,0.5192514657974243,0.9379161596298218,0.9999957126534602,0.9970717423133236,0.0039222706109285355,0.00393196614459157,0.5660309851169586,56.80313911437988,-2.452761650085449,0.14996683597564697,0.9062557220458984,0.8972921006248998,0.16455696202531644,0.006182441953569651,0.006091215182095766,0.5823137164115906,56.834068298339844,1.1065139770507812,0.13190846145153046,0.905024528503418,0.8817094017094017,0.15897435897435896,0.005989948753267527
v1,vm_1.0,dose,1.0,0.0,0.0,9.2,0.0,0.0,0,Krakencoder,cl_kraken_v1_vm_1.0,3,Glasser,SC->FC,500,0.47435030341148376,0.8752962350845337,0.996960271303289,0.9106881405563689,0.010529964230954647,0.010526479128748179,0.5252669751644135,50.35675811767578,-2.148736763000488,0.08498340845108032,0.8018049597740173,0.6356353148533889,0.0379746835443038,0.016542334109544754,0.01645025424659252,0.4920629560947418,50.11915588378906,3.9872474670410156,0.08820194005966187,0.8049256801605225,0.6719263642340565,0.046153846153846156,0.0160389244556427
v1,vm_1.0,dose,1.0,0.0,0.0,9.2,0.0,0.0,0,Krakencoder,cl_kraken_v1_vm_1.0,3,Glasser,FC->SC,500,0.46102580428123474,0.9329848289489746,0.9999914253069204,0.9941434846266471,0.004239432048052549,0.004242167249321938,0.5655434310436249,56.82179908752441,-1.8966068267822265,0.12627500295639038,0.9036282896995544,0.8388078833520269,0.26582278481012656,0.005960110109299421,0.005987157113850117,0.5669561624526978,56.771453857421875,1.1302146911621094,0.13052184879779816,0.9037032723426819,0.8736883629191321,0.08717948717948718,0.006137121468782425
v1,vm_1.0,dose,1.0,0.0,0.0,9.2,0.0,0.0,0,Krakencoder,cl_kraken_v1_vm_1.0,3,Glasser,SC->FC,1000,0.5056821703910828,0.8810359835624695,0.9978520393835653,0.9341142020497804,0.01006461214274168,0.010061599127948285,0.5263824313879013,50.348531341552736,-2.6451353073120116,0.07886824011802673,0.8010225296020508,0.6192917801634353,0.05063291139240506,0.01651640422642231,0.016418004408478737,0.5008873343467712,50.147315979003906,4.106428146362305,0.09113012254238129,0.8056290745735168,0.6743458251150559,0.02564102564102564,0.015930533409118652
v1,vm_1.0,dose,1.0,0.0,0.0,9.2,0.0,0.0,0,Krakencoder,cl_kraken_v1_vm_1.0,3,Glasser,FC->SC,1000,0.509726345539093,0.9372016787528992,1.0,1.0,0.0039800433441996574,0.003983943909406662,0.562191116809845,56.81877517700195,-2.3747379302978517,0.1377975046634674,0.9049112796783447,0.8545104951129626,0.2911392405063291,0.00588003545999527,0.005908934865146875,0.5708938241004944,56.790077209472656,1.0921611785888672,0.1409287452697754,0.9050740599632263,0.8939644970414201,0.11794871794871795,0.006057378835976124
v1,vm_1.0,dose,1.0,0.0,0.0,9.2,0.0,0.0,0,Krakencoder,cl_kraken_v1_vm_1.0,3,Glasser,SC->FC,1500,0.5106403827667236,0.8819633722305298,0.9978627577499148,0.9370424597364568,0.009990155696868896,0.00998665289953351,0.5280075132846832,50.35740776062012,-2.736552429199219,0.08141697198152542,0.8016409277915955,0.6192917801634353,0.05063291139240506,0.016463087871670723,0.016346193850040436,0.5043038129806519,50.17295837402344,4.0575714111328125,0.0934358462691307,0.8062899112701416,0.6795266272189349,0.03076923076923077,0.015852000564336777
v1,vm_1.0,dose,1.0,0.0,0.0,9.2,0.0,0.0,0,Krakencoder,cl_kraken_v1_vm_1.0,3,Glasser,FC->SC,1500,0.5179136991500854,0.9379107356071472,1.0,1.0,0.003937176428735256,0.003940151794813574,0.565595269203186,56.823539352416994,-2.4524962425231935,0.14162206649780273,0.905398428440094,0.8657266463707739,0.27848101265822783,0.0058478848077356815,0.0058757043443620205,0.5771507024765015,56.80893325805664,1.0720272064208984,0.14014285802841187,0.9051406979560852,0.8922024983563445,0.1282051282051282,0.006047806236892939
v1,vm_1.0,dose,1.0,0.0,0.0,9.2,0.0,0.0,0,Krakencoder,cl_kraken_v1_vm_1.0,3,Glasser,SC->FC,2000,0.5123547315597534,0.882299542427063,0.9981199985423022,0.9428989751098097,0.009962021373212337,0.009960422106087208,0.5290475606918335,50.37194290161133,-2.772898292541504,0.08219760656356812,0.802320659160614,0.6257010094536132,0.06329113924050633,0.016412068158388138,0.016306806355714798,0.5093183517456055,50.20785140991211,4.017967224121094,0.09256497770547867,0.8064152598381042,0.6770808678500986,0.02564102564102564,0.01584811881184578
v1,vm_1.0,dose,1.0,0.0,0.0,9.2,0.0,0.0,0,Krakencoder,cl_kraken_v1_vm_1.0,3,Glasser,FC->SC,2000,0.5203877091407776,0.9381275177001953,1.0,1.0,0.003924089949578047,0.003928321180865169,0.5646159291267395,56.82025833129883,-2.480693054199219,0.14264939725399017,0.9054590463638306,0.8689312610158628,0.27848101265822783,0.005844016093760729,0.005871746223419905,0.5763576626777649,56.80768966674805,1.0658321380615234,0.1413460224866867,0.905239462852478,0.8912294543063773,0.14358974358974358,0.006041192915290594
v1,vm_1.0,dose,1.0,0.0,0.0,9.2,0.0,0.0,0,Krakencoder,cl_kraken_v1_vm_1.0,4,Glasser,SC->FC,500,0.4760205149650574,0.8743783235549927,0.9967994958080469,0.8931185944363104,0.010405078530311584,0.010405700001865626,0.5287904024124146,50.241143798828126,-2.1407676696777345,0.08937152475118637,0.8040102124214172,0.6700849222880949,0.06329113924050633,0.016548356041312218,0.01666371338069439,0.5392827391624451,49.91600036621094,3.700794219970703,0.0952582135796547,0.810973584651947,0.6835502958579882,0.041025641025641026,0.01604302041232586
v1,vm_1.0,dose,1.0,0.0,0.0,9.2,0.0,0.0,0,Krakencoder,cl_kraken_v1_vm_1.0,4,Glasser,FC->SC,500,0.4621637761592865,0.9328126907348633,0.9999935689801903,0.9956076134699854,0.00426603714004159,0.004271295759826899,0.5674594640731812,56.800924682617186,-1.8924232482910157,0.1358441561460495,0.9048633575439453,0.895529562570101,0.26582278481012656,0.005983287002891302,0.0059602633118629456,0.5607509613037109,56.80817794799805,0.9710655212402344,0.13092289865016937,0.9042676091194153,0.8802103879026956,0.06666666666666667,0.005986820440739393
v1,vm_1.0,dose,1.0,0.0,0.0,9.2,0.0,0.0,0,Krakencoder,cl_kraken_v1_vm_1.0,4,Glasser,SC->FC,1000,0.5069534778594971,0.879946231842041,0.9971296214916108,0.9136163982430454,0.009963074699044228,0.009965249989181756,0.5273867219686508,50.23543472290039,-2.604612350463867,0.09017041325569153,0.8050640225410461,0.6668803076430059,0.05063291139240506,0.016434434801340103,0.01655181124806404,0.5464988350868225,49.97979736328125,3.715322494506836,0.09163855761289597,0.8107815980911255,0.6731623931623931,0.07692307692307693,0.016055693849921227
v1,vm_1.0,dose,1.0,0.0,0.0,9.2,0.0,0.0,0,Krakencoder,cl_kraken_v1_vm_1.0,4,Glasser,FC->SC,1000,0.509084939956665,0.936913251876831,0.9999957126534602,0.9970717423133236,0.004013844765722752,0.004018588317558169,0.5659072279930115,56.80676803588867,-2.355708885192871,0.14248068630695343,0.9059874415397644,0.8969716391603909,0.31645569620253167,0.005921374540776014,0.005894876085221767,0.5716914534568787,56.86597442626953,0.9406661987304688,0.13976998627185822,0.905463457107544,0.8948586456278764,0.1076923076923077,0.005918604787439108
v1,vm_1.0,dose,1.0,0.0,0.0,9.2,0.0,0.0,0,Krakencoder,cl_kraken_v1_vm_1.0,4,Glasser,SC->FC,1500,0.5113128423690796,0.8807905912399292,0.997226086788756,0.91800878477306,0.0098963538184762,0.00990028791129589,0.5267750382423401,50.22846450805664,-2.6770477294921875,0.08843252062797546,0.8047637939453125,0.6631950008011537,0.05063291139240506,0.01646425575017929,0.0165620855987072,0.5464709997177124,49.97762680053711,3.748929977416992,0.09146712720394135,0.8110381364822388,0.6714003944773175,0.07179487179487179,0.016026226803660393
v1,vm_1.0,dose,1.0,0.0,0.0,9.2,0.0,0.0,0,Krakencoder,cl_kraken_v1_vm_1.0,4,Glasser,FC->SC,1500,0.5168631076812744,0.937605082988739,1.0,1.0,0.003971267491579056,0.003975210851058364,0.5679223477840424,56.81164970397949,-2.4319464683532717,0.14439846575260162,0.9062992334365845,0.9030604069860599,0.35443037974683544,0.0059020682238042355,0.00587160000577569,0.5759842991828918,56.88359832763672,0.9239559173583984,0.1400374323129654,0.9057287573814392,0.9003813280736358,0.11282051282051282,0.00590650225058198
v1,vm_1.0,dose,1.0,0.0,0.0,9.2,0.0,0.0,0,Krakencoder,cl_kraken_v1_vm_1.0,4,Glasser,SC->FC,2000,0.5130507946014404,0.8810815215110779,0.9973782875909185,0.9282576866764275,0.009871789254248142,0.009872702788561583,0.5255558878183365,50.22012786865234,-2.7205764770507814,0.08953152596950531,0.804965615272522,0.6654382310527159,0.05063291139240506,0.016448190435767174,0.016533490270376205,0.5466694831848145,49.97638702392578,3.7022132873535156,0.09291723370552063,0.8107531666755676,0.6720841551610783,0.07179487179487179,0.01605001650750637
v1,vm_1.0,dose,1.0,0.0,0.0,9.2,0.0,0.0,0,Krakencoder,cl_kraken_v1_vm_1.0,4,Glasser,FC->SC,2000,0.5192987322807312,0.937823474407196,0.9999957126534602,0.9970717423133236,0.0039580813609063625,0.0039626079145818945,0.56677605509758,56.80914459228516,-2.4597206115722656,0.14394250512123108,0.9062347412109375,0.8995353308764621,0.2911392405063291,0.005905982572585344,0.005878913216292858,0.5757524371147156,56.88359451293945,0.9538154602050781,0.14242906868457794,0.9058554768562317,0.9051413543721236,0.1282051282051282,0.005896974354982376
v1,ce_0.1,dose,0.0,0.1,0.0,0.0,0.1,0.0,0,Krakencoder,cl_kraken_v1_ce_0.1,0,Glasser,SC->FC,500,0.47261759638786316,0.8635907769203186,0.9963193129955905,0.828696925329429,0.011365379206836224,0.011342743504792452,0.8940453827381134,52.4627140045166,0.43062496185302734,0.050616227090358734,0.8260641098022461,0.6061528601185708,0.0379746835443038,0.014758928678929806,0.014750661328434944,0.8984077572822571,52.08998107910156,4.045558929443359,0.07849617302417755,0.8361974358558655,0.6796055226824458,0.020512820512820513,0.013554838486015797
v1,ce_0.1,dose,0.0,0.1,0.0,0.0,0.1,0.0,0,Krakencoder,cl_kraken_v1_ce_0.1,0,Glasser,FC->SC,500,0.44621050357818604,0.9264652132987976,0.9999828506138408,0.9912152269399708,0.0046820067800581455,0.004682341543957591,0.9234244704246521,57.8797721862793,0.10045928955078125,0.12175573408603668,0.9164023995399475,0.8670084922288095,0.21518987341772153,0.005204884801059961,0.005233484786003828,0.9202418327331543,57.938514709472656,1.1107330322265625,0.12388602644205093,0.9151063561439514,0.8599342537804077,0.1282051282051282,0.005421785172075033
v1,ce_0.1,dose,0.0,0.1,0.0,0.0,0.1,0.0,0,Krakencoder,cl_kraken_v1_ce_0.1,0,Glasser,SC->FC,1000,0.5076320767402649,0.8677760362625122,0.9978863381558837,0.8828696925329429,0.011040911078453064,0.011018612235784531,0.8817348122596741,52.39133567810059,0.007333564758300781,0.05380009859800339,0.8255417346954346,0.6151257811248197,0.0379746835443038,0.014801963232457638,0.014791191555559635,0.8882604837417603,52.02549743652344,4.0333709716796875,0.07851577550172806,0.8355252742767334,0.6838395792241946,0.046153846153846156,0.013613571412861347
v1,ce_0.1,dose,0.0,0.1,0.0,0.0,0.1,0.0,0,Krakencoder,cl_kraken_v1_ce_0.1,0,Glasser,FC->SC,1000,0.4947938323020935,0.9289806485176086,0.9999978563267301,0.9985358711566618,0.00452848058193922,0.004528090031817556,0.911035668849945,57.843253707885744,-0.21771564483642578,0.12804093956947327,0.9164198040962219,0.8851145649735619,0.21518987341772153,0.00520339235663414,0.005234492477029562,0.9103057980537415,57.91065979003906,1.0870227813720703,0.12845386564731598,0.9150605797767639,0.8788954635108481,0.11794871794871795,0.005422583315521479
v1,ce_0.1,dose,0.0,0.1,0.0,0.0,0.1,0.0,0,Krakencoder,cl_kraken_v1_ce_0.1,0,Glasser,SC->FC,1500,0.5157100558280945,0.8686566948890686,0.9981307169086516,0.8857979502196194,0.010975885204970837,0.010953004658222198,0.8805628418922424,52.38316535949707,-0.07541522979736329,0.0532110296189785,0.8254745006561279,0.6180099343053997,0.05063291139240506,0.014806989580392838,0.014791321940720081,0.8873685598373413,52.01754379272461,4.042665481567383,0.07940473407506943,0.8355448246002197,0.6880210387902695,0.041025641025641026,0.01360915694385767
v1,ce_0.1,dose,0.0,0.1,0.0,0.0,0.1,0.0,0,Krakencoder,cl_kraken_v1_ce_0.1,0,Glasser,FC->SC,1500,0.508423924446106,0.9296343326568604,1.0,1.0,0.004488774109631777,0.004488364001736045,0.9088912725448608,57.836839294433595,-0.30115375518798826,0.128640279173851,0.9164112210273743,0.8928056401217753,0.20253164556962025,0.005203577224165201,0.0052342466078698635,0.908703625202179,57.90541458129883,1.0835380554199219,0.12830810248851776,0.9150353074073792,0.8849441157133465,0.1076923076923077,0.0054242354817688465
v1,ce_0.1,dose,0.0,0.1,0.0,0.0,0.1,0.0,0,Krakencoder,cl_kraken_v1_ce_0.1,0,Glasser,SC->FC,2000,0.5188059210777283,0.8690076470375061,0.9981564409878904,0.8916544655929722,0.010948623530566692,0.010925124771893025,0.8797675967216492,52.379076385498045,-0.11246700286865234,0.05565639212727547,0.8256034255027771,0.621695241147252,0.06329113924050633,0.01479827705770731,0.014776160009205341,0.887607753276825,52.018280029296875,4.013662338256836,0.08032107353210449,0.835591733455658,0.6896252465483235,0.046153846153846156,0.013603907078504562
v1,ce_0.1,dose,0.0,0.1,0.0,0.0,0.1,0.0,0,Krakencoder,cl_kraken_v1_ce_0.1,0,Glasser,FC->SC,2000,0.5141814351081848,0.9299107193946838,1.0,1.0,0.0044723874889314175,0.00447239289060235,0.9080619812011719,57.83426017761231,-0.3344568252563477,0.1295415610074997,0.9164327383041382,0.8945681781765743,0.21518987341772153,0.005202824715524912,0.005232763942331076,0.9079527258872986,57.902957916259766,1.0767898559570312,0.12880438566207886,0.9150423407554626,0.8852596975673899,0.12307692307692308,0.00542318494990468
v1,ce_0.1,dose,0.0,0.1,0.0,0.0,0.1,0.0,0,Krakencoder,cl_kraken_v1_ce_0.1,1,Glasser,SC->FC,500,0.47559675574302673,0.8649387359619141,0.9972496671947249,0.8404099560761347,0.011334552429616451,0.011313032638281584,0.8988769173622131,52.61704025268555,0.3917203903198242,0.08311775326728821,0.8338017463684082,0.6974843775036053,0.05063291139240506,0.013871445320546627,0.014132311567664146,0.8948573470115662,52.491554260253906,3.201366424560547,0.07839308679103851,0.8268394470214844,0.6813412228796845,0.041025641025641026,0.014093211852014065
v1,ce_0.1,dose,0.0,0.1,0.0,0.0,0.1,0.0,0,Krakencoder,cl_kraken_v1_ce_0.1,1,Glasser,FC->SC,500,0.44662413001060486,0.9267328977584839,0.999980706940571,0.986822840409956,0.0046672578901052475,0.00466573815792799,0.9230102181434632,57.89981689453125,0.0772745132446289,0.128769189119339,0.9165336489677429,0.8876782566896331,0.20253164556962025,0.005289376247674227,0.005332052707672119,0.9251906871795654,57.896968841552734,1.0441665649414062,0.1244860514998436,0.9142566919326782,0.881525312294543,0.08717948717948718,0.005429715849459171
v1,ce_0.1,dose,0.0,0.1,0.0,0.0,0.1,0.0,0,Krakencoder,cl_kraken_v1_ce_0.1,1,Glasser,SC->FC,1000,0.5094112753868103,0.8691779971122742,0.9982186075127173,0.8916544655929722,0.011005071923136711,0.010985477361828089,0.8849758803844452,52.53670425415039,-0.031350898742675784,0.08280157297849655,0.8330821990966797,0.6979650697003685,0.06329113924050633,0.013939260505139828,0.014211485162377357,0.8820781111717224,52.41747283935547,3.263479232788086,0.07644963264465332,0.8259996175765991,0.6754766600920448,0.035897435897435895,0.014170232228934765
v1,ce_0.1,dose,0.0,0.1,0.0,0.0,0.1,0.0,0,Krakencoder,cl_kraken_v1_ce_0.1,1,Glasser,FC->SC,1000,0.49527496099472046,0.9292417764663696,0.9999935689801903,0.9956076134699854,0.004513792227953672,0.00451227487064898,0.9108293056488037,57.86410140991211,-0.24245986938476563,0.13477690517902374,0.9165753722190857,0.9059445601666399,0.22784810126582278,0.005285133607685566,0.00532823521643877,0.9148169755935669,57.86686706542969,1.0030460357666016,0.12831410765647888,0.9142149090766907,0.8961735700197239,0.12307692307692308,0.005431183613836765
v1,ce_0.1,dose,0.0,0.1,0.0,0.0,0.1,0.0,0,Krakencoder,cl_kraken_v1_ce_0.1,1,Glasser,SC->FC,1500,0.5176635384559631,0.870004415512085,0.9984672736120251,0.9048316251830161,0.010942468419671059,0.01092186002060771,0.8839166522026062,52.529944229125974,-0.11700191497802734,0.08507224917411804,0.8330944180488586,0.7014901458099664,0.06329113924050633,0.013931686989963055,0.01419195905327797,0.8817090392112732,52.412559509277344,3.2489280700683594,0.0771331787109375,0.8259528279304504,0.6771334648257725,0.041025641025641026,0.014169144444167614
v1,ce_0.1,dose,0.0,0.1,0.0,0.0,0.1,0.0,0,Krakencoder,cl_kraken_v1_ce_0.1,1,Glasser,FC->SC,1500,0.5088465213775635,0.9298901557922363,0.9999957126534602,0.9970717423133236,0.004474429413676262,0.0044728914275765416,0.9086830615997314,57.858203125,-0.3216245651245117,0.13356661796569824,0.9165093302726746,0.9059445601666399,0.22784810126582278,0.0052902111783623695,0.005332350730895996,0.9126086235046387,57.86077117919922,1.0140419006347656,0.12943510711193085,0.914209246635437,0.8984089414858646,0.13846153846153847,0.005430817138403654
v1,ce_0.1,dose,0.0,0.1,0.0,0.0,0.1,0.0,0,Krakencoder,cl_kraken_v1_ce_0.1,1,Glasser,SC->FC,2000,0.5205609798431396,0.8703187704086304,0.9984994287110736,0.9033674963396779,0.010920017026364803,0.01089962050318718,0.8835369110107422,52.52689971923828,-0.14582595825195313,0.08094576001167297,0.832863450050354,0.6968434545745874,0.06329113924050633,0.013957222923636436,0.014220939949154854,0.8811312317848206,52.41164016723633,3.272623062133789,0.07881707698106766,0.8260587453842163,0.682077580539119,0.046153846153846156,0.01416117325425148
v1,ce_0.1,dose,0.0,0.1,0.0,0.0,0.1,0.0,0,Krakencoder,cl_kraken_v1_ce_0.1,1,Glasser,FC->SC,2000,0.5142660737037659,0.9301487803459167,0.9999978563267301,0.9985358711566618,0.004459044896066189,0.004457681952044368,0.9080366611480712,57.85581665039062,-0.3535167694091797,0.13540448248386383,0.9165674448013306,0.9105912514020189,0.22784810126582278,0.005285860039293766,0.005324338097125292,0.9121837615966797,57.860618591308594,1.0029869079589844,0.12923142313957214,0.9142002463340759,0.8985141354372124,0.1282051282051282,0.005431853234767914
v1,ce_0.1,dose,0.0,0.1,0.0,0.0,0.1,0.0,0,Krakencoder,cl_kraken_v1_ce_0.1,2,Glasser,SC->FC,500,0.46840900182724,0.8630337119102478,0.9945507825479272,0.808199121522694,0.011491994373500347,0.011480278987437486,0.8999065101146698,52.503237915039065,0.5521484375,0.0727023035287857,0.8341532945632935,0.6511776958820702,0.05063291139240506,0.013134945183992386,0.013262756168842316,0.8891713619232178,52.36262130737305,2.9825267791748047,0.0915616825222969,0.8339438438415527,0.697646285338593,0.02564102564102564,0.013854574412107468
v1,ce_0.1,dose,0.0,0.1,0.0,0.0,0.1,0.0,0,Krakencoder,cl_kraken_v1_ce_0.1,2,Glasser,FC->SC,500,0.44654592871665955,0.9266003370285034,0.9999892816336505,0.9926793557833089,0.004652881529182196,0.0046607088297605515,0.9235002219676971,57.889099502563475,0.0787801742553711,0.1412997543811798,0.9157907962799072,0.8979330235539176,0.13924050632911392,0.00561029277741909,0.0055438801646232605,0.9241477847099304,57.8689079284668,1.4285812377929688,0.12372595816850662,0.9151811003684998,0.8943589743589744,0.13846153846153847,0.005356467328965664
v1,ce_0.1,dose,0.0,0.1,0.0,0.0,0.1,0.0,0,Krakencoder,cl_kraken_v1_ce_0.1,2,Glasser,SC->FC,1000,0.5040035843849182,0.8673155307769775,0.9955218665391896,0.8653001464128843,0.011161096394062042,0.011152779962867499,0.8871461510658264,52.42803726196289,0.12947959899902345,0.07178593426942825,0.8335497975349426,0.6537413875981413,0.06329113924050633,0.013199170120060444,0.013321059755980968,0.8761091232299805,52.295284271240234,2.997549057006836,0.09055797010660172,0.8332846760749817,0.6951742274819198,0.03076923076923077,0.013910985551774502
v1,ce_0.1,dose,0.0,0.1,0.0,0.0,0.1,0.0,0,Krakencoder,cl_kraken_v1_ce_0.1,2,Glasser,FC->SC,1000,0.49518269300460815,0.9291011095046997,0.9999914253069204,0.9941434846266471,0.004501533228904009,0.004509695200249552,0.9115288972854614,57.85287437438965,-0.23091869354248046,0.13987891376018524,0.9155958294868469,0.8979330235539176,0.16455696202531644,0.005621769465506077,0.0055529531091451645,0.9149529933929443,57.8401985168457,1.4225044250488281,0.1254756897687912,0.9150679111480713,0.8995397764628534,0.13333333333333333,0.005362900905311108
v1,ce_0.1,dose,0.0,0.1,0.0,0.0,0.1,0.0,0,Krakencoder,cl_kraken_v1_ce_0.1,2,Glasser,SC->FC,1500,0.511698842048645,0.8683115243911743,0.9958777163019921,0.8638360175695461,0.011086346581578255,0.011076868884265423,0.8844732880592346,52.410447692871095,0.03732929229736328,0.07132609188556671,0.833211362361908,0.6466912353789457,0.06329113924050633,0.013216613791882992,0.013335474766790867,0.872534990310669,52.27377700805664,3.023221969604492,0.09136436879634857,0.8331928253173828,0.6948586456278765,0.03076923076923077,0.013913730159401894
v1,ce_0.1,dose,0.0,0.1,0.0,0.0,0.1,0.0,0,Krakencoder,cl_kraken_v1_ce_0.1,2,Glasser,FC->SC,1500,0.5081387162208557,0.9297271966934204,0.9999957126534602,0.9970717423133236,0.004463753663003445,0.004471626272425056,0.9094273030757904,57.846941757202146,-0.30831031799316405,0.14268440008163452,0.9156808853149414,0.9001762538054798,0.189873417721519,0.0056174807250499725,0.005548424553126097,0.9131888151168823,57.83700180053711,1.4144935607910156,0.125629723072052,0.9150409698486328,0.901827744904668,0.14358974358974358,0.0053650694899261
v1,ce_0.1,dose,0.0,0.1,0.0,0.0,0.1,0.0,0,Krakencoder,cl_kraken_v1_ce_0.1,2,Glasser,SC->FC,2000,0.5143958330154419,0.8686040043830872,0.9958541358960232,0.8682284040995608,0.011061717756092548,0.011051107104867697,0.8839339256286621,52.407992935180665,0.005657577514648437,0.06801611185073853,0.8330135345458984,0.6420445441435667,0.05063291139240506,0.013235789723694324,0.013355672359466553,0.8728947639465332,52.2772331237793,3.039945602416992,0.08957285434007645,0.8330938816070557,0.6929651545036161,0.03076923076923077,0.013926505111157894
v1,ce_0.1,dose,0.0,0.1,0.0,0.0,0.1,0.0,0,Krakencoder,cl_kraken_v1_ce_0.1,2,Glasser,FC->SC,2000,0.513596773147583,0.9300059080123901,0.9999957126534602,0.9970717423133236,0.0044464534148573875,0.004454341251403093,0.9082882881164551,57.84350166320801,-0.34485301971435545,0.14149583876132965,0.9156220555305481,0.895209101105592,0.1518987341772152,0.005621619522571564,0.005549503955990076,0.9120697975158691,57.8327522277832,1.4109249114990234,0.12616649270057678,0.9150329828262329,0.9026955950032873,0.13846153846153847,0.005364173091948032
v1,ce_0.1,dose,0.0,0.1,0.0,0.0,0.1,0.0,0,Krakencoder,cl_kraken_v1_ce_0.1,3,Glasser,SC->FC,500,0.4692276120185852,0.864234209060669,0.9966815937782028,0.8169838945827232,0.011435553431510925,0.011432814970612526,0.8984181046485901,52.5614128112793,0.5270383834838868,0.07884488254785538,0.8291553258895874,0.6289056240987021,0.06329113924050633,0.014060728251934052,0.013901489786803722,0.8886244297027588,52.35986328125,3.4989185333251953,0.0872872844338417,0.8311144709587097,0.681577909270217,0.035897435897435895,0.013653596863150597
v1,ce_0.1,dose,0.0,0.1,0.0,0.0,0.1,0.0,0,Krakencoder,cl_kraken_v1_ce_0.1,3,Glasser,FC->SC,500,0.44729122519493103,0.9268023371696472,0.9999828506138408,0.9882869692532943,0.0046583847142755985,0.004660004284232855,0.9230181872844696,57.90439300537109,0.08251323699951171,0.12417604774236679,0.9151552319526672,0.846018266303477,0.22784810126582278,0.005273263435810804,0.005290041211992502,0.9215032458305359,57.86809158325195,1.1722984313964844,0.13081085681915283,0.9147132039070129,0.8874161735700197,0.13333333333333333,0.0054549709893763065
v1,ce_0.1,dose,0.0,0.1,0.0,0.0,0.1,0.0,0,Krakencoder,cl_kraken_v1_ce_0.1,3,Glasser,SC->FC,1000,0.5046566724777222,0.868546724319458,0.9978456083637556,0.8828696925329429,0.011102617718279362,0.011098216287791729,0.885432344675064,52.48478393554687,0.08874359130859374,0.07870170474052429,0.8286191821098328,0.6393206216952412,0.05063291139240506,0.014103290624916553,0.013946663588285446,0.8774513006210327,52.2967643737793,3.491222381591797,0.08914149552583694,0.8305368423461914,0.6865746219592374,0.041025641025641026,0.013693765737116337
v1,ce_0.1,dose,0.0,0.1,0.0,0.0,0.1,0.0,0,Krakencoder,cl_kraken_v1_ce_0.1,3,Glasser,FC->SC,1000,0.496203750371933,0.9293273687362671,0.9999892816336505,0.9926793557833089,0.004503851756453514,0.004505058936774731,0.9104313671588897,57.86771697998047,-0.23782672882080078,0.13003288209438324,0.9151907563209534,0.8673289536933184,0.25316455696202533,0.005269537679851055,0.005288001149892807,0.9112887978553772,57.838050842285156,1.1403980255126953,0.13392727077007294,0.9146578907966614,0.9020644312952005,0.14358974358974358,0.005457579158246517
v1,ce_0.1,dose,0.0,0.1,0.0,0.0,0.1,0.0,0,Krakencoder,cl_kraken_v1_ce_0.1,3,Glasser,SC->FC,1500,0.5129522085189819,0.8694128394126892,0.9982057454730979,0.8945827232796486,0.011036493815481663,0.011031597480177879,0.8840842187404633,52.47582244873047,-0.0021564483642578123,0.0784125030040741,0.8285013437271118,0.6375580836404422,0.06329113924050633,0.014113252982497215,0.013952434994280338,0.8769721984863281,52.297428131103516,3.505268096923828,0.09244364500045776,0.8307445049285889,0.6972255095332018,0.046153846153846156,0.013677322305738926
v1,ce_0.1,dose,0.0,0.1,0.0,0.0,0.1,0.0,0,Krakencoder,cl_kraken_v1_ce_0.1,3,Glasser,FC->SC,1500,0.5098949670791626,0.9299718737602234,0.9999957126534602,0.9970717423133236,0.004465614445507526,0.004466750007122755,0.9086229920387268,57.861782455444335,-0.31483612060546873,0.13297323882579803,0.9152708649635315,0.874379105912514,0.22784810126582278,0.005264268722385168,0.005281873978674412,0.9108424186706543,57.83782958984375,1.1382122039794922,0.13357289135456085,0.9146133661270142,0.9025378040762656,0.14871794871794872,0.00546057615429163
v1,ce_0.1,dose,0.0,0.1,0.0,0.0,0.1,0.0,0,Krakencoder,cl_kraken_v1_ce_0.1,3,Glasser,SC->FC,2000,0.5162772536277771,0.8697336316108704,0.9983429405623713,0.8975109809663251,0.011010326445102692,0.011006719525903463,0.8837229132652282,52.47435302734375,-0.031690025329589845,0.08019934594631195,0.8286817669868469,0.6406024675532767,0.05063291139240506,0.014094386249780655,0.013936427421867847,0.8772086501121521,52.293094635009766,3.4750595092773438,0.09151658415794373,0.8305927515029907,0.6952268244575937,0.041025641025641026,0.013688163831830025
v1,ce_0.1,dose,0.0,0.1,0.0,0.0,0.1,0.0,0,Krakencoder,cl_kraken_v1_ce_0.1,3,Glasser,FC->SC,2000,0.5152429938316345,0.9302518963813782,0.9999978563267301,0.9985358711566618,0.004448370076715946,0.004449669877067209,0.907332718372345,57.858241653442384,-0.35018234252929686,0.13505807518959045,0.9153459072113037,0.8814292581317097,0.26582278481012656,0.005260748788714409,0.005278483964502811,0.9097054600715637,57.834964752197266,1.1261367797851562,0.1356220543384552,0.914673924446106,0.9074030243261012,0.13846153846153847,0.005456678569316864
v1,ce_0.1,dose,0.0,0.1,0.0,0.0,0.1,0.0,0,Krakencoder,cl_kraken_v1_ce_0.1,4,Glasser,SC->FC,500,0.47095969319343567,0.8630900382995605,0.9957555269256081,0.8169838945827232,0.011328145861625671,0.011320785246789455,0.8992781937122345,52.4696403503418,0.5272480010986328,0.08149467408657074,0.8304272294044495,0.6716872296106393,0.0379746835443038,0.01434541866183281,0.014432069845497608,0.9018101692199707,52.17426300048828,3.2607364654541016,0.08980157226324081,0.8360135555267334,0.6964628533859303,0.05128205128205128,0.013934401795268059
v1,ce_0.1,dose,0.0,0.1,0.0,0.0,0.1,0.0,0,Krakencoder,cl_kraken_v1_ce_0.1,4,Glasser,FC->SC,500,0.4471363127231598,0.9265272617340088,0.999980706940571,0.986822840409956,0.004693913273513317,0.004697757866233587,0.9230539321899414,57.883551025390624,0.10906486511230469,0.13242673873901367,0.9158713221549988,0.9001762538054798,0.21518987341772153,0.00530448742210865,0.005286955274641514,0.9222913384437561,57.9115104675293,1.2658271789550781,0.12971526384353638,0.9155957102775574,0.8930703484549638,0.13846153846153847,0.005293486174196005
v1,ce_0.1,dose,0.0,0.1,0.0,0.0,0.1,0.0,0,Krakencoder,cl_kraken_v1_ce_0.1,4,Glasser,SC->FC,1000,0.5057796835899353,0.8673664331436157,0.9971060410856419,0.8784773060029283,0.0110024930909276,0.010996192507445813,0.8860397875308991,52.3910327911377,0.10269489288330078,0.08916323632001877,0.8303345441818237,0.6822624579394327,0.0759493670886076,0.014339721761643887,0.014424027875065804,0.8903610706329346,52.10340881347656,3.2176589965820312,0.09139390289783478,0.83548504114151,0.700749506903353,0.07179487179487179,0.013976325280964375
v1,ce_0.1,dose,0.0,0.1,0.0,0.0,0.1,0.0,0,Krakencoder,cl_kraken_v1_ce_0.1,4,Glasser,FC->SC,1000,0.49520325660705566,0.9289929866790771,0.9999914253069204,0.9941434846266471,0.0045433975756168365,0.004547592997550964,0.9113219618797302,57.84872970581055,-0.2054201126098633,0.1374976933002472,0.9158815741539001,0.91459701970838,0.3037974683544304,0.00530278729274869,0.005284539889544249,0.9129471182823181,57.883792877197266,1.2229137420654297,0.13233061134815216,0.9155040383338928,0.9067981591058514,0.15384615384615385,0.005298209842294455
v1,ce_0.1,dose,0.0,0.1,0.0,0.0,0.1,0.0,0,Krakencoder,cl_kraken_v1_ce_0.1,4,Glasser,SC->FC,1500,0.5138018727302551,0.86832195520401,0.9974018679968873,0.8887262079062958,0.010929333977401257,0.010922673810273408,0.8836219608783722,52.37675018310547,0.013776206970214843,0.08830492198467255,0.8302069306373596,0.6825829194039417,0.0759493670886076,0.014350474812090397,0.014437403529882431,0.8891168236732483,52.09534454345703,3.2218799591064453,0.09086894243955612,0.8353188633918762,0.6982774490466799,0.07179487179487179,0.013986621052026749
v1,ce_0.1,dose,0.0,0.1,0.0,0.0,0.1,0.0,0,Krakencoder,cl_kraken_v1_ce_0.1,4,Glasser,FC->SC,1500,0.5086637139320374,0.9296517372131348,0.9999914253069204,0.9941434846266471,0.004503567703068256,0.0045081036631017925,0.9091148912906647,57.841936111450195,-0.28251018524169924,0.13882602751255035,0.9159000515937805,0.9195641724082679,0.3291139240506329,0.005301915109157562,0.005281084682792425,0.9110171794891357,57.87948226928711,1.216268539428711,0.13447251915931702,0.9155516624450684,0.9139250493096647,0.14871794871794872,0.005295696202665567
v1,ce_0.1,dose,0.0,0.1,0.0,0.0,0.1,0.0,0,Krakencoder,cl_kraken_v1_ce_0.1,4,Glasser,SC->FC,2000,0.5164566040039062,0.8685853481292725,0.9976076606307973,0.8945827232796486,0.010908223688602448,0.010899993777275085,0.8834403276443481,52.37593994140625,-0.014629364013671875,0.08912183344364166,0.8302962779998779,0.6801794584201251,0.0759493670886076,0.01434075366705656,0.014422283507883549,0.8887768387794495,52.09539794921875,3.2173995971679688,0.09158941358327866,0.8353146314620972,0.6976199868507561,0.07179487179487179,0.013986783102154732
v1,ce_0.1,dose,0.0,0.1,0.0,0.0,0.1,0.0,0,Krakencoder,cl_kraken_v1_ce_0.1,4,Glasser,FC->SC,2000,0.5139821171760559,0.9299155473709106,0.9999957126534602,0.9970717423133236,0.004487678408622742,0.004491812735795975,0.9082148849964142,57.839376068115236,-0.31695899963378904,0.13826370239257812,0.9158602356910706,0.9187630187469957,0.2911392405063291,0.005304331891238689,0.00528488215059042,0.9101926684379578,57.87752151489258,1.2181510925292969,0.13564737141132355,0.9155797958374023,0.9158974358974359,0.16923076923076924,0.005293035414069891
v1,ce_1.0,dose,0.0,1.0,0.0,0.0,1.0,0.0,0,Krakencoder,cl_kraken_v1_ce_1.0,0,Glasser,SC->FC,500,0.446153461933136,0.8581839799880981,0.9999764195940312,0.9838945827232797,0.011865121312439442,0.01184334810823202,0.9284828186035157,52.63166694641113,0.49459266662597656,0.05873429775238037,0.8277047276496887,0.7362602147091812,0.10126582278481013,0.014569207094609737,0.014598462730646133,0.9311707615852356,52.246742248535156,3.502279281616211,0.07635611295700073,0.8375392556190491,0.8,0.08205128205128205,0.013433849439024925
v1,ce_1.0,dose,0.0,1.0,0.0,0.0,1.0,0.0,0,Krakencoder,cl_kraken_v1_ce_1.0,0,Glasser,FC->SC,500,0.4419686198234558,0.9262895584106445,0.9999978563267301,0.9985358711566618,0.004724538419395685,0.0047256176359951494,0.9307605385780334,57.888767623901366,0.0931741714477539,0.0881681814789772,0.915520191192627,0.8493831116808204,0.20253164556962025,0.005279014818370342,0.00531045813113451,0.928819477558136,57.94723892211914,1.1529788970947266,0.09272883832454681,0.9143643975257874,0.8520184089414858,0.11794871794871795,0.005494110751897097
v1,ce_1.0,dose,0.0,1.0,0.0,0.0,1.0,0.0,0,Krakencoder,cl_kraken_v1_ce_1.0,0,Glasser,SC->FC,1000,0.4900158941745758,0.8631851077079773,0.9999785632673011,0.9853587115666179,0.01147240586578846,0.011449969466775655,0.91311075091362,52.54107856750488,0.017427635192871094,0.0634579211473465,0.8271604180335999,0.7492389040217914,0.11392405063291139,0.014613054692745209,0.014635375700891018,0.9171596169471741,52.16049575805664,3.5170650482177734,0.0779983326792717,0.8367802500724792,0.7918211702827087,0.07179487179487179,0.013492272235453129
v1,ce_1.0,dose,0.0,1.0,0.0,0.0,1.0,0.0,0,Krakencoder,cl_kraken_v1_ce_1.0,0,Glasser,FC->SC,1000,0.4918783903121948,0.9288814663887024,1.0,1.0,0.004564009141176939,0.004564353264868259,0.9171421647071838,57.84821662902832,-0.23199100494384767,0.09800775349140167,0.9155150055885315,0.8722961063932062,0.22784810126582278,0.0052765412256121635,0.00531054986640811,0.9166312217712402,57.91284942626953,1.122793197631836,0.10003026574850082,0.9142892956733704,0.8739513477975016,0.1282051282051282,0.00549359479919076
v1,ce_1.0,dose,0.0,1.0,0.0,0.0,1.0,0.0,0,Krakencoder,cl_kraken_v1_ce_1.0,0,Glasser,SC->FC,1500,0.4982004463672638,0.8640877604484558,0.9999828506138408,0.9882869692532943,0.01140342652797699,0.011380547564476729,0.9109778344631195,52.52773208618164,-0.06488399505615235,0.06248142570257187,0.8270074129104614,0.7439512898573946,0.12658227848101267,0.014625873416662216,0.014647115021944046,0.9152199625968933,52.14842224121094,3.5254993438720703,0.07952912151813507,0.8367766737937927,0.7980013149243919,0.07179487179487179,0.013492067344486713
v1,ce_1.0,dose,0.0,1.0,0.0,0.0,1.0,0.0,0,Krakencoder,cl_kraken_v1_ce_1.0,0,Glasser,FC->SC,1500,0.5038049817085266,0.9294653534889221,1.0,1.0,0.004528241232037544,0.004528652410954237,0.9149539470672607,57.841752243041995,-0.3069925308227539,0.09893419593572617,0.9154951572418213,0.8841531805800352,0.21518987341772153,0.0052773854695260525,0.00531208049505949,0.9147948622703552,57.90656661987305,1.1221084594726562,0.10048884898424149,0.914269208908081,0.8792110453648915,0.14358974358974358,0.00549453217536211
v1,ce_1.0,dose,0.0,1.0,0.0,0.0,1.0,0.0,0,Krakencoder,cl_kraken_v1_ce_1.0,0,Glasser,SC->FC,2000,0.501510739326477,0.8644074201583862,0.9999828506138408,0.9882869692532943,0.011378795839846134,0.011355221550911666,0.9104463636875153,52.52504692077637,-0.0961374282836914,0.06501981616020203,0.827145516872406,0.7519628264701169,0.10126582278481013,0.014615489169955254,0.014634033665060997,0.914821982383728,52.147335052490234,3.5102615356445312,0.08034129440784454,0.8368057608604431,0.8016568047337278,0.07692307692307693,0.01348874717950821
v1,ce_1.0,dose,0.0,1.0,0.0,0.0,1.0,0.0,0,Krakencoder,cl_kraken_v1_ce_1.0,0,Glasser,FC->SC,2000,0.508640706539154,0.9296982288360596,1.0,1.0,0.004514313768595457,0.004515138594433666,0.914181911945343,57.839379119873044,-0.3338443756103516,0.10076866298913956,0.9155421257019043,0.8865566415638519,0.20253164556962025,0.005274573806673288,0.005308393854647875,0.9140897989273071,57.904781341552734,1.1189861297607422,0.10159147530794144,0.9142892956733704,0.8809730440499671,0.1282051282051282,0.005492458585649729
v1,ce_1.0,dose,0.0,1.0,0.0,0.0,1.0,0.0,0,Krakencoder,cl_kraken_v1_ce_1.0,1,Glasser,SC->FC,500,0.44970470666885376,0.8602182269096375,0.9999764195940312,0.9838945827232797,0.011780310422182083,0.011755721364170312,0.9283763706684113,52.75547485351562,0.4520977020263672,0.07255566865205765,0.8341425657272339,0.7976285851626341,0.13924050632911392,0.013784392736852169,0.014030182734131813,0.9270628690719604,52.65049743652344,2.701478958129883,0.075713150203228,0.8278265595436096,0.8003681788297172,0.08205128205128205,0.013993743807077408
v1,ce_1.0,dose,0.0,1.0,0.0,0.0,1.0,0.0,0,Krakencoder,cl_kraken_v1_ce_1.0,1,Glasser,FC->SC,500,0.44410744309425354,0.9266262650489807,0.9999914253069204,0.9941434846266471,0.004705812316387892,0.004704541992396116,0.9301557898521423,57.90760040283203,0.06395111083984376,0.09818531572818756,0.9157777428627014,0.8907226406024675,0.21518987341772153,0.005358349997550249,0.005407766904681921,0.9309023022651672,57.89925765991211,1.0589714050292969,0.09334117919206619,0.9134640693664551,0.8735305719921105,0.11794871794871795,0.005501433275640011
v1,ce_1.0,dose,0.0,1.0,0.0,0.0,1.0,0.0,0,Krakencoder,cl_kraken_v1_ce_1.0,1,Glasser,SC->FC,1000,0.4928773045539856,0.865190327167511,0.9999785632673011,0.9853587115666179,0.011388729326426983,0.011366728227585554,0.9127859771251678,52.663866424560545,-0.025572776794433594,0.07581210136413574,0.8335887789726257,0.797949046627143,0.12658227848101267,0.013830887153744698,0.014084596186876297,0.9124656915664673,52.564361572265625,2.741292953491211,0.07599425315856934,0.8270473480224609,0.7859040105193952,0.07179487179487179,0.014059357345104218
v1,ce_1.0,dose,0.0,1.0,0.0,0.0,1.0,0.0,0,Krakencoder,cl_kraken_v1_ce_1.0,1,Glasser,FC->SC,1000,0.4932081997394562,0.9291888475418091,0.9999978563267301,0.9985358711566618,0.004547323100268841,0.004546080995351076,0.9167570412158966,57.86800956726074,-0.2602998733520508,0.10782189667224884,0.9158251881599426,0.9062650216311489,0.25316455696202533,0.005351515952497721,0.005400286987423897,0.9195306301116943,57.86579132080078,1.022186279296875,0.10030034184455872,0.9134044051170349,0.8914924391847469,0.13846153846153847,0.005501957610249519
v1,ce_1.0,dose,0.0,1.0,0.0,0.0,1.0,0.0,0,Krakencoder,cl_kraken_v1_ce_1.0,1,Glasser,SC->FC,1500,0.5009495615959167,0.8660668134689331,0.9999785632673011,0.9853587115666179,0.01132098026573658,0.01129735428839922,0.9105806708335876,52.650969696044925,-0.11198863983154297,0.0777372345328331,0.8336247205734253,0.8032366607915398,0.13924050632911392,0.013827300630509853,0.014070655219256878,0.9108017683029175,52.55525588989258,2.7351207733154297,0.07685179263353348,0.8269920945167542,0.7867455621301775,0.05641025641025641,0.014062688685953617
v1,ce_1.0,dose,0.0,1.0,0.0,0.0,1.0,0.0,0,Krakencoder,cl_kraken_v1_ce_1.0,1,Glasser,FC->SC,1500,0.5051628947257996,0.92974853515625,0.9999978563267301,0.9985358711566618,0.004512773361057043,0.0045115429442375895,0.9148706912994384,57.862735748291016,-0.3292840957641602,0.10718471556901932,0.9157688021659851,0.9062650216311489,0.26582278481012656,0.0053548687137663364,0.005402818322181702,0.9179896712303162,57.861106872558594,1.0294342041015625,0.10074075311422348,0.9133725166320801,0.8933859303090073,0.15384615384615385,0.005503171123564243
v1,ce_1.0,dose,0.0,1.0,0.0,0.0,1.0,0.0,0,Krakencoder,cl_kraken_v1_ce_1.0,1,Glasser,SC->FC,2000,0.5038678050041199,0.8663569688796997,0.999980706940571,0.986822840409956,0.01130000315606594,0.01127701485529542,0.9101261138916016,52.647579956054685,-0.13592987060546874,0.0754956379532814,0.8334587216377258,0.798269508091652,0.12658227848101267,0.013842440210282803,0.014087180607020855,0.910033106803894,52.550376892089844,2.7464141845703125,0.07760469615459442,0.8270044326782227,0.7890598290598291,0.06666666666666667,0.01406025979667902
v1,ce_1.0,dose,0.0,1.0,0.0,0.0,1.0,0.0,0,Krakencoder,cl_kraken_v1_ce_1.0,1,Glasser,FC->SC,2000,0.5094366073608398,0.929957926273346,0.9999978563267301,0.9985358711566618,0.00450011296197772,0.004499019868671894,0.91419557929039,57.86047477722168,-0.35576171875,0.1091243177652359,0.915822446346283,0.90738663675693,0.26582278481012656,0.0053508467972278595,0.005395330488681793,0.9174361824989319,57.86104202270508,1.0180511474609375,0.10051842778921127,0.9133590459823608,0.8925706771860618,0.1282051282051282,0.005503987427800894
v1,ce_1.0,dose,0.0,1.0,0.0,0.0,1.0,0.0,0,Krakencoder,cl_kraken_v1_ce_1.0,2,Glasser,SC->FC,500,0.4433744251728058,0.8581421375274658,0.9999871379603806,0.9926793557833089,0.01193735096603632,0.011930616199970245,0.9292729556560516,52.64325141906738,0.6002578735351562,0.07388710975646973,0.8358747363090515,0.7917000480692197,0.12658227848101267,0.012967940419912338,0.013121544383466244,0.9224281311035156,52.51127624511719,2.4637928009033203,0.07601374387741089,0.8339121341705322,0.8198553583168968,0.05128205128205128,0.01384852547198534
v1,ce_1.0,dose,0.0,1.0,0.0,0.0,1.0,0.0,0,Krakencoder,cl_kraken_v1_ce_1.0,2,Glasser,FC->SC,500,0.44329357147216797,0.9264634251594543,0.9999957126534602,0.9970717423133236,0.004693240858614445,0.0047007056418806314,0.9305144131183625,57.89665908813477,0.06684818267822265,0.10109785944223404,0.9148059487342834,0.8855952571703253,0.17721518987341772,0.005708080250769854,0.00564241036772728,0.9325677752494812,57.87676239013672,1.5463428497314453,0.09679543972015381,0.9145007729530334,0.8914924391847469,0.13333333333333333,0.005412727128714323
v1,ce_1.0,dose,0.0,1.0,0.0,0.0,1.0,0.0,0,Krakencoder,cl_kraken_v1_ce_1.0,2,Glasser,SC->FC,1000,0.48608773946762085,0.8629786372184753,0.9999678449009516,0.986822840409956,0.011556563898921013,0.01155285919085145,0.9143960833549499,52.55566177368164,0.1346029281616211,0.07392962276935577,0.8351333141326904,0.7913795866047109,0.10126582278481013,0.013036130927503109,0.013178353197872639,0.9067009687423706,52.42942810058594,2.487590789794922,0.07629995793104172,0.8331493139266968,0.8117028270874425,0.05128205128205128,0.01391055528074503
v1,ce_1.0,dose,0.0,1.0,0.0,0.0,1.0,0.0,0,Krakencoder,cl_kraken_v1_ce_1.0,2,Glasser,FC->SC,1000,0.49288928508758545,0.9290522933006287,1.0,1.0,0.004533799365162849,0.004541839379817248,0.9170228123664856,57.85616226196289,-0.25559177398681643,0.10618904232978821,0.9146773219108582,0.8915237942637397,0.17721518987341772,0.005710550583899021,0.00564228231087327,0.921471118927002,57.84249496459961,1.5198192596435547,0.10185083001852036,0.9143856763839722,0.8986456278763971,0.15384615384615385,0.005417189560830593
v1,ce_1.0,dose,0.0,1.0,0.0,0.0,1.0,0.0,0,Krakencoder,cl_kraken_v1_ce_1.0,2,Glasser,SC->FC,1500,0.49448806047439575,0.8639447093009949,0.999959270207872,0.9853587115666179,0.011482901871204376,0.011478460486978292,0.9119893670082092,52.54031524658203,0.04720783233642578,0.07344184815883636,0.834930419921875,0.7894568178176574,0.08860759493670886,0.013049300760030746,0.0131895886734128,0.9043382406234741,52.41526412963867,2.5029773712158203,0.07799823582172394,0.8331113457679749,0.816068376068376,0.05641025641025641,0.013911711052060127
v1,ce_1.0,dose,0.0,1.0,0.0,0.0,1.0,0.0,0,Krakencoder,cl_kraken_v1_ce_1.0,2,Glasser,FC->SC,1500,0.5046017169952393,0.9296228289604187,1.0,1.0,0.0044984337873756886,0.004506125440821051,0.9148167729377746,57.84982757568359,-0.32760047912597656,0.10912512242794037,0.9147355556488037,0.8915237942637397,0.189873417721519,0.005706454627215862,0.005636983551084995,0.9197489023208618,57.83955764770508,1.511148452758789,0.10226939618587494,0.9143504500389099,0.8982774490466798,0.14358974358974358,0.005418774206191301
v1,ce_1.0,dose,0.0,1.0,0.0,0.0,1.0,0.0,0,Krakencoder,cl_kraken_v1_ce_1.0,2,Glasser,SC->FC,2000,0.49728134274482727,0.8641827702522278,0.9999571265346021,0.9882869692532943,0.011463135480880737,0.011458392441272735,0.9116382539272309,52.53854217529297,0.022143173217773437,0.07038260996341705,0.8347093462944031,0.7740746675212306,0.08860759493670886,0.013067128136754036,0.013201715424656868,0.904304563999176,52.41691589355469,2.5211830139160156,0.07699313759803772,0.8330669403076172,0.8135174227481919,0.05641025641025641,0.013918537646532059
v1,ce_1.0,dose,0.0,1.0,0.0,0.0,1.0,0.0,0,Krakencoder,cl_kraken_v1_ce_1.0,2,Glasser,FC->SC,2000,0.50943523645401,0.9298657774925232,1.0,1.0,0.004483109340071678,0.004490659711882472,0.9138190507888794,57.846675872802734,-0.35946063995361327,0.10894493758678436,0.9147108793258667,0.8883191796186508,0.1518987341772152,0.005707554519176483,0.005634397268295288,0.9188582897186279,57.83565902709961,1.4995994567871094,0.10292716324329376,0.9143533706665039,0.899171597633136,0.14871794871794872,0.0054175774566829205
v1,ce_1.0,dose,0.0,1.0,0.0,0.0,1.0,0.0,0,Krakencoder,cl_kraken_v1_ce_1.0,3,Glasser,SC->FC,500,0.4471680521965027,0.8595373034477234,0.9999785632673011,0.9853587115666179,0.011872892268002033,0.011874025128781796,0.9285091400146485,52.70710372924805,0.5896739959716797,0.07102011889219284,0.8306799530982971,0.7572504406345137,0.11392405063291139,0.013954437337815762,0.013781062327325344,0.9259572625160217,52.529823303222656,2.8935413360595703,0.07614728808403015,0.8312777280807495,0.7949506903353057,0.05641025641025641,0.01361207477748394
v1,ce_1.0,dose,0.0,1.0,0.0,0.0,1.0,0.0,0,Krakencoder,cl_kraken_v1_ce_1.0,3,Glasser,FC->SC,500,0.44370153546333313,0.9266638159751892,0.9999871379603806,0.9912152269399708,0.004700647667050362,0.004702066071331501,0.9304788768291473,57.91291809082031,0.06890830993652344,0.09402623027563095,0.9144957065582275,0.8530684185226727,0.26582278481012656,0.005335350055247545,0.00535545963793993,0.9293547868728638,57.874908447265625,1.1462039947509766,0.09820021688938141,0.9139009714126587,0.879447731755424,0.11794871794871795,0.005529065150767565
v1,ce_1.0,dose,0.0,1.0,0.0,0.0,1.0,0.0,0,Krakencoder,cl_kraken_v1_ce_1.0,3,Glasser,SC->FC,1000,0.491170734167099,0.8646231293678284,0.9999871379603806,0.9912152269399708,0.011473293416202068,0.011473504640161992,0.9127008199691773,52.61410789489746,0.10293083190917969,0.07403317838907242,0.8299741148948669,0.7497195962185548,0.12658227848101267,0.014004773460328579,0.013834958896040916,0.9105499982833862,52.44291305541992,2.9169750213623047,0.07945578545331955,0.8305891156196594,0.7840631163708087,0.06666666666666667,0.013662612065672874
v1,ce_1.0,dose,0.0,1.0,0.0,0.0,1.0,0.0,0,Krakencoder,cl_kraken_v1_ce_1.0,3,Glasser,FC->SC,1000,0.4933878183364868,0.9292487502098083,0.9999978563267301,0.9985358711566618,0.0045402743853628635,0.004541660752147436,0.9168494701385498,57.872568130493164,-0.2552038192749023,0.10283832252025604,0.9144956469535828,0.8689312610158628,0.25316455696202533,0.005331913009285927,0.005353865679353476,0.9174302220344543,57.8404541015625,1.1217784881591797,0.10490360856056213,0.9138408303260803,0.8947008547008547,0.15384615384615385,0.005529217422008514
v1,ce_1.0,dose,0.0,1.0,0.0,0.0,1.0,0.0,0,Krakencoder,cl_kraken_v1_ce_1.0,3,Glasser,SC->FC,1500,0.49933481216430664,0.8655160665512085,0.9999871379603806,0.9912152269399708,0.01140427216887474,0.011403656098991632,0.910506272315979,52.60105476379395,0.013063430786132812,0.07397650182247162,0.8298248052597046,0.7503605191475725,0.08860759493670886,0.0140162892639637,0.01384787168353796,0.9086493849754333,52.4356575012207,2.935039520263672,0.0818060114979744,0.830662727355957,0.7895332018408941,0.03076923076923077,0.013657772913575172
v1,ce_1.0,dose,0.0,1.0,0.0,0.0,1.0,0.0,0,Krakencoder,cl_kraken_v1_ce_1.0,3,Glasser,FC->SC,1500,0.5051135420799255,0.9298054575920105,1.0,1.0,0.004506568890064955,0.004507702216506005,0.9149533689022065,57.86663932800293,-0.3245975494384766,0.10554741322994232,0.9145641922950745,0.8785451049511296,0.2911392405063291,0.0053274924866855145,0.005348815117031336,0.9164345860481262,57.83832550048828,1.115011215209961,0.10555429756641388,0.9138186573982239,0.8956476002629848,0.14871794871794872,0.00553038390353322
v1,ce_1.0,dose,0.0,1.0,0.0,0.0,1.0,0.0,0,Krakencoder,cl_kraken_v1_ce_1.0,3,Glasser,SC->FC,2000,0.5027170777320862,0.8658531904220581,0.9999785632673011,0.9853587115666179,0.01137747522443533,0.011378178000450134,0.9098748445510865,52.59724082946777,-0.01462726593017578,0.07611042261123657,0.8299649357795715,0.7556481333119692,0.12658227848101267,0.014004056341946125,0.013833137229084969,0.9083341956138611,52.43073654174805,2.9217891693115234,0.08193323016166687,0.8306092619895935,0.7891650230111769,0.05641025641025641,0.013660794124007225
v1,ce_1.0,dose,0.0,1.0,0.0,0.0,1.0,0.0,0,Krakencoder,cl_kraken_v1_ce_1.0,3,Glasser,FC->SC,2000,0.5098171830177307,0.9300333261489868,1.0,1.0,0.004492536652833223,0.0044937859755009415,0.9140746235847473,57.86407051086426,-0.3525838851928711,0.10818209499120712,0.9146437048912048,0.883672488383272,0.25316455696202533,0.005322394892573357,0.005343523807823658,0.9158522486686707,57.836605072021484,1.1045722961425781,0.1076253280043602,0.9138864278793335,0.9016173570019724,0.15384615384615385,0.005525941960513592
v1,ce_1.0,dose,0.0,1.0,0.0,0.0,1.0,0.0,0,Krakencoder,cl_kraken_v1_ce_1.0,4,Glasser,SC->FC,500,0.4452359080314636,0.8581158518791199,0.999980706940571,0.986822840409956,0.01177747081965208,0.011772619653493166,0.9291674315929412,52.61779708862305,0.5935155868530273,0.07101467996835709,0.8309754133224487,0.8104470437429899,0.08860759493670886,0.014308501034975052,0.014408688060939312,0.9307419657707214,52.325439453125,2.9079341888427734,0.07793156802654266,0.8363967537879944,0.8244838921761999,0.05641025641025641,0.013900860212743282
v1,ce_1.0,dose,0.0,1.0,0.0,0.0,1.0,0.0,0,Krakencoder,cl_kraken_v1_ce_1.0,4,Glasser,FC->SC,500,0.44364917278289795,0.9264042973518372,0.9999978563267301,0.9985358711566618,0.004734760615974665,0.0047385810874402525,0.9299744784832,57.89036483764649,0.09733715057373046,0.09986202418804169,0.9149695038795471,0.8915237942637397,0.22784810126582278,0.005379051901400089,0.005355561152100563,0.9284960627555847,57.915409088134766,1.3099212646484375,0.09693218767642975,0.9147520661354065,0.8859697567389875,0.14871794871794872,0.005367235280573368
v1,ce_1.0,dose,0.0,1.0,0.0,0.0,1.0,0.0,0,Krakencoder,cl_kraken_v1_ce_1.0,4,Glasser,SC->FC,1000,0.48799148201942444,0.8630523085594177,0.999980706940571,0.986822840409956,0.01139676570892334,0.011392679437994957,0.9140462398529052,52.52745361328125,0.12182598114013672,0.07662035524845123,0.8305254578590393,0.8021150456657586,0.13924050632911392,0.014335057698190212,0.014429991133511066,0.9174913167953491,52.243282318115234,2.886993408203125,0.08138541132211685,0.8357944488525391,0.818198553583169,0.09230769230769231,0.013944663107395172
v1,ce_1.0,dose,0.0,1.0,0.0,0.0,1.0,0.0,0,Krakencoder,cl_kraken_v1_ce_1.0,4,Glasser,FC->SC,1000,0.4926011562347412,0.9289714097976685,0.9999978563267301,0.9985358711566618,0.00457551795989275,0.00457965387031436,0.9164547324180603,57.85023384094238,-0.22803306579589844,0.10850036889314651,0.9149901866912842,0.9059445601666399,0.31645569620253167,0.005374928470700979,0.00535049382597208,0.9167656898498535,57.880828857421875,1.2603683471679688,0.10364417731761932,0.9146670699119568,0.9034056541748849,0.14871794871794872,0.005368610378354788
v1,ce_1.0,dose,0.0,1.0,0.0,0.0,1.0,0.0,0,Krakencoder,cl_kraken_v1_ce_1.0,4,Glasser,SC->FC,1500,0.49632659554481506,0.8639467358589172,0.9999828506138408,0.9882869692532943,0.01132805086672306,0.011322747264057399,0.9118704617023468,52.51507835388183,0.034976768493652347,0.07615409046411514,0.8303783535957336,0.7984297388239064,0.11392405063291139,0.01434639934450388,0.014440053142607212,0.9155574440956116,52.23178482055664,2.8993682861328125,0.08147908747196198,0.8356601595878601,0.8160420775805391,0.08717948717948718,0.01395297609269619
v1,ce_1.0,dose,0.0,1.0,0.0,0.0,1.0,0.0,0,Krakencoder,cl_kraken_v1_ce_1.0,4,Glasser,FC->SC,1500,0.5048285722732544,0.9295651912689209,1.0,1.0,0.0045384010300040245,0.004542834730818868,0.9141882479190826,57.843527221679686,-0.29918346405029295,0.11140329390764236,0.915054202079773,0.9110719435987822,0.2911392405063291,0.00537090515717864,0.005343285389244556,0.9147846102714539,57.876338958740234,1.2476215362548828,0.10681726783514023,0.9147363901138306,0.9119000657462196,0.13333333333333333,0.005363725125789642
v1,ce_1.0,dose,0.0,1.0,0.0,0.0,1.0,0.0,0,Krakencoder,cl_kraken_v1_ce_1.0,4,Glasser,SC->FC,2000,0.49893027544021606,0.8641688227653503,0.9999828506138408,0.9882869692532943,0.011310162954032421,0.011304134037345648,0.9117253363132477,52.514152908325194,0.014347076416015625,0.07739412039518356,0.8304709196090698,0.8069219676333921,0.10126582278481013,0.014337815344333649,0.01442715059965849,0.9156354665756226,52.232181549072266,2.888294219970703,0.08243142068386078,0.8357329368591309,0.8189086127547666,0.07692307692307693,0.013948622159659863
v1,ce_1.0,dose,0.0,1.0,0.0,0.0,1.0,0.0,0,Krakencoder,cl_kraken_v1_ce_1.0,4,Glasser,FC->SC,2000,0.5092655420303345,0.9297869801521301,0.9999978563267301,0.9985358711566618,0.004524541087448597,0.0045286630745977165,0.913283908367157,57.84104766845703,-0.3273303985595703,0.11044089496135712,0.9150015115737915,0.9112321743310366,0.2911392405063291,0.005374484695494175,0.00534792197868228,0.9140858054161072,57.87423324584961,1.2581233978271484,0.10827287286520004,0.914760410785675,0.9128731097961867,0.1641025641025641,0.005361031740903854
v1,nd_0.1,dose,0.0,0.0,0.1,0.0,0.0,0.1,0,Krakencoder,cl_kraken_v1_nd_0.1,0,Glasser,SC->FC,500,0.4680858552455902,0.8633854389190674,0.994981660875176,0.8096632503660323,0.011374611407518387,0.011352244485169648,0.8912927448749542,52.453695678710936,0.49221000671386717,0.048210423439741135,0.8258584141731262,0.6003845537574106,0.0379746835443038,0.01478666067123413,0.014776240102946758,0.8959905505180359,52.08369064331055,4.102153778076172,0.0769132599234581,0.8360025882720947,0.6696646942800789,0.03076923076923077,0.013574343174695969
v1,nd_0.1,dose,0.0,0.0,0.1,0.0,0.0,0.1,0,Krakencoder,cl_kraken_v1_nd_0.1,0,Glasser,FC->SC,500,0.4440006911754608,0.9263591766357422,0.999980706940571,0.9897510980966325,0.004684497136622667,0.0046847652643918995,0.9227794885635376,57.88097038269043,0.11709823608398437,0.1254500448703766,0.9165233969688416,0.8674891844255728,0.21518987341772153,0.005195691715925932,0.005224163644015789,0.9190004467964172,57.938716888427734,1.1082401275634766,0.12723642587661743,0.9152068495750427,0.8592504930966469,0.11794871794871795,0.005412875674664974
v1,nd_0.1,dose,0.0,0.0,0.1,0.0,0.0,0.1,0,Krakencoder,cl_kraken_v1_nd_0.1,0,Glasser,SC->FC,1000,0.503887951374054,0.8676061630249023,0.9972410925016453,0.8726207906295754,0.011048097163438797,0.011026268173009158,0.87919300198555,52.38291130065918,0.06035270690917969,0.05195601284503937,0.8253659605979919,0.6091972440314053,0.0379746835443038,0.01482594758272171,0.014812901616096497,0.8861150741577148,52.02006530761719,4.085905075073242,0.07737066596746445,0.8353691101074219,0.6761341222879684,0.046153846153846156,0.013630489818751812
v1,nd_0.1,dose,0.0,0.0,0.1,0.0,0.0,0.1,0,Krakencoder,cl_kraken_v1_nd_0.1,0,Glasser,FC->SC,1000,0.49312224984169006,0.928905189037323,0.9999978563267301,0.9985358711566618,0.004529602359980345,0.004529158491641283,0.9102706491947175,57.843849182128906,-0.20540256500244142,0.1312054991722107,0.91652911901474,0.8859157186348342,0.20253164556962025,0.005195214878767729,0.0052260830998420715,0.9091005921363831,57.91053771972656,1.0844535827636719,0.13141930103302002,0.9151518940925598,0.8782642998027613,0.11794871794871795,0.005414753686636686
v1,nd_0.1,dose,0.0,0.0,0.1,0.0,0.0,0.1,0,Krakencoder,cl_kraken_v1_nd_0.1,0,Glasser,SC->FC,1500,0.512257993221283,0.8685193657875061,0.9975583561455897,0.87701317715959,0.010980690829455853,0.010958268772810698,0.8779868900775909,52.37443809509277,-0.02669677734375,0.051437146961688995,0.825293242931366,0.6101586284249318,0.05063291139240506,0.014831355772912502,0.014813096262514591,0.88514244556427,52.01182556152344,4.093385696411133,0.07819025218486786,0.8353829979896545,0.6791058514135437,0.041025641025641026,0.013625899329781532
v1,nd_0.1,dose,0.0,0.0,0.1,0.0,0.0,0.1,0,Krakencoder,cl_kraken_v1_nd_0.1,0,Glasser,FC->SC,1500,0.5071503520011902,0.9295786619186401,1.0,1.0,0.004488724283874035,0.004488242045044899,0.9080566883087158,57.837196350097656,-0.291533088684082,0.13178053498268127,0.9165201187133789,0.8924851786572665,0.21518987341772153,0.005195429548621178,0.005225800909101963,0.9074420928955078,57.90521240234375,1.079660415649414,0.13127459585666656,0.9151262044906616,0.8848915187376726,0.11794871794871795,0.00541644636541605
v1,nd_0.1,dose,0.0,0.0,0.1,0.0,0.0,0.1,0,Krakencoder,cl_kraken_v1_nd_0.1,0,Glasser,SC->FC,2000,0.5154215097427368,0.8688809275627136,0.9976098043040672,0.8872620790629575,0.010952606797218323,0.01092956755310297,0.8771523535251617,52.37010726928711,-0.06506538391113281,0.05396474897861481,0.8254309296607971,0.6122416279442398,0.05063291139240506,0.014822207391262054,0.014797011390328407,0.8854666352272034,52.0125732421875,4.063222885131836,0.07920005172491074,0.8354309797286987,0.6799999999999999,0.05128205128205128,0.013620564714074135
v1,nd_0.1,dose,0.0,0.0,0.1,0.0,0.0,0.1,0,Krakencoder,cl_kraken_v1_nd_0.1,0,Glasser,FC->SC,2000,0.5130897760391235,0.9298641681671143,1.0,1.0,0.004471790045499802,0.0044717119541019205,0.9071978569030762,57.83451919555664,-0.3262014389038086,0.13256870210170746,0.9165375232696533,0.8942477167120654,0.21518987341772153,0.005194930359721184,0.005224523134529591,0.9066832661628723,57.90265655517578,1.072397232055664,0.13163338601589203,0.9151298999786377,0.8849967126890204,0.12307692307692308,0.005415668711066246
v1,nd_0.1,dose,0.0,0.0,0.1,0.0,0.0,0.1,0,Krakencoder,cl_kraken_v1_nd_0.1,1,Glasser,SC->FC,500,0.4713378846645355,0.8647579550743103,0.9958562795692931,0.8169838945827232,0.011341752484440804,0.011320352740585803,0.8963823258876801,52.60968933105469,0.4537679672241211,0.08351489901542664,0.8337599635124207,0.6864284569780483,0.05063291139240506,0.013883926905691624,0.014145247638225555,0.8922255635261536,52.4819221496582,3.259838104248047,0.07677549868822098,0.8266641497612,0.6692965154503616,0.05128205128205128,0.014112741686403751
v1,nd_0.1,dose,0.0,0.0,0.1,0.0,0.0,0.1,0,Krakencoder,cl_kraken_v1_nd_0.1,1,Glasser,FC->SC,500,0.4441753029823303,0.9266176223754883,0.999980706940571,0.986822840409956,0.004670363385230303,0.004668796388432384,0.9224266946315766,57.90124702453613,0.09479866027832032,0.13213403522968292,0.9166378378868103,0.8878384874218875,0.20253164556962025,0.005280791316181421,0.005322409328073263,0.9244434833526611,57.89823532104492,1.043905258178711,0.12804089486598969,0.9143691062927246,0.8817094017094017,0.09230769230769231,0.005420503206551075
v1,nd_0.1,dose,0.0,0.0,0.1,0.0,0.0,0.1,0,Krakencoder,cl_kraken_v1_nd_0.1,1,Glasser,SC->FC,1000,0.5057014226913452,0.8690050840377808,0.9976183789971468,0.8843338213762811,0.011012818664312363,0.01099328212440014,0.8827148497104644,52.52988128662109,0.023373222351074217,0.08307691663503647,0.8330280780792236,0.6872296106393206,0.06329113924050633,0.013952341862022877,0.014225006103515625,0.8796089887619019,52.40830612182617,3.3149032592773438,0.07525356858968735,0.8258522748947144,0.6665614727153188,0.035897435897435895,0.014187455177307129
v1,nd_0.1,dose,0.0,0.0,0.1,0.0,0.0,0.1,0,Krakencoder,cl_kraken_v1_nd_0.1,1,Glasser,FC->SC,1000,0.4935021698474884,0.9291627407073975,0.9999892816336505,0.9926793557833089,0.004515071399509907,0.004513510456308723,0.9100636124610901,57.86478805541992,-0.2304445266723633,0.1377013772726059,0.9166683554649353,0.9046627143086043,0.22784810126582278,0.005277529358863831,0.005319822113960981,0.913872241973877,57.86726379394531,1.002166748046875,0.13143278658390045,0.9143168330192566,0.8960157790927021,0.12307692307692308,0.005422974471002817
v1,nd_0.1,dose,0.0,0.0,0.1,0.0,0.0,0.1,0,Krakencoder,cl_kraken_v1_nd_0.1,1,Glasser,SC->FC,1500,0.514324426651001,0.8698635697364807,0.9980149585520773,0.8975109809663251,0.010947812348604202,0.010927372612059116,0.8817089319229126,52.52328987121582,-0.06584758758544922,0.0854751244187355,0.8330381512641907,0.6917160711424452,0.06329113924050633,0.013944066129624844,0.014205251820385456,0.8792782425880432,52.4030647277832,3.300813674926758,0.07603078335523605,0.8258154392242432,0.6692702169625246,0.035897435897435895,0.014185282401740551
v1,nd_0.1,dose,0.0,0.0,0.1,0.0,0.0,0.1,0,Krakencoder,cl_kraken_v1_nd_0.1,1,Glasser,FC->SC,1500,0.5074169635772705,0.9298315644264221,0.9999957126534602,0.9970717423133236,0.00447454396635294,0.004472971241921186,0.9078045606613159,57.8585563659668,-0.3118925094604492,0.13647301495075226,0.9166021943092346,0.9064252523634033,0.22784810126582278,0.005282788071781397,0.0053240638226270676,0.9114485383033752,57.86067199707031,1.01263427734375,0.1326206624507904,0.9143126010894775,0.8985667324128863,0.13846153846153847,0.005422547459602356
v1,nd_0.1,dose,0.0,0.0,0.1,0.0,0.0,0.1,0,Krakencoder,cl_kraken_v1_nd_0.1,1,Glasser,SC->FC,2000,0.5172914266586304,0.8701907992362976,0.998002096512458,0.8945827232796486,0.01092425175011158,0.010903936438262462,0.881255465745926,52.51986236572266,-0.09665336608886718,0.08125267177820206,0.8328067660331726,0.6846659189232495,0.06329113924050633,0.01397012360394001,0.014234612695872784,0.8787132501602173,52.402557373046875,3.3248443603515625,0.0777166560292244,0.8259196877479553,0.6735305719921105,0.046153846153846156,0.014177649281919003
v1,nd_0.1,dose,0.0,0.0,0.1,0.0,0.0,0.1,0,Krakencoder,cl_kraken_v1_nd_0.1,1,Glasser,FC->SC,2000,0.5130578875541687,0.9301010966300964,0.9999957126534602,0.9970717423133236,0.004458495415747166,0.004457091121003032,0.9071241617202759,57.856048583984375,-0.34506587982177733,0.1382584571838379,0.9166591763496399,0.9105912514020189,0.22784810126582278,0.005278438795357943,0.005316054914146662,0.9110404849052429,57.860504150390625,1.0013675689697266,0.13247041404247284,0.9143043160438538,0.8988823142669297,0.1282051282051282,0.005423536524176598
v1,nd_0.1,dose,0.0,0.0,0.1,0.0,0.0,0.1,0,Krakencoder,cl_kraken_v1_nd_0.1,2,Glasser,SC->FC,500,0.4640980660915375,0.8628453612327576,0.9928186945458521,0.7833089311859444,0.011501053348183632,0.011488588619977235,0.8976187705993652,52.49641304016113,0.6130363464355468,0.07150258868932724,0.8339842557907104,0.6357955455856433,0.05063291139240506,0.013155450113117695,0.013279639184474945,0.8868033289909363,52.35600662231445,3.051054000854492,0.09213495254516602,0.833952784538269,0.685759368836292,0.020512820512820513,0.013856570236384869
v1,nd_0.1,dose,0.0,0.0,0.1,0.0,0.0,0.1,0,Krakencoder,cl_kraken_v1_nd_0.1,2,Glasser,FC->SC,500,0.44420215487480164,0.9264893531799316,0.9999871379603806,0.9912152269399708,0.004655544646084309,0.004663395276293158,0.9228984475135803,57.890519332885745,0.09572257995605468,0.14589612185955048,0.9159246683120728,0.8990546386796988,0.13924050632911392,0.005597712937742472,0.005531440954655409,0.9229434132575989,57.86931610107422,1.4127922058105469,0.12680217623710632,0.9152775406837463,0.8942274819197896,0.13846153846153847,0.005349305458366871
v1,nd_0.1,dose,0.0,0.0,0.1,0.0,0.0,0.1,0,Krakencoder,cl_kraken_v1_nd_0.1,2,Glasser,SC->FC,1000,0.5004743337631226,0.8671568632125854,0.9945679319340863,0.849194729136164,0.01116898376494646,0.011159916408360004,0.8850993871688843,52.421790313720706,0.1824190139770508,0.07093293964862823,0.8334298729896545,0.6441275436628746,0.05063291139240506,0.013215354643762112,0.01333591341972351,0.8740305304527283,52.289424896240234,3.054983139038086,0.09114746749401093,0.8333045244216919,0.6853911900065746,0.03076923076923077,0.013912104070186615
v1,nd_0.1,dose,0.0,0.0,0.1,0.0,0.0,0.1,0,Krakencoder,cl_kraken_v1_nd_0.1,2,Glasser,FC->SC,1000,0.49351122975349426,0.9290231466293335,0.9999914253069204,0.9941434846266471,0.004502684343606234,0.004510871134698391,0.9107975006103516,57.8536018371582,-0.2179790496826172,0.1437942385673523,0.9157148003578186,0.8979330235539176,0.1518987341772152,0.005610733758658171,0.005541998893022537,0.913704514503479,57.840206146240234,1.4086685180664062,0.1281215250492096,0.9151533246040344,0.8995923734385273,0.13333333333333333,0.0053567164577543736
v1,nd_0.1,dose,0.0,0.0,0.1,0.0,0.0,0.1,0,Krakencoder,cl_kraken_v1_nd_0.1,2,Glasser,SC->FC,1500,0.5083933472633362,0.8681772947311401,0.9949988102613352,0.8579795021961932,0.011092343367636204,0.01108212349936366,0.8823026299476624,52.40337982177734,0.08659439086914063,0.07055170834064484,0.8330664038658142,0.6364364685146611,0.05063291139240506,0.013234282843768597,0.01335204765200615,0.8701436519622803,52.26631546020508,3.082204818725586,0.0918135941028595,0.8331946730613708,0.6861801446416831,0.035897435897435895,0.013915913179516792
v1,nd_0.1,dose,0.0,0.0,0.1,0.0,0.0,0.1,0,Krakencoder,cl_kraken_v1_nd_0.1,2,Glasser,FC->SC,1500,0.5068384408950806,0.9296679496765137,0.9999957126534602,0.9970717423133236,0.004463819786906242,0.004471725737676025,0.9086191058158875,57.84744720458984,-0.2977470397949219,0.14651091396808624,0.9157974720001221,0.9003364845377343,0.189873417721519,0.005606647580862045,0.005537654273211956,0.9118545651435852,57.83673095703125,1.3998355865478516,0.12826436758041382,0.9151257872581482,0.9019066403681788,0.14358974358974358,0.005358995404094458
v1,nd_0.1,dose,0.0,0.0,0.1,0.0,0.0,0.1,0,Krakencoder,cl_kraken_v1_nd_0.1,2,Glasser,SC->FC,2000,0.5110936760902405,0.8684834241867065,0.995003097607875,0.8609077598828697,0.011066704988479614,0.011055281199514867,0.8816808223724365,52.4005313873291,0.05350437164306641,0.06727655231952667,0.8328706622123718,0.6322704694760455,0.06329113924050633,0.013253726996481419,0.013373025692999363,0.8704030513763428,52.26921463012695,3.09783935546875,0.09002578258514404,0.8330946564674377,0.6843392504930967,0.02564102564102564,0.013929012231528759
v1,nd_0.1,dose,0.0,0.0,0.1,0.0,0.0,0.1,0,Krakencoder,cl_kraken_v1_nd_0.1,2,Glasser,FC->SC,2000,0.5124533176422119,0.929958164691925,0.9999935689801903,0.9956076134699854,0.0044457619078457355,0.0044536962639540436,0.9073697865009308,57.84376182556152,-0.3361948013305664,0.1453355848789215,0.9157376885414124,0.8960102547668642,0.16455696202531644,0.005610845983028412,0.005538870580494404,0.9106419086456299,57.8322639465332,1.396829605102539,0.12884697318077087,0.9151166677474976,0.9027481919789612,0.13333333333333333,0.005358100403100252
v1,nd_0.1,dose,0.0,0.0,0.1,0.0,0.0,0.1,0,Krakencoder,cl_kraken_v1_nd_0.1,3,Glasser,SC->FC,500,0.4647015631198883,0.8640102744102478,0.9955583089847778,0.7920937042459737,0.011446859687566757,0.011443507205694915,0.8961750447750092,52.554620361328126,0.5837898254394531,0.07833084464073181,0.828982949256897,0.620253164556962,0.06329113924050633,0.014076663181185722,0.013918834738433361,0.8854324221611023,52.34846115112305,3.557710647583008,0.08686362951993942,0.8310556411743164,0.6734253780407626,0.035897435897435895,0.013663952238857746
v1,nd_0.1,dose,0.0,0.0,0.1,0.0,0.0,0.1,0,Krakencoder,cl_kraken_v1_nd_0.1,3,Glasser,FC->SC,500,0.44495272636413574,0.9266902804374695,0.999980706940571,0.986822840409956,0.004661023151129484,0.004662702977657318,0.922348040342331,57.90571556091309,0.0993967056274414,0.1275889128446579,0.9152466058731079,0.8434545745874058,0.22784810126582278,0.005265610292553902,0.005282037425786257,0.9204402565956116,57.868812561035156,1.1773433685302734,0.1344320923089981,0.9148247241973877,0.8869953977646285,0.13333333333333333,0.005445800255984068
v1,nd_0.1,dose,0.0,0.0,0.1,0.0,0.0,0.1,0,Krakencoder,cl_kraken_v1_nd_0.1,3,Glasser,SC->FC,1000,0.5009344816207886,0.8683622479438782,0.9972646729076141,0.862371888726208,0.01111180055886507,0.01110679842531681,0.8833650529384613,52.47831687927246,0.13799076080322265,0.07811494171619415,0.8284705281257629,0.6303477006889922,0.05063291139240506,0.014117208309471607,0.013961723074316978,0.8746435642242432,52.28708267211914,3.54327392578125,0.08889105170965195,0.8305009603500366,0.6798685075608153,0.041025641025641026,0.013702135533094406
v1,nd_0.1,dose,0.0,0.0,0.1,0.0,0.0,0.1,0,Krakencoder,cl_kraken_v1_nd_0.1,3,Glasser,FC->SC,1000,0.49452564120292664,0.9292494654655457,0.9999892816336505,0.9926793557833089,0.004504946991801262,0.004506159108132124,0.9096121370792389,57.86834831237793,-0.2254617691040039,0.13292542099952698,0.9152728915214539,0.8678096458900817,0.26582278481012656,0.005262751132249832,0.0052809021435678005,0.9101890921592712,57.838172912597656,1.1439876556396484,0.13710565865039825,0.9147583842277527,0.9021696252465483,0.14358974358974358,0.005449450574815273
v1,nd_0.1,dose,0.0,0.0,0.1,0.0,0.0,0.1,0,Krakencoder,cl_kraken_v1_nd_0.1,3,Glasser,SC->FC,1500,0.5094972252845764,0.8692647218704224,0.997614091650607,0.8726207906295754,0.011042848229408264,0.011037401109933852,0.8819125175476075,52.468593215942384,0.0439788818359375,0.0780453309416771,0.828359842300415,0.627784008972921,0.06329113924050633,0.014126350171864033,0.013965713791549206,0.8742356896400452,52.28766632080078,3.5544986724853516,0.09239378571510315,0.8307088017463684,0.6910190664036817,0.041025641025641026,0.013685354962944984
v1,nd_0.1,dose,0.0,0.0,0.1,0.0,0.0,0.1,0,Krakencoder,cl_kraken_v1_nd_0.1,3,Glasser,FC->SC,1500,0.5086168646812439,0.9299142956733704,0.9999935689801903,0.9956076134699854,0.004465579520910978,0.004466735664755106,0.9077583968639373,57.86219749450684,-0.30472736358642577,0.1359109878540039,0.9153540134429932,0.8740586444480052,0.22784810126582278,0.0052574193105101585,0.005274620372802019,0.9097905158996582,57.83793258666992,1.1424732208251953,0.13665100932121277,0.9147093892097473,0.9029059829059829,0.15384615384615385,0.005452736746519804
v1,nd_0.1,dose,0.0,0.0,0.1,0.0,0.0,0.1,0,Krakencoder,cl_kraken_v1_nd_0.1,3,Glasser,SC->FC,2000,0.5129419565200806,0.8695967197418213,0.9977791544923889,0.8916544655929722,0.011015772819519043,0.011011581495404243,0.8815646409988404,52.46726493835449,0.013056373596191407,0.07967273890972137,0.8285404443740845,0.6324307002083,0.05063291139240506,0.014107516035437584,0.013950899243354797,0.8744766116142273,52.28338623046875,3.5255489349365234,0.09144443273544312,0.830559492111206,0.6883366206443129,0.041025641025641026,0.013696054928004742
v1,nd_0.1,dose,0.0,0.0,0.1,0.0,0.0,0.1,0,Krakencoder,cl_kraken_v1_nd_0.1,3,Glasser,FC->SC,2000,0.5140933394432068,0.9302042126655579,0.9999978563267301,0.9985358711566618,0.004447722341865301,0.0044490544125437735,0.9063783884048462,57.8584400177002,-0.34159145355224607,0.1378377377986908,0.9154244661331177,0.8806281044704374,0.26582278481012656,0.005254306364804506,0.005271684378385544,0.9085373878479004,57.8348274230957,1.1296234130859375,0.13863874971866608,0.9147666096687317,0.9076923076923077,0.1282051282051282,0.005449084099382162
v1,nd_0.1,dose,0.0,0.0,0.1,0.0,0.0,0.1,0,Krakencoder,cl_kraken_v1_nd_0.1,4,Glasser,SC->FC,500,0.46675562858581543,0.8629025220870972,0.9940941801414396,0.7979502196193266,0.011336448602378368,0.011328899301588535,0.8968460261821747,52.46138801574707,0.5873029708862305,0.08142431825399399,0.8303661942481995,0.6614324627463548,0.0379746835443038,0.014351173304021358,0.014439847320318222,0.8993175625801086,52.16539764404297,3.3045177459716797,0.08980990946292877,0.8359572291374207,0.6840499671268903,0.046153846153846156,0.013941245153546333
v1,nd_0.1,dose,0.0,0.0,0.1,0.0,0.0,0.1,0,Krakencoder,cl_kraken_v1_nd_0.1,4,Glasser,FC->SC,500,0.44490617513656616,0.9264177680015564,0.9999785632673011,0.9853587115666179,0.004696444142609835,0.004700291762128472,0.9224894404411316,57.885108947753906,0.12620391845703124,0.13599321246147156,0.9159930348396301,0.901297868931261,0.21518987341772153,0.0052952091209590435,0.005278195254504681,0.9215017557144165,57.912715911865234,1.2605667114257812,0.1334211826324463,0.9157164692878723,0.8930703484549638,0.14358974358974358,0.00528415571898222
v1,nd_0.1,dose,0.0,0.0,0.1,0.0,0.0,0.1,0,Krakencoder,cl_kraken_v1_nd_0.1,4,Glasser,SC->FC,1000,0.5021725296974182,0.8671882152557373,0.9962700085103828,0.8594436310395315,0.011010902933776379,0.011004465725272894,0.883889502286911,52.38383255004883,0.15584583282470704,0.08957222104072571,0.8303135633468628,0.6745713827912194,0.0759493670886076,0.014342065900564194,0.014428704977035522,0.8880357146263123,52.09523010253906,3.2529773712158203,0.09143367409706116,0.835452675819397,0.6905456936226166,0.06666666666666667,0.01398155651986599
v1,nd_0.1,dose,0.0,0.0,0.1,0.0,0.0,0.1,0,Krakencoder,cl_kraken_v1_nd_0.1,4,Glasser,FC->SC,1000,0.4936371445655823,0.9289141297340393,0.9999914253069204,0.9941434846266471,0.004544429015368223,0.0045486201997846365,0.9106547057628631,57.849721908569336,-0.1932910919189453,0.1407262533903122,0.915993332862854,0.9153981733696523,0.2911392405063291,0.005294422153383493,0.005276773124933243,0.9120637774467468,57.88447189331055,1.2175369262695312,0.13550175726413727,0.915610134601593,0.9067981591058514,0.14358974358974358,0.005290077067911625
v1,nd_0.1,dose,0.0,0.0,0.1,0.0,0.0,0.1,0,Krakencoder,cl_kraken_v1_nd_0.1,4,Glasser,SC->FC,1500,0.5104323625564575,0.8681738972663879,0.9966194272533757,0.8726207906295754,0.010935641825199127,0.010928924102336169,0.8813735485076905,52.36881637573242,0.06301307678222656,0.0886060893535614,0.8301816582679749,0.6752123057202372,0.0759493670886076,0.014353347010910511,0.014443007297813892,0.8868892192840576,52.087467193603516,3.2568626403808594,0.09088242053985596,0.8352829217910767,0.6886785009861933,0.07179487179487179,0.013992169871926308
v1,nd_0.1,dose,0.0,0.0,0.1,0.0,0.0,0.1,0,Krakencoder,cl_kraken_v1_nd_0.1,4,Glasser,FC->SC,1500,0.507473349571228,0.9295938611030579,0.9999935689801903,0.9956076134699854,0.0045034573413431644,0.004507991904392839,0.9083675622940064,57.84262199401856,-0.2729225158691406,0.14189954102039337,0.9160032868385315,0.9213267104630668,0.31645569620253167,0.005293991882354021,0.0052738976664841175,0.9100608229637146,57.87980270385742,1.2114524841308594,0.13755466043949127,0.9156525731086731,0.9136883629191321,0.14358974358974358,0.005287948064506054
v1,nd_0.1,dose,0.0,0.0,0.1,0.0,0.0,0.1,0,Krakencoder,cl_kraken_v1_nd_0.1,4,Glasser,SC->FC,2000,0.5131078362464905,0.868452787399292,0.9969538402834793,0.8872620790629575,0.010913487523794174,0.01090515088289976,0.8810950517654419,52.36741333007812,0.03276882171630859,0.0893077477812767,0.8302597999572754,0.6716872296106393,0.0759493670886076,0.014344561845064163,0.014428531751036644,0.8863375186920166,52.08647155761719,3.254068374633789,0.09170807152986526,0.8352755308151245,0.6880999342537804,0.06666666666666667,0.01399248093366623
v1,nd_0.1,dose,0.0,0.0,0.1,0.0,0.0,0.1,0,Krakencoder,cl_kraken_v1_nd_0.1,4,Glasser,FC->SC,2000,0.5129889249801636,0.929868221282959,0.9999935689801903,0.9956076134699854,0.0044869021512568,0.004491028934717178,0.907415920495987,57.839944458007814,-0.3086540222167969,0.1413402408361435,0.9159637689590454,0.917801634353469,0.27848101265822783,0.005296516697853804,0.005277776625007391,0.9091499447822571,57.87782287597656,1.2130393981933594,0.13875146210193634,0.9156824350357056,0.9150821827744905,0.16923076923076924,0.005285197868943214
v1,nd_1.0,dose,0.0,0.0,1.0,0.0,0.0,1.0,0,Krakencoder,cl_kraken_v1_nd_1.0,0,Glasser,SC->FC,500,0.470811665058136,0.8638907074928284,0.9955175791926498,0.821376281112738,0.011335271410644054,0.011312915291637183,0.8883473813533783,52.436293029785155,0.4218128204345703,0.04902716726064682,0.825702428817749,0.602307322544464,0.0379746835443038,0.014798643998801708,0.014788989908993244,0.8931764960289001,52.066158294677734,4.09105110168457,0.07761631160974503,0.835873007774353,0.6728205128205129,0.03076923076923077,0.013584522530436516
v1,nd_1.0,dose,0.0,0.0,1.0,0.0,0.0,1.0,0,Krakencoder,cl_kraken_v1_nd_1.0,0,Glasser,FC->SC,500,0.44671282172203064,0.9266411066055298,0.9999849942871107,0.9926793557833089,0.004667053930461407,0.0046672872733324764,0.9195594310760498,57.87151107788086,0.0697256088256836,0.12491221725940704,0.9164496064186096,0.8684505688190995,0.21518987341772153,0.005200249142944813,0.00522868474945426,0.9158887267112732,57.9296875,1.1008720397949219,0.12678807973861694,0.9151350259780884,0.8607232084155161,0.11794871794871795,0.00541694276034832
v1,nd_1.0,dose,0.0,0.0,1.0,0.0,0.0,1.0,0,Krakencoder,cl_kraken_v1_nd_1.0,0,Glasser,SC->FC,1000,0.5057546496391296,0.8680944442749023,0.9975090516603822,0.8784773060029283,0.011009848676621914,0.010988003388047219,0.875919508934021,52.363590240478516,-0.011677742004394531,0.05261951684951782,0.8251771330833435,0.6104790898894408,0.0379746835443038,0.014840736985206604,0.014828785322606564,0.8829769492149353,52.00045394897461,4.075407028198242,0.0778563842177391,0.835199773311615,0.6785535831689677,0.046153846153846156,0.013643654063344002
v1,nd_1.0,dose,0.0,0.0,1.0,0.0,0.0,1.0,0,Krakencoder,cl_kraken_v1_nd_1.0,0,Glasser,FC->SC,1000,0.49496668577194214,0.9291958212852478,0.9999978563267301,0.9985358711566618,0.00451153377071023,0.004511051950976253,0.9066233277320862,57.83312072753906,-0.25601654052734374,0.13056044280529022,0.9164403676986694,0.886236180099343,0.21518987341772153,0.005200574640184641,0.005231471732258797,0.9056240320205688,57.900489807128906,1.0779399871826172,0.13076815009117126,0.9150616526603699,0.8788165680473372,0.11794871794871795,0.005419861525297165
v1,nd_1.0,dose,0.0,0.0,1.0,0.0,0.0,1.0,0,Krakencoder,cl_kraken_v1_nd_1.0,0,Glasser,SC->FC,1500,0.5137388706207275,0.8689804077148438,0.9978327463241362,0.8857979502196194,0.010944328270852566,0.01092186188325286,0.8747003555297852,52.35509185791015,-0.09687595367431641,0.05212363228201866,0.8251095414161682,0.613042781605512,0.05063291139240506,0.014845633879303932,0.014828023500740528,0.8820063471794128,51.99199676513672,4.080907821655273,0.07871782779693604,0.8352160453796387,0.6820249835634451,0.041025641025641026,0.013639049604535103
v1,nd_1.0,dose,0.0,0.0,1.0,0.0,0.0,1.0,0,Krakencoder,cl_kraken_v1_nd_1.0,0,Glasser,FC->SC,1500,0.5084314942359924,0.9298545122146606,1.0,1.0,0.004471513908356428,0.004471009597182274,0.9044046938419342,57.82645454406738,-0.34066123962402345,0.1310262531042099,0.9164266586303711,0.8934465630507932,0.21518987341772153,0.005201089661568403,0.005231574643403292,0.9039564728736877,57.89506530761719,1.074056625366211,0.13052497804164886,0.9150325059890747,0.8848126232741618,0.11794871794871795,0.005421838257461786
v1,nd_1.0,dose,0.0,0.0,1.0,0.0,0.0,1.0,0,Krakencoder,cl_kraken_v1_nd_1.0,0,Glasser,SC->FC,2000,0.5167601704597473,0.8693304061889648,0.9978134532647072,0.890190336749634,0.010917157866060734,0.01089411610737443,0.8738708198070526,52.35078125,-0.13388118743896485,0.054619669914245605,0.8252419829368591,0.6146450889280564,0.05063291139240506,0.014836792834103107,0.014812363311648369,0.8822580575942993,51.992523193359375,4.05152702331543,0.0796409621834755,0.8352579474449158,0.6829980276134122,0.05128205128205128,0.013634130358695984
v1,nd_1.0,dose,0.0,0.0,1.0,0.0,0.0,1.0,0,Krakencoder,cl_kraken_v1_nd_1.0,0,Glasser,FC->SC,2000,0.5140413045883179,0.9301303625106812,1.0,1.0,0.004455162212252617,0.004455072153359651,0.9035417914390564,57.82374382019043,-0.37427463531494143,0.13187649846076965,0.9164470434188843,0.895209101105592,0.21518987341772153,0.00520040700212121,0.005230154376477003,0.9032180309295654,57.89247512817383,1.0666389465332031,0.13088193535804749,0.9150354862213135,0.8851808021038791,0.12307692307692308,0.005421087611466646
v1,nd_1.0,dose,0.0,0.0,1.0,0.0,0.0,1.0,0,Krakencoder,cl_kraken_v1_nd_1.0,1,Glasser,SC->FC,500,0.4740135073661804,0.8652610778808594,0.9963621864609884,0.8272327964860908,0.011302458122372627,0.011281194631010294,0.8934549689292908,52.59247932434082,0.3822376251220703,0.08371803164482117,0.8336053490638733,0.6896330716231374,0.05063291139240506,0.013896158896386623,0.014157579280436039,0.8892663717269897,52.46509552001953,3.251739501953125,0.07698963582515717,0.8265084028244019,0.6723208415516108,0.05128205128205128,0.014125779271125793
v1,nd_1.0,dose,0.0,0.0,1.0,0.0,0.0,1.0,0,Krakencoder,cl_kraken_v1_nd_1.0,1,Glasser,FC->SC,500,0.44704967737197876,0.9269029498100281,0.999980706940571,0.986822840409956,0.004652707371860743,0.00465116361156106,0.919226199388504,57.8918960571289,0.04787578582763672,0.13182830810546875,0.9165771007537842,0.8881589488863965,0.20253164556962025,0.005284097511321306,0.0053261518478393555,0.9214216470718384,57.88937759399414,1.0358848571777344,0.1275574266910553,0.9143014550209045,0.8828928336620644,0.09743589743589744,0.005424508359283209
v1,nd_1.0,dose,0.0,0.0,1.0,0.0,0.0,1.0,0,Krakencoder,cl_kraken_v1_nd_1.0,1,Glasser,SC->FC,1000,0.5075291395187378,0.8694934248924255,0.9978691887697245,0.8857979502196194,0.010974328964948654,0.010954854730516671,0.8794040977954865,52.51048316955566,-0.04956378936767578,0.08302642405033112,0.8328250646591187,0.6905944560166639,0.06329113924050633,0.013968335464596748,0.014241487719118595,0.8763101100921631,52.38936996459961,3.3086624145507812,0.07542125135660172,0.8256644010543823,0.6684549638395791,0.035897435897435895,0.014203176833689213
v1,nd_1.0,dose,0.0,0.0,1.0,0.0,0.0,1.0,0,Krakencoder,cl_kraken_v1_nd_1.0,1,Glasser,FC->SC,1000,0.49534639716148376,0.9294490814208984,0.9999914253069204,0.9941434846266471,0.004497263580560684,0.004495700960978866,0.9064802527427673,57.85431480407715,-0.279803466796875,0.137062206864357,0.9165859818458557,0.9056240987021311,0.22784810126582278,0.005282078869640827,0.005324729718267918,0.9105434417724609,57.857479095458984,0.9953804016113281,0.13073047995567322,0.9142299294471741,0.8965943458251151,0.12307692307692308,0.005428090691566467
v1,nd_1.0,dose,0.0,0.0,1.0,0.0,0.0,1.0,0,Krakencoder,cl_kraken_v1_nd_1.0,1,Glasser,SC->FC,1500,0.5157663822174072,0.8703235983848572,0.9982014581265581,0.9033674963396779,0.01091139204800129,0.010890987515449525,0.8784015476703644,52.503988647460936,-0.13675956726074218,0.08547858148813248,0.8328489661216736,0.6933183784649896,0.06329113924050633,0.013958866707980633,0.014219749718904495,0.8760635256767273,52.38490295410156,3.2935657501220703,0.07623223215341568,0.825634777545929,0.671663379355687,0.035897435897435895,0.014200510457158089
v1,nd_1.0,dose,0.0,0.0,1.0,0.0,0.0,1.0,0,Krakencoder,cl_kraken_v1_nd_1.0,1,Glasser,FC->SC,1500,0.5087000727653503,0.9301024079322815,0.9999957126534602,0.9970717423133236,0.0044576432555913925,0.004456082638353109,0.9042155027389527,57.848073196411136,-0.3598487854003906,0.13590039312839508,0.9165193438529968,0.9064252523634033,0.22784810126582278,0.00528738833963871,0.005329016596078873,0.9081030488014221,57.85089874267578,1.0059375762939453,0.1318664699792862,0.9142221212387085,0.8989612097304405,0.14358974358974358,0.005427828524261713
v1,nd_1.0,dose,0.0,0.0,1.0,0.0,0.0,1.0,0,Krakencoder,cl_kraken_v1_nd_1.0,1,Glasser,SC->FC,2000,0.5185945630073547,0.8706412315368652,0.9982207511859872,0.9019033674963397,0.01088862307369709,0.010868408903479575,0.8779500544071197,52.50053176879883,-0.16621150970458984,0.08125674724578857,0.8326116800308228,0.6864284569780483,0.06329113924050633,0.013985875062644482,0.014250428415834904,0.8754616379737854,52.38405990600586,3.318510055541992,0.07787393778562546,0.825736939907074,0.6759500328731098,0.046153846153846156,0.014192948117852211
v1,nd_1.0,dose,0.0,0.0,1.0,0.0,0.0,1.0,0,Krakencoder,cl_kraken_v1_nd_1.0,1,Glasser,FC->SC,2000,0.5140128135681152,0.9303608536720276,0.9999978563267301,0.9985358711566618,0.0044422573409974575,0.004440858215093613,0.9035525679588318,57.84560356140137,-0.39202194213867186,0.13767488300800323,0.9165762662887573,0.9109117128665278,0.22784810126582278,0.005283001810312271,0.005320972763001919,0.9076951146125793,57.850711822509766,0.9942626953125,0.13165953755378723,0.9142125844955444,0.899250493096647,0.1282051282051282,0.005428926553577185
v1,nd_1.0,dose,0.0,0.0,1.0,0.0,0.0,1.0,0,Krakencoder,cl_kraken_v1_nd_1.0,2,Glasser,SC->FC,500,0.466792494058609,0.8633511066436768,0.993431785101042,0.7994143484626647,0.011461432091891766,0.011449216026812791,0.894654655456543,52.478844451904294,0.541510009765625,0.07176217436790466,0.8338218331336975,0.6401217753565134,0.05063291139240506,0.013169591315090656,0.013293873518705368,0.8835715055465698,52.33820724487305,3.0413150787353516,0.09197857230901718,0.8337862491607666,0.6890203813280736,0.020512820512820513,0.013870256952941418
v1,nd_1.0,dose,0.0,0.0,1.0,0.0,0.0,1.0,0,Krakencoder,cl_kraken_v1_nd_1.0,2,Glasser,FC->SC,500,0.4469819962978363,0.9267668128013611,0.9999871379603806,0.9912152269399708,0.004638454411178827,0.004646360548213125,0.9197819054126739,57.88130760192871,0.04986381530761719,0.14534080028533936,0.9158543348312378,0.8996955616087166,0.13924050632911392,0.0056011066772043705,0.005534831900149584,0.92006915807724,57.8607177734375,1.4039783477783203,0.1264103353023529,0.9152110815048218,0.8945956607495069,0.13846153846153847,0.0053532300516963005
v1,nd_1.0,dose,0.0,0.0,1.0,0.0,0.0,1.0,0,Krakencoder,cl_kraken_v1_nd_1.0,2,Glasser,SC->FC,1000,0.5022497177124023,0.8676456809043884,0.9949387874097781,0.8550512445095169,0.011130411177873611,0.0111215740442276,0.8817780375480652,52.40210227966308,0.10983257293701172,0.07108022272586823,0.8332211375236511,0.6463707739144368,0.05063291139240506,0.013232765719294548,0.013353144749999046,0.8704135417938232,52.269386291503906,3.047403335571289,0.09092824161052704,0.8330981135368347,0.6878632478632478,0.03076923076923077,0.013928611762821674
v1,nd_1.0,dose,0.0,0.0,1.0,0.0,0.0,1.0,0,Krakencoder,cl_kraken_v1_nd_1.0,2,Glasser,FC->SC,1000,0.49534425139427185,0.929305911064148,0.9999914253069204,0.9941434846266471,0.004485134035348892,0.004493356077000498,0.907275116443634,57.84323844909668,-0.2667097091674805,0.14321991801261902,0.915629506111145,0.8990546386796988,0.16455696202531644,0.0056149461306631565,0.005546255502849817,0.9104742407798767,57.830562591552734,1.3991966247558594,0.1276037096977234,0.9150703549385071,0.900249835634451,0.13333333333333333,0.00536157563328743
v1,nd_1.0,dose,0.0,0.0,1.0,0.0,0.0,1.0,0,Krakencoder,cl_kraken_v1_nd_1.0,2,Glasser,SC->FC,1500,0.5098304748535156,0.8686423301696777,0.9953353669647087,0.8638360175695461,0.011055485345423222,0.011045470647513867,0.8789725661277771,52.38358154296875,0.015149688720703125,0.0706300437450409,0.8328566551208496,0.6398013138920045,0.05063291139240506,0.013251623138785362,0.013369310647249222,0.8666301369667053,52.2465705871582,3.073995590209961,0.09161705523729324,0.8329898715019226,0.6889414858645628,0.035897435897435895,0.013932366855442524
v1,nd_1.0,dose,0.0,0.0,1.0,0.0,0.0,1.0,0,Krakencoder,cl_kraken_v1_nd_1.0,2,Glasser,FC->SC,1500,0.5081182718276978,0.9299357533454895,0.9999935689801903,0.9956076134699854,0.004447178915143013,0.004455115832388401,0.9050997376441956,57.83705787658691,-0.34491615295410155,0.14591002464294434,0.915712296962738,0.9009774074667521,0.189873417721519,0.005610956810414791,0.005541964899748564,0.9086576104164124,57.82709884643555,1.391693115234375,0.12766310572624207,0.9150382280349731,0.9023011176857331,0.14358974358974358,0.0053641111589968204
v1,nd_1.0,dose,0.0,0.0,1.0,0.0,0.0,1.0,0,Krakencoder,cl_kraken_v1_nd_1.0,2,Glasser,SC->FC,2000,0.5123806595802307,0.8689367771148682,0.9952924934993108,0.8667642752562226,0.011030723340809345,0.01101952577009797,0.8783402562141418,52.38072242736816,-0.01672496795654297,0.06740771979093552,0.8326595425605774,0.6351546226566256,0.05063291139240506,0.013271316885948181,0.01339028961956501,0.866882860660553,52.24965286254883,3.0900230407714844,0.08994029462337494,0.8328943252563477,0.6866798159105851,0.02564102564102564,0.01394501980394125
v1,nd_1.0,dose,0.0,0.0,1.0,0.0,0.0,1.0,0,Krakencoder,cl_kraken_v1_nd_1.0,2,Glasser,FC->SC,2000,0.5134305953979492,0.9302162528038025,0.9999935689801903,0.9956076134699854,0.004429683554917574,0.004437647806480527,0.9038474023342132,57.833356857299805,-0.3826272964477539,0.1447906792163849,0.9156523942947388,0.8961704854991187,0.1518987341772152,0.005615072324872017,0.005543006584048271,0.9073858857154846,57.82250213623047,1.387094497680664,0.12820379436016083,0.9150280952453613,0.9026692965154504,0.13846153846153847,0.005363264586776495
v1,nd_1.0,dose,0.0,0.0,1.0,0.0,0.0,1.0,0,Krakencoder,cl_kraken_v1_nd_1.0,3,Glasser,SC->FC,500,0.46749261021614075,0.8645257353782654,0.9960149113912654,0.8125915080527086,0.011406573466956615,0.01140333442017436,0.8931840717792511,52.5368595123291,0.5125741958618164,0.07839906960725784,0.828804612159729,0.6239384713988143,0.06329113924050633,0.014091121032834053,0.01393340714275837,0.8824245929718018,52.33088302612305,3.5438575744628906,0.08693741261959076,0.830887496471405,0.6752136752136753,0.03076923076923077,0.013677812181413174
v1,nd_1.0,dose,0.0,0.0,1.0,0.0,0.0,1.0,0,Krakencoder,cl_kraken_v1_nd_1.0,3,Glasser,FC->SC,500,0.4477854371070862,0.9269733428955078,0.999980706940571,0.986822840409956,0.004643526393920183,0.004645192483440042,0.9191708087921142,57.89637794494629,0.05241584777832031,0.12701532244682312,0.915176272392273,0.8450568819099503,0.22784810126582278,0.005269825458526611,0.0052861799485981464,0.9174047708511353,57.85978698730469,1.1697769165039062,0.1339731067419052,0.9147579669952393,0.8885207100591715,0.13846153846153847,0.0054496279917657375
v1,nd_1.0,dose,0.0,0.0,1.0,0.0,0.0,1.0,0,Krakencoder,cl_kraken_v1_nd_1.0,3,Glasser,SC->FC,1000,0.5027942657470703,0.8688573241233826,0.9975304883930811,0.8740849194729137,0.011072834022343159,0.011067964415997267,0.8800105333328248,52.4584342956543,0.06587600708007812,0.07812069356441498,0.8282514214515686,0.6327511616728089,0.05063291139240506,0.014134839177131653,0.013979203067719936,0.8712471127510071,52.267234802246094,3.530986785888672,0.0889221802353859,0.8303064703941345,0.6822090729783037,0.041025641025641026,0.013718302361667156
v1,nd_1.0,dose,0.0,0.0,1.0,0.0,0.0,1.0,0,Krakencoder,cl_kraken_v1_nd_1.0,3,Glasser,FC->SC,1000,0.49633780121803284,0.9295359253883362,0.9999892816336505,0.9926793557833089,0.004487108439207077,0.004488331498578191,0.9060027599334717,57.85776786804199,-0.27536697387695314,0.13224604725837708,0.9151858687400818,0.8676494151578272,0.27848101265822783,0.00526783661916852,0.005286004394292831,0.906754732131958,57.8281135559082,1.1372547149658203,0.13643966615200043,0.9146748781204224,0.9027218934911243,0.14871794871794872,0.00545428367331624
v1,nd_1.0,dose,0.0,0.0,1.0,0.0,0.0,1.0,0,Krakencoder,cl_kraken_v1_nd_1.0,3,Glasser,SC->FC,1500,0.5109984874725342,0.8697339296340942,0.9978456083637556,0.8843338213762811,0.011005819775164127,0.011000500898808241,0.8785717368125916,52.448838806152345,-0.026356315612792967,0.0780385434627533,0.8281362056732178,0.63098862361801,0.06329113924050633,0.01414443552494049,0.013984626159071922,0.8707895874977112,52.26748275756836,3.5443801879882812,0.09234041720628738,0.8305121660232544,0.6934385272846811,0.041025641025641026,0.01370159350335598
v1,nd_1.0,dose,0.0,0.0,1.0,0.0,0.0,1.0,0,Krakencoder,cl_kraken_v1_nd_1.0,3,Glasser,FC->SC,1500,0.5098713636398315,0.9301849007606506,0.9999935689801903,0.9956076134699854,0.004448673687875271,0.004449832858517766,0.9041589319705963,57.85164031982422,-0.3531181335449219,0.13521382212638855,0.915268063545227,0.8748597981092774,0.24050632911392406,0.005262468941509724,0.005279787350445986,0.9063711166381836,57.8278923034668,1.1360454559326172,0.13603609800338745,0.91462641954422,0.9031426692965154,0.14871794871794872,0.005457513965666294
v1,nd_1.0,dose,0.0,0.0,1.0,0.0,0.0,1.0,0,Krakencoder,cl_kraken_v1_nd_1.0,3,Glasser,SC->FC,2000,0.514280378818512,0.870055079460144,0.9979656540668698,0.8916544655929722,0.010979642160236835,0.010975643992424011,0.8782181441783905,52.447440719604494,-0.05606002807617187,0.07986722141504288,0.8283342719078064,0.6354750841211345,0.05063291139240506,0.014123892411589622,0.013967489823698997,0.8710572719573975,52.26350784301758,3.5123977661132812,0.09134932607412338,0.8303570747375488,0.6905982905982906,0.041025641025641026,0.013712712563574314
v1,nd_1.0,dose,0.0,0.0,1.0,0.0,0.0,1.0,0,Krakencoder,cl_kraken_v1_nd_1.0,3,Glasser,FC->SC,2000,0.5150490403175354,0.9304649829864502,0.9999978563267301,0.9985358711566618,0.004431434907019138,0.004432767862454057,0.902783477306366,57.847882461547854,-0.3887443542480469,0.13714571297168732,0.9153381586074829,0.8809485659349463,0.26582278481012656,0.005259314551949501,0.005276773124933243,0.9051181674003601,57.824790954589844,1.123056411743164,0.13802964985370636,0.9146855473518372,0.9081656804733728,0.13846153846153847,0.005453778430819511
v1,nd_1.0,dose,0.0,0.0,1.0,0.0,0.0,1.0,0,Krakencoder,cl_kraken_v1_nd_1.0,4,Glasser,SC->FC,500,0.46941646933555603,0.8634153008460999,0.9947137017164391,0.8038067349926794,0.01129709742963314,0.011289702262729406,0.8938818097114563,52.44366683959961,0.5165250778198243,0.08201286196708679,0.8302191495895386,0.6659189232494793,0.0379746835443038,0.014361855573952198,0.014449805952608585,0.8965116143226624,52.14848327636719,3.290445327758789,0.08995237946510315,0.8357931971549988,0.6866798159105851,0.046153846153846156,0.013953079469501972
v1,nd_1.0,dose,0.0,0.0,1.0,0.0,0.0,1.0,0,Krakencoder,cl_kraken_v1_nd_1.0,4,Glasser,FC->SC,500,0.4476621448993683,0.926698625087738,0.9999785632673011,0.9853587115666179,0.004678999073803425,0.004682873887941241,0.9193088114261627,57.87575149536133,0.07886714935302734,0.13543924689292908,0.9159237146377563,0.9020990225925333,0.21518987341772153,0.005299401469528675,0.005282329395413399,0.9184404611587524,57.90370559692383,1.251852035522461,0.13276392221450806,0.9156423211097717,0.8947534516765285,0.14358974358974358,0.005288646090775728
v1,nd_1.0,dose,0.0,0.0,1.0,0.0,0.0,1.0,0,Krakencoder,cl_kraken_v1_nd_1.0,4,Glasser,SC->FC,1000,0.5039875507354736,0.8676849007606506,0.9966301456197252,0.8682284040995608,0.010972324758768082,0.010966007318347692,0.8805707812309265,52.3640552520752,0.08324985504150391,0.08966391533613205,0.8301181793212891,0.6771350745072905,0.0759493670886076,0.014356764033436775,0.014442839659750462,0.8849770426750183,52.07657241821289,3.2411022186279297,0.09145249426364899,0.8352500200271606,0.6930966469428008,0.07179487179487179,0.01399629283696413
v1,nd_1.0,dose,0.0,0.0,1.0,0.0,0.0,1.0,0,Krakencoder,cl_kraken_v1_nd_1.0,4,Glasser,FC->SC,1000,0.4954046607017517,0.9291994571685791,0.9999914253069204,0.9941434846266471,0.004526637960225344,0.004530858993530273,0.9070814609527588,57.83917655944824,-0.24335060119628907,0.1398647576570511,0.9159041047096252,0.9157186348341612,0.2911392405063291,0.005299814511090517,0.00528198154643178,0.908667266368866,57.874446868896484,1.2085609436035156,0.13477669656276703,0.9155230522155762,0.9075871137409599,0.15384615384615385,0.005295393522828817
v1,nd_1.0,dose,0.0,0.0,1.0,0.0,0.0,1.0,0,Krakencoder,cl_kraken_v1_nd_1.0,4,Glasser,SC->FC,1500,0.5118761658668518,0.8686417937278748,0.9969281162042406,0.87701317715959,0.01089911162853241,0.010892464965581893,0.8780590295791626,52.34918975830078,-0.007198333740234375,0.08862586319446564,0.8299752473831177,0.6768146130427817,0.0759493670886076,0.01436903141438961,0.014457928948104382,0.8838179707527161,52.06865692138672,3.245004653930664,0.09084094315767288,0.8350797891616821,0.6912557527942144,0.07179487179487179,0.014007230289280415
v1,nd_1.0,dose,0.0,0.0,1.0,0.0,0.0,1.0,0,Krakencoder,cl_kraken_v1_nd_1.0,4,Glasser,FC->SC,1500,0.5086740255355835,0.9298639893531799,0.9999935689801903,0.9956076134699854,0.004486551508307457,0.004491084115579724,0.9047757089138031,57.83204383850098,-0.32155323028564453,0.1411125659942627,0.9159167408943176,0.9205255568017946,0.3291139240506329,0.005299248732626438,0.005278904922306538,0.9066483974456787,57.86992645263672,1.2025718688964844,0.13681094348430634,0.9155651926994324,0.913767258382643,0.14358974358974358,0.005293272901326418
v1,nd_1.0,dose,0.0,0.0,1.0,0.0,0.0,1.0,0,Krakencoder,cl_kraken_v1_nd_1.0,4,Glasser,SC->FC,2000,0.5143998265266418,0.8689070343971252,0.9972282304620259,0.8945827232796486,0.010877998545765877,0.01086972039192915,0.8778139531612397,52.34796371459961,-0.036061668395996095,0.08949660509824753,0.8300683498382568,0.6753725364524916,0.0759493670886076,0.014358949847519398,0.014442166313529015,0.8832725882530212,52.06770324707031,3.241945266723633,0.09170898050069809,0.835074245929718,0.6910453648915187,0.06666666666666667,0.014007237739861012
v1,nd_1.0,dose,0.0,0.0,1.0,0.0,0.0,1.0,0,Krakencoder,cl_kraken_v1_nd_1.0,4,Glasser,FC->SC,2000,0.5138644576072693,0.9301271438598633,0.9999957126534602,0.9970717423133236,0.0044706580229103565,0.004474792489781975,0.9038389325141907,57.82941360473633,-0.35607337951660156,0.14056150615215302,0.9158759713172913,0.9182823265502323,0.2911392405063291,0.005301857367157936,0.005282977130264044,0.905770480632782,57.867923736572266,1.2047748565673828,0.13797539472579956,0.9155936241149902,0.9157922419460881,0.16923076923076924,0.005290604196488857
v1,all_0.1,dose,0.1,0.1,0.1,0.9199999999999999,0.1,0.1,0,Krakencoder,cl_kraken_v1_all_0.1,0,Glasser,SC->FC,500,0.4887197017669678,0.8753068447113037,0.9982850613840841,0.9077598828696926,0.010412433184683323,0.010393534228205681,0.6976604998111725,51.321841430664065,-1.3261201858520508,0.05603932589292526,0.8129921555519104,0.614484858195802,0.05063291139240506,0.01592947170138359,0.015902087092399597,0.7096900939941406,50.9844856262207,4.295692443847656,0.08170098811388016,0.8231725692749023,0.6767652859960552,0.041025641025641026,0.01462911069393158
v1,all_0.1,dose,0.1,0.1,0.1,0.9199999999999999,0.1,0.1,0,Krakencoder,cl_kraken_v1_all_0.1,0,Glasser,FC->SC,500,0.4734722375869751,0.9331605434417725,0.9999957126534602,0.9970717423133236,0.00424302788451314,0.004242392582818865,0.7298804879188537,57.31599731445313,-1.282843017578125,0.12796856462955475,0.91144859790802,0.8812690273994552,0.189873417721519,0.005497072357684374,0.005519429221749306,0.7214528918266296,57.37942886352539,1.0229320526123047,0.12856051325798035,0.9100271463394165,0.8691913214990138,0.09230769230769231,0.005715569015592337
v1,all_0.1,dose,0.1,0.1,0.1,0.9199999999999999,0.1,0.1,0,Krakencoder,cl_kraken_v1_all_0.1,0,Glasser,SC->FC,1000,0.5115658640861511,0.8785677552223206,0.9986794972657448,0.9238653001464129,0.01015477068722248,0.010137958358973265,0.6973044216632843,51.3237720489502,-1.6457197189331054,0.05729475989937782,0.8135753870010376,0.6180099343053997,0.05063291139240506,0.01587834022939205,0.015854105353355408,0.7137905359268188,51.00690841674805,4.28632926940918,0.07985606789588928,0.8232586979866028,0.6783694937541092,0.05641025641025641,0.014635695144534111
v1,all_0.1,dose,0.1,0.1,0.1,0.9199999999999999,0.1,0.1,0,Krakencoder,cl_kraken_v1_all_0.1,0,Glasser,FC->SC,1000,0.5088086724281311,0.935549795627594,1.0,1.0,0.004097682889550924,0.00409645470790565,0.7289525747299195,57.31183280944824,-1.5713272094726562,0.13316820561885834,0.91194087266922,0.892324947925012,0.21518987341772153,0.005467571318149567,0.0054978677071630955,0.7277156710624695,57.39697265625,1.012350082397461,0.13160260021686554,0.9103535413742065,0.8812097304404997,0.1076923076923077,0.0056952545419335365
v1,all_0.1,dose,0.1,0.1,0.1,0.9199999999999999,0.1,0.1,0,Krakencoder,cl_kraken_v1_all_0.1,0,Glasser,SC->FC,1500,0.5159254670143127,0.8792282342910767,0.9987845372559696,0.9385065885797951,0.010105128400027752,0.010087423212826251,0.6969497978687287,51.322091293334964,-1.7068208694458007,0.05689588561654091,0.8137289881706238,0.6205736260214709,0.05063291139240506,0.0158748347312212,0.015849361196160316,0.7149797081947327,51.01100540161133,4.297758102416992,0.08064530789852142,0.8232992887496948,0.6809730440499671,0.041025641025641026,0.014629174023866653
v1,all_0.1,dose,0.1,0.1,0.1,0.9199999999999999,0.1,0.1,0,Krakencoder,cl_kraken_v1_all_0.1,0,Glasser,FC->SC,1500,0.5167806148529053,0.936077892780304,1.0,1.0,0.004065725486725569,0.004064655350521207,0.7299657821655273,57.3143970489502,-1.6332212448120118,0.1342868059873581,0.9120736718177795,0.8924851786572665,0.20253164556962025,0.00545874098315835,0.005489090923219919,0.73005211353302,57.40409469604492,1.0072383880615234,0.13164331018924713,0.9104599952697754,0.8834714003944774,0.11282051282051282,0.005688064731657505
v1,all_0.1,dose,0.1,0.1,0.1,0.9199999999999999,0.1,0.1,0,Krakencoder,cl_kraken_v1_all_0.1,0,Glasser,SC->FC,2000,0.517947256565094,0.8795014023780823,0.9987631005232707,0.9355783308931186,0.010084211826324463,0.010065867938101292,0.697175133228302,51.32019233703613,-1.7354751586914063,0.05927411839365959,0.813864529132843,0.6226566255407787,0.05063291139240506,0.01585611328482628,0.015816260129213333,0.7161635756492615,51.015106201171875,4.268077850341797,0.08069372922182083,0.8232933878898621,0.6797107166337936,0.046153846153846156,0.014625116251409054
v1,all_0.1,dose,0.1,0.1,0.1,0.9199999999999999,0.1,0.1,0,Krakencoder,cl_kraken_v1_all_0.1,0,Glasser,FC->SC,2000,0.5196639895439148,0.9362764358520508,1.0,1.0,0.004054417368024588,0.004053396708332002,0.7299245476722718,57.31286888122558,-1.6546424865722655,0.13545231521129608,0.9121537208557129,0.8971318698926454,0.21518987341772153,0.005452651530504227,0.005482735112309456,0.7302191257476807,57.401206970214844,0.997802734375,0.1315707564353943,0.9104321002960205,0.8810782380013149,0.11794871794871795,0.005689005367457867
v1,all_0.1,dose,0.1,0.1,0.1,0.9199999999999999,0.1,0.1,0,Krakencoder,cl_kraken_v1_all_0.1,1,Glasser,SC->FC,500,0.4917405843734741,0.8768206834793091,0.9982957797504336,0.9121522693997072,0.010362623259425163,0.010349803045392037,0.7055845499038697,51.514229202270506,-1.4280696868896485,0.0856127217411995,0.8215709924697876,0.6894728408908829,0.0759493670886076,0.014956217259168625,0.015234998427331448,0.6988654732704163,51.35305404663086,3.5371761322021484,0.08028611540794373,0.8144885897636414,0.6797107166337936,0.05128205128205128,0.015152474865317345
v1,all_0.1,dose,0.1,0.1,0.1,0.9199999999999999,0.1,0.1,0,Krakencoder,cl_kraken_v1_all_0.1,1,Glasser,FC->SC,500,0.47452813386917114,0.9334489703178406,0.9999892816336505,0.9926793557833089,0.004226743243634701,0.0042251019272953275,0.7304073691368103,57.342535400390624,-1.303679847717285,0.13665732741355896,0.9120888113975525,0.8974523313571543,0.21518987341772153,0.005540288984775543,0.005581362172961235,0.7391549348831177,57.368770599365234,0.94293212890625,0.13027596473693848,0.9094587564468384,0.8912294543063773,0.13846153846153847,0.005707724951207638
v1,all_0.1,dose,0.1,0.1,0.1,0.9199999999999999,0.1,0.1,0,Krakencoder,cl_kraken_v1_all_0.1,1,Glasser,SC->FC,1000,0.5131909847259521,0.8799641132354736,0.998550876869551,0.9341142020497804,0.01011561043560505,0.010104022268205882,0.7027939558029175,51.49673500061035,-1.703046989440918,0.08294917643070221,0.8213897943496704,0.6747316135234738,0.0759493670886076,0.014984113164246082,0.015288736671209335,0.6998069286346436,51.357696533203125,3.6458797454833984,0.07717375457286835,0.814226508140564,0.6681919789612097,0.05128205128205128,0.015191249549388885
v1,all_0.1,dose,0.1,0.1,0.1,0.9199999999999999,0.1,0.1,0,Krakencoder,cl_kraken_v1_all_0.1,1,Glasser,FC->SC,1000,0.5090386867523193,0.9357727766036987,0.9999957126534602,0.9970717423133236,0.004084893502295017,0.0040835435036569835,0.7298123478889466,57.34042472839356,-1.5885606765747071,0.14060384035110474,0.9124794602394104,0.9043422528440955,0.22784810126582278,0.0055150846019387245,0.005558211822062731,0.74282306432724,57.378658294677734,0.9118862152099609,0.13219282031059265,0.9097684621810913,0.8955424063116371,0.14358974358974358,0.00568970525637269
v1,all_0.1,dose,0.1,0.1,0.1,0.9199999999999999,0.1,0.1,0,Krakencoder,cl_kraken_v1_all_0.1,1,Glasser,SC->FC,1500,0.5180763006210327,0.8806329369544983,0.9986644915528555,0.9385065885797951,0.010064059868454933,0.010051567014306784,0.703826117515564,51.50366859436035,-1.7640478134155273,0.08549625426530838,0.8216584324836731,0.6833840730652139,0.06329113924050633,0.014947904273867607,0.015234381891787052,0.7028747797012329,51.370628356933594,3.5993270874023438,0.07771985977888107,0.814460039138794,0.670138067061144,0.05128205128205128,0.015163985081017017
v1,all_0.1,dose,0.1,0.1,0.1,0.9199999999999999,0.1,0.1,0,Krakencoder,cl_kraken_v1_all_0.1,1,Glasser,FC->SC,1500,0.5169458985328674,0.9363048672676086,0.9999957126534602,0.9970717423133236,0.004053236450999975,0.00405192649923265,0.7298182249069214,57.33948936462402,-1.6532649993896484,0.1391225904226303,0.9123638272285461,0.9064252523634033,0.24050632911392406,0.005524309817701578,0.005565261468291283,0.7421361804008484,57.3741569519043,0.9307823181152344,0.13195085525512695,0.909755289554596,0.8928336620644313,0.13333333333333333,0.0056889839470386505
v1,all_0.1,dose,0.1,0.1,0.1,0.9199999999999999,0.1,0.1,0,Krakencoder,cl_kraken_v1_all_0.1,1,Glasser,SC->FC,2000,0.5199468731880188,0.8809224367141724,0.9986773535924749,0.9385065885797951,0.010044111870229244,0.010033417120575904,0.7035098314285279,51.49832534790039,-1.790693473815918,0.08292534947395325,0.8213645815849304,0.6811408428136516,0.0759493670886076,0.014990090392529964,0.01528682466596365,0.7000165581703186,51.357791900634766,3.6331787109375,0.07758337259292603,0.8143958449363708,0.6701906640368179,0.06153846153846154,0.01517041027545929
v1,all_0.1,dose,0.1,0.1,0.1,0.9199999999999999,0.1,0.1,0,Krakencoder,cl_kraken_v1_all_0.1,1,Glasser,FC->SC,2000,0.5196865797042847,0.9364902973175049,0.9999978563267301,0.9985358711566618,0.00404204661026597,0.004041327908635139,0.7302925229072571,57.34039573669433,-1.678244400024414,0.14002715051174164,0.9124504923820496,0.9094696362762378,0.27848101265822783,0.005517799872905016,0.005555401556193829,0.7436674237251282,57.378395080566406,0.9204387664794922,0.1318844109773636,0.9097739458084106,0.8954898093359632,0.13333333333333333,0.00568870734423399
v1,all_0.1,dose,0.1,0.1,0.1,0.9199999999999999,0.1,0.1,0,Krakencoder,cl_kraken_v1_all_0.1,2,Glasser,SC->FC,500,0.4836418330669403,0.8747150301933289,0.9949687988355567,0.8828696925329429,0.010543754324316978,0.0105325598269701,0.7053784191608429,51.37832756042481,-1.2427545547485352,0.07451721280813217,0.8206837177276611,0.651498157346579,0.05063291139240506,0.014323754236102104,0.014417321421205997,0.677009642124176,51.229591369628906,3.374692916870117,0.09366016834974289,0.8224678039550781,0.6961472715318868,0.02564102564102564,0.014826168306171894
v1,all_0.1,dose,0.1,0.1,0.1,0.9199999999999999,0.1,0.1,0,Krakencoder,cl_kraken_v1_all_0.1,2,Glasser,FC->SC,500,0.47331851720809937,0.9332489967346191,0.9999914253069204,0.9941434846266471,0.004217655397951603,0.0042272360995411875,0.7312321960926056,57.32848358154297,-1.276636505126953,0.1471661478281021,0.9112590551376343,0.9081877904182022,0.12658227848101267,0.005858313757926226,0.005779981147497892,0.735957682132721,57.322105407714844,1.1691017150878906,0.12767533957958221,0.910211980342865,0.8936489151873768,0.15384615384615385,0.005655297543853521
v1,all_0.1,dose,0.1,0.1,0.1,0.9199999999999999,0.1,0.1,0,Krakencoder,cl_kraken_v1_all_0.1,2,Glasser,SC->FC,1000,0.5071763396263123,0.8781110048294067,0.9952496200339129,0.9048316251830161,0.010278153233230114,0.010271257720887661,0.7052082598209382,51.37281341552735,-1.5511465072631836,0.07140625268220901,0.8206539750099182,0.6433263900016023,0.06329113924050633,0.01432311162352562,0.014424786902964115,0.6799187064170837,51.24147033691406,3.4192161560058594,0.09280277788639069,0.8225217461585999,0.6902827087442471,0.03076923076923077,0.014815927483141422
v1,all_0.1,dose,0.1,0.1,0.1,0.9199999999999999,0.1,0.1,0,Krakencoder,cl_kraken_v1_all_0.1,2,Glasser,FC->SC,1000,0.5082651972770691,0.9356204271316528,0.9999978563267301,0.9985358711566618,0.004074460361152887,0.004083966091275215,0.7300700008869171,57.32242126464844,-1.5584779739379884,0.14618922770023346,0.9113430380821228,0.8993751001442076,0.17721518987341772,0.005853983573615551,0.005771148018538952,0.7404343485832214,57.331363677978516,1.1825695037841797,0.12954989075660706,0.9104766249656677,0.8964365548980934,0.18461538461538463,0.005639474838972092
v1,all_0.1,dose,0.1,0.1,0.1,0.9199999999999999,0.1,0.1,0,Krakencoder,cl_kraken_v1_all_0.1,2,Glasser,SC->FC,1500,0.512126624584198,0.8788527250289917,0.9954532689945529,0.9136163982430454,0.010221719741821289,0.010212133638560772,0.7047660052776337,51.36427230834961,-1.6185626983642578,0.07025152444839478,0.8203458189964294,0.6362762377824067,0.06329113924050633,0.014331312850117683,0.014425314031541348,0.681279718875885,51.23883819580078,3.4515247344970703,0.09261105209589005,0.8224264979362488,0.6902564102564103,0.03076923076923077,0.014821148477494717
v1,all_0.1,dose,0.1,0.1,0.1,0.9199999999999999,0.1,0.1,0,Krakencoder,cl_kraken_v1_all_0.1,2,Glasser,FC->SC,1500,0.5163502097129822,0.9361531138420105,0.9999978563267301,0.9985358711566618,0.004042832180857658,0.00405150200240314,0.7312186896800995,57.32527885437012,-1.622088623046875,0.1480432152748108,0.91158527135849,0.9043422528440955,0.1518987341772152,0.005841161590069532,0.005760412663221359,0.7441815137863159,57.34051513671875,1.1803569793701172,0.12955285608768463,0.9105532765388489,0.8973833004602235,0.19487179487179487,0.0056352498941123486
v1,all_0.1,dose,0.1,0.1,0.1,0.9199999999999999,0.1,0.1,0,Krakencoder,cl_kraken_v1_all_0.1,2,Glasser,SC->FC,2000,0.5135944485664368,0.8791290521621704,0.9952839188062312,0.9121522693997072,0.010198677890002728,0.010188468638807536,0.7032530784606934,51.35880966186524,-1.65356388092041,0.06731074303388596,0.8200384378433228,0.6253805479891044,0.0759493670886076,0.014360737055540085,0.014460450038313866,0.6826534271240234,51.25328063964844,3.4800949096679688,0.09190769493579865,0.8223443627357483,0.6889414858645628,0.03076923076923077,0.014830924570560455
v1,all_0.1,dose,0.1,0.1,0.1,0.9199999999999999,0.1,0.1,0,Krakencoder,cl_kraken_v1_all_0.1,2,Glasser,FC->SC,2000,0.519437313079834,0.9363743662834167,0.9999978563267301,0.9985358711566618,0.00402909005060792,0.004038045974448323,0.7300721228122711,57.3223819732666,-1.6548962593078613,0.14680223166942596,0.9114415645599365,0.9014580996635154,0.16455696202531644,0.005849817302078009,0.00576422456651926,0.741626501083374,57.33345031738281,1.179250717163086,0.1300402581691742,0.9105677008628845,0.8981459566074951,0.16923076923076924,0.005632729735225439
v1,all_0.1,dose,0.1,0.1,0.1,0.9199999999999999,0.1,0.1,0,Krakencoder,cl_kraken_v1_all_0.1,3,Glasser,SC->FC,500,0.48592609167099,0.8760130405426025,0.9977598614329598,0.9121522693997072,0.010472633875906467,0.010467675607651472,0.704264622926712,51.44024391174317,-1.3143072128295898,0.0826624184846878,0.815604567527771,0.6357955455856433,0.0379746835443038,0.015192166902124882,0.015056557022035122,0.6808405518531799,51.201114654541016,3.7332725524902344,0.08828500658273697,0.8186492323875427,0.6781065088757396,0.046153846153846156,0.01473204605281353
v1,all_0.1,dose,0.1,0.1,0.1,0.9199999999999999,0.1,0.1,0,Krakencoder,cl_kraken_v1_all_0.1,3,Glasser,FC->SC,500,0.47532919049263,0.9335094094276428,0.9999871379603806,0.9912152269399708,0.004217788111418486,0.004219420906156302,0.7308749198913574,57.34694595336914,-1.3054946899414062,0.12900400161743164,0.9101302623748779,0.8501842653420926,0.26582278481012656,0.005563066340982914,0.005582176148891449,0.7306547164916992,57.31252670288086,1.1179637908935547,0.13380607962608337,0.9099226593971252,0.8906508875739645,0.13333333333333333,0.0057362038642168045
v1,all_0.1,dose,0.1,0.1,0.1,0.9199999999999999,0.1,0.1,0,Krakencoder,cl_kraken_v1_all_0.1,3,Glasser,SC->FC,1000,0.508675754070282,0.8793085813522339,0.9982700556711949,0.9238653001464129,0.010216208174824715,0.010211233515292406,0.7034964561462402,51.432777404785156,-1.6151678085327148,0.07779187709093094,0.815433144569397,0.623457779202051,0.0379746835443038,0.015199199318885803,0.015066978521645069,0.6856080293655396,51.22856903076172,3.77880859375,0.09139537066221237,0.8192326426506042,0.6837869822485207,0.03076923076923077,0.014675267972052097
v1,all_0.1,dose,0.1,0.1,0.1,0.9199999999999999,0.1,0.1,0,Krakencoder,cl_kraken_v1_all_0.1,3,Glasser,FC->SC,1000,0.5099846720695496,0.9358694553375244,0.9999978563267301,0.9985358711566618,0.004073534160852432,0.00407618023455143,0.7279187858104705,57.33863220214844,-1.5889731407165528,0.13448019325733185,0.9105656147003174,0.8703733376061529,0.3037974683544304,0.005534815602004528,0.005557236727327108,0.7323980927467346,57.31650161743164,1.094949722290039,0.1380975842475891,0.9103676080703735,0.9021959237343853,0.14358974358974358,0.005710485391318798
v1,all_0.1,dose,0.1,0.1,0.1,0.9199999999999999,0.1,0.1,0,Krakencoder,cl_kraken_v1_all_0.1,3,Glasser,SC->FC,1500,0.5136719346046448,0.879988431930542,0.9983729519881498,0.9355783308931186,0.010162950493395329,0.010157784540206194,0.7041774928569794,51.43632125854492,-1.6861677169799805,0.07983749359846115,0.8157703280448914,0.6242589328633232,0.05063291139240506,0.01517252903431654,0.015033080242574215,0.6877925395965576,51.249210357666016,3.7559051513671875,0.0940515398979187,0.8197274804115295,0.6917554240631163,0.041025641025641026,0.014631818048655987
v1,all_0.1,dose,0.1,0.1,0.1,0.9199999999999999,0.1,0.1,0,Krakencoder,cl_kraken_v1_all_0.1,3,Glasser,FC->SC,1500,0.5179979205131531,0.9363915324211121,0.9999978563267301,0.9985358711566618,0.0040436130948364735,0.0040454236324876545,0.7297416090965271,57.34072418212891,-1.6449711799621582,0.1381867676973343,0.9109047055244446,0.8779041820221118,0.2911392405063291,0.005513911135494709,0.005534556694328785,0.7370141744613647,57.32931900024414,1.0853023529052734,0.1375546008348465,0.9103829264640808,0.9003550295857988,0.13846153846153847,0.005707855336368084
v1,all_0.1,dose,0.1,0.1,0.1,0.9199999999999999,0.1,0.1,0,Krakencoder,cl_kraken_v1_all_0.1,3,Glasser,SC->FC,2000,0.5155007839202881,0.8802234530448914,0.9985251527903123,0.9399707174231332,0.010143058374524117,0.010140529554337262,0.70500608086586,51.443577194213866,-1.7086244583129884,0.081590935587883,0.8162595629692078,0.6359557763178978,0.05063291139240506,0.015129436738789082,0.014993282966315746,0.6911736726760864,51.263973236083984,3.714519500732422,0.09263095259666443,0.8196115493774414,0.68991452991453,0.046153846153846156,0.014639456756412983
v1,all_0.1,dose,0.1,0.1,0.1,0.9199999999999999,0.1,0.1,0,Krakencoder,cl_kraken_v1_all_0.1,3,Glasser,FC->SC,2000,0.5206735730171204,0.93658846616745,0.9999978563267301,0.9985358711566618,0.004031618591398001,0.004034149926155806,0.7289524555206299,57.33893661499023,-1.6700663566589355,0.13980327546596527,0.9109839200973511,0.8838327191155264,0.3037974683544304,0.005509270820766687,0.005527949891984463,0.7358692288398743,57.32709884643555,1.0715408325195312,0.13920503854751587,0.9104997515678406,0.9032741617357002,0.14871794871794872,0.005701565183699131
v1,all_0.1,dose,0.1,0.1,0.1,0.9199999999999999,0.1,0.1,0,Krakencoder,cl_kraken_v1_all_0.1,4,Glasser,SC->FC,500,0.48773258924484253,0.875009298324585,0.9979034875420428,0.8960468521229868,0.01036643423140049,0.010362936183810234,0.7090730309486389,51.35277786254883,-1.3114152908325196,0.08341147005558014,0.817581832408905,0.6753725364524916,0.05063291139240506,0.015371716581285,0.015455039218068123,0.7171443700790405,51.04673767089844,3.461772918701172,0.09137221425771713,0.8240396976470947,0.6933070348454964,0.046153846153846156,0.014896823093295097
v1,all_0.1,dose,0.1,0.1,0.1,0.9199999999999999,0.1,0.1,0,Krakencoder,cl_kraken_v1_all_0.1,4,Glasser,FC->SC,500,0.47547146677970886,0.9332704544067383,0.9999935689801903,0.9956076134699854,0.004248670302331448,0.004253883892670274,0.7305177867412567,57.3247184753418,-1.2918052673339844,0.1370001882314682,0.911117672920227,0.9069059445601666,0.3291139240506329,0.005588278640061617,0.005569854751229286,0.7293056845664978,57.35427474975586,1.0438728332519531,0.133876770734787,0.9106373190879822,0.8996186719263642,0.11794871794871795,0.005585575010627508
v1,all_0.1,dose,0.1,0.1,0.1,0.9199999999999999,0.1,0.1,0,Krakencoder,cl_kraken_v1_all_0.1,4,Glasser,SC->FC,1000,0.5104440450668335,0.8782574534416199,0.9977855855121985,0.9165446559297218,0.01011455338448286,0.01011265441775322,0.7058416426181793,51.33849334716797,-1.5946765899658204,0.08888588100671768,0.81864994764328,0.6704053837526038,0.06329113924050633,0.015271126292645931,0.01535998284816742,0.7190387845039368,51.073184967041016,3.4191112518310547,0.09152841567993164,0.8241094350814819,0.6884944115713346,0.05641025641025641,0.014901082031428814
v1,all_0.1,dose,0.1,0.1,0.1,0.9199999999999999,0.1,0.1,0,Krakencoder,cl_kraken_v1_all_0.1,4,Glasser,FC->SC,1000,0.5091944336891174,0.9355597496032715,0.9999935689801903,0.9956076134699854,0.004109225235879421,0.004114077100530267,0.730208820104599,57.3234317779541,-1.5638471603393556,0.1400848627090454,0.9114817380905151,0.9133151738503444,0.3037974683544304,0.005565807688981295,0.00554532278329134,0.7350505590438843,57.37428665161133,1.0264434814453125,0.13650505244731903,0.910958468914032,0.908612754766601,0.15897435897435896,0.005565698258578777
v1,all_0.1,dose,0.1,0.1,0.1,0.9199999999999999,0.1,0.1,0,Krakencoder,cl_kraken_v1_all_0.1,4,Glasser,SC->FC,1500,0.51462721824646,0.8789121508598328,0.9978198842845168,0.9165446559297218,0.010063817724585533,0.010061961878091098,0.7046780228614807,51.32992172241211,-1.65030517578125,0.0870206281542778,0.8184574246406555,0.6728088447364204,0.0759493670886076,0.015295491553843021,0.01537622045725584,0.7189103364944458,51.06829071044922,3.430919647216797,0.09063855558633804,0.8241297602653503,0.6863905325443787,0.06666666666666667,0.01489731390029192
v1,all_0.1,dose,0.1,0.1,0.1,0.9199999999999999,0.1,0.1,0,Krakencoder,cl_kraken_v1_all_0.1,4,Glasser,FC->SC,1500,0.5168025493621826,0.9360781311988831,0.9999978563267301,0.9985358711566618,0.004078270401805639,0.004082767618820071,0.7310907185077667,57.323584365844724,-1.62183837890625,0.14184683561325073,0.9116352796554565,0.9160390962986701,0.34177215189873417,0.005555753130465746,0.005532324779778719,0.7372492551803589,57.38254928588867,1.0212421417236328,0.13737009465694427,0.9111118316650391,0.9133201840894148,0.12307692307692308,0.005557617172598839
v1,all_0.1,dose,0.1,0.1,0.1,0.9199999999999999,0.1,0.1,0,Krakencoder,cl_kraken_v1_all_0.1,4,Glasser,SC->FC,2000,0.5162914395332336,0.8791670203208923,0.9979442173341708,0.9194729136163983,0.010043651796877384,0.010039037000387907,0.7038915038108826,51.326395416259764,-1.683515739440918,0.08872997760772705,0.8187315464019775,0.6742509213267105,0.05063291139240506,0.015269949100911617,0.015343993902206421,0.7184233069419861,51.07122802734375,3.404449462890625,0.09258057177066803,0.8240403532981873,0.6874950690335306,0.06153846153846154,0.01490267924964428
v1,all_0.1,dose,0.1,0.1,0.1,0.9199999999999999,0.1,0.1,0,Krakencoder,cl_kraken_v1_all_0.1,4,Glasser,FC->SC,2000,0.5196452736854553,0.936279833316803,0.9999957126534602,0.9970717423133236,0.004065980203449726,0.004070421308279037,0.7305971443653106,57.322491836547854,-1.6480095863342286,0.1408694088459015,0.9115912318229675,0.9141163275116168,0.31645569620253167,0.00555921858176589,0.005539351142942905,0.7381192445755005,57.38553237915039,1.0405559539794922,0.13934572041034698,0.9112371206283569,0.9178435239973701,0.15384615384615385,0.005548860877752304
v1,all_1.0,dose,1.0,1.0,1.0,9.2,1.0,1.0,0,Krakencoder,cl_kraken_v1_all_1.0,0,Glasser,SC->FC,500,0.48023590445518494,0.8746845722198486,0.9998242187918687,0.9575402635431918,0.010448119603097439,0.010429190006107092,0.5586967706680298,50.37831611633301,-2.668850898742676,0.06458719074726105,0.8006317019462585,0.6750520749879827,0.06329113924050633,0.01690370962023735,0.016878508031368256,0.5750776529312134,50.012935638427734,3.7646217346191406,0.08529803901910782,0.8108925819396973,0.7277317554240631,0.06666666666666667,0.01563350111246109
v1,all_1.0,dose,1.0,1.0,1.0,9.2,1.0,1.0,0,Krakencoder,cl_kraken_v1_all_1.0,0,Glasser,FC->SC,500,0.4631105363368988,0.933009684085846,0.9999935689801903,0.9956076134699854,0.004249932244420052,0.004249419458210469,0.57292919754982,56.77153091430664,-2.0096229553222655,0.11425439268350601,0.9039903283119202,0.881909950328473,0.11392405063291139,0.0059563107788562775,0.005979649722576141,0.5591384172439575,56.81955337524414,1.0031356811523438,0.1135518029332161,0.9026584625244141,0.8565417488494411,0.09743589743589744,0.006173345260322094
v1,all_1.0,dose,1.0,1.0,1.0,9.2,1.0,1.0,0,Krakencoder,cl_kraken_v1_all_1.0,0,Glasser,SC->FC,1000,0.5163739919662476,0.8811722993850708,0.9998070694057095,0.9707174231332357,0.009933623485267162,0.009916844591498376,0.5584980964660644,50.385142135620114,-3.22391300201416,0.06551437824964523,0.8014816045761108,0.6718474603428938,0.06329113924050633,0.016842512413859367,0.0168228130787611,0.5783073306083679,50.04328536987305,3.8539085388183594,0.08375830948352814,0.8114098310470581,0.7213675213675214,0.05128205128205128,0.0156030198559165
v1,all_1.0,dose,1.0,1.0,1.0,9.2,1.0,1.0,0,Krakencoder,cl_kraken_v1_all_1.0,0,Glasser,FC->SC,1000,0.5111475586891174,0.9371814131736755,0.9999957126534602,0.9970717423133236,0.003993942402303219,0.003993542352691293,0.5754634261131286,56.77907943725586,-2.4849600791931152,0.1211552694439888,0.9051992893218994,0.8958500240346099,0.189873417721519,0.0058830054476857185,0.005913873668760061,0.5757573843002319,56.87689208984375,0.96563720703125,0.11939908564090729,0.9037098288536072,0.875818540433925,0.1282051282051282,0.006106123328208923
v1,all_1.0,dose,1.0,1.0,1.0,9.2,1.0,1.0,0,Krakencoder,cl_kraken_v1_all_1.0,0,Glasser,SC->FC,1500,0.5213321447372437,0.8820869326591492,0.9998285061384085,0.972181551976574,0.009863412007689476,0.009844355192035437,0.5590627193450928,50.39003219604492,-3.3054948806762696,0.06454427540302277,0.8017874956130981,0.6742509213267105,0.06329113924050633,0.016828201711177826,0.016809964552521706,0.5815925002098083,50.06179428100586,3.8894119262695312,0.0845421850681305,0.8116242289543152,0.7252859960552268,0.041025641025641026,0.015584035776555538
v1,all_1.0,dose,1.0,1.0,1.0,9.2,1.0,1.0,0,Krakencoder,cl_kraken_v1_all_1.0,0,Glasser,FC->SC,1500,0.5185121297836304,0.9378289580345154,0.9999978563267301,0.9985358711566618,0.0039549339562654495,0.003954117908142507,0.5776939034461975,56.787438201904294,-2.558516788482666,0.12101780623197556,0.9053893089294434,0.8921647171927576,0.16455696202531644,0.005871942732483149,0.005901269149035215,0.5812785029411316,56.89884948730469,0.9741306304931641,0.11893168091773987,0.9039168953895569,0.8755555555555555,0.13846153846153847,0.006093143485486507
v1,all_1.0,dose,1.0,1.0,1.0,9.2,1.0,1.0,0,Krakencoder,cl_kraken_v1_all_1.0,0,Glasser,SC->FC,2000,0.5233638882637024,0.8824359178543091,0.9998542302176472,0.9707174231332357,0.009836684912443161,0.0098173919133842,0.5599384725093841,50.39048309326172,-3.3360382080078126,0.06494276970624924,0.8014464974403381,0.6768146130427817,0.06329113924050633,0.016841363161802292,0.016818033531308174,0.5811486840248108,50.05272674560547,3.8834495544433594,0.0841866135597229,0.8115436434745789,0.7237080867850099,0.041025641025641026,0.015584263019263744
v1,all_1.0,dose,1.0,1.0,1.0,9.2,1.0,1.0,0,Krakencoder,cl_kraken_v1_all_1.0,0,Glasser,FC->SC,2000,0.5212200880050659,0.9380566477775574,1.0,1.0,0.003941555041819811,0.003940601740032435,0.5775306820869446,56.78475646972656,-2.5843724250793456,0.12187907099723816,0.90543532371521,0.8948886396410831,0.13924050632911392,0.005865604151040316,0.0058946795761585236,0.5824005007743835,56.89474868774414,0.9681034088134766,0.11905407905578613,0.9039006233215332,0.8757659434582512,0.1076923076923077,0.0060930498875677586
v1,all_1.0,dose,1.0,1.0,1.0,9.2,1.0,1.0,0,Krakencoder,cl_kraken_v1_all_1.0,1,Glasser,SC->FC,500,0.4805161952972412,0.8760215044021606,0.9998735232770762,0.9663250366032211,0.010413520969450474,0.010403098072856665,0.5617262899875641,50.551665496826175,-2.7550580978393553,0.0810716450214386,0.8086491823196411,0.7425092132671046,0.08860759493670886,0.01602785661816597,0.016285425052046776,0.5545246005058289,50.39150619506836,3.1244354248046875,0.08136046677827835,0.8018971085548401,0.7317291255752794,0.05128205128205128,0.01621275395154953
v1,all_1.0,dose,1.0,1.0,1.0,9.2,1.0,1.0,0,Krakencoder,cl_kraken_v1_all_1.0,1,Glasser,FC->SC,500,0.4634936451911926,0.9332553148269653,0.9999892816336505,0.9926793557833089,0.0042360881343483925,0.004233085876330733,0.573113089799881,56.80101623535156,-2.025406837463379,0.11981645226478577,0.904755711555481,0.8838327191155264,0.24050632911392406,0.005988553166389465,0.006028973031789064,0.5837728977203369,56.83375549316406,0.9031352996826172,0.11439842730760574,0.9018658995628357,0.8783694937541091,0.11794871794871795,0.006177965085953474
v1,all_1.0,dose,1.0,1.0,1.0,9.2,1.0,1.0,0,Krakencoder,cl_kraken_v1_all_1.0,1,Glasser,SC->FC,1000,0.5173079967498779,0.8825857043266296,0.9998649485839967,0.9707174231332357,0.009891968220472336,0.009882863331586122,0.5622498452663421,50.55542259216308,-3.2757984161376954,0.08096159249544144,0.809321403503418,0.7359397532446723,0.08860759493670886,0.015969958156347275,0.016265852376818657,0.5615012049674988,50.4343376159668,3.3074493408203125,0.08036758005619049,0.8024519085884094,0.7155555555555555,0.05128205128205128,0.01617317460477352
v1,all_1.0,dose,1.0,1.0,1.0,9.2,1.0,1.0,0,Krakencoder,cl_kraken_v1_all_1.0,1,Glasser,FC->SC,1000,0.5117632746696472,0.9374415278434753,0.9999978563267301,0.9985358711566618,0.003979573491960764,0.003978091990575194,0.5764944076538085,56.81178970336914,-2.5009121894836426,0.12679381668567657,0.9059150815010071,0.9025797147892965,0.25316455696202533,0.005916777532547712,0.005961658898741007,0.5965012311935425,56.87681579589844,0.8692817687988281,0.11882463097572327,0.9030279517173767,0.8886785009861933,0.14358974358974358,0.006107202265411615
v1,all_1.0,dose,1.0,1.0,1.0,9.2,1.0,1.0,0,Krakencoder,cl_kraken_v1_all_1.0,1,Glasser,SC->FC,1500,0.5226404070854187,0.8835336565971375,0.9998692359305364,0.9707174231332357,0.00981760025024414,0.009807128366082907,0.5635834217071534,50.56860847473145,-3.356143760681152,0.08307595551013947,0.8097826242446899,0.7407466752123057,0.08860759493670886,0.015930142253637314,0.016211004927754402,0.5640134215354919,50.45224380493164,3.2803993225097656,0.08068819344043732,0.8028267621994019,0.7133727810650887,0.05128205128205128,0.01613798551261425
v1,all_1.0,dose,1.0,1.0,1.0,9.2,1.0,1.0,0,Krakencoder,cl_kraken_v1_all_1.0,1,Glasser,FC->SC,1500,0.5188911557197571,0.938059389591217,0.9999978563267301,0.9985358711566618,0.003942197188735008,0.003940737643279135,0.577617758512497,56.81406173706055,-2.5747074127197265,0.12664198875427246,0.9059439301490784,0.9041820221118411,0.22784810126582278,0.005917052738368511,0.005960476119071245,0.5974336266517639,56.878299713134766,0.8868007659912109,0.11859122663736343,0.9031094312667847,0.886259040105194,0.13333333333333333,0.0061010331846773624
v1,all_1.0,dose,1.0,1.0,1.0,9.2,1.0,1.0,0,Krakencoder,cl_kraken_v1_all_1.0,1,Glasser,SC->FC,2000,0.5244042277336121,0.8838446736335754,0.9998392245047579,0.9707174231332357,0.009794230572879314,0.009786753635853528,0.5636055409908295,50.56458435058594,-3.375658416748047,0.08240063488483429,0.8096191883087158,0.7375420605672167,0.08860759493670886,0.0159566942602396,0.016252344474196434,0.561328649520874,50.439945220947266,3.2978858947753906,0.08018377423286438,0.8026301264762878,0.7134779750164366,0.046153846153846156,0.01614876091480255
v1,all_1.0,dose,1.0,1.0,1.0,9.2,1.0,1.0,0,Krakencoder,cl_kraken_v1_all_1.0,1,Glasser,FC->SC,2000,0.5211707353591919,0.9382684230804443,0.9999978563267301,0.9985358711566618,0.003929662052541971,0.003928484674543142,0.5781819880008697,56.81626091003418,-2.602281951904297,0.12828019261360168,0.9061388373374939,0.9065854830956578,0.22784810126582278,0.0059045408852398396,0.0059472848661243916,0.5994173288345337,56.8836669921875,0.8649787902832031,0.11830851435661316,0.9031191468238831,0.8870479947403025,0.13846153846153847,0.006101235747337341
v1,all_1.0,dose,1.0,1.0,1.0,9.2,1.0,1.0,0,Krakencoder,cl_kraken_v1_all_1.0,2,Glasser,SC->FC,500,0.4740231931209564,0.8738589882850647,0.9990867951870248,0.9472913616398243,0.010599248111248016,0.010595130175352097,0.5615285038948059,50.415652465820315,-2.5678077697753907,0.07874813675880432,0.8079184889793396,0.72215991027079,0.05063291139240506,0.015384349040687084,0.015504339709877968,0.5170813798904419,50.22422790527344,2.9676265716552734,0.08931557089090347,0.8093339204788208,0.748586456278764,0.035897435897435895,0.015917429700493813
v1,all_1.0,dose,1.0,1.0,1.0,9.2,1.0,1.0,0,Krakencoder,cl_kraken_v1_all_1.0,2,Glasser,FC->SC,500,0.46240460872650146,0.9330401420593262,0.9999935689801903,0.9956076134699854,0.004226906690746546,0.00423651859164238,0.5745713651180268,56.78385124206543,-1.993378257751465,0.12929978966712952,0.9040583372116089,0.9037013299150777,0.13924050632911392,0.006313766818493605,0.00623104115948081,0.5839736461639404,56.78141784667969,1.1045055389404297,0.11419453471899033,0.9029032588005066,0.8884944115713347,0.15384615384615385,0.006104396656155586
v1,all_1.0,dose,1.0,1.0,1.0,9.2,1.0,1.0,0,Krakencoder,cl_kraken_v1_all_1.0,2,Glasser,SC->FC,1000,0.5114313960075378,0.8805677890777588,0.998816692355018,0.9458272327964861,0.010064598172903061,0.010062896087765694,0.5633293807506561,50.42396545410156,-3.129869842529297,0.0750814750790596,0.808249294757843,0.6982855311648775,0.08860759493670886,0.015336853452026844,0.01544938888400793,0.5295581221580505,50.29096603393555,3.104757308959961,0.09001532196998596,0.810041069984436,0.7409861932938856,0.041025641025641026,0.015848632901906967
v1,all_1.0,dose,1.0,1.0,1.0,9.2,1.0,1.0,0,Krakencoder,cl_kraken_v1_all_1.0,2,Glasser,FC->SC,1000,0.5107083916664124,0.9372578263282776,0.9999978563267301,0.9985358711566618,0.003970826510339975,0.003980066673830151,0.5769717812538147,56.79172554016113,-2.466643047332764,0.13108666241168976,0.9047876596450806,0.8960102547668642,0.13924050632911392,0.006268288940191269,0.006180123891681433,0.5981455445289612,56.82681655883789,1.1192207336425781,0.11922823637723923,0.9039484858512878,0.8938330046022354,0.17435897435897435,0.006040916778147221
v1,all_1.0,dose,1.0,1.0,1.0,9.2,1.0,1.0,0,Krakencoder,cl_kraken_v1_all_1.0,2,Glasser,SC->FC,1500,0.5170688629150391,0.8815867900848389,0.9989624621373708,0.9487554904831625,0.009984765201807022,0.009980851411819458,0.5637983620166779,50.41899032592774,-3.206873893737793,0.07421883195638657,0.8082895874977112,0.6962025316455696,0.10126582278481013,0.015316427685320377,0.015420641750097275,0.53413325548172,50.303836822509766,3.0973434448242188,0.08870599418878555,0.8098154067993164,0.7365154503616043,0.05641025641025641,0.015861226245760918
v1,all_1.0,dose,1.0,1.0,1.0,9.2,1.0,1.0,0,Krakencoder,cl_kraken_v1_all_1.0,2,Glasser,FC->SC,1500,0.5183276534080505,0.9379162788391113,0.9999957126534602,0.9970717423133236,0.0039312271401286125,0.003939508250914514,0.5786493241786956,56.79566535949707,-2.5432801246643066,0.13160346448421478,0.905033528804779,0.9006569460022432,0.1518987341772152,0.006253737490624189,0.0061690928414464,0.6027736663818359,56.83979034423828,1.1269683837890625,0.11935477703809738,0.9041261076927185,0.8949638395792242,0.15384615384615385,0.006029447074979544
v1,all_1.0,dose,1.0,1.0,1.0,9.2,1.0,1.0,0,Krakencoder,cl_kraken_v1_all_1.0,2,Glasser,SC->FC,2000,0.5188081860542297,0.8819061517715454,0.9990053356027687,0.9472913616398243,0.009958441369235516,0.009954809490591288,0.5631823241710663,50.41926879882813,-3.247333526611328,0.07093054056167603,0.807859480381012,0.6854670725845218,0.0759493670886076,0.015354827977716923,0.01546390913426876,0.5354147553443909,50.31319046020508,3.1504764556884766,0.08848966658115387,0.8097958564758301,0.7331229454306377,0.046153846153846156,0.015864932909607887
v1,all_1.0,dose,1.0,1.0,1.0,9.2,1.0,1.0,0,Krakencoder,cl_kraken_v1_all_1.0,2,Glasser,FC->SC,2000,0.5208616852760315,0.9381323456764221,0.9999978563267301,0.9985358711566618,0.0039176638238132,0.003926365287043154,0.5784983158111572,56.796600341796875,-2.57636137008667,0.13119065761566162,0.9049804210662842,0.8928056401217753,0.13924050632911392,0.006257039960473776,0.00616840273141861,0.6021077036857605,56.83987045288086,1.1314411163330078,0.1192178875207901,0.9041751027107239,0.8955161078238001,0.14871794871794872,0.006026798393577337
v1,all_1.0,dose,1.0,1.0,1.0,9.2,1.0,1.0,0,Krakencoder,cl_kraken_v1_all_1.0,3,Glasser,SC->FC,500,0.47743934392929077,0.8754363656044006,0.9997920636928201,0.9560761346998536,0.010512064211070538,0.0105090388096869,0.5610275506973267,50.48421630859375,-2.6381881713867186,0.08262144029140472,0.8038982152938843,0.7000480692196763,0.06329113924050633,0.016229011118412018,0.016108211129903793,0.5398352146148682,50.2897834777832,3.3075199127197266,0.08706600219011307,0.8059834837913513,0.7234188034188034,0.07179487179487179,0.015796924009919167
v1,all_1.0,dose,1.0,1.0,1.0,9.2,1.0,1.0,0,Krakencoder,cl_kraken_v1_all_1.0,3,Glasser,FC->SC,500,0.46532005071640015,0.9334314465522766,0.9999978563267301,0.9985358711566618,0.004219787660986185,0.004221500689163804,0.5737690985202789,56.8049934387207,-2.041025733947754,0.1151919886469841,0.9028865098953247,0.8586764941515783,0.26582278481012656,0.006008482538163662,0.006034900434315205,0.5736411809921265,56.76268768310547,1.043996810913086,0.11814598739147186,0.9025676250457764,0.8807626561472716,0.12307692307692308,0.006198825780302286
v1,all_1.0,dose,1.0,1.0,1.0,9.2,1.0,1.0,0,Krakencoder,cl_kraken_v1_all_1.0,3,Glasser,SC->FC,1000,0.5140290856361389,0.8819683790206909,0.9998949600097752,0.9677891654465594,0.009989132173359394,0.009986231662333011,0.5624940633773804,50.49187698364258,-3.1824737548828126,0.07958514243364334,0.8039248585700989,0.6731293062009294,0.08860759493670886,0.016179710626602173,0.01606196165084839,0.5484622120857239,50.338016510009766,3.4063873291015625,0.09079194813966751,0.806988000869751,0.7241025641025641,0.05641025641025641,0.015696020796895027
v1,all_1.0,dose,1.0,1.0,1.0,9.2,1.0,1.0,0,Krakencoder,cl_kraken_v1_all_1.0,3,Glasser,FC->SC,1000,0.5125410556793213,0.9375264644622803,1.0,1.0,0.003968242090195417,0.003970891330391168,0.5747529685497283,56.809869384765626,-2.5029815673828124,0.12366537749767303,0.9040666222572327,0.8694119532126262,0.2911392405063291,0.005932544358074665,0.005961170420050621,0.5830140113830566,56.794921875,1.0132827758789062,0.12598255276679993,0.9039128422737122,0.8978566732412886,0.11794871794871795,0.006115978118032217
v1,all_1.0,dose,1.0,1.0,1.0,9.2,1.0,1.0,0,Krakencoder,cl_kraken_v1_all_1.0,3,Glasser,SC->FC,1500,0.519041121006012,0.8828638195991516,0.9999099657226644,0.9736456808199122,0.009919440373778343,0.009917315002530814,0.5637183964252472,50.501217651367185,-3.2675992965698244,0.08234503865242004,0.8045684695243835,0.6776157667040539,0.11392405063291139,0.016130417585372925,0.016000013798475266,0.5503004789352417,50.35995864868164,3.359701156616211,0.09255116432905197,0.807516872882843,0.7297567389875083,0.05641025641025641,0.01564382202923298
v1,all_1.0,dose,1.0,1.0,1.0,9.2,1.0,1.0,0,Krakencoder,cl_kraken_v1_all_1.0,3,Glasser,FC->SC,1500,0.5195767283439636,0.9381387829780579,1.0,1.0,0.00393202668055892,0.003933782130479813,0.5770851254463196,56.81328010559082,-2.576123332977295,0.12677273154258728,0.9045088291168213,0.8812690273994552,0.27848101265822783,0.005903938785195351,0.0059300875291228294,0.5887330174446106,56.81327819824219,0.992523193359375,0.12516479194164276,0.9039596319198608,0.8958579881656805,0.1282051282051282,0.006110100075602531
v1,all_1.0,dose,1.0,1.0,1.0,9.2,1.0,1.0,0,Krakencoder,cl_kraken_v1_all_1.0,3,Glasser,SC->FC,2000,0.5207476615905762,0.8831548690795898,0.9999142530692042,0.9751098096632503,0.009894954971969128,0.009894605353474617,0.5645291030406951,50.51256103515625,-3.294700050354004,0.0828428715467453,0.8049600124359131,0.6851466111200128,0.08860759493670886,0.01610605977475643,0.015978356823325157,0.5536097288131714,50.380409240722656,3.3394947052001953,0.09145542979240417,0.8075266480445862,0.7266535174227482,0.05641025641025641,0.015650544315576553
v1,all_1.0,dose,1.0,1.0,1.0,9.2,1.0,1.0,0,Krakencoder,cl_kraken_v1_all_1.0,3,Glasser,FC->SC,2000,0.5219435095787048,0.9383410811424255,1.0,1.0,0.003919700160622597,0.003922758321277797,0.5773985743522644,56.8139102935791,-2.5966948509216308,0.12750153243541718,0.9045935273170471,0.8825508732574908,0.27848101265822783,0.00589772267267108,0.005923636723309755,0.5894643664360046,56.81534957885742,0.9858989715576172,0.12622319161891937,0.9041005969047546,0.8965417488494412,0.14871794871794872,0.006101201754063368
v1,all_1.0,dose,1.0,1.0,1.0,9.2,1.0,1.0,0,Krakencoder,cl_kraken_v1_all_1.0,4,Glasser,SC->FC,500,0.4765092432498932,0.8740634918212891,0.9997470465541524,0.95900439238653,0.01043066568672657,0.010428897850215436,0.5649744033813476,50.385189056396484,-2.6303855895996096,0.08173228055238724,0.804546058177948,0.7386636756929978,0.05063291139240506,0.016454987227916718,0.01653211936354637,0.5771137475967407,50.07392883300781,3.096231460571289,0.0900384932756424,0.8109736442565918,0.7543195266272189,0.05641025641025641,0.015957405790686607
v1,all_1.0,dose,1.0,1.0,1.0,9.2,1.0,1.0,0,Krakencoder,cl_kraken_v1_all_1.0,4,Glasser,FC->SC,500,0.46608966588974,0.9332383275032043,0.9999957126534602,0.9970717423133236,0.004248461220413446,0.004253849619999528,0.5734396934509277,56.77887954711914,-2.0360246658325196,0.12350688129663467,0.9036813974380493,0.8996955616087166,0.27848101265822783,0.00604507140815258,0.006027576047927141,0.5637743473052979,56.774349212646484,0.9583282470703125,0.11777922511100769,0.9031404852867126,0.8885996055226825,0.09230769230769231,0.006046320777386427
v1,all_1.0,dose,1.0,1.0,1.0,9.2,1.0,1.0,0,Krakencoder,cl_kraken_v1_all_1.0,4,Glasser,SC->FC,1000,0.5139350891113281,0.8807335495948792,0.9998349371582181,0.9648609077598829,0.009903944097459316,0.009903522208333015,0.5647861540317536,50.39337425231933,-3.171156883239746,0.08473697304725647,0.8058543801307678,0.7224803717352988,0.06329113924050633,0.01632738672196865,0.01640259101986885,0.5840857625007629,50.140296936035156,3.1415557861328125,0.0891818106174469,0.8113977909088135,0.7373833004602235,0.06153846153846154,0.01593193970620632
v1,all_1.0,dose,1.0,1.0,1.0,9.2,1.0,1.0,0,Krakencoder,cl_kraken_v1_all_1.0,4,Glasser,FC->SC,1000,0.5115200281143188,0.937211275100708,0.9999978563267301,0.9985358711566618,0.004004383459687233,0.0040090285474434495,0.5762201547622681,56.79091110229492,-2.483296298980713,0.12746311724185944,0.9048030972480774,0.9006569460022432,0.2911392405063291,0.005978486035019159,0.005958514753729105,0.5820570588111877,56.84880828857422,0.9452686309814453,0.12463537603616714,0.9043393731117249,0.9061406969099277,0.11794871794871795,0.005973319057375193
v1,all_1.0,dose,1.0,1.0,1.0,9.2,1.0,1.0,0,Krakencoder,cl_kraken_v1_all_1.0,4,Glasser,SC->FC,1500,0.5189745426177979,0.8816670179367065,0.9998349371582181,0.9546120058565154,0.009830765426158905,0.00983074652031064,0.5651947557926178,50.39439430236816,-3.2346158981323243,0.08419705927371979,0.8059211373329163,0.7157506809806121,0.0759493670886076,0.016325658187270164,0.016382697969675064,0.5849372148513794,50.14764404296875,3.1500587463378906,0.0893225148320198,0.8116446733474731,0.7347008547008547,0.07692307692307693,0.01590714044868946
v1,all_1.0,dose,1.0,1.0,1.0,9.2,1.0,1.0,0,Krakencoder,cl_kraken_v1_all_1.0,4,Glasser,FC->SC,1500,0.5185044407844543,0.9378260970115662,1.0,1.0,0.003967000637203455,0.003971292194910348,0.5778931498527526,56.79569206237793,-2.5516810417175293,0.12837666273117065,0.905068039894104,0.9035410991828232,0.31645569620253167,0.005962859373539686,0.005937678273767233,0.5873088240623474,56.8682975769043,0.9338417053222656,0.12494906783103943,0.9046000242233276,0.9103747534516765,0.11794871794871795,0.0059604039415717125
v1,all_1.0,dose,1.0,1.0,1.0,9.2,1.0,1.0,0,Krakencoder,cl_kraken_v1_all_1.0,4,Glasser,SC->FC,2000,0.5208727717399597,0.8819952011108398,0.9998477991978375,0.9575402635431918,0.00980395544320345,0.009801642782986165,0.5651059687137604,50.39640502929687,-3.269268035888672,0.0854487493634224,0.8062747716903687,0.7181541419644288,0.06329113924050633,0.016297603026032448,0.01635168306529522,0.5864471793174744,50.157066345214844,3.1007747650146484,0.0911131277680397,0.8118420839309692,0.7365154503616043,0.08205128205128205,0.015894562005996704
v1,all_1.0,dose,1.0,1.0,1.0,9.2,1.0,1.0,0,Krakencoder,cl_kraken_v1_all_1.0,4,Glasser,FC->SC,2000,0.5207906365394592,0.9380219578742981,1.0,1.0,0.003954751417040825,0.003959393384866417,0.5776785671710968,56.79504814147949,-2.576550769805908,0.12809337675571442,0.9050337672233582,0.90450248357635,0.3037974683544304,0.005963984876871109,0.005942999850958586,0.587719738483429,56.8685188293457,0.9612350463867188,0.12704551219940186,0.9047333598136902,0.9150032873109796,0.13846153846153847,0.0059496560133993626
v1,kraken_default,reference,0.0,1.0,1.0,0.0,1.0,1.0,0,Krakencoder,cl_kraken_v1_kraken_default,0,Glasser,SC->FC,100,0.21118991076946259,0.8401163220405579,0.9937554797647962,0.6544655929721815,0.013254712335765362,0.013231922592967748,0.9789517521858215,52.93310127258301,2.1254810333251952,0.034540679305791855,0.8295146822929382,0.684505688190995,0.0759493670886076,0.014431091025471687,0.014476802200078964,0.9798359274864197,52.54008102416992,3.5164566040039062,0.03521701321005821,0.8383236527442932,0.7035634451019066,0.035897435897435895,0.013375558890402317
v1,kraken_default,reference,0.0,1.0,1.0,0.0,1.0,1.0,0,Krakencoder,cl_kraken_v1_kraken_default,0,Glasser,FC->SC,100,0.21106337010860443,0.9176393747329712,0.9948273163997436,0.6281112737920937,0.005261628422886133,0.005262932786718011,0.9787280559539795,58.03049087524414,1.1131158828735352,0.03672487661242485,0.9156014919281006,0.6987662233616407,0.06329113924050633,0.005288651678711176,0.005325480364263058,0.9782834053039551,58.084922790527344,1.2729244232177734,0.039338625967502594,0.9143787622451782,0.7040894148586456,0.041025641025641026,0.005513550713658333
v1,kraken_default,reference,0.0,1.0,1.0,0.0,1.0,1.0,0,Krakencoder,cl_kraken_v1_kraken_default,0,Glasser,SC->FC,200,0.31602805852890015,0.8460480570793152,0.9999163967424741,0.9663250366032211,0.01280493289232254,0.012782486062496901,0.9657899856567382,52.854056930541994,1.6079435348510742,0.04734677076339722,0.8292751908302307,0.7367409069059445,0.08860759493670886,0.014448444359004498,0.014493354596197605,0.9671344757080078,52.46285629272461,3.501493453979492,0.05552959814667702,0.83837890625,0.7731755424063116,0.05128205128205128,0.01336948573589325
v1,kraken_default,reference,0.0,1.0,1.0,0.0,1.0,1.0,0,Krakencoder,cl_kraken_v1_kraken_default,0,Glasser,FC->SC,200,0.31438231468200684,0.9205057621002197,0.9999142530692042,0.9648609077598829,0.0050845579244196415,0.005085843941196799,0.9659832715988159,57.9928955078125,0.7908161163330079,0.05665561184287071,0.9156078696250916,0.7671847460342893,0.10126582278481013,0.005283386912196875,0.005318919662386179,0.9645129442214966,58.04509353637695,1.2387657165527344,0.06410907208919525,0.9144936800003052,0.7857462195923735,0.07692307692307693,0.005499912891536951
v1,kraken_default,reference,0.0,1.0,1.0,0.0,1.0,1.0,0,Krakencoder,cl_kraken_v1_kraken_default,0,Glasser,SC->FC,300,0.38035881519317627,0.8515127897262573,0.9999785632673011,0.9853587115666179,0.012384318746626377,0.012363059725612403,0.949088180065155,52.75376586914062,1.1093765258789063,0.053639743477106094,0.8286333680152893,0.7386636756929978,0.08860759493670886,0.014497392810881138,0.014537785202264786,0.9510473608970642,52.365787506103516,3.4976253509521484,0.06701041758060455,0.8380821943283081,0.7944247205785667,0.08717948717948718,0.013392657972872257
v1,kraken_default,reference,0.0,1.0,1.0,0.0,1.0,1.0,0,Krakencoder,cl_kraken_v1_kraken_default,0,Glasser,FC->SC,300,0.37644535303115845,0.9231106042861938,0.999980706940571,0.9912152269399708,0.004922063555568457,0.004923124006018043,0.9496762692928314,57.94471702575684,0.47795467376708983,0.07131224870681763,0.9155063033103943,0.8032366607915398,0.12658227848101267,0.005284187849611044,0.005318069364875555,0.9473196864128113,57.99707794189453,1.1951446533203125,0.07957049459218979,0.9144452810287476,0.8201709401709402,0.11794871794871795,0.005496000871062279
v1,kraken_default,reference,0.0,1.0,1.0,0.0,1.0,1.0,0,Krakencoder,cl_kraken_v1_kraken_default,0,Glasser,SC->FC,400,0.42248401045799255,0.8558365702629089,0.9999785632673011,0.9853587115666179,0.012047571130096912,0.012026445101946592,0.9347252726554871,52.6686149597168,0.7030218124389649,0.056167419999837875,0.8279296159744263,0.7343374459221279,0.10126582278481013,0.014552239328622818,0.014579007402062416,0.9373204708099365,52.28215408325195,3.4930496215820312,0.07250291109085083,0.837628960609436,0.797396449704142,0.07692307692307693,0.013426854275166988
v1,kraken_default,reference,0.0,1.0,1.0,0.0,1.0,1.0,0,Krakencoder,cl_kraken_v1_kraken_default,0,Glasser,FC->SC,400,0.4177927076816559,0.9251716136932373,0.9999935689801903,0.9956076134699854,0.004793667700141668,0.004794974997639656,0.9361441671848297,57.90486793518066,0.2265960693359375,0.08273570984601974,0.9154917001724243,0.8319179618650857,0.20253164556962025,0.005281953141093254,0.005313365254551172,0.9337676167488098,57.959659576416016,1.1600971221923828,0.08833146095275879,0.9143571257591248,0.838948060486522,0.11794871794871795,0.005496494472026825
v1,kraken_default,reference,0.0,1.0,1.0,0.0,1.0,1.0,0,Krakencoder,cl_kraken_v1_kraken_default,0,Glasser,SC->FC,500,0.44887998700141907,0.8588337302207947,0.9999742759207613,0.9824304538799414,0.01181341428309679,0.011791676003485917,0.9245372831821441,52.60849952697754,0.41947345733642577,0.05913615971803665,0.8274889588356018,0.7370613683704534,0.10126582278481013,0.014586102217435837,0.014614829793572426,0.9273941516876221,52.22404098510742,3.4997615814208984,0.07680899649858475,0.8373458385467529,0.7998422090729783,0.08205128205128205,0.01344860065728426
v1,kraken_default,reference,0.0,1.0,1.0,0.0,1.0,1.0,0,Krakencoder,cl_kraken_v1_kraken_default,0,Glasser,FC->SC,500,0.4450957179069519,0.9266228675842285,0.9999978563267301,0.9985358711566618,0.004703222773969173,0.004704236332327127,0.926898580789566,57.8774356842041,0.041448974609375,0.0892290249466896,0.9154544472694397,0.8514661112001282,0.189873417721519,0.005282288882881403,0.005313613452017307,0.9249125719070435,57.936119079589844,1.1454048156738281,0.09365041553974152,0.9142950773239136,0.8535700197238658,0.11794871794871795,0.005497112404555082
v1,kraken_default,reference,0.0,1.0,1.0,0.0,1.0,1.0,0,Krakencoder,cl_kraken_v1_kraken_default,0,Glasser,SC->FC,600,0.4651159644126892,0.8607444763183594,0.999980706940571,0.986822840409956,0.011663236655294895,0.011641714628785849,0.9180473506450653,52.569781112670896,0.23221378326416015,0.05889534205198288,0.8270688652992249,0.7319339849383111,0.11392405063291139,0.01461839210242033,0.014640639536082745,0.9215643405914307,52.188133239746094,3.5178565979003906,0.07756436616182327,0.8370524048805237,0.7967389875082183,0.07692307692307693,0.013472797349095345
v1,kraken_default,reference,0.0,1.0,1.0,0.0,1.0,1.0,0,Krakencoder,cl_kraken_v1_kraken_default,0,Glasser,FC->SC,600,0.4629649817943573,0.9275890588760376,0.9999978563267301,0.9985358711566618,0.00464308075606823,0.004643731564283371,0.9210832357406616,57.86025772094727,-0.07972946166992187,0.09467127919197083,0.9154843688011169,0.8638038775837206,0.20253164556962025,0.005278279539197683,0.005311238579452038,0.9193546175956726,57.92036437988281,1.1305427551269531,0.09584945440292358,0.9142216444015503,0.862301117685733,0.12307692307692308,0.005499246530234814
v1,kraken_default,reference,0.0,1.0,1.0,0.0,1.0,1.0,0,Krakencoder,cl_kraken_v1_kraken_default,0,Glasser,SC->FC,700,0.4758475124835968,0.8619885444641113,0.999980706940571,0.986822840409956,0.011563913896679878,0.011542205233126879,0.914039546251297,52.54727325439453,0.11521224975585938,0.06011829525232315,0.8269550800323486,0.7336965229931101,0.08860759493670886,0.014629443176090717,0.014650522731244564,0.9176865816116333,52.16550827026367,3.5140533447265625,0.07782509922981262,0.8368114233016968,0.7941617357001972,0.07692307692307693,0.013489616103470325
v1,kraken_default,reference,0.0,1.0,1.0,0.0,1.0,1.0,0,Krakencoder,cl_kraken_v1_kraken_default,0,Glasser,FC->SC,700,0.4749745726585388,0.9282346367835999,1.0,1.0,0.004602871369570494,0.00460346071049571,0.9175252974033355,57.84983406066895,-0.1617725372314453,0.09667014330625534,0.9154731631278992,0.8674891844255728,0.20253164556962025,0.005279081873595715,0.0053118569776415825,0.9161126017570496,57.911128997802734,1.1247081756591797,0.09736641496419907,0.9141897559165955,0.8624063116370808,0.11794871794871795,0.0055001275613904
v1,kraken_default,reference,0.0,1.0,1.0,0.0,1.0,1.0,0,Krakencoder,cl_kraken_v1_kraken_default,0,Glasser,SC->FC,800,0.4830904006958008,0.8628729581832886,0.999980706940571,0.986822840409956,0.011495634913444519,0.011473042704164983,0.9112452864646912,52.5299877166748,0.03442573547363281,0.061653733253479004,0.8269064426422119,0.7421887518025958,0.11392405063291139,0.014632738195359707,0.014655138365924358,0.9150999784469604,52.14924621582031,3.521482467651367,0.07941883057355881,0.8367646932601929,0.7965811965811966,0.06153846153846154,0.01349235512316227
v1,kraken_default,reference,0.0,1.0,1.0,0.0,1.0,1.0,0,Krakencoder,cl_kraken_v1_kraken_default,0,Glasser,FC->SC,800,0.4830484986305237,0.9286692142486572,1.0,1.0,0.00457627372816205,0.004576684720814228,0.9152690708637238,57.843130111694336,-0.21950874328613282,0.09800663590431213,0.9154704809188843,0.8738984137157507,0.189873417721519,0.005279080010950565,0.005313114728778601,0.9144521355628967,57.906253814697266,1.1177043914794922,0.09909430146217346,0.9142068028450012,0.8699802761341223,0.11794871794871795,0.0054982975125312805
v1,kraken_default,reference,0.0,1.0,1.0,0.0,1.0,1.0,0,Krakencoder,cl_kraken_v1_kraken_default,0,Glasser,SC->FC,900,0.4880966246128082,0.8634419441223145,0.9999785632673011,0.9853587115666179,0.011451409198343754,0.011428505089133978,0.9096524119377136,52.520747375488284,-0.018634796142578125,0.06318113207817078,0.826894998550415,0.745874058644448,0.11392405063291139,0.01463254913687706,0.014655438251793385,0.9137620329856873,52.14127731323242,3.52044677734375,0.07863328605890274,0.8366129398345947,0.7941617357001972,0.06666666666666667,0.013505040667951107
v1,kraken_default,reference,0.0,1.0,1.0,0.0,1.0,1.0,0,Krakencoder,cl_kraken_v1_kraken_default,0,Glasser,FC->SC,900,0.48916879296302795,0.9289742708206177,1.0,1.0,0.0045575937256217,0.0045578777324408295,0.9139768958091736,57.8391170501709,-0.25626697540283205,0.09894440323114395,0.9154750108718872,0.8745393366447685,0.21518987341772153,0.0052784462459385395,0.005312222521752119,0.9134207963943481,57.90253448486328,1.1159248352050781,0.10015857219696045,0.9142169952392578,0.8717422748191979,0.11794871794871795,0.005497152451425791
v1,kraken_default,reference,0.0,1.0,1.0,0.0,1.0,1.0,0,Krakencoder,cl_kraken_v1_kraken_default,0,Glasser,SC->FC,1000,0.4913448989391327,0.8638067245483398,0.9999785632673011,0.9853587115666179,0.011422148905694485,0.011399747896939516,0.9086201906204223,52.51486167907715,-0.059572029113769534,0.0637463703751564,0.8269031643867493,0.748758211825028,0.11392405063291139,0.014633404091000557,0.014655365608632565,0.9128917455673218,52.13482666015625,3.515636444091797,0.07833314687013626,0.8365417718887329,0.7912952005259698,0.07179487179487179,0.01351072359830141
v1,kraken_default,reference,0.0,1.0,1.0,0.0,1.0,1.0,0,Krakencoder,cl_kraken_v1_kraken_default,0,Glasser,FC->SC,1000,0.4936661124229431,0.9292119741439819,1.0,1.0,0.004542686510831118,0.004542984906584025,0.9127822399139405,57.83541641235352,-0.28626270294189454,0.09880366176366806,0.9154326915740967,0.8732574907867329,0.22784810126582278,0.005280737765133381,0.005314704496413469,0.9123138189315796,57.90052032470703,1.1161861419677734,0.10068527609109879,0.9142016172409058,0.8748717948717949,0.1282051282051282,0.0054976255632936954
v1,kraken_default,reference,0.0,1.0,1.0,0.0,1.0,1.0,0,Krakencoder,cl_kraken_v1_kraken_default,0,Glasser,SC->FC,1100,0.49415379762649536,0.8641373515129089,0.999980706940571,0.986822840409956,0.011395879089832306,0.01137294052168727,0.9076542019844055,52.50912437438965,-0.09058647155761719,0.06367775052785873,0.8268437385559082,0.7444319820541581,0.10126582278481013,0.014638776890933514,0.014657602645456791,0.9119507670402527,52.12936782836914,3.5068283081054688,0.07965882867574692,0.8365805745124817,0.7923208415516108,0.07179487179487179,0.013507100753486156
v1,kraken_default,reference,0.0,1.0,1.0,0.0,1.0,1.0,0,Krakencoder,cl_kraken_v1_kraken_default,0,Glasser,FC->SC,1100,0.4970805048942566,0.9293808341026306,1.0,1.0,0.004532359074801207,0.004532627481967211,0.9121499001979828,57.833473205566406,-0.3097675323486328,0.10033027827739716,0.9154703617095947,0.8806281044704374,0.22784810126582278,0.005277988500893116,0.005311577580869198,0.9121241569519043,57.89957809448242,1.1112117767333984,0.10069883614778519,0.9141961336135864,0.8771597633136095,0.12307692307692308,0.0054977573454380035
v1,kraken_default,reference,0.0,1.0,1.0,0.0,1.0,1.0,0,Krakencoder,cl_kraken_v1_kraken_default,0,Glasser,SC->FC,1200,0.4958639144897461,0.8643248081207275,0.9999828506138408,0.9882869692532943,0.01138215884566307,0.011359649337828159,0.9073067486286164,52.50672950744629,-0.10927810668945312,0.06288617849349976,0.8268001675605774,0.7418682903380869,0.11392405063291139,0.014643947593867779,0.014662321656942368,0.911628246307373,52.126953125,3.521373748779297,0.07869970798492432,0.8364810347557068,0.792715318869165,0.06666666666666667,0.01351387519389391
v1,kraken_default,reference,0.0,1.0,1.0,0.0,1.0,1.0,0,Krakencoder,cl_kraken_v1_kraken_default,0,Glasser,FC->SC,1200,0.49968791007995605,0.9295256733894348,1.0,1.0,0.004523752722889185,0.004524337500333786,0.9114267945289611,57.83128280639649,-0.32378787994384767,0.10195531696081161,0.9155109524726868,0.8844736420445442,0.22784810126582278,0.005275909323245287,0.005309774074703455,0.9110596179962158,57.896236419677734,1.1051616668701172,0.10055053234100342,0.9141747951507568,0.8785009861932939,0.1076923076923077,0.005499314982444048
v1,kraken_default,reference,0.0,1.0,1.0,0.0,1.0,1.0,0,Krakencoder,cl_kraken_v1_kraken_default,0,Glasser,SC->FC,1300,0.49731945991516113,0.8644760251045227,0.9999785632673011,0.9853587115666179,0.011369832791388035,0.011346678156405688,0.9069058537483216,52.50458984375,-0.12326126098632813,0.06385020911693573,0.8268107175827026,0.7437910591251402,0.08860759493670886,0.014639952220022678,0.014660780318081379,0.9111635088920593,52.124454498291016,3.5205154418945312,0.07967228442430496,0.8365290760993958,0.7971334648257725,0.08717948717948718,0.013509251177310944
v1,kraken_default,reference,0.0,1.0,1.0,0.0,1.0,1.0,0,Krakencoder,cl_kraken_v1_kraken_default,0,Glasser,FC->SC,1300,0.5018522143363953,0.9296262264251709,1.0,1.0,0.004517644178122282,0.004518269561231136,0.911210811138153,57.8307487487793,-0.33854103088378906,0.10016080737113953,0.9154375195503235,0.8835122576510175,0.21518987341772153,0.0052801743149757385,0.005313967354595661,0.910905659198761,57.89554214477539,1.1091861724853516,0.10044581443071365,0.9141726493835449,0.8761867192636423,0.11794871794871795,0.005499538965523243
v1,kraken_default,reference,0.0,1.0,1.0,0.0,1.0,1.0,0,Krakencoder,cl_kraken_v1_kraken_default,0,Glasser,SC->FC,1400,0.4982095956802368,0.8646326661109924,0.9999828506138408,0.9882869692532943,0.011358676478266716,0.011335843708366156,0.9063506245613098,52.50053329467774,-0.13624725341796876,0.0625586211681366,0.8266799449920654,0.7405864444800513,0.10126582278481013,0.014650563709437847,0.014665915630757809,0.9106780886650085,52.12321472167969,3.5185623168945312,0.08007821440696716,0.8365315794944763,0.799000657462196,0.07179487179487179,0.013509626500308514
v1,kraken_default,reference,0.0,1.0,1.0,0.0,1.0,1.0,0,Krakencoder,cl_kraken_v1_kraken_default,0,Glasser,FC->SC,1400,0.5036731958389282,0.9297172427177429,1.0,1.0,0.004511638544499874,0.00451228953897953,0.9108059406280518,57.82950401306152,-0.34861907958984373,0.09997045248746872,0.915425181388855,0.8820701810607274,0.20253164556962025,0.00528017757460475,0.005314289592206478,0.911098301410675,57.896942138671875,1.1182422637939453,0.10050956159830093,0.9141507744789124,0.8755818540433925,0.11282051282051282,0.005500025115907192
v1,kraken_default,reference,0.0,1.0,1.0,0.0,1.0,1.0,0,Krakencoder,cl_kraken_v1_kraken_default,0,Glasser,SC->FC,1500,0.4991253912448883,0.8646856546401978,0.9999828506138408,0.9882869692532943,0.011354833841323853,0.011331964191049338,0.9064571976661682,52.50137901306152,-0.14015960693359375,0.06276124715805054,0.8267472386360168,0.7439512898573946,0.12658227848101267,0.014646622352302074,0.014667571522295475,0.9109371900558472,52.122467041015625,3.524087905883789,0.07988162338733673,0.8365401029586792,0.7978172255095332,0.06666666666666667,0.013510391116142273
v1,kraken_default,reference,0.0,1.0,1.0,0.0,1.0,1.0,0,Krakencoder,cl_kraken_v1_kraken_default,0,Glasser,FC->SC,1500,0.5050192475318909,0.9297804236412048,1.0,1.0,0.004507820121943951,0.004508209275081753,0.9105877101421356,57.828955459594724,-0.3597721099853516,0.09961498528718948,0.9154088497161865,0.8854350264380708,0.21518987341772153,0.0052818176336586475,0.005316562484949827,0.9104825854301453,57.894229888916016,1.1159992218017578,0.10110405087471008,0.9141809940338135,0.8795266272189349,0.13846153846153847,0.005498663987964392
v1,kraken_default,reference,0.0,1.0,1.0,0.0,1.0,1.0,0,Krakencoder,cl_kraken_v1_kraken_default,0,Glasser,SC->FC,1600,0.500007688999176,0.8648077249526978,0.9999828506138408,0.9882869692532943,0.011347191408276558,0.011324265506118536,0.9062359988689422,52.49985961914062,-0.1479806900024414,0.0643576979637146,0.8268346786499023,0.7474763659669925,0.12658227848101267,0.014639187604188919,0.014656472019851208,0.9105262756347656,52.1230354309082,3.509061813354492,0.08061552047729492,0.8365709185600281,0.7988165680473372,0.08205128205128205,0.013506731018424034
v1,kraken_default,reference,0.0,1.0,1.0,0.0,1.0,1.0,0,Krakencoder,cl_kraken_v1_kraken_default,0,Glasser,FC->SC,1600,0.5064675211906433,0.9298661351203918,1.0,1.0,0.0045026009902358055,0.0045033402275294065,0.9101197838783264,57.8274040222168,-0.3679655075073242,0.10058984160423279,0.9154303669929504,0.8812690273994552,0.24050632911392406,0.00527989724650979,0.005314819980412722,0.9100586771965027,57.89499282836914,1.1155281066894531,0.10169259458780289,0.9141825437545776,0.8784746877054569,0.14358974358974358,0.0054975892417132854
v1,kraken_default,reference,0.0,1.0,1.0,0.0,1.0,1.0,0,Krakencoder,cl_kraken_v1_kraken_default,0,Glasser,SC->FC,1700,0.5007821321487427,0.8648810386657715,0.9999828506138408,0.9882869692532943,0.01134048867970705,0.011317990906536578,0.9060456037521363,52.49860954284668,-0.15571975708007812,0.06477488577365875,0.8269067406654358,0.7526037493991348,0.08860759493670886,0.014638389460742474,0.014657882042229176,0.9104794859886169,52.120845794677734,3.5152816772460938,0.08061046153306961,0.8365747928619385,0.7981065088757396,0.08205128205128205,0.013507348485291004
v1,kraken_default,reference,0.0,1.0,1.0,0.0,1.0,1.0,0,Krakencoder,cl_kraken_v1_kraken_default,0,Glasser,FC->SC,1700,0.5077349543571472,0.9299091100692749,1.0,1.0,0.004499922040849924,0.004500709427520633,0.9102002561092377,57.82770614624023,-0.37227230072021483,0.10143984854221344,0.9154587984085083,0.8843134113122897,0.22784810126582278,0.005278256256133318,0.005312790162861347,0.909955620765686,57.89380645751953,1.1137676239013672,0.10238675028085709,0.9142178297042847,0.8788165680473372,0.14358974358974358,0.00549594359472394
v1,kraken_default,reference,0.0,1.0,1.0,0.0,1.0,1.0,0,Krakencoder,cl_kraken_v1_kraken_default,0,Glasser,SC->FC,1800,0.5011346340179443,0.8648819923400879,0.9999828506138408,0.9882869692532943,0.011339749209582806,0.011316320858895779,0.9061502099037171,52.49948081970215,-0.15832176208496093,0.06614775955677032,0.8269729614257812,0.7558083640442237,0.08860759493670886,0.014630164951086044,0.01465006172657013,0.9105261564254761,52.12251281738281,3.5048255920410156,0.0807945653796196,0.8365731239318848,0.7981591058514136,0.07692307692307693,0.013505921699106693
v1,kraken_default,reference,0.0,1.0,1.0,0.0,1.0,1.0,0,Krakencoder,cl_kraken_v1_kraken_default,0,Glasser,FC->SC,1800,0.5083703994750977,0.929955244064331,1.0,1.0,0.00449708104133606,0.0044974916148930785,0.9098928868770599,57.8267276763916,-0.3797798156738281,0.10124179720878601,0.9154443144798279,0.8855952571703253,0.21518987341772153,0.005279276520013809,0.005312406457960606,0.9098049998283386,57.89269256591797,1.1109485626220703,0.10215633362531662,0.9142008423805237,0.8809730440499671,0.1282051282051282,0.005497130565345287
v1,kraken_default,reference,0.0,1.0,1.0,0.0,1.0,1.0,0,Krakencoder,cl_kraken_v1_kraken_default,0,Glasser,SC->FC,1900,0.5018161535263062,0.8649353384971619,0.9999849942871107,0.9897510980966325,0.011335451155900955,0.011311641708016396,0.9061306238174438,52.499495315551755,-0.1658170700073242,0.0655733123421669,0.8269184231758118,0.754846979650697,0.11392405063291139,0.01463292259722948,0.014653674326837063,0.9106578826904297,52.122894287109375,3.511960983276367,0.08014034479856491,0.8365491032600403,0.7985798816568047,0.08205128205128205,0.013508704490959644
v1,kraken_default,reference,0.0,1.0,1.0,0.0,1.0,1.0,0,Krakencoder,cl_kraken_v1_kraken_default,0,Glasser,FC->SC,1900,0.5092024803161621,0.9299941658973694,1.0,1.0,0.004494674503803253,0.0044952175114303826,0.9097334384918213,57.826320266723634,-0.38286533355712893,0.10149542987346649,0.9154563546180725,0.8865566415638519,0.22784810126582278,0.005278681870549917,0.005312406923621893,0.9096783995628357,57.89147186279297,1.1065559387207031,0.10243118554353714,0.9141991138458252,0.8799211045364892,0.13846153846153847,0.005496594589203596
v1,kraken_default,reference,0.0,1.0,1.0,0.0,1.0,1.0,0,Krakencoder,cl_kraken_v1_kraken_default,0,Glasser,SC->FC,2000,0.502271831035614,0.8649963140487671,0.9999828506138408,0.9882869692532943,0.01133088767528534,0.011307395622134208,0.9059231877326965,52.49867210388184,-0.17072029113769532,0.065248504281044,0.8268824815750122,0.750520749879827,0.10126582278481013,0.014636378735303879,0.01465446688234806,0.9105256795883179,52.12138748168945,3.5089073181152344,0.08064346760511398,0.8365660905838013,0.8008678500986194,0.07692307692307693,0.013507287949323654
v1,kraken_default,reference,0.0,1.0,1.0,0.0,1.0,1.0,0,Krakencoder,cl_kraken_v1_kraken_default,0,Glasser,FC->SC,2000,0.5095690488815308,0.9300056099891663,1.0,1.0,0.0044943601824343204,0.004495163401588798,0.9098073244094849,57.82653388977051,-0.3860027313232422,0.10152001678943634,0.9154603481292725,0.8873577952251241,0.20253164556962025,0.005278747528791428,0.005312574561685324,0.909784197807312,57.892417907714844,1.1120281219482422,0.10217846930027008,0.9142008423805237,0.8811045364891519,0.1282051282051282,0.005496606696397066
v1,kraken_default,reference,0.0,1.0,1.0,0.0,1.0,1.0,0,Krakencoder,cl_kraken_v1_kraken_default,1,Glasser,SC->FC,500,0.45235568284988403,0.8608583211898804,0.9999764195940312,0.9838945827232797,0.01172913983464241,0.011704808846116067,0.9244715392589569,52.73290481567383,0.37616920471191406,0.07311151921749115,0.8339646458625793,0.7984297388239064,0.13924050632911392,0.013799034990370274,0.014045354910194874,0.9230998754501343,52.6279411315918,2.7028732299804688,0.07601407170295715,0.8276364207267761,0.8001840894148586,0.08717948717948718,0.014009036123752594
v1,kraken_default,reference,0.0,1.0,1.0,0.0,1.0,1.0,0,Krakencoder,cl_kraken_v1_kraken_default,1,Glasser,FC->SC,500,0.44727134704589844,0.9269586801528931,0.9999914253069204,0.9941434846266471,0.00468455208465457,0.004683286463841796,0.9263311982154846,57.896443939208986,0.0128143310546875,0.09926696866750717,0.9157219529151917,0.8929658708540298,0.21518987341772153,0.005360696464776993,0.005410267971456051,0.9271791577339172,57.88845443725586,1.0516586303710938,0.09424982219934464,0.9133985638618469,0.8748980933596319,0.11794871794871795,0.005504518747329712
v1,kraken_default,reference,0.0,1.0,1.0,0.0,1.0,1.0,0,Krakencoder,cl_kraken_v1_kraken_default,1,Glasser,SC->FC,1000,0.4941495954990387,0.8658016324043274,0.9999785632673011,0.9853587115666179,0.011339123360812664,0.011317314207553863,0.9083283364772796,52.638206481933594,-0.10289573669433594,0.07607046514749527,0.8333592414855957,0.7966672007691076,0.12658227848101267,0.01384998019784689,0.014104185625910759,0.9080091714859009,52.5389404296875,2.7456226348876953,0.07615976780653,0.8268104195594788,0.7845627876397108,0.07179487179487179,0.014078808017075062
v1,kraken_default,reference,0.0,1.0,1.0,0.0,1.0,1.0,0,Krakencoder,cl_kraken_v1_kraken_default,1,Glasser,FC->SC,1000,0.49495500326156616,0.9295123219490051,0.9999978563267301,0.9985358711566618,0.0045263865031301975,0.004525137087330222,0.9124738872051239,57.85553741455078,-0.3133550643920898,0.10848675668239594,0.9157487154006958,0.9069059445601666,0.25316455696202533,0.005354966036975384,0.005403782706707716,0.9154674410820007,57.85392761230469,1.0149116516113281,0.10090715438127518,0.9133197665214539,0.892491781722551,0.13846153846153847,0.005506118293851614
v1,kraken_default,reference,0.0,1.0,1.0,0.0,1.0,1.0,0,Krakencoder,cl_kraken_v1_kraken_default,1,Glasser,SC->FC,1500,0.5018439888954163,0.866655170917511,0.9999785632673011,0.9853587115666179,0.01127299852669239,0.01124953031539917,0.9061006367206573,52.625206756591794,-0.18755550384521485,0.07798682153224945,0.8333948850631714,0.8009934305399775,0.13924050632911392,0.013846241869032383,0.01408960111439228,0.9063568115234375,52.5300407409668,2.739093780517578,0.07698831707239151,0.8267516493797302,0.7857462195923735,0.05641025641025641,0.014082325622439384
v1,kraken_default,reference,0.0,1.0,1.0,0.0,1.0,1.0,0,Krakencoder,cl_kraken_v1_kraken_default,1,Glasser,FC->SC,1500,0.5063268542289734,0.9300568103790283,0.9999978563267301,0.9985358711566618,0.004492725245654583,0.004491501115262508,0.9105766594409943,57.85022048950195,-0.380815315246582,0.10781286656856537,0.9156891107559204,0.9057843294343855,0.26582278481012656,0.005358544178307056,0.005406572483479977,0.9139103889465332,57.849273681640625,1.0232887268066406,0.10126930475234985,0.9132841229438782,0.893517422748192,0.1641025641025641,0.005507523659616709
v1,kraken_default,reference,0.0,1.0,1.0,0.0,1.0,1.0,0,Krakencoder,cl_kraken_v1_kraken_default,1,Glasser,SC->FC,2000,0.5046169757843018,0.8669367432594299,0.9999785632673011,0.9853587115666179,0.011252693831920624,0.011229919642210007,0.9056475222110748,52.62177925109863,-0.2104848861694336,0.07573055475950241,0.8332259654998779,0.7976285851626341,0.12658227848101267,0.013861951418220997,0.014107126742601395,0.9055661559104919,52.524932861328125,2.7504348754882812,0.07767876982688904,0.8267599940299988,0.7875608152531229,0.06666666666666667,0.01408022828400135
v1,kraken_default,reference,0.0,1.0,1.0,0.0,1.0,1.0,0,Krakencoder,cl_kraken_v1_kraken_default,1,Glasser,FC->SC,2000,0.5103231072425842,0.9302580952644348,0.9999978563267301,0.9985358711566618,0.004480546806007624,0.004479465447366238,0.9098991334438324,57.84794998168945,-0.40648479461669923,0.10967225581407547,0.9157417416572571,0.9078673289536934,0.26582278481012656,0.005354624707251787,0.005399148911237717,0.9133381843566895,57.84916305541992,1.0113525390625,0.10104655474424362,0.9132707715034485,0.8932281393819855,0.13333333333333333,0.005508363246917725
v1,kraken_default,reference,0.0,1.0,1.0,0.0,1.0,1.0,0,Krakencoder,cl_kraken_v1_kraken_default,2,Glasser,SC->FC,500,0.44600480794906616,0.8587833046913147,0.9999849942871107,0.9912152269399708,0.011886302381753922,0.0118797292932868,0.9253470420837402,52.620276641845706,0.5240594863891601,0.07387886941432953,0.835651159286499,0.7912193558724563,0.12658227848101267,0.01298628468066454,0.013139273039996624,0.9181270003318787,52.48805618286133,2.4655208587646484,0.07629326730966568,0.833718478679657,0.8191452991452992,0.05128205128205128,0.013863751664757729
v1,kraken_default,reference,0.0,1.0,1.0,0.0,1.0,1.0,0,Krakencoder,cl_kraken_v1_kraken_default,2,Glasser,FC->SC,500,0.44642189145088196,0.9267908930778503,0.9999957126534602,0.9970717423133236,0.004672348964959383,0.004679869813844562,0.9267511785030365,57.88558349609375,0.0167724609375,0.10225839167833328,0.9147459864616394,0.8860759493670887,0.189873417721519,0.005709740333259106,0.005643925163894892,0.9289640188217163,57.86599349975586,1.5363826751708984,0.09759043157100677,0.9144357442855835,0.8926232741617357,0.13333333333333333,0.005415974650532007
v1,kraken_default,reference,0.0,1.0,1.0,0.0,1.0,1.0,0,Krakencoder,cl_kraken_v1_kraken_default,2,Glasser,SC->FC,1000,0.4873051345348358,0.8635889887809753,0.9999678449009516,0.986822840409956,0.01150734256953001,0.01150379991158843,0.9099444687366486,52.52970542907715,0.05725860595703125,0.07377921789884567,0.8348519206047058,0.789296587085403,0.10126582278481013,0.01305907778441906,0.013200659304857254,0.9018584489822388,52.4033088684082,2.4913291931152344,0.0764324739575386,0.8329054713249207,0.810387902695595,0.05128205128205128,0.013929824344813824
v1,kraken_default,reference,0.0,1.0,1.0,0.0,1.0,1.0,0,Krakencoder,cl_kraken_v1_kraken_default,2,Glasser,FC->SC,1000,0.4946158528327942,0.9293727874755859,0.9999978563267301,0.9985358711566618,0.004513110965490341,0.004521196521818638,0.912785404920578,57.843725967407224,-0.30762157440185545,0.10709778219461441,0.9145985841751099,0.8918442557282487,0.17721518987341772,0.005713225807994604,0.005644846707582474,0.9174985289573669,57.830657958984375,1.509307861328125,0.10240963846445084,0.9143025875091553,0.8990401051939514,0.15384615384615385,0.005421461537480354
v1,kraken_default,reference,0.0,1.0,1.0,0.0,1.0,1.0,0,Krakencoder,cl_kraken_v1_kraken_default,2,Glasser,SC->FC,1500,0.4953281879425049,0.864535927772522,0.9999528391880623,0.9853587115666179,0.01143511664122343,0.011430811882019044,0.9074920117855072,52.51398544311523,-0.029197120666503908,0.0732414573431015,0.8346394300460815,0.7881749719596218,0.10126582278481013,0.013072784058749676,0.0132124163210392,0.8994868993759155,52.38896179199219,2.507081985473633,0.07816869020462036,0.8328689932823181,0.8149901380670611,0.05641025641025641,0.01393075380474329
v1,kraken_default,reference,0.0,1.0,1.0,0.0,1.0,1.0,0,Krakencoder,cl_kraken_v1_kraken_default,2,Glasser,FC->SC,1500,0.5057899355888367,0.9299296736717224,1.0,1.0,0.004478533286601305,0.004486283380538225,0.9105550169944763,57.837324142456055,-0.3785003662109375,0.10995106399059296,0.9146560430526733,0.8924851786572665,0.17721518987341772,0.005709270481020212,0.0056396229192614555,0.9157580137252808,57.82763671875,1.501363754272461,0.10277184844017029,0.9142642021179199,0.8988823142669297,0.14358974358974358,0.005423199385404587
v1,kraken_default,reference,0.0,1.0,1.0,0.0,1.0,1.0,0,Krakencoder,cl_kraken_v1_kraken_default,2,Glasser,SC->FC,2000,0.4979480504989624,0.8647605776786804,0.9999549828613322,0.9882869692532943,0.0114163001999259,0.011411739327013493,0.907159048318863,52.51242027282715,-0.053261184692382814,0.0702512115240097,0.8344229459762573,0.7735939753244672,0.08860759493670886,0.013090571388602257,0.013224431313574314,0.8994770646095276,52.39082717895508,2.5249385833740234,0.07720719277858734,0.8328263759613037,0.8132281393819856,0.05641025641025641,0.013937493786215782
v1,kraken_default,reference,0.0,1.0,1.0,0.0,1.0,1.0,0,Krakencoder,cl_kraken_v1_kraken_default,2,Glasser,FC->SC,2000,0.5103701949119568,0.9301661252975464,1.0,1.0,0.004463525023311377,0.004471135092899203,0.9095256805419922,57.83409576416015,-0.41005764007568357,0.10992512851953506,0.914634108543396,0.8883191796186508,0.13924050632911392,0.005710050463676453,0.005636636633425951,0.9148054718971252,57.8236083984375,1.4881095886230469,0.10344473272562027,0.914267361164093,0.8995134779750165,0.14871794871794872,0.0054219686426222324
v1,kraken_default,reference,0.0,1.0,1.0,0.0,1.0,1.0,0,Krakencoder,cl_kraken_v1_kraken_default,3,Glasser,SC->FC,500,0.449914813041687,0.8601915240287781,0.9999785632673011,0.9853587115666179,0.011820705607533455,0.011821868922561407,0.9245495438575745,52.68390007019043,0.5128919601440429,0.0712798610329628,0.8304584622383118,0.7567697484377504,0.10126582278481013,0.013971077278256416,0.013797437772154808,0.9218816161155701,52.5068473815918,2.8889236450195312,0.07644446939229965,0.831081748008728,0.7940039447731755,0.05641025641025641,0.01362774521112442
v1,kraken_default,reference,0.0,1.0,1.0,0.0,1.0,1.0,0,Krakencoder,cl_kraken_v1_kraken_default,3,Glasser,FC->SC,500,0.44688645005226135,0.9269965887069702,0.9999871379603806,0.9912152269399708,0.00467937346547842,0.004680788284167648,0.9266623497009278,57.90170516967773,0.017863082885742187,0.09477300196886063,0.914427638053894,0.8521070341291459,0.25316455696202533,0.005338834598660469,0.005358851980417967,0.9255427718162537,57.86384582519531,1.1415424346923828,0.09908635169267654,0.9138368964195251,0.8809730440499671,0.12307692307692308,0.005531916860491037
v1,kraken_default,reference,0.0,1.0,1.0,0.0,1.0,1.0,0,Krakencoder,cl_kraken_v1_kraken_default,3,Glasser,SC->FC,1000,0.4924754202365875,0.8652473092079163,0.9999871379603806,0.9912152269399708,0.011422798968851566,0.011423016618937253,0.9081770122051239,52.58773765563965,0.025082969665527345,0.07399557530879974,0.8296908736228943,0.7468354430379747,0.11392405063291139,0.014026207849383354,0.013856443576514721,0.9059306979179382,52.41691207885742,2.9171504974365234,0.07967815548181534,0.8303540349006653,0.7832215647600262,0.06666666666666667,0.013681769371032715
v1,kraken_default,reference,0.0,1.0,1.0,0.0,1.0,1.0,0,Krakencoder,cl_kraken_v1_kraken_default,3,Glasser,FC->SC,1000,0.495143324136734,0.929573655128479,0.9999978563267301,0.9985358711566618,0.004519255366176367,0.004520656261593104,0.9125438392162323,57.85993537902832,-0.308381462097168,0.10336467623710632,0.9144108295440674,0.8692517224803717,0.25316455696202533,0.005336262285709381,0.005358157679438591,0.9132317900657654,57.82829666137695,1.1170787811279297,0.10556431114673615,0.913761556148529,0.8956738987508218,0.15384615384615385,0.005532942712306976
v1,kraken_default,reference,0.0,1.0,1.0,0.0,1.0,1.0,0,Krakencoder,cl_kraken_v1_kraken_default,3,Glasser,SC->FC,1500,0.5002667307853699,0.8661201596260071,0.9999871379603806,0.9912152269399708,0.011355253867805004,0.011354676075279712,0.9059489667415619,52.57451210021973,-0.06377143859863281,0.07405130565166473,0.8295460939407349,0.7485979810927736,0.08860759493670886,0.014037475921213627,0.013869562186300755,0.9040010571479797,52.40941619873047,2.935049057006836,0.08207830041646957,0.8304331302642822,0.7892702169625246,0.035897435897435895,0.01367648970335722
v1,kraken_default,reference,0.0,1.0,1.0,0.0,1.0,1.0,0,Krakencoder,cl_kraken_v1_kraken_default,3,Glasser,FC->SC,1500,0.5062806606292725,0.9301141500473022,1.0,1.0,0.004486539866775274,0.00448766527697444,0.9106552004814148,57.85402946472168,-0.3762813568115234,0.1061374843120575,0.9144845604896545,0.8783848742188751,0.2911392405063291,0.005331573076546192,0.005352876614779234,0.9122812747955322,57.82627868652344,1.1101207733154297,0.10622984915971756,0.9137400388717651,0.8966732412886259,0.14871794871794872,0.005534087307751179
v1,kraken_default,reference,0.0,1.0,1.0,0.0,1.0,1.0,0,Krakencoder,cl_kraken_v1_kraken_default,3,Glasser,SC->FC,2000,0.5034834742546082,0.8664496541023254,0.9999785632673011,0.9853587115666179,0.01132900919765234,0.01132980389520526,0.905300772190094,52.57056884765625,-0.09079952239990234,0.07624074071645737,0.8296923041343689,0.7550072103829515,0.12658227848101267,0.014024588279426098,0.01385397370904684,0.9036892652511597,52.40458297729492,2.9206085205078125,0.082157664000988,0.8303749561309814,0.7887442472057857,0.05641025641025641,0.013679874129593372
v1,kraken_default,reference,0.0,1.0,1.0,0.0,1.0,1.0,0,Krakencoder,cl_kraken_v1_kraken_default,3,Glasser,FC->SC,2000,0.5107007026672363,0.93033367395401,1.0,1.0,0.004473006818443537,0.00447425632737577,0.9097719728946686,57.8514404296875,-0.40325298309326174,0.10870229452848434,0.9145625829696655,0.8835122576510175,0.26582278481012656,0.005326495040208101,0.005347606725990772,0.9116959571838379,57.82448196411133,1.0998973846435547,0.10831688344478607,0.913810133934021,0.9024063116370808,0.15384615384615385,0.005529513582587242
v1,kraken_default,reference,0.0,1.0,1.0,0.0,1.0,1.0,0,Krakencoder,cl_kraken_v1_kraken_default,4,Glasser,SC->FC,500,0.4478936791419983,0.8587592840194702,0.999980706940571,0.986822840409956,0.011726988479495049,0.011722302250564098,0.9252795875072479,52.59485549926758,0.5184860229492188,0.07142962515354156,0.8307697772979736,0.8102868130107355,0.08860759493670886,0.014323634095489979,0.014422902837395668,0.9269919395446777,52.30262756347656,2.902402877807617,0.07833489775657654,0.8362002372741699,0.8242735042735043,0.05641025641025641,0.013915009796619415
v1,kraken_default,reference,0.0,1.0,1.0,0.0,1.0,1.0,0,Krakencoder,cl_kraken_v1_kraken_default,4,Glasser,FC->SC,500,0.44682255387306213,0.9267368316650391,0.9999978563267301,0.9985358711566618,0.0047133686020970345,0.004717245977371931,0.9261423170566558,57.87912368774414,0.045546340942382815,0.10076551884412766,0.9149078130722046,0.8934465630507932,0.22784810126582278,0.0053820135071873665,0.005358699709177017,0.9246320724487305,57.90412902832031,1.3015365600585938,0.09775040298700333,0.9146835803985596,0.8876265614727153,0.14871794871794872,0.005370505154132843
v1,kraken_default,reference,0.0,1.0,1.0,0.0,1.0,1.0,0,Krakencoder,cl_kraken_v1_kraken_default,4,Glasser,SC->FC,1000,0.4892529845237732,0.8636650443077087,0.9999828506138408,0.9882869692532943,0.011347970925271511,0.011344000697135925,0.9096259534358978,52.50146255493164,0.04506359100341797,0.07681050151586533,0.8302796483039856,0.8016343534689954,0.13924050632911392,0.014353479258716106,0.014447272755205631,0.913322925567627,52.21803665161133,2.882282257080078,0.08162380009889603,0.8355501890182495,0.817172912557528,0.09230769230769231,0.013962537050247192
v1,kraken_default,reference,0.0,1.0,1.0,0.0,1.0,1.0,0,Krakencoder,cl_kraken_v1_kraken_default,4,Glasser,FC->SC,1000,0.4943321645259857,0.929295539855957,0.9999978563267301,0.9985358711566618,0.004554434679448605,0.004558607889339328,0.9121471405029297,57.83759651184082,-0.28192958831787107,0.10912149399518967,0.9149119853973389,0.9065854830956578,0.31645569620253167,0.005378847010433674,0.005354471039026976,0.912522554397583,57.868473052978516,1.2513694763183594,0.10426981002092361,0.9145835638046265,0.9035634451019067,0.14871794871794872,0.005372772924602032
v1,kraken_default,reference,0.0,1.0,1.0,0.0,1.0,1.0,0,Krakencoder,cl_kraken_v1_kraken_default,4,Glasser,SC->FC,1500,0.49717798829078674,0.8645339608192444,0.9999828506138408,0.9882869692532943,0.011281116865575314,0.011275865510106087,0.9074360132217407,52.4890853881836,-0.03967437744140625,0.07623089104890823,0.8301205039024353,0.7974683544303798,0.11392405063291139,0.0143660269677639,0.014458605088293552,0.9113423824310303,52.20621109008789,2.8952808380126953,0.08166779577732086,0.83541339635849,0.8154372123602893,0.08205128205128205,0.01397118903696537
v1,kraken_default,reference,0.0,1.0,1.0,0.0,1.0,1.0,0,Krakencoder,cl_kraken_v1_kraken_default,4,Glasser,FC->SC,1500,0.5059769153594971,0.9298747777938843,1.0,1.0,0.004518157336860895,0.004522600304335355,0.9098483562469483,57.83081588745117,-0.35195331573486327,0.11199898272752762,0.9149762988090515,0.9109117128665278,0.2911392405063291,0.005374830216169357,0.005347259808331728,0.9105369448661804,57.86406326293945,1.2392292022705078,0.10742194205522537,0.9146538376808167,0.9122945430637739,0.13333333333333333,0.005367831327021122
v1,kraken_default,reference,0.0,1.0,1.0,0.0,1.0,1.0,0,Krakencoder,cl_kraken_v1_kraken_default,4,Glasser,SC->FC,2000,0.499625563621521,0.8647463321685791,0.9999828506138408,0.9882869692532943,0.011263946071267128,0.011257983278483152,0.9073044896125794,52.48823356628418,-0.05940093994140625,0.07752640545368195,0.8302193284034729,0.805800352507611,0.10126582278481013,0.014356788247823715,0.014444978907704353,0.9114494323730469,52.20673370361328,2.883373260498047,0.08270008116960526,0.8354924321174622,0.8183037475345167,0.07692307692307693,0.013966241851449013
v1,kraken_default,reference,0.0,1.0,1.0,0.0,1.0,1.0,0,Krakencoder,cl_kraken_v1_kraken_default,4,Glasser,FC->SC,2000,0.5101519823074341,0.9300875067710876,0.9999978563267301,0.9985358711566618,0.004504811018705368,0.004508947301656008,0.9089498043060302,57.828376388549806,-0.3790615081787109,0.11101483553647995,0.9149221777915955,0.912033327992309,0.2911392405063291,0.005378528963774443,0.005352152045816183,0.9098695516586304,57.86200714111328,1.249795913696289,0.10888481885194778,0.9146789312362671,0.9133201840894148,0.1641025641025641,0.005365049000829458
v1,vm_2.0,extension,2.0,0.0,0.0,18.4,0.0,0.0,0,Krakencoder,cl_kraken_v1_vm_2.0,0,Glasser,SC->FC,500,0.46631479263305664,0.8716745972633362,0.9930459239124609,0.8843338213762811,0.010718830861151218,0.010704174358397722,0.4536119669675827,49.82812767028808,-2.1607034683227537,0.05701916664838791,0.7941092252731323,0.6192917801634353,0.0759493670886076,0.01790662296116352,0.01787368394434452,0.47002068161964417,49.52739715576172,4.667905807495117,0.08058220148086548,0.8035016059875488,0.6614069690992768,0.05641025641025641,0.01648830994963646
v1,vm_2.0,extension,2.0,0.0,0.0,18.4,0.0,0.0,0,Krakencoder,cl_kraken_v1_vm_2.0,0,Glasser,FC->SC,500,0.44415295124053955,0.9308960437774658,0.9999871379603806,0.9912152269399708,0.004371589049696922,0.00437150951474905,0.5164913177490235,56.61045684814453,-1.9044025421142579,0.12275379151105881,0.902334451675415,0.8681301073545906,0.10126582278481013,0.006067563779652119,0.006091473624110222,0.49594175815582275,56.631500244140625,1.066915512084961,0.12029751390218735,0.9007286429405212,0.8340828402366864,0.09230769230769231,0.00630465243011713
v1,vm_2.0,extension,2.0,0.0,0.0,18.4,0.0,0.0,0,Krakencoder,cl_kraken_v1_vm_2.0,0,Glasser,SC->FC,1000,0.5077418088912964,0.8797841668128967,0.997614091650607,0.9106881405563689,0.010046681389212608,0.010039355047047139,0.4589001536369324,49.83396682739258,-2.915324020385742,0.056631915271282196,0.7946015000343323,0.6107995513539497,0.0759493670886076,0.017709897831082344,0.017678499221801758,0.4859994947910309,49.56794357299805,4.684040069580078,0.07917497307062149,0.8037533760070801,0.6616436554898093,0.05128205128205128,0.01637691631913185
v1,vm_2.0,extension,2.0,0.0,0.0,18.4,0.0,0.0,0,Krakencoder,cl_kraken_v1_vm_2.0,0,Glasser,FC->SC,1000,0.507594645023346,0.9367623925209045,0.9999914253069204,0.9941434846266471,0.004010203760117292,0.00400982671417296,0.5111193239688874,56.604745101928714,-2.5602210998535155,0.1358761340379715,0.9042136073112488,0.8843134113122897,0.1518987341772152,0.005956360138952732,0.005988277029246092,0.5066387057304382,56.69243621826172,1.0139656066894531,0.13398607075214386,0.9025629162788391,0.8606443129520053,0.11282051282051282,0.006195511668920517
v1,vm_2.0,extension,2.0,0.0,0.0,18.4,0.0,0.0,0,Krakencoder,cl_kraken_v1_vm_2.0,0,Glasser,SC->FC,1500,0.5125356912612915,0.8807970881462097,0.9977748671458491,0.9165446559297218,0.009967313148081303,0.009958124253898859,0.45866667330265043,49.83275375366211,-3.0095367431640625,0.05498602241277695,0.7948800325393677,0.6122416279442398,0.05063291139240506,0.017690610140562057,0.01765604130923748,0.4902854859828949,49.594825744628906,4.695163726806641,0.0793994590640068,0.8036780953407288,0.6615384615384615,0.046153846153846156,0.0163744930177927
v1,vm_2.0,extension,2.0,0.0,0.0,18.4,0.0,0.0,0,Krakencoder,cl_kraken_v1_vm_2.0,0,Glasser,FC->SC,1500,0.5166712403297424,0.9376195669174194,0.9999978563267301,0.9985358711566618,0.00395742105320096,0.003956801421009004,0.514625471830368,56.61819229125977,-2.6596811294555662,0.13631360232830048,0.9045170545578003,0.8860759493670887,0.17721518987341772,0.005939085502177477,0.005968939978629351,0.5132534503936768,56.721290588378906,1.0139503479003906,0.13392415642738342,0.9029245376586914,0.8637475345167653,0.08717948717948718,0.006170334760099649
v1,vm_2.0,extension,2.0,0.0,0.0,18.4,0.0,0.0,0,Krakencoder,cl_kraken_v1_vm_2.0,0,Glasser,SC->FC,2000,0.5149602293968201,0.881214439868927,0.9979184932549321,0.9150805270863837,0.009929517284035683,0.009919913951307535,0.46146943867206575,49.83659629821777,-3.0546375274658204,0.05726958066225052,0.7949202060699463,0.6107995513539497,0.06329113924050633,0.01765371300280094,0.01760808750987053,0.4927438497543335,49.59654998779297,4.644458770751953,0.07988349348306656,0.8038142323493958,0.659776462853386,0.041025641025641026,0.0163466464728117
v1,vm_2.0,extension,2.0,0.0,0.0,18.4,0.0,0.0,0,Krakencoder,cl_kraken_v1_vm_2.0,0,Glasser,FC->SC,2000,0.5197544693946838,0.93789142370224,0.9999957126534602,0.9970717423133236,0.00394081836566329,0.003939733747392893,0.5148877441883087,56.6150390625,-2.6919713020324707,0.13737808167934418,0.9045726656913757,0.8868771030283609,0.16455696202531644,0.005929028149694204,0.005959166679531336,0.5153802037239075,56.717041015625,1.0078811645507812,0.1340063214302063,0.9028983116149902,0.8629322813938198,0.09230769230769231,0.006169473752379417
v1,vm_2.0,extension,2.0,0.0,0.0,18.4,0.0,0.0,0,Krakencoder,cl_kraken_v1_vm_2.0,1,Glasser,SC->FC,500,0.46784862875938416,0.8734201192855835,0.9962571464707635,0.8989751098096632,0.010663099586963654,0.010655641462653876,0.4639276206493378,50.063008880615236,-2.291639518737793,0.08043176680803299,0.8016409873962402,0.6729690754686749,0.06329113924050633,0.016935087740421295,0.017166243866086006,0.45532453060150146,49.85469055175781,3.9261131286621094,0.07658694684505463,0.7949639558792114,0.6630111768573307,0.05128205128205128,0.01704741269350052
v1,vm_2.0,extension,2.0,0.0,0.0,18.4,0.0,0.0,0,Krakencoder,cl_kraken_v1_vm_2.0,1,Glasser,FC->SC,500,0.4433540999889374,0.9310903549194336,0.9999871379603806,0.9912152269399708,0.004363856744021177,0.004361316841095686,0.5164081007242203,56.64660301208496,-1.9142196655273438,0.12587107717990875,0.9032032489776611,0.8573946482935427,0.21518987341772153,0.00610067043453455,0.006132807582616806,0.5270453095436096,56.68624496459961,1.0035839080810547,0.12233217805624008,0.9003214240074158,0.8549112426035503,0.07692307692307693,0.006286658812314272
v1,vm_2.0,extension,2.0,0.0,0.0,18.4,0.0,0.0,0,Krakencoder,cl_kraken_v1_vm_2.0,1,Glasser,SC->FC,1000,0.5092635154724121,0.8814325332641602,0.9977041259279426,0.9341142020497804,0.009992376901209354,0.009987948741763831,0.46810366213321686,50.04355697631836,-2.9951145172119142,0.08385800570249557,0.8027703762054443,0.6655984617849704,0.0379746835443038,0.016726290807127953,0.01704363338649273,0.4665525555610657,49.882198333740234,4.050422668457031,0.07688922435045242,0.795533299446106,0.6535700197238659,0.041025641025641026,0.016904834657907486
v1,vm_2.0,extension,2.0,0.0,0.0,18.4,0.0,0.0,0,Krakencoder,cl_kraken_v1_vm_2.0,1,Glasser,FC->SC,1000,0.5077035427093506,0.9370170831680298,0.9999978563267301,0.9985358711566618,0.0039980909787118435,0.003996918117627502,0.5124370068311691,56.64220352172852,-2.578643798828125,0.14147444069385529,0.9051042199134827,0.8913635635314854,0.22784810126582278,0.005977994296699762,0.006019086576998234,0.5335845351219177,56.717044830322266,0.9130878448486328,0.13408944010734558,0.9021921753883362,0.8728994082840237,0.1076923076923077,0.006172442343086004
v1,vm_2.0,extension,2.0,0.0,0.0,18.4,0.0,0.0,0,Krakencoder,cl_kraken_v1_vm_2.0,1,Glasser,SC->FC,1500,0.5148227214813232,0.8825424313545227,0.9977641487794996,0.9428989751098097,0.00990335177630186,0.009896879829466344,0.47170727550983427,50.07430992126465,-3.084433174133301,0.08629634976387024,0.8035770058631897,0.6728088447364204,0.05063291139240506,0.016646593809127808,0.016960544511675835,0.47255250811576843,49.925437927246094,4.013252258300781,0.0770757645368576,0.7963557243347168,0.6535700197238659,0.041025641025641026,0.016820618882775307
v1,vm_2.0,extension,2.0,0.0,0.0,18.4,0.0,0.0,0,Krakencoder,cl_kraken_v1_vm_2.0,1,Glasser,FC->SC,1500,0.5166515111923218,0.9378454685211182,0.9999957126534602,0.9970717423133236,0.0039467415772378445,0.003945557516999543,0.5142734795808792,56.646843338012694,-2.6822258949279787,0.14139771461486816,0.9051273465156555,0.8929658708540298,0.22784810126582278,0.0059789689257740974,0.006016968749463558,0.534525454044342,56.71683883666992,0.9186363220214844,0.13390539586544037,0.9023122787475586,0.872689020381328,0.08717948717948718,0.006162870209664106
v1,vm_2.0,extension,2.0,0.0,0.0,18.4,0.0,0.0,0,Krakencoder,cl_kraken_v1_vm_2.0,1,Glasser,SC->FC,2000,0.5170040130615234,0.8829653263092041,0.9979720850866795,0.9443631039531479,0.009869893081486225,0.009867326728999615,0.47244841754436495,50.0715991973877,-3.1195497512817383,0.08365674316883087,0.8030939698219299,0.6668803076430059,0.06329113924050633,0.016706671565771103,0.01703263632953167,0.4690820276737213,49.90251159667969,4.0436248779296875,0.07627552002668381,0.7962578535079956,0.6548849441157133,0.041025641025641026,0.016822021454572678
v1,vm_2.0,extension,2.0,0.0,0.0,18.4,0.0,0.0,0,Krakencoder,cl_kraken_v1_vm_2.0,1,Glasser,FC->SC,2000,0.5192891359329224,0.9381067156791687,0.9999978563267301,0.9985358711566618,0.00393079174682498,0.003929963055998087,0.5149556696414948,56.649528884887694,-2.716854763031006,0.1428074687719345,0.9053043127059937,0.895529562570101,0.21518987341772153,0.005963723175227642,0.00600002147257328,0.5375082492828369,56.723114013671875,0.8974361419677734,0.13383744657039642,0.9023299813270569,0.8731623931623932,0.08205128205128205,0.0061616660095751286
v1,vm_2.0,extension,2.0,0.0,0.0,18.4,0.0,0.0,0,Krakencoder,cl_kraken_v1_vm_2.0,2,Glasser,SC->FC,500,0.46005672216415405,0.8708999156951904,0.9901476776515631,0.87701317715959,0.01088601816445589,0.01087355576455593,0.46247297525405884,49.89959907531738,-2.0655712127685546,0.0787501409649849,0.8013614416122437,0.6463707739144368,0.05063291139240506,0.016279317438602448,0.01632719486951828,0.41444432735443115,49.72864532470703,3.823955535888672,0.0969242975115776,0.8050399422645569,0.6896778435239974,0.02564102564102564,0.016481751576066017
v1,vm_2.0,extension,2.0,0.0,0.0,18.4,0.0,0.0,0,Krakencoder,cl_kraken_v1_vm_2.0,2,Glasser,FC->SC,500,0.4427182972431183,0.9308652877807617,0.9999914253069204,0.9941434846266471,0.004350229632109404,0.004361129645258188,0.5192920744419098,56.6251781463623,-1.8723564147949219,0.1396130621433258,0.9027522802352905,0.8939272552475565,0.12658227848101267,0.006409099325537682,0.006322480738162994,0.5231006741523743,56.614540100097656,1.0920581817626953,0.1190873384475708,0.9009612202644348,0.8588034188034188,0.1076923076923077,0.006238443776965141
v1,vm_2.0,extension,2.0,0.0,0.0,18.4,0.0,0.0,0,Krakencoder,cl_kraken_v1_vm_2.0,2,Glasser,SC->FC,1000,0.5034043788909912,0.8793157339096069,0.9935239630516475,0.9136163982430454,0.01017687376588583,0.010166965145617723,0.4695963948965073,49.8933406829834,-2.8630254745483397,0.07265140116214752,0.80134117603302,0.6301874699567377,0.05063291139240506,0.01614595390856266,0.01624731905758381,0.4312646985054016,49.77477264404297,3.9322967529296875,0.09478370100259781,0.8052643537521362,0.6776594345825115,0.041025641025641026,0.016372451558709145
v1,vm_2.0,extension,2.0,0.0,0.0,18.4,0.0,0.0,0,Krakencoder,cl_kraken_v1_vm_2.0,2,Glasser,FC->SC,1000,0.5070334672927856,0.9368230700492859,0.9999957126534602,0.9970717423133236,0.003987278789281845,0.003997890534810722,0.5126518964767456,56.619130325317386,-2.53577880859375,0.14960552752017975,0.9040950536727905,0.8924851786572665,0.13924050632911392,0.0063273548148572445,0.0062343948520720005,0.5283227562904358,56.651451110839844,1.0821189880371094,0.13156208395957947,0.9026909470558167,0.871216305062459,0.15897435897435896,0.006143075879663229
v1,vm_2.0,extension,2.0,0.0,0.0,18.4,0.0,0.0,0,Krakencoder,cl_kraken_v1_vm_2.0,2,Glasser,SC->FC,1500,0.5089223384857178,0.8804129362106323,0.993819789962893,0.9136163982430454,0.010086627677083015,0.010073494259268045,0.4705158531665802,49.8882251739502,-2.9521665573120117,0.07103223353624344,0.8011464476585388,0.6223361640762698,0.06329113924050633,0.01611701026558876,0.016212066635489464,0.43885400891304016,49.7944221496582,3.965728759765625,0.09287608414888382,0.8049878478050232,0.6748717948717948,0.041025641025641026,0.016384992748498917
v1,vm_2.0,extension,2.0,0.0,0.0,18.4,0.0,0.0,0,Krakencoder,cl_kraken_v1_vm_2.0,2,Glasser,FC->SC,1500,0.5163921117782593,0.9376958012580872,0.9999957126534602,0.9970717423133236,0.003934273961931467,0.003943402948789298,0.5150955319404602,56.625811386108396,-2.636252593994141,0.15056739747524261,0.9044407606124878,0.898413715750681,0.13924050632911392,0.006303716916590929,0.006214124616235495,0.5350061655044556,56.669097900390625,1.083526611328125,0.1321352869272232,0.9029695987701416,0.8731360946745562,0.15897435897435896,0.00612277677282691
v1,vm_2.0,extension,2.0,0.0,0.0,18.4,0.0,0.0,0,Krakencoder,cl_kraken_v1_vm_2.0,2,Glasser,SC->FC,2000,0.5107460618019104,0.8807940483093262,0.9941520593197267,0.91800878477306,0.010055513121187687,0.010042853280901909,0.46917013823986053,49.88690299987793,-3.0153942108154297,0.06749500334262848,0.8008108735084534,0.6184906265021631,0.06329113924050633,0.01615511253476143,0.016264280304312706,0.4414833188056946,49.816200256347656,3.9967117309570312,0.09238903224468231,0.8048422932624817,0.671663379355687,0.02564102564102564,0.01639789529144764
v1,vm_2.0,extension,2.0,0.0,0.0,18.4,0.0,0.0,0,Krakencoder,cl_kraken_v1_vm_2.0,2,Glasser,FC->SC,2000,0.5192480683326721,0.9379560947418213,0.9999957126534602,0.9970717423133236,0.003918221686035395,0.003928064345382154,0.5136734843254089,56.62225189208984,-2.676420307159424,0.15049822628498077,0.9043373465538025,0.8950488703733376,0.13924050632911392,0.006310948636382818,0.006217986345291138,0.5315884351730347,56.66041564941406,1.0877246856689453,0.13218985497951508,0.9029711484909058,0.8743984220907298,0.14358974358974358,0.0061241453513503075
v1,vm_2.0,extension,2.0,0.0,0.0,18.4,0.0,0.0,0,Krakencoder,cl_kraken_v1_vm_2.0,3,Glasser,SC->FC,500,0.4632388651371002,0.872739851474762,0.996490806857182,0.9062957540263543,0.010764623992145061,0.010762547329068183,0.4714790344238281,50.04475708007813,-2.2439754486083983,0.08379513025283813,0.7978600263595581,0.6348341611921167,0.0379746835443038,0.017075862735509872,0.01701163314282894,0.4376944303512573,49.83577346801758,4.036006927490234,0.08574626594781876,0.8006790280342102,0.6708218277449047,0.06153846153846154,0.016550719738006592
v1,vm_2.0,extension,2.0,0.0,0.0,18.4,0.0,0.0,0,Krakencoder,cl_kraken_v1_vm_2.0,3,Glasser,FC->SC,500,0.44659295678138733,0.931371808052063,0.9999914253069204,0.9941434846266471,0.0043384660966694355,0.0043421931564807895,0.51629798412323,56.645796585083005,-1.933685302734375,0.12132177501916885,0.9007604122161865,0.8330395769908668,0.25316455696202533,0.00613441364839673,0.006167505402117968,0.5169153809547424,56.572940826416016,1.154205322265625,0.1250259131193161,0.9009460210800171,0.8610124917817226,0.08717948717948718,0.006313737481832504
v1,vm_2.0,extension,2.0,0.0,0.0,18.4,0.0,0.0,0,Krakencoder,cl_kraken_v1_vm_2.0,3,Glasser,SC->FC,1000,0.5050175786018372,0.8806749582290649,0.9977405683735308,0.9297218155197657,0.010097683407366276,0.010095286834985017,0.4711273044347763,49.99037590026855,-2.9435039520263673,0.07902367413043976,0.796279788017273,0.6162473962506009,0.06329113924050633,0.016984447836875916,0.016896609216928482,0.444334477186203,49.799312591552734,4.176931381225586,0.09099027514457703,0.8008860945701599,0.672715318869165,0.020512820512820513,0.016385963186621666
v1,vm_2.0,extension,2.0,0.0,0.0,18.4,0.0,0.0,0,Krakencoder,cl_kraken_v1_vm_2.0,3,Glasser,FC->SC,1000,0.5088600516319275,0.9371001124382019,1.0,1.0,0.003985364455729723,0.003989416873082519,0.5088268518447876,56.635857009887694,-2.585628318786621,0.13776147365570068,0.9026906490325928,0.8479410350905303,0.27848101265822783,0.006016822531819344,0.006048995535820723,0.5183513164520264,56.601539611816406,1.0922660827636719,0.1407119780778885,0.902985692024231,0.8884155161078238,0.11282051282051282,0.006196478847414255
v1,vm_2.0,extension,2.0,0.0,0.0,18.4,0.0,0.0,0,Krakencoder,cl_kraken_v1_vm_2.0,3,Glasser,SC->FC,1500,0.510483980178833,0.8817737698554993,0.9977384247002609,0.9370424597364568,0.010007566772401333,0.010004991665482521,0.47330822944641116,49.99904518127441,-3.0465158462524413,0.08133120089769363,0.796796977519989,0.6194520108956898,0.05063291139240506,0.016927678138017654,0.016819821670651436,0.44866418838500977,49.824520111083984,4.131603240966797,0.09317122399806976,0.8015701770782471,0.677422748191979,0.02564102564102564,0.016288431361317635
v1,vm_2.0,extension,2.0,0.0,0.0,18.4,0.0,0.0,0,Krakencoder,cl_kraken_v1_vm_2.0,3,Glasser,FC->SC,1500,0.5177013278007507,0.937923789024353,1.0,1.0,0.003934723790735006,0.003937975806184113,0.5123100906610489,56.64123458862305,-2.67940149307251,0.14197465777397156,0.9032726287841797,0.8591571863483416,0.27848101265822783,0.005978352855890989,0.006008550990372896,0.525364339351654,56.625423431396484,1.068948745727539,0.1402474045753479,0.9031161665916443,0.8868113083497698,0.11794871794871795,0.006182887591421604
v1,vm_2.0,extension,2.0,0.0,0.0,18.4,0.0,0.0,0,Krakencoder,cl_kraken_v1_vm_2.0,3,Glasser,SC->FC,2000,0.5122082829475403,0.8821486234664917,0.9980406826313161,0.9414348462664714,0.009976628236472607,0.009976202435791493,0.4742500424385071,50.01376304626465,-3.0866220474243162,0.08217901736497879,0.7975137233734131,0.6236180099343054,0.06329113924050633,0.0168744008988142,0.016776008531451225,0.4532875716686249,49.861541748046875,4.096578598022461,0.09244969487190247,0.8017247915267944,0.6749243918474688,0.03076923076923077,0.016283534467220306
v1,vm_2.0,extension,2.0,0.0,0.0,18.4,0.0,0.0,0,Krakencoder,cl_kraken_v1_vm_2.0,3,Glasser,FC->SC,2000,0.5203366279602051,0.9381663203239441,1.0,1.0,0.003919953014701605,0.003924488811753691,0.5119585484266281,56.639163208007815,-2.709548759460449,0.14267301559448242,0.9033429026603699,0.8626822624579394,0.2911392405063291,0.005974279250949621,0.006004730239510536,0.5250446796417236,56.62574768066406,1.0647087097167969,0.1413259357213974,0.9032312631607056,0.8855489809335964,0.13333333333333333,0.0061743794940412045
v1,vm_2.0,extension,2.0,0.0,0.0,18.4,0.0,0.0,0,Krakencoder,cl_kraken_v1_vm_2.0,4,Glasser,SC->FC,500,0.4633370041847229,0.8713192343711853,0.9948444657859028,0.8828696925329429,0.010673239827156067,0.010678632091730833,0.4657581806182861,49.85062370300293,-2.148544692993164,0.09527439624071121,0.799951434135437,0.6723281525396572,0.06329113924050633,0.01696702651679516,0.017115743830800056,0.476249635219574,49.531124114990234,3.7940292358398438,0.09782066196203232,0.8058739900588989,0.6792636423405654,0.035897435897435895,0.01655140146613121
v1,vm_2.0,extension,2.0,0.0,0.0,18.4,0.0,0.0,0,Krakencoder,cl_kraken_v1_vm_2.0,4,Glasser,FC->SC,500,0.4468354284763336,0.9311439394950867,0.9999892816336505,0.9926793557833089,0.0043715001083910465,0.004376217676326633,0.517714524269104,56.628665161132815,-1.9239286422729491,0.13297061622142792,0.9022384881973267,0.8884794103509053,0.21518987341772153,0.006160920485854149,0.0061325132846832275,0.5054807662963867,56.61216354370117,0.9541110992431641,0.1260726898908615,0.9015272855758667,0.8664299802761342,0.09743589743589744,0.006171959452331066
v1,vm_2.0,extension,2.0,0.0,0.0,18.4,0.0,0.0,0,Krakencoder,cl_kraken_v1_vm_2.0,4,Glasser,SC->FC,1000,0.5059187412261963,0.8794467449188232,0.9968102141743964,0.9165446559297218,0.010005438700318336,0.010009186808019876,0.4696087509393692,49.850281143188475,-2.8860795974731444,0.09173864126205444,0.8003830909729004,0.6654382310527159,0.0379746835443038,0.016852151602506638,0.01697884500026703,0.4904981255531311,49.60000228881836,3.797372817993164,0.09250517934560776,0.8059064745903015,0.6702169625246548,0.06153846153846154,0.016489684581756592
v1,vm_2.0,extension,2.0,0.0,0.0,18.4,0.0,0.0,0,Krakencoder,cl_kraken_v1_vm_2.0,4,Glasser,FC->SC,1000,0.5080689787864685,0.9368074536323547,0.9999957126534602,0.9970717423133236,0.0040200804360210896,0.0040246569085866215,0.5122342616319656,56.625666809082034,-2.5640261650085447,0.1431400626897812,0.9039284586906433,0.8929658708540298,0.31645569620253167,0.006060931831598282,0.0060297660529613495,0.5172796249389648,56.68486022949219,0.91937255859375,0.13960421085357666,0.9033146500587463,0.8879947403024326,0.10256410256410256,0.0060630966909229755
v1,vm_2.0,extension,2.0,0.0,0.0,18.4,0.0,0.0,0,Krakencoder,cl_kraken_v1_vm_2.0,4,Glasser,SC->FC,1500,0.5109524130821228,0.880484938621521,0.997020294154846,0.9238653001464129,0.009921420365571976,0.009927366953343153,0.4705515533685684,49.85371780395508,-2.974498748779297,0.08988013863563538,0.8001078367233276,0.6652780003204615,0.05063291139240506,0.016875552013516426,0.016982292756438255,0.4923056364059448,49.605716705322266,3.824014663696289,0.091961570084095,0.8062897324562073,0.6687179487179488,0.05641025641025641,0.016443992033600807
v1,vm_2.0,extension,2.0,0.0,0.0,18.4,0.0,0.0,0,Krakencoder,cl_kraken_v1_vm_2.0,4,Glasser,FC->SC,1500,0.5165003538131714,0.9376118779182434,1.0,1.0,0.003970245830714703,0.003974123531952501,0.5145849347114563,56.63169136047363,-2.6509659767150877,0.14567703008651733,0.9043071866035461,0.8969716391603909,0.31645569620253167,0.006036724429577589,0.006002346985042095,0.5215389132499695,56.704280853271484,0.9065723419189453,0.14002792537212372,0.9036222696304321,0.8933596318211703,0.1076923076923077,0.006046839524060488
v1,vm_2.0,extension,2.0,0.0,0.0,18.4,0.0,0.0,0,Krakencoder,cl_kraken_v1_vm_2.0,4,Glasser,SC->FC,2000,0.512946367263794,0.8808362483978271,0.9972132247491367,0.9297218155197657,0.00989104900509119,0.009893790446221828,0.46991463005542755,49.845584869384766,-3.025703239440918,0.09028013795614243,0.8001773953437805,0.6617529242108637,0.06329113924050633,0.016865897923707962,0.01695341058075428,0.49353915452957153,49.60572052001953,3.7820491790771484,0.09279092401266098,0.8059177398681641,0.6691124260355029,0.05641025641025641,0.016473187133669853
v1,vm_2.0,extension,2.0,0.0,0.0,18.4,0.0,0.0,0,Krakencoder,cl_kraken_v1_vm_2.0,4,Glasser,FC->SC,2000,0.5191134810447693,0.9378597736358643,0.9999978563267301,0.9985358711566618,0.0039552547968924046,0.00395983224734664,0.5134105026721955,56.62941551208496,-2.682514953613281,0.1447315514087677,0.9042107462882996,0.8940874859798109,0.27848101265822783,0.006042814813554287,0.006012049503624439,0.5216826796531677,56.70528793334961,0.9373550415039062,0.14236468076705933,0.9037604928016663,0.89767258382643,0.11282051282051282,0.006037675775587559
v1,ce_2.0,extension,0.0,2.0,0.0,0.0,2.0,0.0,0,Krakencoder,cl_kraken_v1_ce_2.0,0,Glasser,SC->FC,500,0.42448878288269043,0.8555718660354614,0.9999935689801903,0.9956076134699854,0.012087881565093994,0.012065517716109753,0.9390252768993378,52.6926383972168,0.6773038864135742,0.05602753162384033,0.8281164169311523,0.7726325909309405,0.11392405063291139,0.014533067122101784,0.0145686911419034,0.941622793674469,52.309993743896484,3.4387168884277344,0.06875237822532654,0.837637722492218,0.8266929651545036,0.09230769230769231,0.013427020981907845
v1,ce_2.0,extension,0.0,2.0,0.0,0.0,2.0,0.0,0,Krakencoder,cl_kraken_v1_ce_2.0,0,Glasser,FC->SC,500,0.4337503910064697,0.9257404804229736,0.9999978563267301,0.9985358711566618,0.004768040496855974,0.004769176617264748,0.9366858184337616,57.90510444641113,0.14865341186523437,0.07276695966720581,0.9152488112449646,0.8360839609037013,0.189873417721519,0.005303250625729561,0.005335730966180563,0.9350103735923767,57.96363067626953,1.1765785217285156,0.07768934220075607,0.9141066074371338,0.8449967126890203,0.11794871794871795,0.005519364960491657
v1,ce_2.0,extension,0.0,2.0,0.0,0.0,2.0,0.0,0,Krakencoder,cl_kraken_v1_ce_2.0,0,Glasser,SC->FC,1000,0.46408164501190186,0.8598229885101318,0.9999957126534602,0.9970717423133236,0.011760288849473,0.011737479269504547,0.926360833644867,52.61678009033203,0.25744972229003904,0.061743542551994324,0.8277279734611511,0.7957058163755808,0.13924050632911392,0.014562553726136684,0.0145941860973835,0.9298036098480225,52.23702621459961,3.4153194427490234,0.07062505930662155,0.8369985818862915,0.8266140696909927,0.08717948717948718,0.013474864885210991
v1,ce_2.0,extension,0.0,2.0,0.0,0.0,2.0,0.0,0,Krakencoder,cl_kraken_v1_ce_2.0,0,Glasser,FC->SC,1000,0.4819616675376892,0.9282552003860474,1.0,1.0,0.004613635595887899,0.004614214925095439,0.9230605900287628,57.86411399841309,-0.16656837463378907,0.08229322731494904,0.915170431137085,0.862522031725685,0.22784810126582278,0.00530581921339035,0.005340695846825838,0.921924889087677,57.92601013183594,1.1477317810058594,0.08433517813682556,0.9139552712440491,0.8664299802761342,0.14358974358974358,0.005524610169231892
v1,ce_2.0,extension,0.0,2.0,0.0,0.0,2.0,0.0,0,Krakencoder,cl_kraken_v1_ce_2.0,0,Glasser,SC->FC,1500,0.47130683064460754,0.8605677485466003,0.9999957126534602,0.9970717423133236,0.011704160831868649,0.011681047081947327,0.9246235609054565,52.605736923217776,0.18656635284423828,0.061012689024209976,0.827596127986908,0.793622816856273,0.13924050632911392,0.014573397114872932,0.014606564305722713,0.9280852675437927,52.226749420166016,3.417654037475586,0.07253268361091614,0.8370267152786255,0.8371071663379356,0.08717948717948718,0.013472361490130424
v1,ce_2.0,extension,0.0,2.0,0.0,0.0,2.0,0.0,0,Krakencoder,cl_kraken_v1_ce_2.0,0,Glasser,FC->SC,1500,0.49296021461486816,0.9288027882575989,1.0,1.0,0.004580333363264799,0.004581002378836274,0.9207998096942902,57.85735855102539,-0.23734970092773439,0.0831410214304924,0.9151382446289062,0.8730972600544784,0.22784810126582278,0.005307723768055439,0.005344276316463947,0.9197566509246826,57.918819427490234,1.14666748046875,0.08511276543140411,0.913933515548706,0.8714266929651545,0.13846153846153847,0.005525791086256504
v1,ce_2.0,extension,0.0,2.0,0.0,0.0,2.0,0.0,0,Krakencoder,cl_kraken_v1_ce_2.0,0,Glasser,SC->FC,2000,0.4742822051048279,0.8608160018920898,0.9999957126534602,0.9970717423133236,0.011685043573379517,0.011661237385123969,0.9243214190006256,52.604113006591795,0.16360340118408204,0.06336008757352829,0.8277279734611511,0.8064412754366288,0.11392405063291139,0.01456387247890234,0.014595896005630493,0.9277352690696716,52.22602844238281,3.4024620056152344,0.07311039417982101,0.8370447158813477,0.8419197896120973,0.1076923076923077,0.013470184989273548
v1,ce_2.0,extension,0.0,2.0,0.0,0.0,2.0,0.0,0,Krakencoder,cl_kraken_v1_ce_2.0,0,Glasser,FC->SC,2000,0.49719804525375366,0.9290089011192322,1.0,1.0,0.004568023141473532,0.004568973742425442,0.9200269043445587,57.85495452880859,-0.26144752502441404,0.08512204885482788,0.915182888507843,0.878705335683384,0.22784810126582278,0.00530496658757329,0.005340491887181997,0.9190452098846436,57.916988372802734,1.142263412475586,0.08626608550548553,0.9139515161514282,0.8734516765285996,0.13333333333333333,0.0055240001529455185
v1,ce_2.0,extension,0.0,2.0,0.0,0.0,2.0,0.0,0,Krakencoder,cl_kraken_v1_ce_2.0,1,Glasser,SC->FC,500,0.42904338240623474,0.8577550053596497,0.9999935689801903,0.9956076134699854,0.011992197483778,0.011965829506516456,0.9383825302124024,52.81219749450683,0.6289375305175782,0.06523460149765015,0.8341729044914246,0.8267905784329435,0.1518987341772152,0.013774259947240353,0.014016136527061462,0.938355565071106,52.71437454223633,2.6498146057128906,0.06740248203277588,0.8278490900993347,0.830111768573307,0.08205128205128205,0.01399184763431549
v1,ce_2.0,extension,0.0,2.0,0.0,0.0,2.0,0.0,0,Krakencoder,cl_kraken_v1_ce_2.0,1,Glasser,FC->SC,500,0.43695399165153503,0.9261240363121033,0.9999978563267301,0.9985358711566618,0.0047467858530581,0.004745544865727425,0.9360176622867584,57.92354774475098,0.114288330078125,0.08346160501241684,0.9155141115188599,0.883672488383272,0.17721518987341772,0.00538327731192112,0.00543398130685091,0.9362790584564209,57.913185119628906,1.075662612915039,0.07884927093982697,0.9132192730903625,0.8676134122287968,0.11794871794871795,0.005525187589228153
v1,ce_2.0,extension,0.0,2.0,0.0,0.0,2.0,0.0,0,Krakencoder,cl_kraken_v1_ce_2.0,1,Glasser,SC->FC,1000,0.4680984616279602,0.8620002269744873,0.9999935689801903,0.9956076134699854,0.01166390348225832,0.011639601737260818,0.9254821181297302,52.7350471496582,0.20985660552978516,0.06877865642309189,0.8336995840072632,0.828072424290979,0.189873417721519,0.013810047879815102,0.014057397842407227,0.9261305928230286,52.641197204589844,2.6469688415527344,0.06907264143228531,0.8272604942321777,0.8263773833004602,0.09743589743589744,0.014040479436516762
v1,ce_2.0,extension,0.0,2.0,0.0,0.0,2.0,0.0,0,Krakencoder,cl_kraken_v1_ce_2.0,1,Glasser,FC->SC,1000,0.4839579463005066,0.9286026358604431,0.9999978563267301,0.9985358711566618,0.004594947677105665,0.004593803454190493,0.9225196063518524,57.88323554992676,-0.19885292053222656,0.09199123829603195,0.9154686331748962,0.9006569460022432,0.24050632911392406,0.00538333784788847,0.005433258134871721,0.9240819215774536,57.87672805786133,1.0460205078125,0.08550381660461426,0.9130904674530029,0.88620644312952,0.15384615384615385,0.005530816037207842
v1,ce_2.0,extension,0.0,2.0,0.0,0.0,2.0,0.0,0,Krakencoder,cl_kraken_v1_ce_2.0,1,Glasser,SC->FC,1500,0.4749302268028259,0.862688422203064,0.9999935689801903,0.9956076134699854,0.01161158736795187,0.011585819348692895,0.9238572299480439,52.72559585571289,0.14191341400146484,0.071027971804142,0.8337823152542114,0.8364044223682102,0.189873417721519,0.013803054578602314,0.014042053371667862,0.9248701333999634,52.6346435546875,2.630138397216797,0.06971190869808197,0.8272287249565125,0.8264825772518081,0.09230769230769231,0.014043446630239487
v1,ce_2.0,extension,0.0,2.0,0.0,0.0,2.0,0.0,0,Krakencoder,cl_kraken_v1_ce_2.0,1,Glasser,FC->SC,1500,0.4945816397666931,0.9291085004806519,1.0,1.0,0.0045639206655323505,0.004562811646610499,0.9205990493297577,57.87765960693359,-0.26186256408691405,0.0917574092745781,0.9154138565063477,0.9048229450408588,0.27848101265822783,0.005386292934417725,0.005435633007436991,0.9223787784576416,57.87137985229492,1.0509109497070312,0.08526713401079178,0.9130306839942932,0.8853648915187377,0.14871794871794872,0.005534088704735041
v1,ce_2.0,extension,0.0,2.0,0.0,0.0,2.0,0.0,0,Krakencoder,cl_kraken_v1_ce_2.0,1,Glasser,SC->FC,2000,0.4774925112724304,0.8629294037818909,0.9999935689801903,0.9956076134699854,0.0115941371768713,0.011568539682775736,0.9234437346458435,52.72249221801758,0.11992835998535156,0.06974907964468002,0.8336828947067261,0.8357634994391925,0.16455696202531644,0.013812342658638954,0.014052937738597393,0.9242190718650818,52.6299934387207,2.635885238647461,0.06989654898643494,0.8271996378898621,0.8280604865220249,0.09743589743589744,0.014044354669749737
v1,ce_2.0,extension,0.0,2.0,0.0,0.0,2.0,0.0,0,Krakencoder,cl_kraken_v1_ce_2.0,1,Glasser,FC->SC,2000,0.49814844131469727,0.929288923740387,1.0,1.0,0.0045532588846981525,0.004552200250327587,0.91994668841362,57.87545204162598,-0.28282928466796875,0.09344294667243958,0.9154583215713501,0.9062650216311489,0.26582278481012656,0.005382988136261702,0.005429502110928297,0.9218011498451233,57.8712043762207,1.0367088317871094,0.08477550745010376,0.9130054712295532,0.8845759368836292,0.14358974358974358,0.005535727366805077
v1,ce_2.0,extension,0.0,2.0,0.0,0.0,2.0,0.0,0,Krakencoder,cl_kraken_v1_ce_2.0,2,Glasser,SC->FC,500,0.4236448407173157,0.8556903600692749,0.9999935689801903,0.9956076134699854,0.012144478969275951,0.01213805377483368,0.9392992973327636,52.70012283325195,0.768673324584961,0.06791196018457413,0.8361349105834961,0.8213427335362923,0.13924050632911392,0.012946055270731449,0.013098771683871746,0.9342553019523621,52.5716552734375,2.3906707763671875,0.06877557188272476,0.8339529037475586,0.8473635765943458,0.10256410256410256,0.013845697976648808
v1,ce_2.0,extension,0.0,2.0,0.0,0.0,2.0,0.0,0,Krakencoder,cl_kraken_v1_ce_2.0,2,Glasser,FC->SC,500,0.4353443682193756,0.9259262084960938,1.0,1.0,0.0047365231439471245,0.004743845574557782,0.9364998757839202,57.91307106018066,0.1205984115600586,0.08231739699840546,0.9144598841667175,0.8684505688190995,0.13924050632911392,0.005742844194173813,0.005678416229784489,0.9388304352760315,57.89352035522461,1.5918540954589844,0.08312947303056717,0.9142661094665527,0.8860749506903353,0.1282051282051282,0.0054331873543560505
v1,ce_2.0,extension,0.0,2.0,0.0,0.0,2.0,0.0,0,Krakencoder,cl_kraken_v1_ce_2.0,2,Glasser,SC->FC,1000,0.46289440989494324,0.8599103689193726,0.9999935689801903,0.9956076134699854,0.011817066930234432,0.01181262768805027,0.9265754163265228,52.62399864196777,0.3528949737548828,0.06914491206407547,0.8355466723442078,0.8346418843134114,0.13924050632911392,0.012997343204915524,0.01314250286668539,0.9208244681358337,52.4998664855957,2.3922462463378906,0.06966083496809006,0.83330899477005,0.8464431295200526,0.07692307692307693,0.013896193355321884
v1,ce_2.0,extension,0.0,2.0,0.0,0.0,2.0,0.0,0,Krakencoder,cl_kraken_v1_ce_2.0,2,Glasser,FC->SC,1000,0.48279470205307007,0.9284213781356812,1.0,1.0,0.004584353882819414,0.00459217200987041,0.9230247616767884,57.87227210998535,-0.19090538024902343,0.08719583600759506,0.9142703413963318,0.879025797147893,0.189873417721519,0.005750578828155994,0.005684391129761934,0.9271371364593506,57.8568229675293,1.5685863494873047,0.08796660602092743,0.9140927791595459,0.895095332018409,0.14358974358974358,0.005441854242235422
v1,ce_2.0,extension,0.0,2.0,0.0,0.0,2.0,0.0,0,Krakencoder,cl_kraken_v1_ce_2.0,2,Glasser,SC->FC,1500,0.4706913232803345,0.860716700553894,0.9999957126534602,0.9970717423133236,0.011755759827792645,0.011750532686710358,0.9246997594833374,52.61201477050781,0.2772356033325195,0.06825266033411026,0.8353738784790039,0.830956577471559,0.11392405063291139,0.013010095804929733,0.013154259882867336,0.9190354943275452,52.489295959472656,2.4042797088623047,0.07126863300800323,0.8332852721214294,0.8524128862590401,0.07692307692307693,0.013897087424993515
v1,ce_2.0,extension,0.0,2.0,0.0,0.0,2.0,0.0,0,Krakencoder,cl_kraken_v1_ce_2.0,2,Glasser,FC->SC,1500,0.4935605823993683,0.9289436340332031,1.0,1.0,0.004552191123366356,0.00455968426540494,0.9208938419818878,57.86594009399414,-0.2553882598876953,0.08942587673664093,0.9142958521842957,0.8791860278801474,0.17721518987341772,0.005748847033828497,0.005681278184056282,0.925455629825592,57.85380172729492,1.5623817443847656,0.08841114491224289,0.9140512347221375,0.895069033530572,0.15897435897435896,0.005443771835416555
v1,ce_2.0,extension,0.0,2.0,0.0,0.0,2.0,0.0,0,Krakencoder,cl_kraken_v1_ce_2.0,2,Glasser,SC->FC,2000,0.47336113452911377,0.8609504103660583,0.9999978563267301,0.9985358711566618,0.011736772954463959,0.011731654591858386,0.9242441356182098,52.60952262878418,0.2537101745605469,0.06592480093240738,0.835200846195221,0.8165358115686588,0.12658227848101267,0.013024208135902882,0.013164607807993889,0.9185869097709656,52.48838424682617,2.417451858520508,0.07118034362792969,0.8332819938659668,0.8499145299145299,0.09230769230769231,0.013899479992687702
v1,ce_2.0,extension,0.0,2.0,0.0,0.0,2.0,0.0,0,Krakencoder,cl_kraken_v1_ce_2.0,2,Glasser,FC->SC,2000,0.4980238974094391,0.9291646480560303,1.0,1.0,0.004538444802165031,0.004545850260183215,0.920003455877304,57.86299476623535,-0.284819221496582,0.08963815122842789,0.914287805557251,0.878705335683384,0.21518987341772153,0.005749253090471029,0.005678222980350256,0.9246612787246704,57.849788665771484,1.5496883392333984,0.08919159322977066,0.9140589833259583,0.8947534516765285,0.13846153846153847,0.005442698951810598
v1,ce_2.0,extension,0.0,2.0,0.0,0.0,2.0,0.0,0,Krakencoder,cl_kraken_v1_ce_2.0,3,Glasser,SC->FC,500,0.42650526762008667,0.8570034503936768,0.9999914253069204,0.9941434846266471,0.012089313007891178,0.012090355716645717,0.9388031661510468,52.76610107421875,0.7663129806518555,0.06458156555891037,0.8310186862945557,0.7867328953693319,0.11392405063291139,0.013937316834926605,0.01376376673579216,0.9375193119049072,52.59126281738281,2.8352527618408203,0.06769958883523941,0.8312597274780273,0.8327416173570019,0.07179487179487179,0.013610126450657845
v1,ce_2.0,extension,0.0,2.0,0.0,0.0,2.0,0.0,0,Krakencoder,cl_kraken_v1_ce_2.0,3,Glasser,FC->SC,500,0.4359767436981201,0.9261431694030762,0.9999914253069204,0.9941434846266471,0.0047430903650820255,0.004744463181123137,0.9363302946090698,57.92905769348145,0.11896800994873047,0.07936079055070877,0.9142438769340515,0.8498638038775838,0.24050632911392406,0.005357908084988594,0.005379318725317717,0.935501754283905,57.890899658203125,1.1541728973388672,0.08287804573774338,0.9136267900466919,0.8742669296515451,0.12307692307692308,0.005554603412747383
v1,ce_2.0,extension,0.0,2.0,0.0,0.0,2.0,0.0,0,Krakencoder,cl_kraken_v1_ce_2.0,3,Glasser,SC->FC,1000,0.466526061296463,0.8613335490226746,0.9999978563267301,0.9985358711566618,0.011754573322832584,0.011754935793578624,0.9258380591869354,52.68888549804687,0.34107208251953125,0.06753287464380264,0.8304271697998047,0.7872135875660952,0.1518987341772152,0.013979708775877953,0.013809414580464363,0.9246574640274048,52.5172233581543,2.8237743377685547,0.07059812545776367,0.8306771516799927,0.8264562787639711,0.07179487179487179,0.013653821311891079
v1,ce_2.0,extension,0.0,2.0,0.0,0.0,2.0,0.0,0,Krakencoder,cl_kraken_v1_ce_2.0,3,Glasser,FC->SC,1000,0.4836951196193695,0.9286431074142456,1.0,1.0,0.0045896247029304504,0.0045911349356174466,0.9227407515048981,57.88830032348633,-0.19431629180908203,0.08723583072423935,0.9141597747802734,0.8646050312449928,0.21518987341772153,0.005360757932066917,0.00538440840318799,0.9228599071502686,57.85417938232422,1.1312637329101562,0.08929848670959473,0.913505494594574,0.8890466798159106,0.14871794871794872,0.005559595301747322
v1,ce_2.0,extension,0.0,2.0,0.0,0.0,2.0,0.0,0,Krakencoder,cl_kraken_v1_ce_2.0,3,Glasser,SC->FC,1500,0.4736723005771637,0.8620653748512268,1.0,1.0,0.011698680929839611,0.011698252335190774,0.9240707635879517,52.678053283691405,0.26312713623046874,0.06803939491510391,0.8303419947624207,0.7931421246595097,0.16455696202531644,0.013985330238938332,0.01381721906363964,0.9231241345405579,52.51087188720703,2.827787399291992,0.07256603986024857,0.8307011723518372,0.8330046022353714,0.08205128205128205,0.013651703484356403
v1,ce_2.0,extension,0.0,2.0,0.0,0.0,2.0,0.0,0,Krakencoder,cl_kraken_v1_ce_2.0,3,Glasser,FC->SC,1500,0.4942292273044586,0.9291509389877319,1.0,1.0,0.004558719228953123,0.004559890273958445,0.920732319355011,57.88205680847168,-0.2580425262451172,0.0901472270488739,0.9142225384712219,0.874379105912514,0.2911392405063291,0.005356848705559969,0.005379696376621723,0.9213848114013672,57.85026168823242,1.1229629516601562,0.09052392840385437,0.9134879112243652,0.8909927679158448,0.16923076923076924,0.005560264457017183
v1,ce_2.0,extension,0.0,2.0,0.0,0.0,2.0,0.0,0,Krakencoder,cl_kraken_v1_ce_2.0,3,Glasser,SC->FC,2000,0.4767393469810486,0.862346887588501,0.9999978563267301,0.9985358711566618,0.011676370166242123,0.011677039694041014,0.9235455989837646,52.67488746643066,0.24001483917236327,0.06986522674560547,0.8304491639137268,0.8045185066495754,0.13924050632911392,0.013977475464344025,0.013807009905576706,0.92266446352005,52.506675720214844,2.8174476623535156,0.07301820814609528,0.8306893110275269,0.8323471400394478,0.09230769230769231,0.013652331195771694
v1,ce_2.0,extension,0.0,2.0,0.0,0.0,2.0,0.0,0,Krakencoder,cl_kraken_v1_ce_2.0,3,Glasser,FC->SC,2000,0.498414009809494,0.9293473958969116,1.0,1.0,0.004546735435724258,0.004547974420711398,0.9199993669986725,57.879843139648436,-0.28139171600341795,0.09208467602729797,0.9142684936523438,0.8798269508091652,0.25316455696202533,0.005353561602532864,0.005376462824642658,0.9207407236099243,57.84823989868164,1.1152896881103516,0.09246569126844406,0.9135460257530212,0.8966732412886259,0.17435897435897435,0.005556399468332529
v1,ce_2.0,extension,0.0,2.0,0.0,0.0,2.0,0.0,0,Krakencoder,cl_kraken_v1_ce_2.0,4,Glasser,SC->FC,500,0.425179123878479,0.8556769490242004,0.9999914253069204,0.9941434846266471,0.011983729898929596,0.011977772507816554,0.939028286933899,52.674411392211915,0.7645046234130859,0.06558620929718018,0.8311851620674133,0.8400897292100625,0.12658227848101267,0.014291545376181602,0.01439855620265007,0.9405979514122009,52.38467788696289,2.875164031982422,0.06932111829519272,0.8363929390907288,0.8474687705456936,0.06153846153846154,0.013904607854783535
v1,ce_2.0,extension,0.0,2.0,0.0,0.0,2.0,0.0,0,Krakencoder,cl_kraken_v1_ce_2.0,4,Glasser,FC->SC,500,0.43568432331085205,0.9258643388748169,1.0,1.0,0.004778869450092316,0.004782654345035553,0.9360427498817444,57.90674476623535,0.15320053100585937,0.08299124240875244,0.9146348237991333,0.8822304117929819,0.20253164556962025,0.0054069459438323975,0.00538116879761219,0.9347295165061951,57.93177032470703,1.3373947143554688,0.08140480518341064,0.9144833087921143,0.8793688362919132,0.13846153846153847,0.005392544902861118
v1,ce_2.0,extension,0.0,2.0,0.0,0.0,2.0,0.0,0,Krakencoder,cl_kraken_v1_ce_2.0,4,Glasser,SC->FC,1000,0.4645199775695801,0.859961211681366,0.9999935689801903,0.9956076134699854,0.011658135801553726,0.011652799881994724,0.9262648403644562,52.59711227416992,0.3438117980957031,0.07095588743686676,0.8308142423629761,0.8437750360519147,0.12658227848101267,0.01431505847722292,0.014417070895433426,0.92899489402771,52.31279754638672,2.8297786712646484,0.07325273752212524,0.8359044790267944,0.8473898750821828,0.09230769230769231,0.013939041644334793
v1,ce_2.0,extension,0.0,2.0,0.0,0.0,2.0,0.0,0,Krakencoder,cl_kraken_v1_ce_2.0,4,Glasser,FC->SC,1000,0.4825640916824341,0.928344190120697,1.0,1.0,0.004626620560884476,0.004630593210458755,0.9225043714046478,57.86599197387695,-0.16103477478027345,0.09189622104167938,0.9146058559417725,0.8976125620894088,0.31645569620253167,0.0054068295285105705,0.005379276350140572,0.922230064868927,57.89485168457031,1.2877216339111328,0.08755221217870712,0.9143298268318176,0.8954372123602893,0.14358974358974358,0.005399061366915703
v1,ce_2.0,extension,0.0,2.0,0.0,0.0,2.0,0.0,0,Krakencoder,cl_kraken_v1_ce_2.0,4,Glasser,SC->FC,1500,0.4720414876937866,0.860718846321106,0.9999892816336505,0.9926793557833089,0.011600899510085583,0.011594513431191444,0.9244975805282593,52.58708229064941,0.2687217712402344,0.0705963671207428,0.8306952118873596,0.8410511136035892,0.13924050632911392,0.014324619434773922,0.014423519372940063,0.9273809194564819,52.30240249633789,2.8367462158203125,0.07340535521507263,0.8358021974563599,0.8474424720578566,0.08717948717948718,0.013945991173386574
v1,ce_2.0,extension,0.0,2.0,0.0,0.0,2.0,0.0,0,Krakencoder,cl_kraken_v1_ce_2.0,4,Glasser,FC->SC,1500,0.49382713437080383,0.9288879036903381,1.0,1.0,0.00459291273728013,0.004597081104293466,0.9203311085700989,57.859460067749026,-0.22763824462890625,0.09514931589365005,0.9146739840507507,0.9043422528440955,0.27848101265822783,0.005402658134698868,0.005371844861656427,0.9203388094902039,57.890377044677734,1.2765254974365234,0.09042903035879135,0.9143809676170349,0.9055095332018409,0.1282051282051282,0.005395586136728525
v1,ce_2.0,extension,0.0,2.0,0.0,0.0,2.0,0.0,0,Krakencoder,cl_kraken_v1_ce_2.0,4,Glasser,SC->FC,2000,0.4746585786342621,0.8609345555305481,0.9999914253069204,0.9941434846266471,0.011583543382585049,0.011576710734516382,0.9242563545703888,52.58566818237305,0.24703330993652345,0.07163101434707642,0.8307489156723022,0.8455375741067137,0.1518987341772152,0.014319652691483498,0.014414609409868717,0.9271588325500488,52.30144119262695,2.8280086517333984,0.07449787110090256,0.8358759880065918,0.8507034845496384,0.07179487179487179,0.013940757140517235
v1,ce_2.0,extension,0.0,2.0,0.0,0.0,2.0,0.0,0,Krakencoder,cl_kraken_v1_ce_2.0,4,Glasser,FC->SC,2000,0.49779173731803894,0.9290816187858582,1.0,1.0,0.00458077946677804,0.004584680777043104,0.9195385754108429,57.85724983215332,-0.2523639678955078,0.09434856474399567,0.9146260023117065,0.9051434065053677,0.27848101265822783,0.005405895411968231,0.0053757899440824986,0.919701337814331,57.88855743408203,1.2879199981689453,0.09187107533216476,0.9144029021263123,0.9059040105193952,0.17435897435897435,0.0053933304734528065
v1,nd_2.0,extension,0.0,0.0,2.0,0.0,0.0,2.0,0,Krakencoder,cl_kraken_v1_nd_2.0,0,Glasser,SC->FC,500,0.47362861037254333,0.8644349575042725,0.9960170550645353,0.8330893118594437,0.011292883194983006,0.011270541045814753,0.8850451409816742,52.41672782897949,0.34451904296875,0.049883682280778885,0.8255227208137512,0.603749399134754,0.0379746835443038,0.014812442474067211,0.014803661964833736,0.8900221586227417,52.046443939208984,4.078638076782227,0.07833375781774521,0.8357218503952026,0.6762919132149902,0.02564102564102564,0.01359645277261734
v1,nd_2.0,extension,0.0,0.0,2.0,0.0,0.0,2.0,0,Krakencoder,cl_kraken_v1_nd_2.0,0,Glasser,FC->SC,500,0.4495479166507721,0.9269479513168335,0.9999871379603806,0.9926793557833089,0.004648091737180948,0.004648286290466786,0.9159403622150422,57.86083297729492,0.01765727996826172,0.1243213564157486,0.9163643717765808,0.8694119532126262,0.21518987341772153,0.005205538589507341,0.005233941599726677,0.9123953580856323,57.91950225830078,1.0928916931152344,0.1262880563735962,0.9150519967079163,0.861827744904668,0.11794871794871795,0.00542171485722065
v1,nd_2.0,extension,0.0,0.0,2.0,0.0,0.0,2.0,0,Krakencoder,cl_kraken_v1_nd_2.0,0,Glasser,SC->FC,1000,0.507612943649292,0.8686156868934631,0.9978005912250878,0.8843338213762811,0.010968958027660847,0.01094710100442171,0.8722388267517089,52.34183692932129,-0.09014816284179687,0.0533263236284256,0.8249619007110596,0.6117609357474764,0.0379746835443038,0.014857583679258823,0.014846820384263992,0.8794403076171875,51.978370666503906,4.063695907592773,0.07834941148757935,0.8350034356117249,0.68155161078238,0.05128205128205128,0.01365896500647068
v1,nd_2.0,extension,0.0,0.0,2.0,0.0,0.0,2.0,0,Krakencoder,cl_kraken_v1_nd_2.0,0,Glasser,FC->SC,1000,0.49681898951530457,0.929507315158844,0.9999978563267301,0.9985358711566618,0.004492159932851791,0.004491643188521266,0.9025491774082184,57.82109603881836,-0.3110322952270508,0.1298537254333496,0.9163386821746826,0.886236180099343,0.21518987341772153,0.005206752102822065,0.005237692501395941,0.9017347097396851,57.88921356201172,1.0711250305175781,0.13005061447620392,0.9149580597877502,0.8799474030243262,0.11282051282051282,0.005425786133855581
v1,nd_2.0,extension,0.0,0.0,2.0,0.0,0.0,2.0,0,Krakencoder,cl_kraken_v1_nd_2.0,0,Glasser,SC->FC,1500,0.5151845216751099,0.8694712519645691,0.9980685503838247,0.8872620790629575,0.010905547067523003,0.010883035324513912,0.8710085928440094,52.333329391479495,-0.17320499420166016,0.052856214344501495,0.8248994946479797,0.614484858195802,0.05063291139240506,0.014862014912068844,0.01484516728669405,0.8784759044647217,51.96969223022461,4.067138671875,0.07927293330430984,0.8350241780281067,0.6854174884944115,0.041025641025641026,0.013654208742082119
v1,nd_2.0,extension,0.0,0.0,2.0,0.0,0.0,2.0,0,Krakencoder,cl_kraken_v1_nd_2.0,0,Glasser,FC->SC,1500,0.5096752047538757,0.9301493167877197,1.0,1.0,0.004453127738088369,0.0044526059180498125,0.9003286004066468,57.81442489624023,-0.393907356262207,0.13022218644618988,0.9163205027580261,0.8931261015862842,0.20253164556962025,0.005207551643252373,0.005238169338554144,0.9000613689422607,57.883697509765625,1.0679283142089844,0.12972207367420197,0.9149258136749268,0.8851808021038791,0.11794871794871795,0.005428026430308819
v1,nd_2.0,extension,0.0,0.0,2.0,0.0,0.0,2.0,0,Krakencoder,cl_kraken_v1_nd_2.0,0,Glasser,SC->FC,2000,0.5180613398551941,0.8698089718818665,0.9980599756907451,0.8931185944363104,0.01087938528507948,0.01085635032504797,0.8701904952526093,52.329057693481445,-0.20863609313964843,0.05529584735631943,0.8250252604484558,0.6183303957699087,0.06329113924050633,0.01485356967896223,0.014830001629889011,0.8786616325378418,51.970062255859375,4.038837432861328,0.08008934557437897,0.8350582718849182,0.6861801446416831,0.05128205128205128,0.013649847358465195
v1,nd_2.0,extension,0.0,0.0,2.0,0.0,0.0,2.0,0,Krakencoder,cl_kraken_v1_nd_2.0,0,Glasser,FC->SC,2000,0.5149391889572144,0.9304147362709045,1.0,1.0,0.0044374167919158936,0.004437317047268153,0.8994632124900818,57.81168746948242,-0.42627296447753904,0.1311417818069458,0.9163440465927124,0.8956897933023554,0.22784810126582278,0.005206651985645294,0.005236567929387093,0.8993451595306396,57.88107681274414,1.0604896545410156,0.13008315861225128,0.9149282574653625,0.8851545036160421,0.12307692307692308,0.005427297670394182
v1,nd_2.0,extension,0.0,0.0,2.0,0.0,0.0,2.0,0,Krakencoder,cl_kraken_v1_nd_2.0,1,Glasser,SC->FC,500,0.4767622649669647,0.8658024668693542,0.9968702370259535,0.8433382137628112,0.01126016117632389,0.01123904874548316,0.8901734352111816,52.573141479492186,0.30374393463134763,0.0839015319943428,0.833426833152771,0.6925172248037174,0.05063291139240506,0.013910316862165928,0.014171858318150043,0.8859574198722839,52.44624328613281,3.242795944213867,0.07720407843589783,0.8263301253318787,0.6750821827744904,0.041025641025641026,0.014140721410512924
v1,nd_2.0,extension,0.0,0.0,2.0,0.0,0.0,2.0,0,Krakencoder,cl_kraken_v1_nd_2.0,1,Glasser,FC->SC,500,0.4500604569911957,0.9272135496139526,0.999980706940571,0.986822840409956,0.0046335081569850445,0.004631988285109401,0.9156318843364716,57.88135261535645,-0.003725624084472656,0.13147315382957458,0.9165058135986328,0.8899214869411953,0.21518987341772153,0.005288022570312023,0.005330551881343126,0.9180246591567993,57.8793830871582,1.0273284912109375,0.12700439989566803,0.9142226576805115,0.8844970414201183,0.09743589743589744,0.005429229233413935
v1,nd_2.0,extension,0.0,0.0,2.0,0.0,0.0,2.0,0,Krakencoder,cl_kraken_v1_nd_2.0,1,Glasser,SC->FC,1000,0.509340763092041,0.8700149655342102,0.9980985618096032,0.8931185944363104,0.010933185927569866,0.01091378480195999,0.8756842315196991,52.48866729736328,-0.12898426055908202,0.08294367790222168,0.8325932025909424,0.693799070661753,0.06329113924050633,0.013986683450639248,0.014260255731642246,0.8726154565811157,52.36809539794922,3.301624298095703,0.07560016214847565,0.8254514932632446,0.6705588428665352,0.035897435897435895,0.014221042394638062
v1,nd_2.0,extension,0.0,0.0,2.0,0.0,0.0,2.0,0,Krakencoder,cl_kraken_v1_nd_2.0,1,Glasser,FC->SC,1000,0.4972037374973297,0.9297564625740051,0.9999935689801903,0.9956076134699854,0.004478150978684425,0.004476586123928428,0.9024767994880676,57.842583084106444,-0.33353843688964846,0.136363223195076,0.9164911508560181,0.9064252523634033,0.22784810126582278,0.005287359468638897,0.005330412182956934,0.9068209528923035,57.84649658203125,0.9880008697509766,0.1299583613872528,0.9141299724578857,0.8973044049967127,0.1282051282051282,0.005434019025415182
v1,nd_2.0,extension,0.0,0.0,2.0,0.0,0.0,2.0,0,Krakencoder,cl_kraken_v1_nd_2.0,1,Glasser,SC->FC,1500,0.5171666741371155,0.8708142042160034,0.9983622336218003,0.9048316251830161,0.010872501879930496,0.010852132737636567,0.8746855974197387,52.48227081298828,-0.2138975143432617,0.0854482427239418,0.8326325416564941,0.6979650697003685,0.06329113924050633,0.013975923880934715,0.014236386865377426,0.872464120388031,52.36452865600586,3.2855377197265625,0.0764346569776535,0.8254281282424927,0.6737146614069691,0.035897435897435895,0.01421793270856142
v1,nd_2.0,extension,0.0,0.0,2.0,0.0,0.0,2.0,0,Krakencoder,cl_kraken_v1_nd_2.0,1,Glasser,FC->SC,1500,0.5099497437477112,0.9303918480873108,0.9999957126534602,0.9970717423133236,0.004439585376530886,0.004438039055094123,0.9002119779586792,57.836341094970706,-0.41182918548583985,0.1352769434452057,0.9164243340492249,0.9069059445601666,0.22784810126582278,0.005292700137943029,0.005334709770977497,0.9043647050857544,57.839935302734375,0.9989109039306641,0.13103997707366943,0.9141185879707336,0.8993030900723208,0.14358974358974358,0.005433924496173859
v1,nd_2.0,extension,0.0,0.0,2.0,0.0,0.0,2.0,0,Krakencoder,cl_kraken_v1_nd_2.0,1,Glasser,SC->FC,2000,0.5198523998260498,0.8711216449737549,0.9984051070871982,0.9062957540263543,0.010850559920072556,0.010830464400351047,0.8742341935634613,52.47878303527832,-0.24198455810546876,0.08124641329050064,0.8323900103569031,0.6902739945521551,0.06329113924050633,0.0140038738027215,0.01426853146404028,0.8718166351318359,52.3632698059082,3.3112564086914062,0.0780133530497551,0.8255262970924377,0.6780539119000657,0.041025641025641026,0.014210614375770092
v1,nd_2.0,extension,0.0,0.0,2.0,0.0,0.0,2.0,0,Krakencoder,cl_kraken_v1_nd_2.0,1,Glasser,FC->SC,2000,0.5149140357971191,0.9306382536888123,0.9999978563267301,0.9985358711566618,0.004424924496561289,0.0044235385488718745,0.8995689928531647,57.8339126586914,-0.44285888671875,0.1370297372341156,0.9164810180664062,0.9117128665278,0.24050632911392406,0.005288297776132822,0.005326672922819853,0.9039604663848877,57.83974075317383,0.9867897033691406,0.13078255951404572,0.9141078591346741,0.899171597633136,0.12307692307692308,0.005435125902295113
v1,nd_2.0,extension,0.0,0.0,2.0,0.0,0.0,2.0,0,Krakencoder,cl_kraken_v1_nd_2.0,2,Glasser,SC->FC,500,0.4695665240287781,0.8638957142829895,0.9939612723987061,0.8052708638360175,0.011418774724006653,0.011406832933425903,0.8913299322128296,52.45907440185547,0.46303730010986327,0.0720089003443718,0.8336350917816162,0.644287774395129,0.05063291139240506,0.013185756281018257,0.013310142792761326,0.8799515962600708,52.318233489990234,3.0304107666015625,0.09179593622684479,0.8335951566696167,0.6925706771860618,0.03076923076923077,0.013885934837162495
v1,nd_2.0,extension,0.0,0.0,2.0,0.0,0.0,2.0,0,Krakencoder,cl_kraken_v1_nd_2.0,2,Glasser,FC->SC,500,0.4498903155326843,0.9270687699317932,0.9999892816336505,0.9926793557833089,0.004619874060153961,0.004627837054431439,0.9162822306156159,57.87092247009277,-0.0005163192749023437,0.14470785856246948,0.9157722592353821,0.8996955616087166,0.12658227848101267,0.005605175159871578,0.0055388836190104485,0.9168461561203003,57.851036071777344,1.394643783569336,0.12595310807228088,0.9151333570480347,0.8952794214332676,0.13333333333333333,0.005357858259230852
v1,nd_2.0,extension,0.0,0.0,2.0,0.0,0.0,2.0,0,Krakencoder,cl_kraken_v1_nd_2.0,2,Glasser,SC->FC,1000,0.5040059685707092,0.8681671023368835,0.9953010681923904,0.8638360175695461,0.011089209467172623,0.011080616153776646,0.878043657541275,52.37993049621582,0.03059253692626953,0.07123474776744843,0.8329832553863525,0.6489344656305079,0.0759493670886076,0.013252551667392254,0.013372724875807762,0.8663460612297058,52.24683380126953,3.0388927459716797,0.09068417549133301,0.8328632116317749,0.6913346482577252,0.03076923076923077,0.01394745521247387
v1,nd_2.0,extension,0.0,0.0,2.0,0.0,0.0,2.0,0,Krakencoder,cl_kraken_v1_nd_2.0,2,Glasser,FC->SC,1000,0.49717977643013,0.9296091198921204,0.9999914253069204,0.9941434846266471,0.004466315731406212,0.004474576143547892,0.9033409655094147,57.83162078857422,-0.31969223022460935,0.14257259666919708,0.9155312776565552,0.8992148694119533,0.16455696202531644,0.005619922187179327,0.005551271140575409,0.9068697690963745,57.819740295410156,1.3890533447265625,0.12702736258506775,0.9149750471115112,0.9003550295857988,0.13846153846153847,0.005367198493331671
v1,nd_2.0,extension,0.0,0.0,2.0,0.0,0.0,2.0,0,Krakencoder,cl_kraken_v1_nd_2.0,2,Glasser,SC->FC,1500,0.5112344026565552,0.869138240814209,0.9955968951036359,0.8667642752562226,0.011016136966645718,0.011006346996873617,0.8752293229103089,52.3612922668457,-0.06258144378662109,0.0707104504108429,0.832618236541748,0.6441275436628746,0.05063291139240506,0.013271292671561241,0.013388831168413162,0.8626919984817505,52.22445297241211,3.0648880004882812,0.0913911834359169,0.8327564597129822,0.6923339907955293,0.035897435897435895,0.013951162807643414
v1,nd_2.0,extension,0.0,0.0,2.0,0.0,0.0,2.0,0,Krakencoder,cl_kraken_v1_nd_2.0,2,Glasser,FC->SC,1500,0.5093621015548706,0.9302220940589905,0.9999935689801903,0.9956076134699854,0.0044293818064033985,0.004437353042885661,0.9011698842048645,57.825422286987305,-0.39617462158203126,0.14523260295391083,0.9156142473220825,0.9011376381990066,0.189873417721519,0.005616030190140009,0.00554704200476408,0.9050847887992859,57.81627655029297,1.3829975128173828,0.12700144946575165,0.9149377942085266,0.9025641025641026,0.14358974358974358,0.005370000377297401
v1,nd_2.0,extension,0.0,0.0,2.0,0.0,0.0,2.0,0,Krakencoder,cl_kraken_v1_nd_2.0,2,Glasser,SC->FC,2000,0.51363205909729,0.8694198131561279,0.9955433032718886,0.8696925329428989,0.010992334224283695,0.010981393977999687,0.8745921671390533,52.35846138000488,-0.09325618743896484,0.06753736734390259,0.8324190974235535,0.6383592373017144,0.06329113924050633,0.013291353359818459,0.013409935869276524,0.8629358410835266,52.227718353271484,3.0813827514648438,0.08983761817216873,0.8326660394668579,0.6896252465483235,0.02564102564102564,0.013963279314339161
v1,nd_2.0,extension,0.0,0.0,2.0,0.0,0.0,2.0,0,Krakencoder,cl_kraken_v1_nd_2.0,2,Glasser,FC->SC,2000,0.5143583416938782,0.9304922819137573,0.9999957126534602,0.9970717423133236,0.004412503447383642,0.004420503787696361,0.8999165713787078,57.82171211242676,-0.4329988479614258,0.14419232308864594,0.9155548810958862,0.8963307162313732,0.13924050632911392,0.005620014388114214,0.005547844339162111,0.9037551879882812,57.81156921386719,1.3765926361083984,0.12751612067222595,0.9149276614189148,0.9031689677843524,0.13846153846153847,0.00536916870623827
v1,nd_2.0,extension,0.0,0.0,2.0,0.0,0.0,2.0,0,Krakencoder,cl_kraken_v1_nd_2.0,3,Glasser,SC->FC,500,0.47036996483802795,0.8650811910629272,0.9964415023719745,0.8228404099560761,0.011363121680915356,0.011359998304396868,0.889820110797882,52.51685066223145,0.43420886993408203,0.07845421880483627,0.8286009430885315,0.6274635475084122,0.06329113924050633,0.014107630588114262,0.013950043357908726,0.8790550231933594,52.311134338378906,3.5284156799316406,0.08700606226921082,0.8306952118873596,0.6777646285338593,0.03076923076923077,0.013693640939891338
v1,nd_2.0,extension,0.0,0.0,2.0,0.0,0.0,2.0,0,Krakencoder,cl_kraken_v1_nd_2.0,3,Glasser,FC->SC,500,0.45074623823165894,0.9272812008857727,0.9999828506138408,0.9882869692532943,0.004624523688107729,0.004626176925376058,0.9156065583229065,57.8858642578125,0.0008134841918945312,0.12636922299861908,0.9150944948196411,0.847460342893767,0.22784810126582278,0.005274745170027018,0.005291036330163479,0.9140048027038574,57.849613189697266,1.1619281768798828,0.13344259560108185,0.9146798849105835,0.8895200525969756,0.13846153846153847,0.005454155150800943
v1,nd_2.0,extension,0.0,0.0,2.0,0.0,0.0,2.0,0,Krakencoder,cl_kraken_v1_nd_2.0,3,Glasser,SC->FC,1000,0.5046501755714417,0.8693865537643433,0.9977791544923889,0.8887262079062958,0.011031126603484154,0.011026398558169604,0.8762373149394989,52.43605461120605,-0.012749290466308594,0.07810064405202866,0.828001081943512,0.6354750841211345,0.05063291139240506,0.014155042357742786,0.01399932149797678,0.8674343228340149,52.24492645263672,3.5179901123046875,0.08894570171833038,0.8300843834877014,0.6843392504930967,0.041025641025641026,0.013736752793192863
v1,nd_2.0,extension,0.0,0.0,2.0,0.0,0.0,2.0,0,Krakencoder,cl_kraken_v1_nd_2.0,3,Glasser,FC->SC,1000,0.498152494430542,0.9298431873321533,0.9999892816336505,0.9926793557833089,0.004467993509024382,0.004469230584800243,0.9019737422466279,57.845915985107425,-0.32959880828857424,0.1315048784017563,0.9150862693786621,0.8678096458900817,0.27848101265822783,0.005273693706840277,0.005291890352964401,0.9029194116592407,57.816829681396484,1.1299457550048828,0.13571059703826904,0.9145789742469788,0.9033267587113741,0.15384615384615385,0.005459889769554138
v1,nd_2.0,extension,0.0,0.0,2.0,0.0,0.0,2.0,0,Krakencoder,cl_kraken_v1_nd_2.0,3,Glasser,SC->FC,1500,0.5124748349189758,0.8702347874641418,0.9981049928294129,0.8916544655929722,0.01096622459590435,0.010961044020950795,0.8748142778873443,52.426605987548825,-0.10305595397949219,0.0780453085899353,0.8278850317001343,0.6341932382630988,0.06329113924050633,0.014164774678647518,0.014005892910063267,0.8669220209121704,52.24483108520508,3.5331668853759766,0.09227708727121353,0.8302879929542542,0.695095332018409,0.035897435897435895,0.013720113784074783
v1,nd_2.0,extension,0.0,0.0,2.0,0.0,0.0,2.0,0,Krakencoder,cl_kraken_v1_nd_2.0,3,Glasser,FC->SC,1500,0.5110841393470764,0.9304737448692322,0.9999957126534602,0.9970717423133236,0.004430633038282394,0.004431793885305524,0.9001466512680054,57.83982887268066,-0.40554275512695315,0.1344602406024933,0.9151701927185059,0.8746995673770229,0.24050632911392406,0.005268264561891556,0.005285700783133507,0.9025603532791138,57.816646575927734,1.129018783569336,0.1353653520345688,0.9145315289497375,0.9033267587113741,0.14871794871794872,0.005463039502501488
v1,nd_2.0,extension,0.0,0.0,2.0,0.0,0.0,2.0,0,Krakencoder,cl_kraken_v1_nd_2.0,3,Glasser,SC->FC,2000,0.5155891180038452,0.8705442547798157,0.9982228948592571,0.8945827232796486,0.010941028594970703,0.010937247984111309,0.87446049451828,52.425148010253906,-0.13144779205322266,0.08007530868053436,0.8281014561653137,0.6377183143726967,0.05063291139240506,0.014142423868179321,0.013986252248287201,0.8672267198562622,52.241214752197266,3.4981212615966797,0.09123595058917999,0.8301268219947815,0.6928599605522683,0.041025641025641026,0.013731668703258038
v1,nd_2.0,extension,0.0,0.0,2.0,0.0,0.0,2.0,0,Krakencoder,cl_kraken_v1_nd_2.0,3,Glasser,FC->SC,2000,0.51595139503479,0.9307429790496826,0.9999978563267301,0.9985358711566618,0.004414069466292858,0.004415403865277767,0.8987804293632508,57.83608055114746,-0.4398181915283203,0.1363925337791443,0.9152400493621826,0.881909950328473,0.27848101265822783,0.005265063140541315,0.005282601807266474,0.901315450668335,57.813560485839844,1.1159839630126953,0.13736656308174133,0.9145926237106323,0.9082708744247205,0.13846153846153847,0.005459207575768232
v1,nd_2.0,extension,0.0,0.0,2.0,0.0,0.0,2.0,0,Krakencoder,cl_kraken_v1_nd_2.0,4,Glasser,SC->FC,500,0.4721570611000061,0.8639671206474304,0.9953653783904872,0.8169838945827232,0.011254718527197838,0.011247480660676957,0.8905582547187805,52.42375106811524,0.43883285522460935,0.0825699046254158,0.8300454020500183,0.6689633071623138,0.05063291139240506,0.014374624006450176,0.014461828395724297,0.8933637738227844,52.12941360473633,3.2752227783203125,0.0900699719786644,0.8356032371520996,0.6900197238658776,0.05128205128205128,0.013966881670057774
v1,nd_2.0,extension,0.0,0.0,2.0,0.0,0.0,2.0,0,Krakencoder,cl_kraken_v1_nd_2.0,4,Glasser,FC->SC,500,0.45054176449775696,0.9270040988922119,0.9999785632673011,0.9853587115666179,0.004660045728087425,0.004663951555266976,0.9157374501228333,57.865207290649415,0.026884841918945312,0.13481180369853973,0.9158427715301514,0.9029001762538055,0.22784810126582278,0.005304316058754921,0.005287183914333582,0.9150031805038452,57.8935546875,1.2423629760742188,0.1320277452468872,0.9155559539794922,0.8957527942143326,0.13333333333333333,0.005293895490467548
v1,nd_2.0,extension,0.0,0.0,2.0,0.0,0.0,2.0,0,Krakencoder,cl_kraken_v1_nd_2.0,4,Glasser,SC->FC,1000,0.505790650844574,0.8682153820991516,0.9969731333429084,0.8784773060029283,0.010931064374744892,0.01092486409470439,0.8768389761447907,52.34178199768066,0.004025650024414062,0.08975610136985779,0.8298962712287903,0.6784169203653261,0.0759493670886076,0.014373498037457466,0.01445890311151743,0.8815436363220215,52.05561447143555,3.228151321411133,0.09145433455705643,0.8350175619125366,0.6963313609467456,0.07179487179487179,0.01401328295469284
v1,nd_2.0,extension,0.0,0.0,2.0,0.0,0.0,2.0,0,Krakencoder,cl_kraken_v1_nd_2.0,4,Glasser,FC->SC,1000,0.4971698522567749,0.929505467414856,0.9999914253069204,0.9941434846266471,0.004507561679929495,0.0045118169393390415,0.9030875861644745,57.82735328674316,-0.29780044555664065,0.1389370560646057,0.915802001953125,0.9161993270309245,0.2911392405063291,0.005306006409227848,0.005287957843393087,0.90486741065979,57.86320114135742,1.1991710662841797,0.13397635519504547,0.915422797203064,0.908560157790927,0.14871794871794872,0.00530153838917613
v1,nd_2.0,extension,0.0,0.0,2.0,0.0,0.0,2.0,0,Krakencoder,cl_kraken_v1_nd_2.0,4,Glasser,SC->FC,1500,0.5132846832275391,0.8691404461860657,0.9971939316897076,0.8857979502196194,0.010860116221010685,0.010853523947298526,0.8743351817131042,52.327108764648436,-0.08362083435058594,0.08863294869661331,0.8297412991523743,0.6792180740265983,0.0759493670886076,0.014386937953531742,0.0144749591127038,0.880363404750824,52.04749298095703,3.2319564819335938,0.0907866433262825,0.8348485827445984,0.6940959894806049,0.07179487179487179,0.014024503529071808
v1,nd_2.0,extension,0.0,0.0,2.0,0.0,0.0,2.0,0,Krakencoder,cl_kraken_v1_nd_2.0,4,Glasser,FC->SC,1500,0.5098273754119873,0.9301524758338928,0.9999935689801903,0.9956076134699854,0.004468508530408144,0.004473035177215934,0.9007690608501434,57.82020530700684,-0.374311637878418,0.14027656614780426,0.9158185124397278,0.9205255568017946,0.3291139240506329,0.00530525017529726,0.005284616723656654,0.9028452038764954,57.858863830566406,1.1930065155029297,0.13599835336208344,0.915465235710144,0.9142406311637081,0.14358974358974358,0.005299400072544813
v1,nd_2.0,extension,0.0,0.0,2.0,0.0,0.0,2.0,0,Krakencoder,cl_kraken_v1_nd_2.0,4,Glasser,SC->FC,2000,0.5156570076942444,0.8693913817405701,0.9974704655415241,0.8960468521229868,0.010840105824172497,0.010831881780177355,0.8741294384002686,52.3260913848877,-0.11103553771972656,0.08967382460832596,0.82984858751297,0.6771350745072905,0.0759493670886076,0.014375576749444008,0.014458021149039268,0.8798301815986633,52.04658126831055,3.2287063598632812,0.09169838577508926,0.8348451256752014,0.694017094017094,0.06666666666666667,0.014024163596332073
v1,nd_2.0,extension,0.0,0.0,2.0,0.0,0.0,2.0,0,Krakencoder,cl_kraken_v1_nd_2.0,4,Glasser,FC->SC,2000,0.5146768093109131,0.9304032921791077,0.9999957126534602,0.9970717423133236,0.004453341010957956,0.0044574775267392395,0.8998518884181976,57.81763458251953,-0.40749034881591795,0.13971742987632751,0.9157760143280029,0.9190834802115045,0.2911392405063291,0.005307973362505436,0.0052889431826770306,0.9020199775695801,57.856876373291016,1.1959285736083984,0.13712987303733826,0.9154921174049377,0.9167652859960552,0.17435897435897435,0.005296806804835796
v1,all_2.0,extension,2.0,2.0,2.0,18.4,2.0,2.0,0,Krakencoder,cl_kraken_v1_all_2.0,0,Glasser,SC->FC,500,0.45485278964042664,0.8694633841514587,0.9999742759207613,0.9838945827232797,0.010892321355640888,0.010875991079956293,0.5221802175045014,50.101548767089845,-2.8801441192626953,0.06567911058664322,0.7961409091949463,0.7228008331998077,0.11392405063291139,0.017237329855561256,0.017226478084921837,0.5419922471046448,49.71674728393555,3.3442535400390625,0.08196054399013519,0.806361734867096,0.7698356344510191,0.08205128205128205,0.01600990816950798
v1,all_2.0,extension,2.0,2.0,2.0,18.4,2.0,2.0,0,Krakencoder,cl_kraken_v1_all_2.0,0,Glasser,FC->SC,500,0.44990962743759155,0.9316232800483704,0.9999957126534602,0.9970717423133236,0.004344588611274958,0.004344358528032899,0.5279980063438415,56.59001998901367,-2.1304359436035156,0.10301782935857773,0.900638997554779,0.8755007210382951,0.13924050632911392,0.006168110761791468,0.006192196626216173,0.5120235681533813,56.624305725097656,0.9997673034667969,0.10199949145317078,0.8993462920188904,0.8494674556213018,0.10256410256410256,0.006384348031133413
v1,all_2.0,extension,2.0,2.0,2.0,18.4,2.0,2.0,0,Krakencoder,cl_kraken_v1_all_2.0,0,Glasser,SC->FC,1000,0.501953661441803,0.8781702518463135,0.9999828506138408,0.9882869692532943,0.010201076976954937,0.010184086672961713,0.5223280131816864,50.102865600585936,-3.699635124206543,0.06877417862415314,0.7971744537353516,0.7320942156705657,0.10126582278481013,0.017138926312327385,0.01713903248310089,0.5421693921089172,49.745323181152344,3.390094757080078,0.08263932168483734,0.8071891665458679,0.7719921104536489,0.05641025641025641,0.015940627083182335
v1,all_2.0,extension,2.0,2.0,2.0,18.4,2.0,2.0,0,Krakencoder,cl_kraken_v1_all_2.0,0,Glasser,FC->SC,1000,0.5075340270996094,0.9369738101959229,0.9999978563267301,0.9985358711566618,0.004016701597720385,0.004016567696817219,0.5290812253952026,56.592830657958984,-2.7489740371704103,0.10960812121629715,0.9019935727119446,0.8926454093895209,0.20253164556962025,0.006087562069296837,0.006120597943663597,0.5276225805282593,56.687103271484375,0.956146240234375,0.10853464156389236,0.9006585478782654,0.8738724523339908,0.13333333333333333,0.006301492918282747
v1,all_2.0,extension,2.0,2.0,2.0,18.4,2.0,2.0,0,Krakencoder,cl_kraken_v1_all_2.0,0,Glasser,SC->FC,1500,0.5073031187057495,0.8791845440864563,0.9999785632673011,0.986822840409956,0.010122810490429401,0.010103130154311657,0.5235531628131866,50.11059150695801,-3.7937749862670898,0.06754577904939651,0.7974190711975098,0.7373818298349624,0.10126582278481013,0.017124323174357414,0.017125112935900688,0.5457977056503296,49.76227569580078,3.4161014556884766,0.08332345634698868,0.8074941635131836,0.77767258382643,0.05128205128205128,0.015912199392914772
v1,all_2.0,extension,2.0,2.0,2.0,18.4,2.0,2.0,0,Krakencoder,cl_kraken_v1_all_2.0,0,Glasser,FC->SC,1500,0.5151278972625732,0.9376992583274841,1.0,1.0,0.003973272163420916,0.003972768294624984,0.5313387393951416,56.602349853515626,-2.8313347816467287,0.10936495661735535,0.9022313356399536,0.8896010254766864,0.21518987341772153,0.006075451150536537,0.006106500048190355,0.5334028601646423,56.7122917175293,0.9623317718505859,0.10833755880594254,0.9009192585945129,0.8752136752136752,0.13333333333333333,0.0062862723134458065
v1,all_2.0,extension,2.0,2.0,2.0,18.4,2.0,2.0,0,Krakencoder,cl_kraken_v1_all_2.0,0,Glasser,SC->FC,2000,0.509401798248291,0.8795689940452576,0.999980706940571,0.9882869692532943,0.010093532502651215,0.01007375456392765,0.5247073411941529,50.115518188476564,-3.8291143417358398,0.06767614930868149,0.7971469759941101,0.7352988303156545,0.10126582278481013,0.017135238274931908,0.01713472791016102,0.5453417301177979,49.75888442993164,3.4174442291259766,0.08291412889957428,0.8074328303337097,0.777094017094017,0.05128205128205128,0.015911979600787163
v1,all_2.0,extension,2.0,2.0,2.0,18.4,2.0,2.0,0,Krakencoder,cl_kraken_v1_all_2.0,0,Glasser,FC->SC,2000,0.5177786350250244,0.9379351139068604,1.0,1.0,0.00395920779556036,0.003958534239791334,0.531160420179367,56.59965286254883,-2.8598988533020018,0.11032281070947647,0.9022712111473083,0.893767024515302,0.16455696202531644,0.006068802438676357,0.006100218743085861,0.5345492362976074,56.70753860473633,0.9584388732910156,0.1082412526011467,0.900886595249176,0.8764497041420118,0.11794871794871795,0.00628680968657136
v1,all_2.0,extension,2.0,2.0,2.0,18.4,2.0,2.0,0,Krakencoder,cl_kraken_v1_all_2.0,1,Glasser,SC->FC,500,0.456648051738739,0.8713217973709106,0.9999764195940312,0.9853587115666179,0.010815981775522232,0.01080564372241497,0.5228451669216156,50.26109428405762,-2.9601043701171874,0.07665751874446869,0.8037897944450378,0.7828873577952251,0.12658227848101267,0.016414199024438858,0.016660720109939575,0.5167360305786133,50.104129791259766,2.775299072265625,0.07775517553091049,0.7971998453140259,0.7697304404996713,0.05128205128205128,0.016610104590654373
v1,all_2.0,extension,2.0,2.0,2.0,18.4,2.0,2.0,0,Krakencoder,cl_kraken_v1_all_2.0,1,Glasser,FC->SC,500,0.4496694505214691,0.9318210482597351,0.9999935689801903,0.9956076134699854,0.004333871882408857,0.004330777935683728,0.528257954120636,56.619488906860354,-2.1452327728271485,0.10846737772226334,0.9015119671821594,0.8761416439673129,0.24050632911392406,0.0061943805776536465,0.006236477289348841,0.5379515886306763,56.64639663696289,0.9024200439453125,0.10189779847860336,0.8984240293502808,0.868560157790927,0.10256410256410256,0.006397474091500044
v1,all_2.0,extension,2.0,2.0,2.0,18.4,2.0,2.0,0,Krakencoder,cl_kraken_v1_all_2.0,1,Glasser,SC->FC,1000,0.5039470791816711,0.8800184726715088,0.9999828506138408,0.9882869692532943,0.010124188847839832,0.01011449946090579,0.5234491348266601,50.258639907836915,-3.7395448684692383,0.07820925116539001,0.8047524094581604,0.7827271270629707,0.11392405063291139,0.016308071091771126,0.016584420576691628,0.524313747882843,50.159610748291016,2.8872032165527344,0.07915925979614258,0.7980889081954956,0.7630243261012492,0.06666666666666667,0.01652495004236698
v1,all_2.0,extension,2.0,2.0,2.0,18.4,2.0,2.0,0,Krakencoder,cl_kraken_v1_all_2.0,1,Glasser,FC->SC,1000,0.5081543326377869,0.937240481376648,0.9999978563267301,0.9985358711566618,0.004002411849796772,0.004001012188382447,0.5299051940441132,56.625156784057616,-2.763772487640381,0.11536853015422821,0.9027860760688782,0.9011376381990066,0.25316455696202533,0.006118706427514553,0.006165920291095972,0.5487151741981506,56.687461853027344,0.8593502044677734,0.10701491683721542,0.8998275995254517,0.8863116370808679,0.14871794871794872,0.0063143461011350155
v1,all_2.0,extension,2.0,2.0,2.0,18.4,2.0,2.0,0,Krakencoder,cl_kraken_v1_all_2.0,1,Glasser,SC->FC,1500,0.5097328424453735,0.8810850381851196,0.9999828506138408,0.9882869692532943,0.01003971230238676,0.010028280224651099,0.5252169728279114,50.274191284179686,-3.839387893676758,0.07976049929857254,0.8052432537078857,0.7854510495112963,0.11392405063291139,0.016267050057649612,0.016531014814972878,0.5267356634140015,50.179508209228516,2.855489730834961,0.07881037145853043,0.7983603477478027,0.7632610124917817,0.05641025641025641,0.016500147059559822
v1,all_2.0,extension,2.0,2.0,2.0,18.4,2.0,2.0,0,Krakencoder,cl_kraken_v1_all_2.0,1,Glasser,FC->SC,1500,0.5156208872795105,0.9379339218139648,0.9999978563267301,0.9985358711566618,0.003960227593779564,0.003958846163004637,0.5312817931175232,56.628195190429686,-2.8424203872680662,0.1156303808093071,0.9028857946395874,0.9049831757731133,0.22784810126582278,0.006113933399319649,0.0061599076725542545,0.5502138733863831,56.692073822021484,0.8674659729003906,0.10708080232143402,0.8999549150466919,0.8854437869822486,0.13333333333333333,0.00630541006103158
v1,all_2.0,extension,2.0,2.0,2.0,18.4,2.0,2.0,0,Krakencoder,cl_kraken_v1_all_2.0,1,Glasser,SC->FC,2000,0.5115922093391418,0.8814125061035156,0.9999849942871107,0.9897510980966325,0.010013552382588387,0.010005322750657797,0.5257264733314514,50.27261505126953,-3.861601638793945,0.07957366108894348,0.8052231073379517,0.7888158948886397,0.11392405063291139,0.016275594010949135,0.01655454933643341,0.5257971882820129,50.17180252075195,2.8658828735351562,0.07838564366102219,0.798223078250885,0.7615253122945431,0.05641025641025641,0.01650276593863964
v1,all_2.0,extension,2.0,2.0,2.0,18.4,2.0,2.0,0,Krakencoder,cl_kraken_v1_all_2.0,1,Glasser,FC->SC,2000,0.5177499055862427,0.9381484389305115,0.9999978563267301,0.9985358711566618,0.003947743680328131,0.00394669957458973,0.5320154309272767,56.63156585693359,-2.8723423004150392,0.11712866276502609,0.9030948877334595,0.9104310206697644,0.22784810126582278,0.00610147463157773,0.006148071493953466,0.5519860982894897,56.69813537597656,0.8422050476074219,0.10687233507633209,0.8999909162521362,0.8882051282051282,0.15897435897435896,0.006304585840553045
v1,all_2.0,extension,2.0,2.0,2.0,18.4,2.0,2.0,0,Krakencoder,cl_kraken_v1_all_2.0,2,Glasser,SC->FC,500,0.44952821731567383,0.8688051700592041,0.9998606612374569,0.9751098096632503,0.01102768536657095,0.011028794012963772,0.5231472909450531,50.128197860717776,-2.793263244628906,0.07685691863298416,0.8035266995429993,0.7750360519147572,0.08860759493670886,0.015729697421193123,0.015880178660154343,0.4762316048145294,49.92586898803711,2.624807357788086,0.08320041745901108,0.8039966821670532,0.7892702169625246,0.046153846153846156,0.016362151131033897
v1,all_2.0,extension,2.0,2.0,2.0,18.4,2.0,2.0,0,Krakencoder,cl_kraken_v1_all_2.0,2,Glasser,FC->SC,500,0.4488181471824646,0.9316025376319885,0.9999957126534602,0.9970717423133236,0.004323591012507677,0.004333280026912689,0.5292665183544158,56.60061798095703,-2.1095056533813477,0.11488412320613861,0.9006157517433167,0.8950488703733376,0.13924050632911392,0.006537051871418953,0.006455940194427967,0.5383222103118896,56.58391571044922,1.1307544708251953,0.10384868830442429,0.8996211886405945,0.8872057856673241,0.14871794871794872,0.006308313459157944
v1,all_2.0,extension,2.0,2.0,2.0,18.4,2.0,2.0,0,Krakencoder,cl_kraken_v1_all_2.0,2,Glasser,SC->FC,1000,0.4978644847869873,0.8777217268943787,0.9998520865443773,0.9795021961932651,0.010313150472939014,0.010315838176757098,0.523965847492218,50.127593231201175,-3.6065860748291017,0.0754367858171463,0.8040764927864075,0.7602948245473482,0.10126582278481013,0.01564873196184635,0.015773043036460876,0.48935040831565857,49.99943542480469,2.679168701171875,0.0835924968123436,0.8045762181282043,0.7922945430637738,0.06153846153846154,0.016295459121465683
v1,all_2.0,extension,2.0,2.0,2.0,18.4,2.0,2.0,0,Krakencoder,cl_kraken_v1_all_2.0,2,Glasser,FC->SC,1000,0.5070984363555908,0.9370505213737488,0.9999978563267301,0.9985358711566618,0.003993846010416746,0.00400295783765614,0.530209356546402,56.604376220703124,-2.7301423072814943,0.11766593903303146,0.9015887975692749,0.8942477167120654,0.1518987341772152,0.006478340830653906,0.0063912756741046906,0.5536696314811707,56.64026641845703,1.1335792541503906,0.10998407006263733,0.9009901285171509,0.8951216305062459,0.17435897435897435,0.00622630724683404
v1,all_2.0,extension,2.0,2.0,2.0,18.4,2.0,2.0,0,Krakencoder,cl_kraken_v1_all_2.0,2,Glasser,SC->FC,1500,0.5041154623031616,0.8788819313049316,0.999899247356315,0.9838945827232797,0.010221095755696297,0.010221616737544537,0.5245676219463349,50.123267364501956,-3.7076736450195313,0.07511990517377853,0.8042739033699036,0.7567697484377504,0.10126582278481013,0.015620909631252289,0.01574048586189747,0.49329227209091187,50.01009750366211,2.6551895141601562,0.0828009694814682,0.8044319152832031,0.7909533201840894,0.05128205128205128,0.0162990503013134
v1,all_2.0,extension,2.0,2.0,2.0,18.4,2.0,2.0,0,Krakencoder,cl_kraken_v1_all_2.0,2,Glasser,FC->SC,1500,0.514899730682373,0.9377725720405579,0.9999978563267301,0.9985358711566618,0.003949918318539858,0.003957971977069974,0.531971937417984,56.60876579284668,-2.8158263206481933,0.1182369515299797,0.9018793106079102,0.8961704854991187,0.1518987341772152,0.0064605544321238995,0.0063762119971215725,0.5584306120872498,56.655120849609375,1.133493423461914,0.11019288003444672,0.901213526725769,0.8959894806048653,0.1641025641025641,0.006211831700056791
v1,all_2.0,extension,2.0,2.0,2.0,18.4,2.0,2.0,0,Krakencoder,cl_kraken_v1_all_2.0,2,Glasser,SC->FC,2000,0.5060774087905884,0.8792389631271362,0.999877810623616,0.9809663250366032,0.010191826149821281,0.010193609073758126,0.5250018417835236,50.13091773986817,-3.747929000854492,0.07247438281774521,0.8039676547050476,0.7514821342733536,0.08860759493670886,0.015652136877179146,0.01577230915427208,0.49487194418907166,50.02142333984375,2.697854995727539,0.08255013078451157,0.804503321647644,0.7876660092044707,0.041025641025641026,0.016296159476041794
v1,all_2.0,extension,2.0,2.0,2.0,18.4,2.0,2.0,0,Krakencoder,cl_kraken_v1_all_2.0,2,Glasser,FC->SC,2000,0.5174503922462463,0.9380043745040894,1.0,1.0,0.003935390617698431,0.003943761507980525,0.5323350906372071,56.61178092956543,-2.8490857124328612,0.11831548810005188,0.9019073247909546,0.8894407947444319,0.17721518987341772,0.006458648014813662,0.006369414739310741,0.558864176273346,56.65945816040039,1.1346302032470703,0.10993949323892593,0.90128093957901,0.897172912557528,0.14871794871794872,0.006208216771483421
v1,all_2.0,extension,2.0,2.0,2.0,18.4,2.0,2.0,0,Krakencoder,cl_kraken_v1_all_2.0,3,Glasser,SC->FC,500,0.45412248373031616,0.870633065700531,0.999959270207872,0.9809663250366032,0.010924155823886395,0.010923445131629706,0.5221677541732788,50.198271942138675,-2.8540449142456055,0.07741835713386536,0.7995833158493042,0.7452331357154303,0.0759493670886076,0.01662638410925865,0.016505464911460876,0.5050163269042969,50.019020080566406,2.9654617309570312,0.08103158324956894,0.8010111451148987,0.7648915187376726,0.07179487179487179,0.01621434837579727
v1,all_2.0,extension,2.0,2.0,2.0,18.4,2.0,2.0,0,Krakencoder,cl_kraken_v1_all_2.0,3,Glasser,FC->SC,500,0.45259976387023926,0.9320947527885437,0.9999978563267301,0.9985358711566618,0.00431066332384944,0.004312696121633053,0.5285886585712433,56.62235946655274,-2.1660812377929686,0.10501926392316818,0.8997322916984558,0.864284569780484,0.25316455696202533,0.0062089585699141026,0.006238899659365416,0.526929497718811,56.568294525146484,1.0319633483886719,0.10620433837175369,0.8991718292236328,0.8733201840894149,0.12307692307692308,0.0064146919175982475
v1,all_2.0,extension,2.0,2.0,2.0,18.4,2.0,2.0,0,Krakencoder,cl_kraken_v1_all_2.0,3,Glasser,SC->FC,1000,0.5015159249305725,0.8793509006500244,0.9999849942871107,0.9897510980966325,0.01022371742874384,0.01022302070632577,0.5235167622566224,50.197991943359376,-3.642207908630371,0.07668323069810867,0.8000832200050354,0.7293702932222401,0.11392405063291139,0.016514992341399193,0.016384238377213478,0.5146372318267822,50.07723617553711,2.9797706604003906,0.08605751395225525,0.8020600080490112,0.7689414858645628,0.06666666666666667,0.016088183969259262
v1,all_2.0,extension,2.0,2.0,2.0,18.4,2.0,2.0,0,Krakencoder,cl_kraken_v1_all_2.0,3,Glasser,FC->SC,1000,0.5093655586242676,0.9373570084571838,1.0,1.0,0.003988165874034166,0.0039901431184262036,0.5286207556724548,56.62409858703613,-2.7687915802001952,0.11362805962562561,0.9011118412017822,0.8729370293222241,0.27848101265822783,0.006123560015112162,0.006154943723231554,0.5347033739089966,56.606605529785156,0.9675636291503906,0.1152251586318016,0.9008398056030273,0.8959368836291913,0.11282051282051282,0.00631343899294734
v1,all_2.0,extension,2.0,2.0,2.0,18.4,2.0,2.0,0,Krakencoder,cl_kraken_v1_all_2.0,3,Glasser,SC->FC,1500,0.5066595077514648,0.8803202509880066,0.9999871379603806,0.9912152269399708,0.010149236768484116,0.01015008259564638,0.5248276472091675,50.20836906433105,-3.7380802154541017,0.07947707176208496,0.8007523417472839,0.735459061047909,0.12658227848101267,0.016461210325360298,0.016320550814270973,0.5167971849441528,50.09873580932617,2.9157657623291016,0.08722254633903503,0.8024933934211731,0.7759631821170283,0.06666666666666667,0.01604522578418255
v1,all_2.0,extension,2.0,2.0,2.0,18.4,2.0,2.0,0,Krakencoder,cl_kraken_v1_all_2.0,3,Glasser,FC->SC,1500,0.5165161490440369,0.9380201101303101,1.0,1.0,0.003948010038584471,0.003949313145130873,0.5301826655864715,56.626987075805665,-2.8525699615478515,0.11684585362672806,0.9015830159187317,0.8820701810607274,0.3037974683544304,0.006092763040214777,0.006120416801422834,0.5398078560829163,56.62602996826172,0.9441585540771484,0.11502138525247574,0.9009272456169128,0.8943326758711374,0.13333333333333333,0.006305654067546129
v1,all_2.0,extension,2.0,2.0,2.0,18.4,2.0,2.0,0,Krakencoder,cl_kraken_v1_all_2.0,3,Glasser,SC->FC,2000,0.508179783821106,0.8806006908416748,0.9999828506138408,0.9882869692532943,0.010126425884664059,0.010128765366971493,0.525370979309082,50.21651344299316,-3.7719741821289063,0.07923919707536697,0.8009651899337769,0.7418682903380869,0.12658227848101267,0.01645209640264511,0.0163087360560894,0.5190832018852234,50.11323165893555,2.889993667602539,0.08632777631282806,0.8024926781654358,0.7738067061143984,0.07179487179487179,0.01605355739593506
v1,all_2.0,extension,2.0,2.0,2.0,18.4,2.0,2.0,0,Krakencoder,cl_kraken_v1_all_2.0,3,Glasser,FC->SC,2000,0.5189695954322815,0.9382435083389282,1.0,1.0,0.003934272564947605,0.003936959430575371,0.5309915006160736,56.629417419433594,-2.8718401908874513,0.11712467670440674,0.9016443490982056,0.8839929498477808,0.31645569620253167,0.00608797138556838,0.006115946918725967,0.5405750274658203,56.627140045166016,0.9442100524902344,0.11590831726789474,0.901075005531311,0.895016436554898,0.15897435897435896,0.0062960246577858925
v1,all_2.0,extension,2.0,2.0,2.0,18.4,2.0,2.0,0,Krakencoder,cl_kraken_v1_all_2.0,4,Glasser,SC->FC,500,0.4539487063884735,0.8694238066673279,0.9999549828613322,0.9824304538799414,0.01081922184675932,0.010819469299167394,0.525318306684494,50.095232009887695,-2.8331882476806642,0.07681256532669067,0.7995142340660095,0.7814452812049351,0.0379746835443038,0.01689339056611061,0.01697789505124092,0.536945641040802,49.771339416503906,2.840404510498047,0.08490924537181854,0.8058106899261475,0.7902958579881657,0.06153846153846154,0.016386937350034714
v1,all_2.0,extension,2.0,2.0,2.0,18.4,2.0,2.0,0,Krakencoder,cl_kraken_v1_all_2.0,4,Glasser,FC->SC,500,0.45224252343177795,0.9318300485610962,0.9999978563267301,0.9985358711566618,0.004346001427620649,0.004351499443873763,0.5291262269020081,56.597208404541014,-2.1539226531982423,0.11127707362174988,0.9002310037612915,0.8899214869411953,0.22784810126582278,0.0062594786286354065,0.006241391412913799,0.5164231061935425,56.56771469116211,0.9798431396484375,0.10453785955905914,0.8996870517730713,0.8783957922419461,0.1282051282051282,0.006262828595936298
v1,all_2.0,extension,2.0,2.0,2.0,18.4,2.0,2.0,0,Krakencoder,cl_kraken_v1_all_2.0,4,Glasser,SC->FC,1000,0.50090092420578,0.8780586123466492,0.9999849942871107,0.9897510980966325,0.010136599652469158,0.01013778205960989,0.5248673677444458,50.09173469543457,-3.630937385559082,0.07941021770238876,0.800663948059082,0.7721518987341772,0.05063291139240506,0.016766661778092384,0.01684287190437317,0.5430344939231873,49.82747268676758,2.835926055908203,0.08497031778097153,0.8062501549720764,0.7842998027613413,0.07692307692307693,0.016341248527169228
v1,all_2.0,extension,2.0,2.0,2.0,18.4,2.0,2.0,0,Krakencoder,cl_kraken_v1_all_2.0,4,Glasser,FC->SC,1000,0.5075336694717407,0.9369861483573914,0.9999978563267301,0.9985358711566618,0.004029518458992243,0.00403418242931366,0.5297368824481964,56.60286521911621,-2.745107364654541,0.11585294455289841,0.9016785621643066,0.8982534850184265,0.20253164556962025,0.006175936199724674,0.006156688090413809,0.5335772037506104,56.65544891357422,0.9328861236572266,0.11247235536575317,0.90120929479599,0.9044838921761998,0.13333333333333333,0.006173602305352688
v1,all_2.0,extension,2.0,2.0,2.0,18.4,2.0,2.0,0,Krakencoder,cl_kraken_v1_all_2.0,4,Glasser,SC->FC,1500,0.5063356161117554,0.879082202911377,0.9999828506138408,0.9897510980966325,0.010056642815470695,0.010056845750659705,0.526459151506424,50.10117607116699,-3.7159397125244142,0.07939942926168442,0.8009911179542542,0.772792821663195,0.08860759493670886,0.016742868348956108,0.016802428290247917,0.5461190342903137,49.85087203979492,2.8395652770996094,0.08472299575805664,0.806474506855011,0.783405654174885,0.07179487179487179,0.016317259520292282
v1,all_2.0,extension,2.0,2.0,2.0,18.4,2.0,2.0,0,Krakencoder,cl_kraken_v1_all_2.0,4,Glasser,FC->SC,1500,0.5148011445999146,0.9376699924468994,1.0,1.0,0.003987859934568405,0.003992334729991854,0.531392502784729,56.60829887390137,-2.820661926269531,0.11713048815727234,0.9020040035247803,0.9041820221118411,0.2911392405063291,0.006156741641461849,0.00613231910392642,0.5388477444648743,56.676292419433594,0.9222526550292969,0.11310514807701111,0.9015082120895386,0.9088231426692965,0.11282051282051282,0.006157741881906986
v1,all_2.0,extension,2.0,2.0,2.0,18.4,2.0,2.0,0,Krakencoder,cl_kraken_v1_all_2.0,4,Glasser,SC->FC,2000,0.5083953142166138,0.8794453144073486,0.999980706940571,0.9882869692532943,0.010026870295405388,0.010025477036833763,0.5273903667926788,50.10887489318848,-3.7496788024902346,0.08037815988063812,0.8013637661933899,0.7758372055760294,0.08860759493670886,0.01671152375638485,0.016767671331763268,0.5483866333961487,49.86365509033203,2.7911415100097656,0.08618935197591782,0.8068161606788635,0.7862721893491125,0.08205128205128205,0.01629314199090004
v1,all_2.0,extension,2.0,2.0,2.0,18.4,2.0,2.0,0,Krakencoder,cl_kraken_v1_all_2.0,4,Glasser,FC->SC,2000,0.5171579122543335,0.9378803372383118,1.0,1.0,0.003974399529397488,0.003979097446426749,0.5314174711704254,56.60840187072754,-2.84761266708374,0.1167001873254776,0.9019528031349182,0.9046627143086043,0.26582278481012656,0.006158902309834957,0.006138719618320465,0.5392866134643555,56.675926208496094,0.9481601715087891,0.1150459498167038,0.9016656279563904,0.9136357659434582,0.14358974358974358,0.006145652383565903
