grid_version,combo_id,block,w_varmatch,w_correye,w_neidist,native_w_varmatch,native_w_correye,native_w_neidist,random_seed,model,tag,seed,parcellation,direction,epoch,train_demeaned_pearson,train_pearson,train_avg_rank,train_top1_acc,train_mse,train_loss_raw_mse,train_loss_raw_varmatch,train_loss_raw_correye,train_loss_raw_neidist,val_demeaned_pearson,val_pearson,val_avg_rank,val_top1_acc,val_mse,val_loss_raw_mse,val_loss_raw_varmatch,val_loss_raw_correye,val_loss_raw_neidist,test_demeaned_pearson,test_pearson,test_avg_rank,test_top1_acc,test_mse
v1,mse_only,factorial,0.0,0.0,0.0,0.0,0.0,0.0,0,Krakencoder,cl_kraken_v1_mse_only,0,Glasser,SC->FC,2000,0.5152620673179626,0.8688298463821411,0.9975862238980984,0.8857979502196194,0.010956630110740662,0.010933592077344656,0.8775146663188934,52.37223434448242,-0.057333755493164065,0.053889788687229156,0.8254516124725342,0.6119211664797308,0.05063291139240506,0.014820612967014313,0.014795332215726376,0.8858206868171692,52.0147819519043,4.0645294189453125,0.07914906740188599,0.8354498744010925,0.6796581196581197,0.05128205128205128,0.013619092293083668
v1,mse_only,factorial,0.0,0.0,0.0,0.0,0.0,0.0,0,Krakencoder,cl_kraken_v1_mse_only,0,Glasser,FC->SC,2000,0.512974739074707,0.9298339486122131,1.0,1.0,0.004473676905035973,0.004473600024357438,0.9076029896736145,57.83570861816406,-0.3207874298095703,0.13264761865139008,0.9165475368499756,0.8942477167120654,0.21518987341772153,0.005194329656660557,0.0052239056676626205,0.907066822052002,57.90378189086914,1.0730457305908203,0.13171954452991486,0.9151402115821838,0.8849178172255096,0.12307692307692308,0.005415076389908791
v1,mse_only,factorial,0.0,0.0,0.0,0.0,0.0,0.0,0,Krakencoder,cl_kraken_v1_mse_only,1,Glasser,SC->FC,2000,0.5171358585357666,0.8701397180557251,0.9979720850866795,0.8945827232796486,0.010928292758762836,0.010907966271042823,0.8816202878952026,52.52199592590332,-0.08884105682373047,0.08125068247318268,0.8328281044960022,0.6848261496555039,0.06329113924050633,0.013968405313789845,0.01423288881778717,0.8790725469589233,52.40460205078125,3.325559616088867,0.07769675552845001,0.8259395360946655,0.6731097961867192,0.046153846153846156,0.014175986871123314
v1,mse_only,factorial,0.0,0.0,0.0,0.0,0.0,0.0,0,Krakencoder,cl_kraken_v1_mse_only,1,Glasser,FC->SC,2000,0.5129425525665283,0.9300716519355774,0.9999957126534602,0.9970717423133236,0.004460338037461042,0.0044589325785636905,0.9075198948383332,57.85720291137695,-0.3397785186767578,0.1383245289325714,0.9166679978370667,0.9104310206697644,0.22784810126582278,0.005277941934764385,0.005315518472343683,0.9114107489585876,57.861576080322266,1.0021743774414062,0.13256201148033142,0.9143144488334656,0.8989349112426035,0.1282051282051282,0.005422947928309441
v1,mse_only,factorial,0.0,0.0,0.0,0.0,0.0,0.0,0,Krakencoder,cl_kraken_v1_mse_only,2,Glasser,SC->FC,2000,0.5109407305717468,0.8684320449829102,0.9949687988355567,0.8594436310395315,0.011070789769291878,0.011059339623898268,0.8820499062538147,52.402716064453124,0.06138267517089844,0.06726130098104477,0.8328937292098999,0.6316295465470276,0.06329113924050633,0.013251792639493942,0.013371124863624573,0.870792806148529,52.27138137817383,3.098705291748047,0.09003495424985886,0.8331166505813599,0.6839710716633793,0.02564102564102564,0.013927257619798183
v1,mse_only,factorial,0.0,0.0,0.0,0.0,0.0,0.0,0,Krakencoder,cl_kraken_v1_mse_only,2,Glasser,FC->SC,2000,0.5123353600502014,0.9299288988113403,0.9999935689801903,0.9956076134699854,0.00444758590310812,0.004455516673624515,0.9077600538730621,57.84491195678711,-0.33097095489501954,0.14539532363414764,0.9157467484474182,0.8963307162313732,0.16455696202531644,0.0056103928945958614,0.0055384268052875996,0.9110029339790344,57.833335876464844,1.397928237915039,0.1289197951555252,0.9151263236999512,0.902853385930309,0.13333333333333333,0.005357536021620035
v1,mse_only,factorial,0.0,0.0,0.0,0.0,0.0,0.0,0,Krakencoder,cl_kraken_v1_mse_only,3,Glasser,SC->FC,2000,0.5127831697463989,0.8695447444915771,0.9977620051062297,0.8916544655929722,0.011019865982234478,0.011015654634684324,0.8819339871406555,52.469451904296875,0.020812034606933594,0.07964994758367538,0.8285629749298096,0.6322704694760455,0.05063291139240506,0.014105725102126598,0.013949086889624596,0.8748544454574585,52.28559112548828,3.5270233154296875,0.0914553552865982,0.8305817246437073,0.6880999342537804,0.041025641025641026,0.013694225810468197
v1,mse_only,factorial,0.0,0.0,0.0,0.0,0.0,0.0,0,Krakencoder,cl_kraken_v1_mse_only,3,Glasser,FC->SC,2000,0.513978123664856,0.9301746487617493,0.9999978563267301,0.9985358711566618,0.004449571017175913,0.004450902529060841,0.9067769706249237,57.85960845947265,-0.3362874984741211,0.1379164606332779,0.9154337644577026,0.8809485659349463,0.26582278481012656,0.005253758281469345,0.005271126516163349,0.9089165925979614,57.835933685302734,1.1303691864013672,0.138706773519516,0.9147754311561584,0.9075871137409599,0.1282051282051282,0.005448575131595135
v1,mse_only,factorial,0.0,0.0,0.0,0.0,0.0,0.0,0,Krakencoder,cl_kraken_v1_mse_only,4,Glasser,SC->FC,2000,0.5129541754722595,0.8684012293815613,0.9969281162042406,0.8872620790629575,0.010917513631284237,0.010909169539809227,0.8814573228359223,52.36955947875977,0.04050235748291016,0.08928637206554413,0.8302808403968811,0.6718474603428938,0.0759493670886076,0.014342988841235638,0.014427046291530132,0.8866757154464722,52.08853530883789,3.255420684814453,0.09170780330896378,0.8352975845336914,0.687836949375411,0.06666666666666667,0.013990867882966995
v1,mse_only,factorial,0.0,0.0,0.0,0.0,0.0,0.0,0,Krakencoder,cl_kraken_v1_mse_only,4,Glasser,FC->SC,2000,0.5128822922706604,0.9298388957977295,0.9999935689801903,0.9956076134699854,0.004488745704293251,0.004492871183902025,0.9078121960163117,57.841108322143555,-0.30332794189453127,0.14142963290214539,0.9159735441207886,0.9176414036212146,0.27848101265822783,0.005295930430293083,0.005277206189930439,0.9095242619514465,57.8789176940918,1.2139549255371094,0.13883861899375916,0.9156922101974487,0.9151873767258383,0.16923076923076924,0.0052846092730760574
v1,vm_0.5,factorial,0.5,0.0,0.0,4.6,0.0,0.0,0,Krakencoder,cl_kraken_v1_vm_0.5,0,Glasser,SC->FC,2000,0.5151161551475525,0.881260097026825,0.998409394433738,0.9253294289897511,0.009929034858942032,0.009915398154407739,0.5743676841259002,50.57423133850098,-2.434224510192871,0.05734784156084061,0.8044103980064392,0.6135234738022752,0.05063291139240506,0.01675073243677616,0.016705496236681938,0.5996251106262207,50.304161071777344,4.503194808959961,0.07976166158914566,0.8136661052703857,0.6657725180802103,0.041025641025641026,0.015465283766388893
v1,vm_0.5,factorial,0.5,0.0,0.0,4.6,0.0,0.0,0,Krakencoder,cl_kraken_v1_vm_0.5,0,Glasser,FC->SC,2000,0.519442617893219,0.93756502866745,0.9999957126534602,0.9970717423133236,0.003965291194617748,0.003964206064119935,0.6193487465381622,56.969421768188475,-2.2166399002075194,0.13702420890331268,0.9085994958877563,0.8913635635314854,0.13924050632911392,0.005673586390912533,0.005703343544155359,0.6200186014175415,57.066104888916016,1.0011672973632812,0.1334022581577301,0.9068638682365417,0.8726627218934911,0.11282051282051282,0.005914144217967987
v1,vm_0.5,factorial,0.5,0.0,0.0,4.6,0.0,0.0,0,Krakencoder,cl_kraken_v1_vm_0.5,1,Glasser,SC->FC,2000,0.5172159075737,0.8828148245811462,0.9981800213938592,0.9370424597364568,0.00988029595464468,0.00987347485497594,0.5834222257137298,50.78304939270019,-2.4910388946533204,0.08470223844051361,0.8125981092453003,0.6708860759493671,0.0759493670886076,0.015808554366230965,0.016119927167892456,0.5802549719810486,50.63186264038086,3.8624210357666016,0.07658039778470993,0.8054736256599426,0.659776462853386,0.046153846153846156,0.01597415655851364
v1,vm_0.5,factorial,0.5,0.0,0.0,4.6,0.0,0.0,0,Krakencoder,cl_kraken_v1_vm_0.5,1,Glasser,FC->SC,2000,0.5193418264389038,0.9377906322479248,0.9999978563267301,0.9985358711566618,0.003953109495341778,0.003952249628491699,0.6196104347705841,57.00020523071289,-2.2425006866455077,0.14300991594791412,0.9091671109199524,0.9041820221118411,0.24050632911392406,0.005719099659472704,0.00575636001303792,0.6381034255027771,57.05707931518555,0.8959426879882812,0.13386240601539612,0.9062804579734802,0.8844444444444445,0.1076923076923077,0.005907881073653698
v1,vm_0.5,factorial,0.5,0.0,0.0,4.6,0.0,0.0,0,Krakencoder,cl_kraken_v1_vm_0.5,2,Glasser,SC->FC,2000,0.5109157562255859,0.8808662295341492,0.994432880518083,0.9106881405563689,0.010049229487776756,0.010036972723901272,0.5814894914627076,50.618795776367186,-2.377821350097656,0.06667738407850266,0.8103771805763245,0.6183303957699087,0.06329113924050633,0.01524309441447258,0.01534273661673069,0.5575258731842041,50.532920837402344,3.793943405151367,0.09227599948644638,0.8138052225112915,0.6770545693622616,0.03076923076923077,0.015584682114422321
v1,vm_0.5,factorial,0.5,0.0,0.0,4.6,0.0,0.0,0,Krakencoder,cl_kraken_v1_vm_0.5,2,Glasser,FC->SC,2000,0.5192499756813049,0.9376658797264099,0.9999957126534602,0.9970717423133236,0.003940171096473932,0.003949698805809021,0.6188693165779113,56.97830314636231,-2.2118084907531737,0.1497144103050232,0.9081070423126221,0.9014580996635154,0.1518987341772152,0.006060998886823654,0.005972611252218485,0.6335663795471191,57.00236892700195,1.1272602081298828,0.13184648752212524,0.9069861173629761,0.8873109796186719,0.1641025641025641,0.005863121710717678
v1,vm_0.5,factorial,0.5,0.0,0.0,4.6,0.0,0.0,0,Krakencoder,cl_kraken_v1_vm_0.5,3,Glasser,SC->FC,2000,0.5125464200973511,0.882046103477478,0.9981564409878904,0.9326500732064422,0.00998378824442625,0.009980903659015893,0.5846959352493286,50.72244567871094,-2.435559844970703,0.08223405480384827,0.8069500923156738,0.6273033167761577,0.06329113924050633,0.01597130298614502,0.015855513513088226,0.5666676163673401,50.55045700073242,3.9309730529785156,0.09297677874565125,0.8109185099601746,0.6802103879026956,0.035897435897435895,0.015431026928126812
v1,vm_0.5,factorial,0.5,0.0,0.0,4.6,0.0,0.0,0,Krakencoder,cl_kraken_v1_vm_0.5,3,Glasser,FC->SC,2000,0.5203328728675842,0.9378742575645447,1.0,1.0,0.003942522685974836,0.003946231049485505,0.6174907922744751,56.99549331665039,-2.234425354003906,0.14272135496139526,0.9074363112449646,0.8740586444480052,0.27848101265822783,0.00572350574657321,0.00574821513146162,0.6274949312210083,56.983116149902344,1.0702362060546875,0.14120274782180786,0.9071223139762878,0.8951742274819198,0.15384615384615385,0.005918838549405336
v1,vm_0.5,factorial,0.5,0.0,0.0,4.6,0.0,0.0,0,Krakencoder,cl_kraken_v1_vm_0.5,4,Glasser,SC->FC,2000,0.5133650898933411,0.8809249401092529,0.997594798591178,0.9209370424597365,0.009886576794087887,0.009885711688548326,0.5835275471210479,50.5938835144043,-2.397378921508789,0.08792217820882797,0.8095137476921082,0.6649575388559525,0.05063291139240506,0.016055382788181305,0.016138311475515366,0.6021749973297119,50.348087310791016,3.6218395233154297,0.09275183826684952,0.8154431581497192,0.6756344510190664,0.07692307692307693,0.01564345322549343
v1,vm_0.5,factorial,0.5,0.0,0.0,4.6,0.0,0.0,0,Krakencoder,cl_kraken_v1_vm_0.5,4,Glasser,FC->SC,2000,0.5192645788192749,0.9375640749931335,1.0,1.0,0.003976385109126568,0.003981124144047499,0.6195524990558624,56.98202133178711,-2.2155993461608885,0.14288944005966187,0.9080925583839417,0.9043422528440955,0.3291139240506329,0.005783380474895239,0.005759614985436201,0.6289196610450745,57.05302810668945,0.9834880828857422,0.14231398701667786,0.9077688455581665,0.9099013806706114,0.1282051282051282,0.005770730320364237
v1,ce_0.5,factorial,0.0,0.5,0.0,0.0,0.5,0.0,0,Krakencoder,cl_kraken_v1_ce_0.5,0,Glasser,SC->FC,2000,0.5224135518074036,0.8681522607803345,0.9996484375837372,0.9458272327964861,0.01104605384171009,0.011021842621266842,0.8923092961311341,52.43007698059082,-0.23627910614013672,0.062139324843883514,0.8262649774551392,0.6723281525396572,0.06329113924050633,0.014706986956298351,0.014701850712299347,0.8983426690101624,52.057308197021484,3.7721328735351562,0.0829683318734169,0.8361647129058838,0.7356476002629848,0.02564102564102564,0.013544581830501556
v1,ce_0.5,factorial,0.0,0.5,0.0,0.0,0.5,0.0,0,Krakencoder,cl_kraken_v1_ce_0.5,0,Glasser,FC->SC,2000,0.5140021443367004,0.9299495220184326,1.0,1.0,0.004484940320253372,0.004485386703163385,0.9107822179794312,57.833688735961914,-0.35324878692626954,0.1155310869216919,0.9159729480743408,0.8958500240346099,0.22784810126582278,0.005239064805209637,0.005270740017294884,0.9115273952484131,57.9027214050293,1.0964508056640625,0.11560306698083878,0.9146530628204346,0.8832873109796187,0.13333333333333333,0.0054580713622272015
v1,ce_0.5,factorial,0.0,0.5,0.0,0.0,0.5,0.0,0,Krakencoder,cl_kraken_v1_ce_0.5,1,Glasser,SC->FC,2000,0.5232231020927429,0.8695983290672302,0.9997363281878029,0.95900439238653,0.011007196269929409,0.010986125934869051,0.8942947924137116,52.56712188720703,-0.2688007354736328,0.07916419953107834,0.8330987095832825,0.7433103669283768,0.0759493670886076,0.013901368714869022,0.01415624562650919,0.8928563594818115,52.461326599121094,3.014068603515625,0.08078531175851822,0.8265161514282227,0.7286785009861934,0.06153846153846154,0.014106887392699718
v1,ce_0.5,factorial,0.0,0.5,0.0,0.0,0.5,0.0,0,Krakencoder,cl_kraken_v1_ce_0.5,1,Glasser,FC->SC,2000,0.5145418047904968,0.9301998019218445,0.9999978563267301,0.9985358711566618,0.004470935557037592,0.004469745652750134,0.9107838451862336,57.85504570007324,-0.3740049362182617,0.1225641593337059,0.916179895401001,0.9091491748117289,0.27848101265822783,0.005318907555192709,0.005360611714422703,0.9150561094284058,57.85931396484375,1.0090179443359375,0.11502043902873993,0.9137592315673828,0.8965680473372781,0.13333333333333333,0.005468621384352446
v1,ce_0.5,factorial,0.0,0.5,0.0,0.0,0.5,0.0,0,Krakencoder,cl_kraken_v1_ce_0.5,2,Glasser,SC->FC,2000,0.5176590085029602,0.8678044676780701,0.9989860425433397,0.9106881405563689,0.011147619225084782,0.011140242964029313,0.8946207582950592,52.45023040771484,-0.11970272064208984,0.0702185183763504,0.8336684703826904,0.6970036853068418,0.0759493670886076,0.01316137332469225,0.013287466019392014,0.8850096464157104,52.323760986328125,2.777965545654297,0.08504977077245712,0.8329592943191528,0.7441683103221565,0.041025641025641026,0.013928855769336224
v1,ce_0.5,factorial,0.0,0.5,0.0,0.0,0.5,0.0,0,Krakencoder,cl_kraken_v1_ce_0.5,2,Glasser,FC->SC,2000,0.5135306715965271,0.9300435185432434,0.9999978563267301,0.9985358711566618,0.0044598025269806385,0.0044675582554191354,0.9112077414989471,57.843017959594725,-0.36509113311767577,0.12417162209749222,0.9151250123977661,0.8924851786572665,0.1518987341772152,0.005668835248798132,0.005595979280769825,0.9163556098937988,57.833683013916016,1.4651756286621094,0.11403407901525497,0.9146683216094971,0.9014069690992768,0.1282051282051282,0.005392351653426886
v1,ce_0.5,factorial,0.0,0.5,0.0,0.0,0.5,0.0,0,Krakencoder,cl_kraken_v1_ce_0.5,3,Glasser,SC->FC,2000,0.5202578902244568,0.8690967559814453,0.9997084604352943,0.9341142020497804,0.011087751016020775,0.011086552683264018,0.8938959896564483,52.51432647705078,-0.14246101379394532,0.08084002882242203,0.8292841911315918,0.6939593013940073,0.0759493670886076,0.014046074822545052,0.013880688697099686,0.8902055025100708,52.34415054321289,3.211549758911133,0.08941937983036041,0.8305639028549194,0.7319921104536489,0.041025641025641026,0.013673030771315098
v1,ce_0.5,factorial,0.0,0.5,0.0,0.0,0.5,0.0,0,Krakencoder,cl_kraken_v1_ce_0.5,3,Glasser,FC->SC,2000,0.5152643918991089,0.9302926063537598,0.9999978563267301,0.9985358711566618,0.0044615124352276325,0.004462767811492086,0.9103821635246276,57.85796966552734,-0.3711835861206055,0.12221867591142654,0.9149959087371826,0.8825508732574908,0.25316455696202533,0.005290931556373835,0.0053102849051356316,0.9130947589874268,57.83437728881836,1.1118297576904297,0.12179653346538544,0.9142643213272095,0.9044838921761998,0.15384615384615385,0.005491767078638077
v1,ce_0.5,factorial,0.0,0.5,0.0,0.0,0.5,0.0,0,Krakencoder,cl_kraken_v1_ce_0.5,4,Glasser,SC->FC,2000,0.5196454524993896,0.8677936792373657,0.9995776963658307,0.9385065885797951,0.010994797572493553,0.010987597797065974,0.894625723361969,52.423226547241214,-0.13509578704833985,0.08522775769233704,0.8302627801895142,0.7306521390802756,0.0759493670886076,0.014346311800181866,0.014426255598664284,0.8997865319252014,52.14301300048828,3.0602245330810547,0.08889389038085938,0.8354136347770691,0.750611439842209,0.08717948717948718,0.013971797190606594
v1,ce_0.5,factorial,0.0,0.5,0.0,0.0,0.5,0.0,0,Krakencoder,cl_kraken_v1_ce_0.5,4,Glasser,FC->SC,2000,0.5134546160697937,0.9299584627151489,0.9999957126534602,0.9970717423133236,0.004500955808907747,0.0045051232911646364,0.9107290208339691,57.83773231506348,-0.3361783981323242,0.12420129030942917,0.9154092073440552,0.9155584041019067,0.27848101265822783,0.005340323317795992,0.005317491013556719,0.9128620624542236,57.87516784667969,1.2365684509277344,0.12150932848453522,0.9151389598846436,0.9153714661406969,0.1641025641025641,0.005328856408596039
v1,nd_0.5,factorial,0.0,0.0,0.5,0.0,0.0,0.5,0,Krakencoder,cl_kraken_v1_nd_0.5,0,Glasser,SC->FC,2000,0.5160378217697144,0.8690828680992126,0.9977169879675619,0.8872620790629575,0.010936676524579525,0.010913636349141598,0.8756981670856476,52.361548233032224,-0.09583530426025391,0.05426027253270149,0.8253476023674011,0.6133632430700209,0.05063291139240506,0.014828631654381752,0.014803769066929817,0.8840452432632446,52.00368881225586,4.057977676391602,0.07940007001161575,0.8353548645973206,0.6813149243918475,0.05128205128205128,0.0136265242472291
v1,nd_0.5,factorial,0.0,0.0,0.5,0.0,0.0,0.5,0,Krakencoder,cl_kraken_v1_nd_0.5,0,Glasser,FC->SC,2000,0.5135308504104614,0.9299837350845337,1.0,1.0,0.004464323166757822,0.004464239394292235,0.9055754721164704,57.82974052429199,-0.34771728515625,0.13225719332695007,0.916497528553009,0.8945681781765743,0.21518987341772153,0.005197346676141024,0.005227009765803814,0.9051464796066284,57.89813995361328,1.0697975158691406,0.1312948614358902,0.9150881171226501,0.8849967126890204,0.12307692307692308,0.005418057553470135
v1,nd_0.5,factorial,0.0,0.0,0.5,0.0,0.0,0.5,0,Krakencoder,cl_kraken_v1_nd_0.5,1,Glasser,SC->FC,2000,0.5178915858268738,0.8703931570053101,0.9981157111957624,0.8975109809663251,0.010908251628279686,0.010887981113046407,0.8797904551029205,52.51129837036133,-0.12772884368896484,0.0812542587518692,0.8327203989028931,0.6857875340490306,0.06329113924050633,0.01397708524018526,0.014241600409150124,0.8772720098495483,52.39436340332031,3.3220748901367188,0.07779023796319962,0.8258391618728638,0.6745036160420776,0.046153846153846156,0.014184387400746346
v1,nd_0.5,factorial,0.0,0.0,0.5,0.0,0.0,0.5,0,Krakencoder,cl_kraken_v1_nd_0.5,1,Glasser,FC->SC,2000,0.5135005712509155,0.9302178025245667,0.9999957126534602,0.9970717423133236,0.004451204091310501,0.004449801845476031,0.9055391669273376,57.851416778564456,-0.3660694122314453,0.13799530267715454,0.9166222810745239,0.9110719435987822,0.22784810126582278,0.00528044905513525,0.005318223498761654,0.9095563292503357,57.85615921020508,0.998199462890625,0.1321057677268982,0.9142637848854065,0.8989875082182774,0.1282051282051282,0.005425913259387016
v1,nd_0.5,factorial,0.0,0.0,0.5,0.0,0.0,0.5,0,Krakencoder,cl_kraken_v1_nd_0.5,2,Glasser,SC->FC,2000,0.511685311794281,0.8686872124671936,0.995146723716958,0.8638360175695461,0.011050543747842312,0.011039220821112394,0.8802001774311066,52.39175605773926,0.022138595581054688,0.0673370510339737,0.8327775597572327,0.63387277679859,0.05063291139240506,0.013261492364108562,0.013380649499595165,0.8688420653343201,52.26054382324219,3.0943737030029297,0.08998926728963852,0.8330062627792358,0.6850230111768574,0.02564102564102564,0.013936074450612068
v1,nd_0.5,factorial,0.0,0.0,0.5,0.0,0.0,0.5,0,Krakencoder,cl_kraken_v1_nd_0.5,2,Glasser,FC->SC,2000,0.5129056572914124,0.9300740957260132,0.9999935689801903,0.9956076134699854,0.004438542295247316,0.004446490341797471,0.9058063626289368,57.83914756774902,-0.35696163177490237,0.1450931578874588,0.9157001972198486,0.8958500240346099,0.16455696202531644,0.005612696520984173,0.005540680140256882,0.9091964960098267,57.82793426513672,1.3924732208251953,0.12855830788612366,0.9150775671005249,0.9025641025641026,0.13333333333333333,0.005360377486795187
v1,nd_0.5,factorial,0.0,0.0,0.5,0.0,0.0,0.5,0,Krakencoder,cl_kraken_v1_nd_0.5,3,Glasser,SC->FC,2000,0.5135566592216492,0.8698024749755859,0.997858470403375,0.890190336749634,0.010999556630849838,0.010995450150221586,0.8800824463367463,52.45848770141602,-0.01781597137451172,0.0797620639204979,0.8284493088722229,0.6335523153340811,0.05063291139240506,0.014114745892584324,0.013958216644823551,0.87296062707901,52.27457809448242,3.5196685791015625,0.09140253067016602,0.830470085144043,0.6894148586456279,0.041025641025641026,0.013703406788408756
v1,nd_0.5,factorial,0.0,0.0,0.5,0.0,0.0,0.5,0,Krakencoder,cl_kraken_v1_nd_0.5,3,Glasser,FC->SC,2000,0.5145356059074402,0.9303212761878967,0.9999978563267301,0.9985358711566618,0.0044404068030416965,0.0044417389202862975,0.9047820568084717,57.853755950927734,-0.36268062591552735,0.13752774894237518,0.9153863191604614,0.8806281044704374,0.26582278481012656,0.005256513599306345,0.0052739279344677925,0.9070188999176025,57.830379486083984,1.1266803741455078,0.13836795091629028,0.9147308468818665,0.9079552925706772,0.13333333333333333,0.005451143253594637
v1,nd_0.5,factorial,0.0,0.0,0.5,0.0,0.0,0.5,0,Krakencoder,cl_kraken_v1_nd_0.5,4,Glasser,SC->FC,2000,0.5137020349502563,0.8686568140983582,0.9970760296598634,0.8916544655929722,0.01089754980057478,0.01088924016803503,0.8796411752700806,52.35879898071289,0.0020265579223632812,0.08939370512962341,0.8301751613616943,0.6736099983976926,0.0759493670886076,0.014350908808410168,0.014434540644288063,0.8849784731864929,52.07815170288086,3.2486801147460938,0.09171110391616821,0.8351868391036987,0.6898093359631821,0.06666666666666667,0.013998973183333874
v1,nd_0.5,factorial,0.0,0.0,0.5,0.0,0.0,0.5,0,Krakencoder,cl_kraken_v1_nd_0.5,4,Glasser,FC->SC,2000,0.5133967399597168,0.9299845695495605,0.9999935689801903,0.9956076134699854,0.004479604307562113,0.004483734862878919,0.9058281302452087,57.835273361206056,-0.32985782623291016,0.14099128544330597,0.915925145149231,0.9176414036212146,0.2911392405063291,0.005298870615661144,0.005280067212879658,0.9076491594314575,57.8734245300293,1.2093524932861328,0.13840480148792267,0.9156433343887329,0.9155029585798816,0.16923076923076924,0.005287578795105219
v1,vm_ce_0.5,factorial,0.5,0.5,0.0,4.6,0.5,0.0,0,Krakencoder,cl_kraken_v1_vm_ce_0.5,0,Glasser,SC->FC,2000,0.5228867530822754,0.8823224306106567,0.9995498286133221,0.9560761346998536,0.00984560139477253,0.009827964473515749,0.5959941446781158,50.66174468994141,-2.745482063293457,0.061815690249204636,0.8053992986679077,0.6396410831597501,0.05063291139240506,0.01656673103570938,0.016531886532902718,0.6175217032432556,50.34983444213867,4.1840362548828125,0.08285340666770935,0.8151317238807678,0.6940959894806049,0.041025641025641026,0.015301101841032505
v1,vm_ce_0.5,factorial,0.5,0.5,0.0,4.6,0.5,0.0,0,Krakencoder,cl_kraken_v1_vm_ce_0.5,0,Glasser,FC->SC,2000,0.5213514566421509,0.9377477765083313,1.0,1.0,0.003958126530051231,0.0039570257533341644,0.6251979112625122,56.96412467956543,-2.280818462371826,0.12948599457740784,0.9080424308776855,0.8956897933023554,0.13924050632911392,0.005703489761799574,0.005732714664191008,0.6285404562950134,57.06742477416992,0.9845390319824219,0.12612178921699524,0.9063898921012878,0.8760026298487837,0.11282051282051282,0.005937876179814339
v1,vm_ce_0.5,factorial,0.5,0.5,0.0,4.6,0.5,0.0,0,Krakencoder,cl_kraken_v1_vm_ce_0.5,1,Glasser,SC->FC,2000,0.524538516998291,0.8837206959724426,0.9993954841378896,0.9560761346998536,0.009805279783904552,0.009797632973641158,0.602266252040863,50.8505142211914,-2.7979219436645506,0.08377836644649506,0.81346195936203,0.702771991668002,0.0759493670886076,0.015665745362639427,0.01596973091363907,0.5991725921630859,50.7134895324707,3.5638561248779297,0.07939337939023972,0.8064420223236084,0.6859171597633136,0.046153846153846156,0.01584324985742569
v1,vm_ce_0.5,factorial,0.5,0.5,0.0,4.6,0.5,0.0,0,Krakencoder,cl_kraken_v1_vm_ce_0.5,1,Glasser,FC->SC,2000,0.521419882774353,0.937972903251648,0.9999978563267301,0.9985358711566618,0.003945390228182077,0.003944404702633619,0.6256471097469329,56.99438629150391,-2.304342746734619,0.1357029378414154,0.90864098072052,0.9065854830956578,0.24050632911392406,0.005748654715716839,0.005788619630038738,0.6453008055686951,57.05453872680664,0.8840255737304688,0.1260049045085907,0.9057000279426575,0.8878106508875739,0.12307692307692308,0.005939486902207136
v1,vm_ce_0.5,factorial,0.5,0.5,0.0,4.6,0.5,0.0,0,Krakencoder,cl_kraken_v1_vm_ce_0.5,2,Glasser,SC->FC,2000,0.5185110569000244,0.8818473815917969,0.9969216851844309,0.9355783308931186,0.009966460056602955,0.009958968497812748,0.6014789044857025,50.70024948120117,-2.668544960021973,0.06904590874910355,0.8115392923355103,0.6460503124499279,0.0759493670886076,0.015070991590619087,0.015172038227319717,0.5767690539360046,50.60011291503906,3.4390640258789062,0.0911482721567154,0.8141669034957886,0.7042209072978304,0.03076923076923077,0.015512695536017418
v1,vm_ce_0.5,factorial,0.5,0.5,0.0,4.6,0.5,0.0,0,Krakencoder,cl_kraken_v1_vm_ce_0.5,2,Glasser,FC->SC,2000,0.5212414860725403,0.9378488659858704,0.9999957126534602,0.9970717423133236,0.003932764288038015,0.003941754484549165,0.6255557537078857,56.97448387145996,-2.278366947174072,0.1402605175971985,0.9075143337249756,0.8987341772151899,0.1518987341772152,0.006095205899327993,0.006007997319102287,0.644447922706604,57.00632858276367,1.1422576904296875,0.12551136314868927,0.9065961837768555,0.8947797501643655,0.1641025641025641,0.005878347437828779
v1,vm_ce_0.5,factorial,0.5,0.5,0.0,4.6,0.5,0.0,0,Krakencoder,cl_kraken_v1_vm_ce_0.5,3,Glasser,SC->FC,2000,0.5203010439872742,0.8830189108848572,0.9994812310686855,0.9531478770131772,0.009905101731419563,0.009903130866587163,0.603415846824646,50.79505615234375,-2.7225969314575194,0.08321181684732437,0.8083388209342957,0.6527800032046147,0.06329113924050633,0.015814807265996933,0.015691807493567467,0.5892589092254639,50.63720703125,3.614084243774414,0.09323954582214355,0.8116564750671387,0.7042209072978304,0.046153846153846156,0.015317936427891254
v1,vm_ce_0.5,factorial,0.5,0.5,0.0,4.6,0.5,0.0,0,Krakencoder,cl_kraken_v1_vm_ce_0.5,3,Glasser,FC->SC,2000,0.522305965423584,0.9380542039871216,1.0,1.0,0.003935182001441717,0.00393829382956028,0.6244234025478363,56.99179306030273,-2.297418212890625,0.1352393627166748,0.9070538878440857,0.8785451049511296,0.26582278481012656,0.005744910798966885,0.005769063718616962,0.6354652643203735,56.98830032348633,1.028238296508789,0.13369561731815338,0.9066089987754822,0.8983563445101906,0.13846153846153847,0.005944020580500364
v1,vm_ce_0.5,factorial,0.5,0.5,0.0,4.6,0.5,0.0,0,Krakencoder,cl_kraken_v1_vm_ce_0.5,4,Glasser,SC->FC,2000,0.5208839178085327,0.8819177746772766,0.999286156801125,0.9428989751098097,0.009810401126742363,0.009808085113763809,0.6037320017814636,50.67886161804199,-2.696621131896973,0.08712395280599594,0.8104067444801331,0.6885114564973562,0.05063291139240506,0.01595669612288475,0.016021406278014183,0.623353898525238,50.43830490112305,3.319814682006836,0.09274053573608398,0.8160536289215088,0.7054832347140039,0.07692307692307693,0.015559704974293709
v1,vm_ce_0.5,factorial,0.5,0.5,0.0,4.6,0.5,0.0,0,Krakencoder,cl_kraken_v1_vm_ce_0.5,4,Glasser,FC->SC,2000,0.5211426615715027,0.9377376437187195,1.0,1.0,0.003969771321862936,0.003974465443752706,0.6252795577049255,56.97469863891602,-2.2781373977661135,0.135256826877594,0.9075508713722229,0.9078673289536934,0.3291139240506329,0.005808588583022356,0.005787283647805452,0.6352713108062744,57.046321868896484,0.9882774353027344,0.13471075892448425,0.9072476029396057,0.9147140039447732,0.14358974358974358,0.005794032942503691
v1,vm_nd_0.5,factorial,0.5,0.0,0.5,4.6,0.0,0.5,0,Krakencoder,cl_kraken_v1_vm_nd_0.5,0,Glasser,SC->FC,2000,0.5159385800361633,0.8813909292221069,0.9985873193151392,0.9267935578330894,0.009918790310621262,0.009904816839843988,0.5756078064441681,50.58006057739258,-2.4652336120605467,0.05764024332165718,0.804469883441925,0.6148053196603109,0.05063291139240506,0.016740716993808746,0.016697311773896217,0.6005339622497559,50.30632781982422,4.480384826660156,0.07995223999023438,0.8137635588645935,0.6674556213017752,0.041025641025641026,0.015456109307706356
v1,vm_nd_0.5,factorial,0.5,0.0,0.5,4.6,0.0,0.5,0,Krakencoder,cl_kraken_v1_vm_nd_0.5,0,Glasser,FC->SC,2000,0.5197759866714478,0.937594473361969,0.9999957126534602,0.9970717423133236,0.003963580820709467,0.003962501371279359,0.61949343085289,56.9685302734375,-2.2280853271484373,0.1363922506570816,0.9085478186607361,0.8926454093895209,0.1518987341772152,0.00567668629810214,0.005706427618861198,0.6203827261924744,57.06570816040039,0.9974536895751953,0.13282757997512817,0.9068191051483154,0.8733727810650888,0.11282051282051282,0.005916579160839319
v1,vm_nd_0.5,factorial,0.5,0.0,0.5,4.6,0.0,0.5,0,Krakencoder,cl_kraken_v1_vm_nd_0.5,1,Glasser,SC->FC,2000,0.5179964303970337,0.8829281330108643,0.9983215038296723,0.9385065885797951,0.00987090915441513,0.009863993152976036,0.5844416737556457,50.78725738525391,-2.521197700500488,0.08471564203500748,0.81266188621521,0.6715269988783849,0.0759493670886076,0.01579977758228779,0.016109993681311607,0.5813605785369873,50.637630462646484,3.840730667114258,0.07663886994123459,0.8055192828178406,0.6609861932938856,0.05128205128205128,0.01596873812377453
v1,vm_nd_0.5,factorial,0.5,0.0,0.5,4.6,0.0,0.5,0,Krakencoder,cl_kraken_v1_vm_nd_0.5,1,Glasser,FC->SC,2000,0.5196734070777893,0.9378185868263245,0.9999978563267301,0.9985358711566618,0.00395144522190094,0.003950556134805083,0.61982062458992,56.99934539794922,-2.253605270385742,0.14242757856845856,0.909116804599762,0.9043422528440955,0.24050632911392406,0.0057218968868255615,0.005759562365710735,0.6383835077285767,57.05642318725586,0.8922195434570312,0.13322286307811737,0.9062276482582092,0.8848915187376726,0.10256410256410256,0.005910937208682299
v1,vm_nd_0.5,factorial,0.5,0.0,0.5,4.6,0.0,0.5,0,Krakencoder,cl_kraken_v1_vm_nd_0.5,2,Glasser,SC->FC,2000,0.5117322206497192,0.880990207195282,0.9946515351916122,0.9165446559297218,0.01003902219235897,0.010027070436626673,0.5826706111431121,50.62437896728515,-2.4072505950927736,0.06676942110061646,0.8104455471038818,0.6205736260214709,0.06329113924050633,0.01523397397249937,0.015333564952015877,0.5586242079734802,50.53715133666992,3.7686309814453125,0.09224118292331696,0.8138327598571777,0.6786850756081526,0.03076923076923077,0.015580764971673489
v1,vm_nd_0.5,factorial,0.5,0.0,0.5,4.6,0.0,0.5,0,Krakencoder,cl_kraken_v1_vm_nd_0.5,2,Glasser,FC->SC,2000,0.5195817351341248,0.9376944303512573,0.9999957126534602,0.9970717423133236,0.003938452806323767,0.003947956021875143,0.6190937697887421,56.9776912689209,-2.2232433319091798,0.14905717968940735,0.9080557227134705,0.9014580996635154,0.1518987341772152,0.0060639334842562675,0.0059757111594080925,0.6341150403022766,57.00253677368164,1.1254940032958984,0.13136409223079681,0.9069528579711914,0.8882051282051282,0.1641025641025641,0.005864661652594805
v1,vm_nd_0.5,factorial,0.5,0.0,0.5,4.6,0.0,0.5,0,Krakencoder,cl_kraken_v1_vm_nd_0.5,3,Glasser,SC->FC,2000,0.5133689045906067,0.8821667432785034,0.998267911997925,0.9385065885797951,0.009974075481295586,0.009971243515610694,0.5857997834682465,50.72710418701172,-2.4650476455688475,0.08235687762498856,0.8070451021194458,0.6281044704374299,0.06329113924050633,0.01596209593117237,0.015845928341150284,0.5679713487625122,50.55548858642578,3.9065017700195312,0.09294664114713669,0.8109650611877441,0.6819986850756081,0.035897435897435895,0.01542491652071476
v1,vm_nd_0.5,factorial,0.5,0.0,0.5,4.6,0.0,0.5,0,Krakencoder,cl_kraken_v1_vm_nd_0.5,3,Glasser,FC->SC,2000,0.5206645727157593,0.9379023313522339,1.0,1.0,0.0039408449083566666,0.00394450300373137,0.6177431404590606,56.994851684570314,-2.245609474182129,0.14212340116500854,0.9073972105979919,0.874379105912514,0.27848101265822783,0.005725681781768799,0.005750242620706558,0.6277669668197632,56.98308181762695,1.0648860931396484,0.14064089953899384,0.9070757031440735,0.8959368836291913,0.14871794871794872,0.005921439733356237
v1,vm_nd_0.5,factorial,0.5,0.0,0.5,4.6,0.0,0.5,0,Krakencoder,cl_kraken_v1_vm_nd_0.5,4,Glasser,SC->FC,2000,0.5141860246658325,0.8810518383979797,0.9977705797993093,0.9267935578330894,0.009876502677798271,0.009875472635030746,0.5850117087364197,50.601373291015626,-2.427646827697754,0.08785836398601532,0.8095828890800476,0.6665598461784971,0.05063291139240506,0.016048645600676537,0.01613033376634121,0.6036630868911743,50.35612487792969,3.5962791442871094,0.09273531287908554,0.8155129551887512,0.6773438527284681,0.07692307692307693,0.01563650369644165
v1,vm_nd_0.5,factorial,0.5,0.0,0.5,4.6,0.0,0.5,0,Krakencoder,cl_kraken_v1_vm_nd_0.5,4,Glasser,FC->SC,2000,0.5195591449737549,0.9375902414321899,1.0,1.0,0.003974873572587967,0.003979643736965954,0.6195672750473022,56.980862045288085,-2.226826000213623,0.14224284887313843,0.9080350995063782,0.9057843294343855,0.34177215189873417,0.005786556284874678,0.005763160530477762,0.6289374828338623,57.05141830444336,0.9827480316162109,0.14176301658153534,0.9077198505401611,0.9104010519395135,0.1282051282051282,0.0057732705026865005
v1,ce_nd_0.5,factorial,0.0,0.5,0.5,0.0,0.5,0.5,0,Krakencoder,cl_kraken_v1_ce_nd_0.5,0,Glasser,SC->FC,2000,0.5224654078483582,0.8683722615242004,0.9996612996233566,0.9458272327964861,0.01102815754711628,0.01100402269512415,0.8902876615524292,52.41841583251953,-0.27055511474609373,0.06227613240480423,0.8261412382125854,0.6728088447364204,0.06329113924050633,0.014716885052621365,0.014711829833686352,0.8964109420776367,52.045745849609375,3.768207550048828,0.08306490629911423,0.8360520005226135,0.7369625246548324,0.02564102564102564,0.013553434051573277
v1,ce_nd_0.5,factorial,0.0,0.5,0.5,0.0,0.5,0.5,0,Krakencoder,cl_kraken_v1_ce_nd_0.5,0,Glasser,FC->SC,2000,0.514346182346344,0.9300944805145264,1.0,1.0,0.004475578665733337,0.004476014152169227,0.9086686313152313,57.827558517456055,-0.3788400650024414,0.1155676320195198,0.9159297943115234,0.8963307162313732,0.22784810126582278,0.005241436418145895,0.005273137707263231,0.9094645977020264,57.8968391418457,1.0930156707763672,0.11558874696493149,0.9146069884300232,0.8834714003944774,0.12307692307692308,0.005460411310195923
v1,ce_nd_0.5,factorial,0.0,0.5,0.5,0.0,0.5,0.5,0,Krakencoder,cl_kraken_v1_ce_nd_0.5,1,Glasser,SC->FC,2000,0.5232651829719543,0.8698218464851379,0.9997513339006922,0.9604685212298683,0.010989001020789146,0.010968004073947667,0.8922701835632324,52.555562591552736,-0.30313949584960936,0.07918217033147812,0.8329848051071167,0.7445922127864124,0.0759493670886076,0.013910899870097637,0.014165892265737057,0.8908607959747314,52.450096130371094,3.013650894165039,0.0807042270898819,0.8263967037200928,0.729388560157791,0.06153846153846154,0.014116941951215267
v1,ce_nd_0.5,factorial,0.0,0.5,0.5,0.0,0.5,0.5,0,Krakencoder,cl_kraken_v1_ce_nd_0.5,1,Glasser,FC->SC,2000,0.5148707032203674,0.9303414821624756,0.9999978563267301,0.9985358711566618,0.004461758770048618,0.004460574453696608,0.9087064445018769,57.849072265625,-0.3989128112792969,0.12258286774158478,0.9161385893821716,0.9093094055439833,0.27848101265822783,0.005320938769727945,0.005362721625715494,0.913077175617218,57.853641510009766,1.0054149627685547,0.11498982459306717,0.9137141108512878,0.8966469428007889,0.13333333333333333,0.005471000913530588
v1,ce_nd_0.5,factorial,0.0,0.5,0.5,0.0,0.5,0.5,0,Krakencoder,cl_kraken_v1_ce_nd_0.5,2,Glasser,SC->FC,2000,0.5177136063575745,0.8680316209793091,0.9990139102958483,0.9106881405563689,0.011129147373139858,0.011121873371303081,0.8925642549991608,52.438311386108396,-0.1551959991455078,0.0701177790760994,0.8335304856300354,0.698125300432623,0.0759493670886076,0.013172874227166176,0.013298789970576763,0.8828138709068298,52.31189727783203,2.777780532836914,0.08500231057405472,0.8328391313552856,0.7454043392504931,0.041025641025641026,0.013938439078629017
v1,ce_nd_0.5,factorial,0.0,0.5,0.5,0.0,0.5,0.5,0,Krakencoder,cl_kraken_v1_ce_nd_0.5,2,Glasser,FC->SC,2000,0.5138711333274841,0.9301835298538208,0.9999978563267301,0.9985358711566618,0.004450774751603603,0.0044585554394871,0.90916907787323,57.83709564208984,-0.38970050811767576,0.12431611865758896,0.9150845408439636,0.8928056401217753,0.1518987341772152,0.005670404061675072,0.005597480107098818,0.9144459962844849,57.82807159423828,1.4596424102783203,0.11401545256376266,0.9146242737770081,0.9017488494411572,0.1282051282051282,0.0053947437554597855
v1,ce_nd_0.5,factorial,0.0,0.5,0.5,0.0,0.5,0.5,0,Krakencoder,cl_kraken_v1_ce_nd_0.5,3,Glasser,SC->FC,2000,0.5203427672386169,0.8693280816078186,0.9997277534947233,0.9355783308931186,0.011069047264754772,0.01106791002675891,0.8918290257453918,52.50233497619629,-0.17745647430419922,0.08082938939332962,0.8291552662849426,0.6939593013940073,0.06329113924050633,0.014056192710995674,0.013890965841710567,0.8881063461303711,52.33225631713867,3.2071151733398438,0.08933404833078384,0.8304438591003418,0.7323339907955293,0.046153846153846156,0.013683018274605274
v1,ce_nd_0.5,factorial,0.0,0.5,0.5,0.0,0.5,0.5,0,Krakencoder,cl_kraken_v1_ce_nd_0.5,3,Glasser,FC->SC,2000,0.5155952572822571,0.9304341077804565,0.9999978563267301,0.9985358711566618,0.004452355206012726,0.00445360979065299,0.9083005964756012,57.851949310302736,-0.3961198806762695,0.12219185382127762,0.9149534702301025,0.8827111039897453,0.25316455696202533,0.005293192341923714,0.0053125545382499695,0.9110995531082153,57.828617095947266,1.1090412139892578,0.12185447663068771,0.9142248630523682,0.9050361604207758,0.14871794871794872,0.005493765231221914
v1,ce_nd_0.5,factorial,0.0,0.5,0.5,0.0,0.5,0.5,0,Krakencoder,cl_kraken_v1_ce_nd_0.5,4,Glasser,SC->FC,2000,0.5196897983551025,0.8680166006088257,0.9996012767717996,0.9428989751098097,0.010976956225931644,0.010969782527536154,0.8926223754882813,52.411567306518556,-0.16958274841308593,0.08521758019924164,0.8301416635513306,0.7320942156705657,0.08860759493670886,0.014355541206896305,0.0144351152703166,0.8978889584541321,52.13162612915039,3.055654525756836,0.08887244015932083,0.8352930545806885,0.7513740959894806,0.08717948717948718,0.013980772346258163
v1,ce_nd_0.5,factorial,0.0,0.5,0.5,0.0,0.5,0.5,0,Krakencoder,cl_kraken_v1_ce_nd_0.5,4,Glasser,FC->SC,2000,0.5137671828269958,0.930098831653595,0.9999957126534602,0.9970717423133236,0.004491835366934538,0.00449600387364626,0.908666980266571,57.831753158569335,-0.36134586334228513,0.12415813654661179,0.9153672456741333,0.9165197884954335,0.27848101265822783,0.005342640448361635,0.00531981885433197,0.9108792543411255,57.86946487426758,1.2323684692382812,0.12148856371641159,0.9150965213775635,0.9154766600920448,0.1641025641025641,0.005331171210855246
v1,all_0.5,factorial,0.5,0.5,0.5,4.6,0.5,0.5,0,Krakencoder,cl_kraken_v1_all_0.5,0,Glasser,SC->FC,2000,0.5231757760047913,0.8823521137237549,0.9995798400391006,0.95900439238653,0.009843677282333374,0.009825818240642548,0.59665367603302,50.66496238708496,-2.765407752990723,0.061971839517354965,0.8054133057594299,0.6423650056080756,0.05063291139240506,0.0165623240172863,0.016529010608792305,0.6179887056350708,50.35077667236328,4.167530059814453,0.08290530741214752,0.8151676058769226,0.6958053911900066,0.035897435897435895,0.015297774225473404
v1,all_0.5,factorial,0.5,0.5,0.5,4.6,0.5,0.5,0,Krakencoder,cl_kraken_v1_all_0.5,0,Glasser,FC->SC,2000,0.5214501619338989,0.9377596974372864,1.0,1.0,0.003957656212151051,0.003956565330736339,0.6251251518726348,56.96325340270996,-2.288922882080078,0.1289421170949936,0.9079945087432861,0.895529562570101,0.13924050632911392,0.005706713534891605,0.005736013408750296,0.6285267472267151,57.06655502319336,0.9821815490722656,0.12562884390354156,0.9063478112220764,0.8765023011176858,0.11282051282051282,0.005940611008554697
v1,all_0.5,factorial,0.5,0.5,0.5,4.6,0.5,0.5,0,Krakencoder,cl_kraken_v1_all_0.5,1,Glasser,SC->FC,2000,0.5247769951820374,0.8837427496910095,0.9994169208705886,0.9560761346998536,0.009803690016269684,0.00979594299569726,0.6027572214603424,50.852516174316406,-2.817022514343262,0.08373500406742096,0.8134843111038208,0.7046947604550553,0.0759493670886076,0.015661785379052162,0.015964673832058907,0.5997816920280457,50.716896057128906,3.5471725463867188,0.07933185249567032,0.8064452409744263,0.6873109796186719,0.046153846153846156,0.015842370688915253
v1,all_0.5,factorial,0.5,0.5,0.5,4.6,0.5,0.5,0,Krakencoder,cl_kraken_v1_all_0.5,1,Glasser,FC->SC,2000,0.5215080380439758,0.9379832744598389,0.9999978563267301,0.9985358711566618,0.003945009782910347,0.003943996899761259,0.6256085395812988,56.993513107299805,-2.3120305061340334,0.13519835472106934,0.9085936546325684,0.9072264060246755,0.24050632911392406,0.005751668941229582,0.005791958887130022,0.6452029347419739,57.05344772338867,0.8812370300292969,0.12547674775123596,0.9056531190872192,0.8879158448389217,0.12307692307692308,0.00594260124489665
v1,all_0.5,factorial,0.5,0.5,0.5,4.6,0.5,0.5,0,Krakencoder,cl_kraken_v1_all_0.5,2,Glasser,SC->FC,2000,0.518787682056427,0.8818727731704712,0.9970460182340848,0.9355783308931186,0.009964547120034695,0.00995726278051734,0.6020626366138458,50.703047561645505,-2.6869903564453126,0.06905382126569748,0.8115680813789368,0.6470116968434545,0.0759493670886076,0.01506709959357977,0.015168292447924614,0.5773203372955322,50.60234451293945,3.420938491821289,0.09103125333786011,0.8141557574272156,0.705956607495069,0.035897435897435895,0.015512979589402676
v1,all_0.5,factorial,0.5,0.5,0.5,4.6,0.5,0.5,0,Krakencoder,cl_kraken_v1_all_0.5,2,Glasser,FC->SC,2000,0.5213353037834167,0.9378597140312195,0.9999957126534602,0.9970717423133236,0.003932312596589327,0.003941294667311013,0.6255288898944855,56.973791885375974,-2.2863162994384765,0.13971459865570068,0.9074676036834717,0.8987341772151899,0.16455696202531644,0.006098231766372919,0.006011159159243107,0.6445690989494324,57.00598907470703,1.14117431640625,0.12510815262794495,0.9065635204315186,0.895042735042735,0.1641025641025641,0.005880317185074091
v1,all_0.5,factorial,0.5,0.5,0.5,4.6,0.5,0.5,0,Krakencoder,cl_kraken_v1_all_0.5,3,Glasser,SC->FC,2000,0.5205862522125244,0.8830448389053345,0.9995241045340834,0.9546120058565154,0.009903373196721077,0.009901433903723954,0.6039363324642182,50.79715232849121,-2.741120529174805,0.0832405537366867,0.8083810210227966,0.6542220797949047,0.06329113924050633,0.01581122912466526,0.0156874880194664,0.5899401307106018,50.639732360839844,3.5964393615722656,0.09311051666736603,0.8116530179977417,0.7050887573964497,0.046153846153846156,0.01531718298792839
v1,all_0.5,factorial,0.5,0.5,0.5,4.6,0.5,0.5,0,Krakencoder,cl_kraken_v1_all_0.5,3,Glasser,FC->SC,2000,0.5223989486694336,0.9380649328231812,1.0,1.0,0.00393476989120245,0.003937845909968018,0.6244180202484131,56.99108238220215,-2.3052194595336912,0.134712353348732,0.907014012336731,0.878705335683384,0.26582278481012656,0.005747536197304726,0.005771601106971502,0.6354168057441711,56.98771286010742,1.0250740051269531,0.13321590423583984,0.9065654873847961,0.8988560157790927,0.14358974358974358,0.0059468429535627365
v1,all_0.5,factorial,0.5,0.5,0.5,4.6,0.5,0.5,0,Krakencoder,cl_kraken_v1_all_0.5,4,Glasser,SC->FC,2000,0.5211118459701538,0.8819347620010376,0.9993483233259519,0.9428989751098097,0.009809345938265324,0.009806943405419589,0.6044897019863129,50.682747268676756,-2.715683937072754,0.08696626871824265,0.8104068636894226,0.6896330716231374,0.05063291139240506,0.01595652662217617,0.016020948067307472,0.6240753531455994,50.442169189453125,3.304779052734375,0.0926244705915451,0.8160635232925415,0.7072189349112425,0.07692307692307693,0.015558158047497272
v1,all_0.5,factorial,0.5,0.5,0.5,4.6,0.5,0.5,0,Krakencoder,cl_kraken_v1_all_0.5,4,Glasser,FC->SC,2000,0.5212371349334717,0.9377487897872925,1.0,1.0,0.0039693028666079044,0.0039740189909935,0.6250914037227631,56.973635864257815,-2.286096954345703,0.13473708927631378,0.9074994921684265,0.9080275596859477,0.3291139240506329,0.0058118561282753944,0.005790791008621454,0.6349735856056213,57.044532775878906,0.9876461029052734,0.13426318764686584,0.9072036147117615,0.914792899408284,0.14358974358974358,0.00579677103087306
v1,vm_0.1,dose,0.1,0.0,0.0,0.9199999999999999,0.0,0.0,0,Krakencoder,cl_kraken_v1_vm_0.1,0,Glasser,SC->FC,2000,0.5154080986976624,0.8792241811752319,0.9984158254535477,0.9297218155197657,0.010104537010192871,0.010086942464113235,0.6931274890899658,51.30520744323731,-1.6668216705322265,0.05808623880147934,0.813666045665741,0.6154462425893287,0.0379746835443038,0.015890302136540413,0.015848129987716675,0.7129129767417908,51.00831604003906,4.3334808349609375,0.07984478771686554,0.8230188488960266,0.6742143326758712,0.05641025641025641,0.0146550964564085
v1,vm_0.1,dose,0.1,0.0,0.0,0.9199999999999999,0.0,0.0,0,Krakencoder,cl_kraken_v1_vm_0.1,0,Glasser,FC->SC,2000,0.5189154744148254,0.9362164735794067,1.0,1.0,0.0040567172691226006,0.004055677354335785,0.728946739435196,57.314615631103514,-1.6383071899414063,0.13724324107170105,0.9122717380523682,0.8964909469636276,0.21518987341772153,0.005445947404950857,0.005476083140820265,0.7285782694816589,57.401546478271484,1.0009346008300781,0.13333924114704132,0.9105360507965088,0.8804470742932281,0.11794871794871795,0.005683111492544413
v1,vm_0.1,dose,0.1,0.0,0.0,0.9199999999999999,0.0,0.0,0,Krakencoder,cl_kraken_v1_vm_0.1,1,Glasser,SC->FC,2000,0.5174694061279297,0.8806686997413635,0.9983386532158315,0.9355783308931186,0.010063276626169682,0.010052671283483505,0.6999706268310547,51.4866943359375,-1.721598243713379,0.08308766037225723,0.8212180733680725,0.6715269988783849,0.0759493670886076,0.015014958567917347,0.015312853269279003,0.6964109539985657,51.34316635131836,3.6935386657714844,0.07680690288543701,0.8142072558403015,0.6636949375410914,0.06153846153846154,0.015194987878203392
v1,vm_0.1,dose,0.1,0.0,0.0,0.9199999999999999,0.0,0.0,0,Krakencoder,cl_kraken_v1_vm_0.1,1,Glasser,FC->SC,2000,0.518876850605011,0.936429500579834,0.9999978563267301,0.9985358711566618,0.004044486675411463,0.0040437629446387294,0.7292544305324554,57.34214820861816,-1.6624113082885743,0.14180104434490204,0.9125611782073975,0.9089889440794745,0.26582278481012656,0.00551120238378644,0.005548054818063974,0.7421920299530029,57.37913513183594,0.9232635498046875,0.13385680317878723,0.9098983407020569,0.8944115713346482,0.11794871794871795,0.005681368988007307
v1,vm_0.1,dose,0.1,0.0,0.0,0.9199999999999999,0.0,0.0,0,Krakencoder,cl_kraken_v1_vm_0.1,2,Glasser,SC->FC,2000,0.5110720992088318,0.8788681030273438,0.9946493915183423,0.9092240117130308,0.010218990966677666,0.01020779674872756,0.6995656967163086,51.34521408081055,-1.5884593963623046,0.06673405319452286,0.819826066493988,0.6208940874859799,0.06329113924050633,0.014391366392374039,0.014491370879113674,0.6789644360542297,51.241844177246094,3.552865982055664,0.09207414835691452,0.822283148765564,0.6829191321499014,0.02564102564102564,0.014842914417386055
v1,vm_0.1,dose,0.1,0.0,0.0,0.9199999999999999,0.0,0.0,0,Krakencoder,cl_kraken_v1_vm_0.1,2,Glasser,FC->SC,2000,0.5186623334884644,0.936314582824707,0.9999978563267301,0.9985358711566618,0.004031369462609291,0.004040413442999125,0.7289714395999909,57.3239086151123,-1.6380154609680175,0.1490824669599533,0.9115680456161499,0.9011376381990066,0.17721518987341772,0.005841524340212345,0.005755914840847254,0.7395657896995544,57.333106994628906,1.1753883361816406,0.1315893977880478,0.9106566309928894,0.8965680473372781,0.16923076923076924,0.005628549959510565
v1,vm_0.1,dose,0.1,0.0,0.0,0.9199999999999999,0.0,0.0,0,Krakencoder,cl_kraken_v1_vm_0.1,3,Glasser,SC->FC,2000,0.5129838585853577,0.8799612522125244,0.9981328605819215,0.9326500732064422,0.010162736289203167,0.010159852262586356,0.7015705525875091,51.43150024414062,-1.644362449645996,0.08122773468494415,0.8160106539726257,0.6300272392244832,0.05063291139240506,0.015156141482293606,0.015021240338683128,0.6869571805000305,51.24870300292969,3.775747299194336,0.0924721360206604,0.8194819688796997,0.6847337278106509,0.046153846153846156,0.014659212902188301
v1,vm_0.1,dose,0.1,0.0,0.0,0.9199999999999999,0.0,0.0,0,Krakencoder,cl_kraken_v1_vm_0.1,3,Glasser,FC->SC,2000,0.5199042558670044,0.9365297555923462,0.9999978563267301,0.9985358711566618,0.0040338835678994656,0.004036528803408146,0.7277930855751038,57.340470504760745,-1.6543097496032715,0.1416197568178177,0.9110744595527649,0.8825508732574908,0.3037974683544304,0.005503995809704065,0.005522705148905516,0.734376072883606,57.32707977294922,1.0806217193603516,0.1410319060087204,0.9106100797653198,0.9024589086127548,0.14871794871794872,0.005695454776287079
v1,vm_0.1,dose,0.1,0.0,0.0,0.9199999999999999,0.0,0.0,0,Krakencoder,cl_kraken_v1_vm_0.1,4,Glasser,SC->FC,2000,0.5137395262718201,0.8788923025131226,0.9974511724820949,0.9136163982430454,0.010063511319458485,0.010059152822941541,0.7001154959201813,51.3117000579834,-1.6163894653320312,0.08871838450431824,0.8185705542564392,0.6683223842332959,0.06329113924050633,0.015287489630281925,0.015365179628133774,0.7144826650619507,51.05572509765625,3.4582252502441406,0.09249672293663025,0.8239312767982483,0.681078238001315,0.05641025641025641,0.014917314983904362
v1,vm_0.1,dose,0.1,0.0,0.0,0.9199999999999999,0.0,0.0,0,Krakencoder,cl_kraken_v1_vm_0.1,4,Glasser,FC->SC,2000,0.5189245343208313,0.936221718788147,0.9999957126534602,0.9970717423133236,0.004068068228662014,0.00407252567820251,0.7296764552593231,57.32464485168457,-1.6318236351013184,0.1427295058965683,0.9117102026939392,0.9134754045825989,0.31645569620253167,0.005552950315177441,0.005532899405807257,0.7369856238365173,57.38740158081055,1.0382652282714844,0.14120927453041077,0.9113534092903137,0.9172386587771203,0.14871794871794872,0.00554284593090415
v1,vm_1.0,dose,1.0,0.0,0.0,9.2,0.0,0.0,0,Krakencoder,cl_kraken_v1_vm_1.0,0,Glasser,SC->FC,2000,0.515012264251709,0.8814489841461182,0.9981950271067485,0.9165446559297218,0.009910638444125652,0.009898931253701448,0.5175457835197449,50.20934295654297,-2.757472610473633,0.05715982988476753,0.7997168302536011,0.6103188591571864,0.06329113924050633,0.01719452440738678,0.017148790881037712,0.5458665490150452,49.95386505126953,4.5758514404296875,0.07977975904941559,0.8088198900222778,0.6631689677843524,0.046153846153846156,0.01589548960328102
v1,vm_1.0,dose,1.0,0.0,0.0,9.2,0.0,0.0,0,Krakencoder,cl_kraken_v1_vm_1.0,0,Glasser,FC->SC,2000,0.5196922421455383,0.9378374218940735,0.9999978563267301,0.9985358711566618,0.003945908509194851,0.003944892901927233,0.5668294489383697,56.79466667175293,-2.4624210357666017,0.13720226287841797,0.9066440463066101,0.8899214869411953,0.1518987341772152,0.005796987563371658,0.005826912820339203,0.5675749778747559,56.894493103027344,1.004709243774414,0.13381674885749817,0.9049473404884338,0.8681656804733728,0.10256410256410256,0.006036599166691303
v1,vm_1.0,dose,1.0,0.0,0.0,9.2,0.0,0.0,0,Krakencoder,cl_kraken_v1_vm_1.0,1,Glasser,SC->FC,2000,0.5171079635620117,0.8830940127372742,0.9980942744630634,0.9414348462664714,0.00985710695385933,0.009852165076881646,0.5275318384170532,50.43137626647949,-2.8159763336181642,0.08433951437473297,0.8079405426979065,0.6681621535010416,0.0759493670886076,0.01624484173953533,0.016563335433602333,0.5243823528289795,50.27217102050781,3.955087661743164,0.07646363973617554,0.8009803295135498,0.6566732412886259,0.041025641025641026,0.01638491079211235
v1,vm_1.0,dose,1.0,0.0,0.0,9.2,0.0,0.0,0,Krakencoder,cl_kraken_v1_vm_1.0,1,Glasser,FC->SC,2000,0.5193580389022827,0.9380525946617126,0.9999978563267301,0.9985358711566618,0.003934895619750023,0.003934040595777333,0.5671915709972382,56.82772216796875,-2.4881763458251953,0.14294782280921936,0.9072902798652649,0.8988944079474444,0.21518987341772153,0.0058366344310343266,0.005873463582247496,0.5878191590309143,56.892948150634766,0.8941745758056641,0.13390041887760162,0.9043747186660767,0.8791321499013807,0.09743589743589744,0.006029536481946707
v1,vm_1.0,dose,1.0,0.0,0.0,9.2,0.0,0.0,0,Krakencoder,cl_kraken_v1_vm_1.0,2,Glasser,SC->FC,2000,0.5108097195625305,0.8810378313064575,0.9943364152209377,0.9136163982430454,0.010034018196165562,0.01002145055681467,0.5249317944049835,50.256443405151366,-2.7086238861083984,0.06686676293611526,0.8056347370147705,0.620253164556962,0.06329113924050633,0.015690064057707787,0.015793630853295326,0.499017596244812,50.17841720581055,3.8979015350341797,0.09229082614183426,0.809410035610199,0.6746614069690993,0.035897435897435895,0.015980685129761696
v1,vm_1.0,dose,1.0,0.0,0.0,9.2,0.0,0.0,0,Krakencoder,cl_kraken_v1_vm_1.0,2,Glasser,FC->SC,2000,0.5192514657974243,0.9379161596298218,0.9999957126534602,0.9970717423133236,0.0039222706109285355,0.00393196614459157,0.5660309851169586,56.80313911437988,-2.452761650085449,0.14996683597564697,0.9062557220458984,0.8972921006248998,0.16455696202531644,0.006182441953569651,0.006091215182095766,0.5823137164115906,56.834068298339844,1.1065139770507812,0.13190846145153046,0.905024528503418,0.8817094017094017,0.15897435897435896,0.005989948753267527
v1,vm_1.0,dose,1.0,0.0,0.0,9.2,0.0,0.0,0,Krakencoder,cl_kraken_v1_vm_1.0,3,Glasser,SC->FC,2000,0.5123547315597534,0.882299542427063,0.9981199985423022,0.9428989751098097,0.009962021373212337,0.009960422106087208,0.5290475606918335,50.37194290161133,-2.772898292541504,0.08219760656356812,0.802320659160614,0.6257010094536132,0.06329113924050633,0.016412068158388138,0.016306806355714798,0.5093183517456055,50.20785140991211,4.017967224121094,0.09256497770547867,0.8064152598381042,0.6770808678500986,0.02564102564102564,0.01584811881184578
v1,vm_1.0,dose,1.0,0.0,0.0,9.2,0.0,0.0,0,Krakencoder,cl_kraken_v1_vm_1.0,3,Glasser,FC->SC,2000,0.5203877091407776,0.9381275177001953,1.0,1.0,0.003924089949578047,0.003928321180865169,0.5646159291267395,56.82025833129883,-2.480693054199219,0.14264939725399017,0.9054590463638306,0.8689312610158628,0.27848101265822783,0.005844016093760729,0.005871746223419905,0.5763576626777649,56.80768966674805,1.0658321380615234,0.1413460224866867,0.905239462852478,0.8912294543063773,0.14358974358974358,0.006041192915290594
v1,vm_1.0,dose,1.0,0.0,0.0,9.2,0.0,0.0,0,Krakencoder,cl_kraken_v1_vm_1.0,4,Glasser,SC->FC,2000,0.5130507946014404,0.8810815215110779,0.9973782875909185,0.9282576866764275,0.009871789254248142,0.009872702788561583,0.5255558878183365,50.22012786865234,-2.7205764770507814,0.08953152596950531,0.804965615272522,0.6654382310527159,0.05063291139240506,0.016448190435767174,0.016533490270376205,0.5466694831848145,49.97638702392578,3.7022132873535156,0.09291723370552063,0.8107531666755676,0.6720841551610783,0.07179487179487179,0.01605001650750637
v1,vm_1.0,dose,1.0,0.0,0.0,9.2,0.0,0.0,0,Krakencoder,cl_kraken_v1_vm_1.0,4,Glasser,FC->SC,2000,0.5192987322807312,0.937823474407196,0.9999957126534602,0.9970717423133236,0.0039580813609063625,0.0039626079145818945,0.56677605509758,56.80914459228516,-2.4597206115722656,0.14394250512123108,0.9062347412109375,0.8995353308764621,0.2911392405063291,0.005905982572585344,0.005878913216292858,0.5757524371147156,56.88359451293945,0.9538154602050781,0.14242906868457794,0.9058554768562317,0.9051413543721236,0.1282051282051282,0.005896974354982376
v1,ce_0.1,dose,0.0,0.1,0.0,0.0,0.1,0.0,0,Krakencoder,cl_kraken_v1_ce_0.1,0,Glasser,SC->FC,2000,0.5188059210777283,0.8690076470375061,0.9981564409878904,0.8916544655929722,0.010948623530566692,0.010925124771893025,0.8797675967216492,52.379076385498045,-0.11246700286865234,0.05565639212727547,0.8256034255027771,0.621695241147252,0.06329113924050633,0.01479827705770731,0.014776160009205341,0.887607753276825,52.018280029296875,4.013662338256836,0.08032107353210449,0.835591733455658,0.6896252465483235,0.046153846153846156,0.013603907078504562
v1,ce_0.1,dose,0.0,0.1,0.0,0.0,0.1,0.0,0,Krakencoder,cl_kraken_v1_ce_0.1,0,Glasser,FC->SC,2000,0.5141814351081848,0.9299107193946838,1.0,1.0,0.0044723874889314175,0.00447239289060235,0.9080619812011719,57.83426017761231,-0.3344568252563477,0.1295415610074997,0.9164327383041382,0.8945681781765743,0.21518987341772153,0.005202824715524912,0.005232763942331076,0.9079527258872986,57.902957916259766,1.0767898559570312,0.12880438566207886,0.9150423407554626,0.8852596975673899,0.12307692307692308,0.00542318494990468
v1,ce_0.1,dose,0.0,0.1,0.0,0.0,0.1,0.0,0,Krakencoder,cl_kraken_v1_ce_0.1,1,Glasser,SC->FC,2000,0.5205609798431396,0.8703187704086304,0.9984994287110736,0.9033674963396779,0.010920017026364803,0.01089962050318718,0.8835369110107422,52.52689971923828,-0.14582595825195313,0.08094576001167297,0.832863450050354,0.6968434545745874,0.06329113924050633,0.013957222923636436,0.014220939949154854,0.8811312317848206,52.41164016723633,3.272623062133789,0.07881707698106766,0.8260587453842163,0.682077580539119,0.046153846153846156,0.01416117325425148
v1,ce_0.1,dose,0.0,0.1,0.0,0.0,0.1,0.0,0,Krakencoder,cl_kraken_v1_ce_0.1,1,Glasser,FC->SC,2000,0.5142660737037659,0.9301487803459167,0.9999978563267301,0.9985358711566618,0.004459044896066189,0.004457681952044368,0.9080366611480712,57.85581665039062,-0.3535167694091797,0.13540448248386383,0.9165674448013306,0.9105912514020189,0.22784810126582278,0.005285860039293766,0.005324338097125292,0.9121837615966797,57.860618591308594,1.0029869079589844,0.12923142313957214,0.9142002463340759,0.8985141354372124,0.1282051282051282,0.005431853234767914
v1,ce_0.1,dose,0.0,0.1,0.0,0.0,0.1,0.0,0,Krakencoder,cl_kraken_v1_ce_0.1,2,Glasser,SC->FC,2000,0.5143958330154419,0.8686040043830872,0.9958541358960232,0.8682284040995608,0.011061717756092548,0.011051107104867697,0.8839339256286621,52.407992935180665,0.005657577514648437,0.06801611185073853,0.8330135345458984,0.6420445441435667,0.05063291139240506,0.013235789723694324,0.013355672359466553,0.8728947639465332,52.2772331237793,3.039945602416992,0.08957285434007645,0.8330938816070557,0.6929651545036161,0.03076923076923077,0.013926505111157894
v1,ce_0.1,dose,0.0,0.1,0.0,0.0,0.1,0.0,0,Krakencoder,cl_kraken_v1_ce_0.1,2,Glasser,FC->SC,2000,0.513596773147583,0.9300059080123901,0.9999957126534602,0.9970717423133236,0.0044464534148573875,0.004454341251403093,0.9082882881164551,57.84350166320801,-0.34485301971435545,0.14149583876132965,0.9156220555305481,0.895209101105592,0.1518987341772152,0.005621619522571564,0.005549503955990076,0.9120697975158691,57.8327522277832,1.4109249114990234,0.12616649270057678,0.9150329828262329,0.9026955950032873,0.13846153846153847,0.005364173091948032
v1,ce_0.1,dose,0.0,0.1,0.0,0.0,0.1,0.0,0,Krakencoder,cl_kraken_v1_ce_0.1,3,Glasser,SC->FC,2000,0.5162772536277771,0.8697336316108704,0.9983429405623713,0.8975109809663251,0.011010326445102692,0.011006719525903463,0.8837229132652282,52.47435302734375,-0.031690025329589845,0.08019934594631195,0.8286817669868469,0.6406024675532767,0.05063291139240506,0.014094386249780655,0.013936427421867847,0.8772086501121521,52.293094635009766,3.4750595092773438,0.09151658415794373,0.8305927515029907,0.6952268244575937,0.041025641025641026,0.013688163831830025
v1,ce_0.1,dose,0.0,0.1,0.0,0.0,0.1,0.0,0,Krakencoder,cl_kraken_v1_ce_0.1,3,Glasser,FC->SC,2000,0.5152429938316345,0.9302518963813782,0.9999978563267301,0.9985358711566618,0.004448370076715946,0.004449669877067209,0.907332718372345,57.858241653442384,-0.35018234252929686,0.13505807518959045,0.9153459072113037,0.8814292581317097,0.26582278481012656,0.005260748788714409,0.005278483964502811,0.9097054600715637,57.834964752197266,1.1261367797851562,0.1356220543384552,0.914673924446106,0.9074030243261012,0.13846153846153847,0.005456678569316864
v1,ce_0.1,dose,0.0,0.1,0.0,0.0,0.1,0.0,0,Krakencoder,cl_kraken_v1_ce_0.1,4,Glasser,SC->FC,2000,0.5164566040039062,0.8685853481292725,0.9976076606307973,0.8945827232796486,0.010908223688602448,0.010899993777275085,0.8834403276443481,52.37593994140625,-0.014629364013671875,0.08912183344364166,0.8302962779998779,0.6801794584201251,0.0759493670886076,0.01434075366705656,0.014422283507883549,0.8887768387794495,52.09539794921875,3.2173995971679688,0.09158941358327866,0.8353146314620972,0.6976199868507561,0.07179487179487179,0.013986783102154732
v1,ce_0.1,dose,0.0,0.1,0.0,0.0,0.1,0.0,0,Krakencoder,cl_kraken_v1_ce_0.1,4,Glasser,FC->SC,2000,0.5139821171760559,0.9299155473709106,0.9999957126534602,0.9970717423133236,0.004487678408622742,0.004491812735795975,0.9082148849964142,57.839376068115236,-0.31695899963378904,0.13826370239257812,0.9158602356910706,0.9187630187469957,0.2911392405063291,0.005304331891238689,0.00528488215059042,0.9101926684379578,57.87752151489258,1.2181510925292969,0.13564737141132355,0.9155797958374023,0.9158974358974359,0.16923076923076924,0.005293035414069891
v1,ce_1.0,dose,0.0,1.0,0.0,0.0,1.0,0.0,0,Krakencoder,cl_kraken_v1_ce_1.0,0,Glasser,SC->FC,2000,0.501510739326477,0.8644074201583862,0.9999828506138408,0.9882869692532943,0.011378795839846134,0.011355221550911666,0.9104463636875153,52.52504692077637,-0.0961374282836914,0.06501981616020203,0.827145516872406,0.7519628264701169,0.10126582278481013,0.014615489169955254,0.014634033665060997,0.914821982383728,52.147335052490234,3.5102615356445312,0.08034129440784454,0.8368057608604431,0.8016568047337278,0.07692307692307693,0.01348874717950821
v1,ce_1.0,dose,0.0,1.0,0.0,0.0,1.0,0.0,0,Krakencoder,cl_kraken_v1_ce_1.0,0,Glasser,FC->SC,2000,0.508640706539154,0.9296982288360596,1.0,1.0,0.004514313768595457,0.004515138594433666,0.914181911945343,57.839379119873044,-0.3338443756103516,0.10076866298913956,0.9155421257019043,0.8865566415638519,0.20253164556962025,0.005274573806673288,0.005308393854647875,0.9140897989273071,57.904781341552734,1.1189861297607422,0.10159147530794144,0.9142892956733704,0.8809730440499671,0.1282051282051282,0.005492458585649729
v1,ce_1.0,dose,0.0,1.0,0.0,0.0,1.0,0.0,0,Krakencoder,cl_kraken_v1_ce_1.0,1,Glasser,SC->FC,2000,0.5038678050041199,0.8663569688796997,0.999980706940571,0.986822840409956,0.01130000315606594,0.01127701485529542,0.9101261138916016,52.647579956054685,-0.13592987060546874,0.0754956379532814,0.8334587216377258,0.798269508091652,0.12658227848101267,0.013842440210282803,0.014087180607020855,0.910033106803894,52.550376892089844,2.7464141845703125,0.07760469615459442,0.8270044326782227,0.7890598290598291,0.06666666666666667,0.01406025979667902
v1,ce_1.0,dose,0.0,1.0,0.0,0.0,1.0,0.0,0,Krakencoder,cl_kraken_v1_ce_1.0,1,Glasser,FC->SC,2000,0.5094366073608398,0.929957926273346,0.9999978563267301,0.9985358711566618,0.00450011296197772,0.004499019868671894,0.91419557929039,57.86047477722168,-0.35576171875,0.1091243177652359,0.915822446346283,0.90738663675693,0.26582278481012656,0.0053508467972278595,0.005395330488681793,0.9174361824989319,57.86104202270508,1.0180511474609375,0.10051842778921127,0.9133590459823608,0.8925706771860618,0.1282051282051282,0.005503987427800894
v1,ce_1.0,dose,0.0,1.0,0.0,0.0,1.0,0.0,0,Krakencoder,cl_kraken_v1_ce_1.0,2,Glasser,SC->FC,2000,0.49728134274482727,0.8641827702522278,0.9999571265346021,0.9882869692532943,0.011463135480880737,0.011458392441272735,0.9116382539272309,52.53854217529297,0.022143173217773437,0.07038260996341705,0.8347093462944031,0.7740746675212306,0.08860759493670886,0.013067128136754036,0.013201715424656868,0.904304563999176,52.41691589355469,2.5211830139160156,0.07699313759803772,0.8330669403076172,0.8135174227481919,0.05641025641025641,0.013918537646532059
v1,ce_1.0,dose,0.0,1.0,0.0,0.0,1.0,0.0,0,Krakencoder,cl_kraken_v1_ce_1.0,2,Glasser,FC->SC,2000,0.50943523645401,0.9298657774925232,1.0,1.0,0.004483109340071678,0.004490659711882472,0.9138190507888794,57.846675872802734,-0.35946063995361327,0.10894493758678436,0.9147108793258667,0.8883191796186508,0.1518987341772152,0.005707554519176483,0.005634397268295288,0.9188582897186279,57.83565902709961,1.4995994567871094,0.10292716324329376,0.9143533706665039,0.899171597633136,0.14871794871794872,0.0054175774566829205
v1,ce_1.0,dose,0.0,1.0,0.0,0.0,1.0,0.0,0,Krakencoder,cl_kraken_v1_ce_1.0,3,Glasser,SC->FC,2000,0.5027170777320862,0.8658531904220581,0.9999785632673011,0.9853587115666179,0.01137747522443533,0.011378178000450134,0.9098748445510865,52.59724082946777,-0.01462726593017578,0.07611042261123657,0.8299649357795715,0.7556481333119692,0.12658227848101267,0.014004056341946125,0.013833137229084969,0.9083341956138611,52.43073654174805,2.9217891693115234,0.08193323016166687,0.8306092619895935,0.7891650230111769,0.05641025641025641,0.013660794124007225
v1,ce_1.0,dose,0.0,1.0,0.0,0.0,1.0,0.0,0,Krakencoder,cl_kraken_v1_ce_1.0,3,Glasser,FC->SC,2000,0.5098171830177307,0.9300333261489868,1.0,1.0,0.004492536652833223,0.0044937859755009415,0.9140746235847473,57.86407051086426,-0.3525838851928711,0.10818209499120712,0.9146437048912048,0.883672488383272,0.25316455696202533,0.005322394892573357,0.005343523807823658,0.9158522486686707,57.836605072021484,1.1045722961425781,0.1076253280043602,0.9138864278793335,0.9016173570019724,0.15384615384615385,0.005525941960513592
v1,ce_1.0,dose,0.0,1.0,0.0,0.0,1.0,0.0,0,Krakencoder,cl_kraken_v1_ce_1.0,4,Glasser,SC->FC,2000,0.49893027544021606,0.8641688227653503,0.9999828506138408,0.9882869692532943,0.011310162954032421,0.011304134037345648,0.9117253363132477,52.514152908325194,0.014347076416015625,0.07739412039518356,0.8304709196090698,0.8069219676333921,0.10126582278481013,0.014337815344333649,0.01442715059965849,0.9156354665756226,52.232181549072266,2.888294219970703,0.08243142068386078,0.8357329368591309,0.8189086127547666,0.07692307692307693,0.013948622159659863
v1,ce_1.0,dose,0.0,1.0,0.0,0.0,1.0,0.0,0,Krakencoder,cl_kraken_v1_ce_1.0,4,Glasser,FC->SC,2000,0.5092655420303345,0.9297869801521301,0.9999978563267301,0.9985358711566618,0.004524541087448597,0.0045286630745977165,0.913283908367157,57.84104766845703,-0.3273303985595703,0.11044089496135712,0.9150015115737915,0.9112321743310366,0.2911392405063291,0.005374484695494175,0.00534792197868228,0.9140858054161072,57.87423324584961,1.2581233978271484,0.10827287286520004,0.914760410785675,0.9128731097961867,0.1641025641025641,0.005361031740903854
v1,nd_0.1,dose,0.0,0.0,0.1,0.0,0.0,0.1,0,Krakencoder,cl_kraken_v1_nd_0.1,0,Glasser,SC->FC,2000,0.5154215097427368,0.8688809275627136,0.9976098043040672,0.8872620790629575,0.010952606797218323,0.01092956755310297,0.8771523535251617,52.37010726928711,-0.06506538391113281,0.05396474897861481,0.8254309296607971,0.6122416279442398,0.05063291139240506,0.014822207391262054,0.014797011390328407,0.8854666352272034,52.0125732421875,4.063222885131836,0.07920005172491074,0.8354309797286987,0.6799999999999999,0.05128205128205128,0.013620564714074135
v1,nd_0.1,dose,0.0,0.0,0.1,0.0,0.0,0.1,0,Krakencoder,cl_kraken_v1_nd_0.1,0,Glasser,FC->SC,2000,0.5130897760391235,0.9298641681671143,1.0,1.0,0.004471790045499802,0.0044717119541019205,0.9071978569030762,57.83451919555664,-0.3262014389038086,0.13256870210170746,0.9165375232696533,0.8942477167120654,0.21518987341772153,0.005194930359721184,0.005224523134529591,0.9066832661628723,57.90265655517578,1.072397232055664,0.13163338601589203,0.9151298999786377,0.8849967126890204,0.12307692307692308,0.005415668711066246
v1,nd_0.1,dose,0.0,0.0,0.1,0.0,0.0,0.1,0,Krakencoder,cl_kraken_v1_nd_0.1,1,Glasser,SC->FC,2000,0.5172914266586304,0.8701907992362976,0.998002096512458,0.8945827232796486,0.01092425175011158,0.010903936438262462,0.881255465745926,52.51986236572266,-0.09665336608886718,0.08125267177820206,0.8328067660331726,0.6846659189232495,0.06329113924050633,0.01397012360394001,0.014234612695872784,0.8787132501602173,52.402557373046875,3.3248443603515625,0.0777166560292244,0.8259196877479553,0.6735305719921105,0.046153846153846156,0.014177649281919003
v1,nd_0.1,dose,0.0,0.0,0.1,0.0,0.0,0.1,0,Krakencoder,cl_kraken_v1_nd_0.1,1,Glasser,FC->SC,2000,0.5130578875541687,0.9301010966300964,0.9999957126534602,0.9970717423133236,0.004458495415747166,0.004457091121003032,0.9071241617202759,57.856048583984375,-0.34506587982177733,0.1382584571838379,0.9166591763496399,0.9105912514020189,0.22784810126582278,0.005278438795357943,0.005316054914146662,0.9110404849052429,57.860504150390625,1.0013675689697266,0.13247041404247284,0.9143043160438538,0.8988823142669297,0.1282051282051282,0.005423536524176598
v1,nd_0.1,dose,0.0,0.0,0.1,0.0,0.0,0.1,0,Krakencoder,cl_kraken_v1_nd_0.1,2,Glasser,SC->FC,2000,0.5110936760902405,0.8684834241867065,0.995003097607875,0.8609077598828697,0.011066704988479614,0.011055281199514867,0.8816808223724365,52.4005313873291,0.05350437164306641,0.06727655231952667,0.8328706622123718,0.6322704694760455,0.06329113924050633,0.013253726996481419,0.013373025692999363,0.8704030513763428,52.26921463012695,3.09783935546875,0.09002578258514404,0.8330946564674377,0.6843392504930967,0.02564102564102564,0.013929012231528759
v1,nd_0.1,dose,0.0,0.0,0.1,0.0,0.0,0.1,0,Krakencoder,cl_kraken_v1_nd_0.1,2,Glasser,FC->SC,2000,0.5124533176422119,0.929958164691925,0.9999935689801903,0.9956076134699854,0.0044457619078457355,0.0044536962639540436,0.9073697865009308,57.84376182556152,-0.3361948013305664,0.1453355848789215,0.9157376885414124,0.8960102547668642,0.16455696202531644,0.005610845983028412,0.005538870580494404,0.9106419086456299,57.8322639465332,1.396829605102539,0.12884697318077087,0.9151166677474976,0.9027481919789612,0.13333333333333333,0.005358100403100252
v1,nd_0.1,dose,0.0,0.0,0.1,0.0,0.0,0.1,0,Krakencoder,cl_kraken_v1_nd_0.1,3,Glasser,SC->FC,2000,0.5129419565200806,0.8695967197418213,0.9977791544923889,0.8916544655929722,0.011015772819519043,0.011011581495404243,0.8815646409988404,52.46726493835449,0.013056373596191407,0.07967273890972137,0.8285404443740845,0.6324307002083,0.05063291139240506,0.014107516035437584,0.013950899243354797,0.8744766116142273,52.28338623046875,3.5255489349365234,0.09144443273544312,0.830559492111206,0.6883366206443129,0.041025641025641026,0.013696054928004742
v1,nd_0.1,dose,0.0,0.0,0.1,0.0,0.0,0.1,0,Krakencoder,cl_kraken_v1_nd_0.1,3,Glasser,FC->SC,2000,0.5140933394432068,0.9302042126655579,0.9999978563267301,0.9985358711566618,0.004447722341865301,0.0044490544125437735,0.9063783884048462,57.8584400177002,-0.34159145355224607,0.1378377377986908,0.9154244661331177,0.8806281044704374,0.26582278481012656,0.005254306364804506,0.005271684378385544,0.9085373878479004,57.8348274230957,1.1296234130859375,0.13863874971866608,0.9147666096687317,0.9076923076923077,0.1282051282051282,0.005449084099382162
v1,nd_0.1,dose,0.0,0.0,0.1,0.0,0.0,0.1,0,Krakencoder,cl_kraken_v1_nd_0.1,4,Glasser,SC->FC,2000,0.5131078362464905,0.868452787399292,0.9969538402834793,0.8872620790629575,0.010913487523794174,0.01090515088289976,0.8810950517654419,52.36741333007812,0.03276882171630859,0.0893077477812767,0.8302597999572754,0.6716872296106393,0.0759493670886076,0.014344561845064163,0.014428531751036644,0.8863375186920166,52.08647155761719,3.254068374633789,0.09170807152986526,0.8352755308151245,0.6880999342537804,0.06666666666666667,0.01399248093366623
v1,nd_0.1,dose,0.0,0.0,0.1,0.0,0.0,0.1,0,Krakencoder,cl_kraken_v1_nd_0.1,4,Glasser,FC->SC,2000,0.5129889249801636,0.929868221282959,0.9999935689801903,0.9956076134699854,0.0044869021512568,0.004491028934717178,0.907415920495987,57.839944458007814,-0.3086540222167969,0.1413402408361435,0.9159637689590454,0.917801634353469,0.27848101265822783,0.005296516697853804,0.005277776625007391,0.9091499447822571,57.87782287597656,1.2130393981933594,0.13875146210193634,0.9156824350357056,0.9150821827744905,0.16923076923076924,0.005285197868943214
v1,nd_1.0,dose,0.0,0.0,1.0,0.0,0.0,1.0,0,Krakencoder,cl_kraken_v1_nd_1.0,0,Glasser,SC->FC,2000,0.5167601704597473,0.8693304061889648,0.9978134532647072,0.890190336749634,0.010917157866060734,0.01089411610737443,0.8738708198070526,52.35078125,-0.13388118743896485,0.054619669914245605,0.8252419829368591,0.6146450889280564,0.05063291139240506,0.014836792834103107,0.014812363311648369,0.8822580575942993,51.992523193359375,4.05152702331543,0.0796409621834755,0.8352579474449158,0.6829980276134122,0.05128205128205128,0.013634130358695984
v1,nd_1.0,dose,0.0,0.0,1.0,0.0,0.0,1.0,0,Krakencoder,cl_kraken_v1_nd_1.0,0,Glasser,FC->SC,2000,0.5140413045883179,0.9301303625106812,1.0,1.0,0.004455162212252617,0.004455072153359651,0.9035417914390564,57.82374382019043,-0.37427463531494143,0.13187649846076965,0.9164470434188843,0.895209101105592,0.21518987341772153,0.00520040700212121,0.005230154376477003,0.9032180309295654,57.89247512817383,1.0666389465332031,0.13088193535804749,0.9150354862213135,0.8851808021038791,0.12307692307692308,0.005421087611466646
v1,nd_1.0,dose,0.0,0.0,1.0,0.0,0.0,1.0,0,Krakencoder,cl_kraken_v1_nd_1.0,1,Glasser,SC->FC,2000,0.5185945630073547,0.8706412315368652,0.9982207511859872,0.9019033674963397,0.01088862307369709,0.010868408903479575,0.8779500544071197,52.50053176879883,-0.16621150970458984,0.08125674724578857,0.8326116800308228,0.6864284569780483,0.06329113924050633,0.013985875062644482,0.014250428415834904,0.8754616379737854,52.38405990600586,3.318510055541992,0.07787393778562546,0.825736939907074,0.6759500328731098,0.046153846153846156,0.014192948117852211
v1,nd_1.0,dose,0.0,0.0,1.0,0.0,0.0,1.0,0,Krakencoder,cl_kraken_v1_nd_1.0,1,Glasser,FC->SC,2000,0.5140128135681152,0.9303608536720276,0.9999978563267301,0.9985358711566618,0.0044422573409974575,0.004440858215093613,0.9035525679588318,57.84560356140137,-0.39202194213867186,0.13767488300800323,0.9165762662887573,0.9109117128665278,0.22784810126582278,0.005283001810312271,0.005320972763001919,0.9076951146125793,57.850711822509766,0.9942626953125,0.13165953755378723,0.9142125844955444,0.899250493096647,0.1282051282051282,0.005428926553577185
v1,nd_1.0,dose,0.0,0.0,1.0,0.0,0.0,1.0,0,Krakencoder,cl_kraken_v1_nd_1.0,2,Glasser,SC->FC,2000,0.5123806595802307,0.8689367771148682,0.9952924934993108,0.8667642752562226,0.011030723340809345,0.01101952577009797,0.8783402562141418,52.38072242736816,-0.01672496795654297,0.06740771979093552,0.8326595425605774,0.6351546226566256,0.05063291139240506,0.013271316885948181,0.01339028961956501,0.866882860660553,52.24965286254883,3.0900230407714844,0.08994029462337494,0.8328943252563477,0.6866798159105851,0.02564102564102564,0.01394501980394125
v1,nd_1.0,dose,0.0,0.0,1.0,0.0,0.0,1.0,0,Krakencoder,cl_kraken_v1_nd_1.0,2,Glasser,FC->SC,2000,0.5134305953979492,0.9302162528038025,0.9999935689801903,0.9956076134699854,0.004429683554917574,0.004437647806480527,0.9038474023342132,57.833356857299805,-0.3826272964477539,0.1447906792163849,0.9156523942947388,0.8961704854991187,0.1518987341772152,0.005615072324872017,0.005543006584048271,0.9073858857154846,57.82250213623047,1.387094497680664,0.12820379436016083,0.9150280952453613,0.9026692965154504,0.13846153846153847,0.005363264586776495
v1,nd_1.0,dose,0.0,0.0,1.0,0.0,0.0,1.0,0,Krakencoder,cl_kraken_v1_nd_1.0,3,Glasser,SC->FC,2000,0.514280378818512,0.870055079460144,0.9979656540668698,0.8916544655929722,0.010979642160236835,0.010975643992424011,0.8782181441783905,52.447440719604494,-0.05606002807617187,0.07986722141504288,0.8283342719078064,0.6354750841211345,0.05063291139240506,0.014123892411589622,0.013967489823698997,0.8710572719573975,52.26350784301758,3.5123977661132812,0.09134932607412338,0.8303570747375488,0.6905982905982906,0.041025641025641026,0.013712712563574314
v1,nd_1.0,dose,0.0,0.0,1.0,0.0,0.0,1.0,0,Krakencoder,cl_kraken_v1_nd_1.0,3,Glasser,FC->SC,2000,0.5150490403175354,0.9304649829864502,0.9999978563267301,0.9985358711566618,0.004431434907019138,0.004432767862454057,0.902783477306366,57.847882461547854,-0.3887443542480469,0.13714571297168732,0.9153381586074829,0.8809485659349463,0.26582278481012656,0.005259314551949501,0.005276773124933243,0.9051181674003601,57.824790954589844,1.123056411743164,0.13802964985370636,0.9146855473518372,0.9081656804733728,0.13846153846153847,0.005453778430819511
v1,nd_1.0,dose,0.0,0.0,1.0,0.0,0.0,1.0,0,Krakencoder,cl_kraken_v1_nd_1.0,4,Glasser,SC->FC,2000,0.5143998265266418,0.8689070343971252,0.9972282304620259,0.8945827232796486,0.010877998545765877,0.01086972039192915,0.8778139531612397,52.34796371459961,-0.036061668395996095,0.08949660509824753,0.8300683498382568,0.6753725364524916,0.0759493670886076,0.014358949847519398,0.014442166313529015,0.8832725882530212,52.06770324707031,3.241945266723633,0.09170898050069809,0.835074245929718,0.6910453648915187,0.06666666666666667,0.014007237739861012
v1,nd_1.0,dose,0.0,0.0,1.0,0.0,0.0,1.0,0,Krakencoder,cl_kraken_v1_nd_1.0,4,Glasser,FC->SC,2000,0.5138644576072693,0.9301271438598633,0.9999957126534602,0.9970717423133236,0.0044706580229103565,0.004474792489781975,0.9038389325141907,57.82941360473633,-0.35607337951660156,0.14056150615215302,0.9158759713172913,0.9182823265502323,0.2911392405063291,0.005301857367157936,0.005282977130264044,0.905770480632782,57.867923736572266,1.2047748565673828,0.13797539472579956,0.9155936241149902,0.9157922419460881,0.16923076923076924,0.005290604196488857
v1,all_0.1,dose,0.1,0.1,0.1,0.9199999999999999,0.1,0.1,0,Krakencoder,cl_kraken_v1_all_0.1,0,Glasser,SC->FC,2000,0.517947256565094,0.8795014023780823,0.9987631005232707,0.9355783308931186,0.010084211826324463,0.010065867938101292,0.697175133228302,51.32019233703613,-1.7354751586914063,0.05927411839365959,0.813864529132843,0.6226566255407787,0.05063291139240506,0.01585611328482628,0.015816260129213333,0.7161635756492615,51.015106201171875,4.268077850341797,0.08069372922182083,0.8232933878898621,0.6797107166337936,0.046153846153846156,0.014625116251409054
v1,all_0.1,dose,0.1,0.1,0.1,0.9199999999999999,0.1,0.1,0,Krakencoder,cl_kraken_v1_all_0.1,0,Glasser,FC->SC,2000,0.5196639895439148,0.9362764358520508,1.0,1.0,0.004054417368024588,0.004053396708332002,0.7299245476722718,57.31286888122558,-1.6546424865722655,0.13545231521129608,0.9121537208557129,0.8971318698926454,0.21518987341772153,0.005452651530504227,0.005482735112309456,0.7302191257476807,57.401206970214844,0.997802734375,0.1315707564353943,0.9104321002960205,0.8810782380013149,0.11794871794871795,0.005689005367457867
v1,all_0.1,dose,0.1,0.1,0.1,0.9199999999999999,0.1,0.1,0,Krakencoder,cl_kraken_v1_all_0.1,1,Glasser,SC->FC,2000,0.5199468731880188,0.8809224367141724,0.9986773535924749,0.9385065885797951,0.010044111870229244,0.010033417120575904,0.7035098314285279,51.49832534790039,-1.790693473815918,0.08292534947395325,0.8213645815849304,0.6811408428136516,0.0759493670886076,0.014990090392529964,0.01528682466596365,0.7000165581703186,51.357791900634766,3.6331787109375,0.07758337259292603,0.8143958449363708,0.6701906640368179,0.06153846153846154,0.01517041027545929
v1,all_0.1,dose,0.1,0.1,0.1,0.9199999999999999,0.1,0.1,0,Krakencoder,cl_kraken_v1_all_0.1,1,Glasser,FC->SC,2000,0.5196865797042847,0.9364902973175049,0.9999978563267301,0.9985358711566618,0.00404204661026597,0.004041327908635139,0.7302925229072571,57.34039573669433,-1.678244400024414,0.14002715051174164,0.9124504923820496,0.9094696362762378,0.27848101265822783,0.005517799872905016,0.005555401556193829,0.7436674237251282,57.378395080566406,0.9204387664794922,0.1318844109773636,0.9097739458084106,0.8954898093359632,0.13333333333333333,0.00568870734423399
v1,all_0.1,dose,0.1,0.1,0.1,0.9199999999999999,0.1,0.1,0,Krakencoder,cl_kraken_v1_all_0.1,2,Glasser,SC->FC,2000,0.5135944485664368,0.8791290521621704,0.9952839188062312,0.9121522693997072,0.010198677890002728,0.010188468638807536,0.7032530784606934,51.35880966186524,-1.65356388092041,0.06731074303388596,0.8200384378433228,0.6253805479891044,0.0759493670886076,0.014360737055540085,0.014460450038313866,0.6826534271240234,51.25328063964844,3.4800949096679688,0.09190769493579865,0.8223443627357483,0.6889414858645628,0.03076923076923077,0.014830924570560455
v1,all_0.1,dose,0.1,0.1,0.1,0.9199999999999999,0.1,0.1,0,Krakencoder,cl_kraken_v1_all_0.1,2,Glasser,FC->SC,2000,0.519437313079834,0.9363743662834167,0.9999978563267301,0.9985358711566618,0.00402909005060792,0.004038045974448323,0.7300721228122711,57.3223819732666,-1.6548962593078613,0.14680223166942596,0.9114415645599365,0.9014580996635154,0.16455696202531644,0.005849817302078009,0.00576422456651926,0.741626501083374,57.33345031738281,1.179250717163086,0.1300402581691742,0.9105677008628845,0.8981459566074951,0.16923076923076924,0.005632729735225439
v1,all_0.1,dose,0.1,0.1,0.1,0.9199999999999999,0.1,0.1,0,Krakencoder,cl_kraken_v1_all_0.1,3,Glasser,SC->FC,2000,0.5155007839202881,0.8802234530448914,0.9985251527903123,0.9399707174231332,0.010143058374524117,0.010140529554337262,0.70500608086586,51.443577194213866,-1.7086244583129884,0.081590935587883,0.8162595629692078,0.6359557763178978,0.05063291139240506,0.015129436738789082,0.014993282966315746,0.6911736726760864,51.263973236083984,3.714519500732422,0.09263095259666443,0.8196115493774414,0.68991452991453,0.046153846153846156,0.014639456756412983
v1,all_0.1,dose,0.1,0.1,0.1,0.9199999999999999,0.1,0.1,0,Krakencoder,cl_kraken_v1_all_0.1,3,Glasser,FC->SC,2000,0.5206735730171204,0.93658846616745,0.9999978563267301,0.9985358711566618,0.004031618591398001,0.004034149926155806,0.7289524555206299,57.33893661499023,-1.6700663566589355,0.13980327546596527,0.9109839200973511,0.8838327191155264,0.3037974683544304,0.005509270820766687,0.005527949891984463,0.7358692288398743,57.32709884643555,1.0715408325195312,0.13920503854751587,0.9104997515678406,0.9032741617357002,0.14871794871794872,0.005701565183699131
v1,all_0.1,dose,0.1,0.1,0.1,0.9199999999999999,0.1,0.1,0,Krakencoder,cl_kraken_v1_all_0.1,4,Glasser,SC->FC,2000,0.5162914395332336,0.8791670203208923,0.9979442173341708,0.9194729136163983,0.010043651796877384,0.010039037000387907,0.7038915038108826,51.326395416259764,-1.683515739440918,0.08872997760772705,0.8187315464019775,0.6742509213267105,0.05063291139240506,0.015269949100911617,0.015343993902206421,0.7184233069419861,51.07122802734375,3.404449462890625,0.09258057177066803,0.8240403532981873,0.6874950690335306,0.06153846153846154,0.01490267924964428
v1,all_0.1,dose,0.1,0.1,0.1,0.9199999999999999,0.1,0.1,0,Krakencoder,cl_kraken_v1_all_0.1,4,Glasser,FC->SC,2000,0.5196452736854553,0.936279833316803,0.9999957126534602,0.9970717423133236,0.004065980203449726,0.004070421308279037,0.7305971443653106,57.322491836547854,-1.6480095863342286,0.1408694088459015,0.9115912318229675,0.9141163275116168,0.31645569620253167,0.00555921858176589,0.005539351142942905,0.7381192445755005,57.38553237915039,1.0405559539794922,0.13934572041034698,0.9112371206283569,0.9178435239973701,0.15384615384615385,0.005548860877752304
v1,all_1.0,dose,1.0,1.0,1.0,9.2,1.0,1.0,0,Krakencoder,cl_kraken_v1_all_1.0,0,Glasser,SC->FC,2000,0.5233638882637024,0.8824359178543091,0.9998542302176472,0.9707174231332357,0.009836684912443161,0.0098173919133842,0.5599384725093841,50.39048309326172,-3.3360382080078126,0.06494276970624924,0.8014464974403381,0.6768146130427817,0.06329113924050633,0.016841363161802292,0.016818033531308174,0.5811486840248108,50.05272674560547,3.8834495544433594,0.0841866135597229,0.8115436434745789,0.7237080867850099,0.041025641025641026,0.015584263019263744
v1,all_1.0,dose,1.0,1.0,1.0,9.2,1.0,1.0,0,Krakencoder,cl_kraken_v1_all_1.0,0,Glasser,FC->SC,2000,0.5212200880050659,0.9380566477775574,1.0,1.0,0.003941555041819811,0.003940601740032435,0.5775306820869446,56.78475646972656,-2.5843724250793456,0.12187907099723816,0.90543532371521,0.8948886396410831,0.13924050632911392,0.005865604151040316,0.0058946795761585236,0.5824005007743835,56.89474868774414,0.9681034088134766,0.11905407905578613,0.9039006233215332,0.8757659434582512,0.1076923076923077,0.0060930498875677586
v1,all_1.0,dose,1.0,1.0,1.0,9.2,1.0,1.0,0,Krakencoder,cl_kraken_v1_all_1.0,1,Glasser,SC->FC,2000,0.5244042277336121,0.8838446736335754,0.9998392245047579,0.9707174231332357,0.009794230572879314,0.009786753635853528,0.5636055409908295,50.56458435058594,-3.375658416748047,0.08240063488483429,0.8096191883087158,0.7375420605672167,0.08860759493670886,0.0159566942602396,0.016252344474196434,0.561328649520874,50.439945220947266,3.2978858947753906,0.08018377423286438,0.8026301264762878,0.7134779750164366,0.046153846153846156,0.01614876091480255
v1,all_1.0,dose,1.0,1.0,1.0,9.2,1.0,1.0,0,Krakencoder,cl_kraken_v1_all_1.0,1,Glasser,FC->SC,2000,0.5211707353591919,0.9382684230804443,0.9999978563267301,0.9985358711566618,0.003929662052541971,0.003928484674543142,0.5781819880008697,56.81626091003418,-2.602281951904297,0.12828019261360168,0.9061388373374939,0.9065854830956578,0.22784810126582278,0.0059045408852398396,0.0059472848661243916,0.5994173288345337,56.8836669921875,0.8649787902832031,0.11830851435661316,0.9031191468238831,0.8870479947403025,0.13846153846153847,0.006101235747337341
v1,all_1.0,dose,1.0,1.0,1.0,9.2,1.0,1.0,0,Krakencoder,cl_kraken_v1_all_1.0,2,Glasser,SC->FC,2000,0.5188081860542297,0.8819061517715454,0.9990053356027687,0.9472913616398243,0.009958441369235516,0.009954809490591288,0.5631823241710663,50.41926879882813,-3.247333526611328,0.07093054056167603,0.807859480381012,0.6854670725845218,0.0759493670886076,0.015354827977716923,0.01546390913426876,0.5354147553443909,50.31319046020508,3.1504764556884766,0.08848966658115387,0.8097958564758301,0.7331229454306377,0.046153846153846156,0.015864932909607887
v1,all_1.0,dose,1.0,1.0,1.0,9.2,1.0,1.0,0,Krakencoder,cl_kraken_v1_all_1.0,2,Glasser,FC->SC,2000,0.5208616852760315,0.9381323456764221,0.9999978563267301,0.9985358711566618,0.0039176638238132,0.003926365287043154,0.5784983158111572,56.796600341796875,-2.57636137008667,0.13119065761566162,0.9049804210662842,0.8928056401217753,0.13924050632911392,0.006257039960473776,0.00616840273141861,0.6021077036857605,56.83987045288086,1.1314411163330078,0.1192178875207901,0.9041751027107239,0.8955161078238001,0.14871794871794872,0.006026798393577337
v1,all_1.0,dose,1.0,1.0,1.0,9.2,1.0,1.0,0,Krakencoder,cl_kraken_v1_all_1.0,3,Glasser,SC->FC,2000,0.5207476615905762,0.8831548690795898,0.9999142530692042,0.9751098096632503,0.009894954971969128,0.009894605353474617,0.5645291030406951,50.51256103515625,-3.294700050354004,0.0828428715467453,0.8049600124359131,0.6851466111200128,0.08860759493670886,0.01610605977475643,0.015978356823325157,0.5536097288131714,50.380409240722656,3.3394947052001953,0.09145542979240417,0.8075266480445862,0.7266535174227482,0.05641025641025641,0.015650544315576553
v1,all_1.0,dose,1.0,1.0,1.0,9.2,1.0,1.0,0,Krakencoder,cl_kraken_v1_all_1.0,3,Glasser,FC->SC,2000,0.5219435095787048,0.9383410811424255,1.0,1.0,0.003919700160622597,0.003922758321277797,0.5773985743522644,56.8139102935791,-2.5966948509216308,0.12750153243541718,0.9045935273170471,0.8825508732574908,0.27848101265822783,0.00589772267267108,0.005923636723309755,0.5894643664360046,56.81534957885742,0.9858989715576172,0.12622319161891937,0.9041005969047546,0.8965417488494412,0.14871794871794872,0.006101201754063368
v1,all_1.0,dose,1.0,1.0,1.0,9.2,1.0,1.0,0,Krakencoder,cl_kraken_v1_all_1.0,4,Glasser,SC->FC,2000,0.5208727717399597,0.8819952011108398,0.9998477991978375,0.9575402635431918,0.00980395544320345,0.009801642782986165,0.5651059687137604,50.39640502929687,-3.269268035888672,0.0854487493634224,0.8062747716903687,0.7181541419644288,0.06329113924050633,0.016297603026032448,0.01635168306529522,0.5864471793174744,50.157066345214844,3.1007747650146484,0.0911131277680397,0.8118420839309692,0.7365154503616043,0.08205128205128205,0.015894562005996704
v1,all_1.0,dose,1.0,1.0,1.0,9.2,1.0,1.0,0,Krakencoder,cl_kraken_v1_all_1.0,4,Glasser,FC->SC,2000,0.5207906365394592,0.9380219578742981,1.0,1.0,0.003954751417040825,0.003959393384866417,0.5776785671710968,56.79504814147949,-2.576550769805908,0.12809337675571442,0.9050337672233582,0.90450248357635,0.3037974683544304,0.005963984876871109,0.005942999850958586,0.587719738483429,56.8685188293457,0.9612350463867188,0.12704551219940186,0.9047333598136902,0.9150032873109796,0.13846153846153847,0.0059496560133993626
v1,kraken_default,reference,0.0,1.0,1.0,0.0,1.0,1.0,0,Krakencoder,cl_kraken_v1_kraken_default,0,Glasser,SC->FC,2000,0.502271831035614,0.8649963140487671,0.9999828506138408,0.9882869692532943,0.01133088767528534,0.011307395622134208,0.9059231877326965,52.49867210388184,-0.17072029113769532,0.065248504281044,0.8268824815750122,0.750520749879827,0.10126582278481013,0.014636378735303879,0.01465446688234806,0.9105256795883179,52.12138748168945,3.5089073181152344,0.08064346760511398,0.8365660905838013,0.8008678500986194,0.07692307692307693,0.013507287949323654
v1,kraken_default,reference,0.0,1.0,1.0,0.0,1.0,1.0,0,Krakencoder,cl_kraken_v1_kraken_default,0,Glasser,FC->SC,2000,0.5095690488815308,0.9300056099891663,1.0,1.0,0.0044943601824343204,0.004495163401588798,0.9098073244094849,57.82653388977051,-0.3860027313232422,0.10152001678943634,0.9154603481292725,0.8873577952251241,0.20253164556962025,0.005278747528791428,0.005312574561685324,0.909784197807312,57.892417907714844,1.1120281219482422,0.10217846930027008,0.9142008423805237,0.8811045364891519,0.1282051282051282,0.005496606696397066
v1,kraken_default,reference,0.0,1.0,1.0,0.0,1.0,1.0,0,Krakencoder,cl_kraken_v1_kraken_default,1,Glasser,SC->FC,2000,0.5046169757843018,0.8669367432594299,0.9999785632673011,0.9853587115666179,0.011252693831920624,0.011229919642210007,0.9056475222110748,52.62177925109863,-0.2104848861694336,0.07573055475950241,0.8332259654998779,0.7976285851626341,0.12658227848101267,0.013861951418220997,0.014107126742601395,0.9055661559104919,52.524932861328125,2.7504348754882812,0.07767876982688904,0.8267599940299988,0.7875608152531229,0.06666666666666667,0.01408022828400135
v1,kraken_default,reference,0.0,1.0,1.0,0.0,1.0,1.0,0,Krakencoder,cl_kraken_v1_kraken_default,1,Glasser,FC->SC,2000,0.5103231072425842,0.9302580952644348,0.9999978563267301,0.9985358711566618,0.004480546806007624,0.004479465447366238,0.9098991334438324,57.84794998168945,-0.40648479461669923,0.10967225581407547,0.9157417416572571,0.9078673289536934,0.26582278481012656,0.005354624707251787,0.005399148911237717,0.9133381843566895,57.84916305541992,1.0113525390625,0.10104655474424362,0.9132707715034485,0.8932281393819855,0.13333333333333333,0.005508363246917725
v1,kraken_default,reference,0.0,1.0,1.0,0.0,1.0,1.0,0,Krakencoder,cl_kraken_v1_kraken_default,2,Glasser,SC->FC,2000,0.4979480504989624,0.8647605776786804,0.9999549828613322,0.9882869692532943,0.0114163001999259,0.011411739327013493,0.907159048318863,52.51242027282715,-0.053261184692382814,0.0702512115240097,0.8344229459762573,0.7735939753244672,0.08860759493670886,0.013090571388602257,0.013224431313574314,0.8994770646095276,52.39082717895508,2.5249385833740234,0.07720719277858734,0.8328263759613037,0.8132281393819856,0.05641025641025641,0.013937493786215782
v1,kraken_default,reference,0.0,1.0,1.0,0.0,1.0,1.0,0,Krakencoder,cl_kraken_v1_kraken_default,2,Glasser,FC->SC,2000,0.5103701949119568,0.9301661252975464,1.0,1.0,0.004463525023311377,0.004471135092899203,0.9095256805419922,57.83409576416015,-0.41005764007568357,0.10992512851953506,0.914634108543396,0.8883191796186508,0.13924050632911392,0.005710050463676453,0.005636636633425951,0.9148054718971252,57.8236083984375,1.4881095886230469,0.10344473272562027,0.914267361164093,0.8995134779750165,0.14871794871794872,0.0054219686426222324
v1,kraken_default,reference,0.0,1.0,1.0,0.0,1.0,1.0,0,Krakencoder,cl_kraken_v1_kraken_default,3,Glasser,SC->FC,2000,0.5034834742546082,0.8664496541023254,0.9999785632673011,0.9853587115666179,0.01132900919765234,0.01132980389520526,0.905300772190094,52.57056884765625,-0.09079952239990234,0.07624074071645737,0.8296923041343689,0.7550072103829515,0.12658227848101267,0.014024588279426098,0.01385397370904684,0.9036892652511597,52.40458297729492,2.9206085205078125,0.082157664000988,0.8303749561309814,0.7887442472057857,0.05641025641025641,0.013679874129593372
v1,kraken_default,reference,0.0,1.0,1.0,0.0,1.0,1.0,0,Krakencoder,cl_kraken_v1_kraken_default,3,Glasser,FC->SC,2000,0.5107007026672363,0.93033367395401,1.0,1.0,0.004473006818443537,0.00447425632737577,0.9097719728946686,57.8514404296875,-0.40325298309326174,0.10870229452848434,0.9145625829696655,0.8835122576510175,0.26582278481012656,0.005326495040208101,0.005347606725990772,0.9116959571838379,57.82448196411133,1.0998973846435547,0.10831688344478607,0.913810133934021,0.9024063116370808,0.15384615384615385,0.005529513582587242
v1,kraken_default,reference,0.0,1.0,1.0,0.0,1.0,1.0,0,Krakencoder,cl_kraken_v1_kraken_default,4,Glasser,SC->FC,2000,0.499625563621521,0.8647463321685791,0.9999828506138408,0.9882869692532943,0.011263946071267128,0.011257983278483152,0.9073044896125794,52.48823356628418,-0.05940093994140625,0.07752640545368195,0.8302193284034729,0.805800352507611,0.10126582278481013,0.014356788247823715,0.014444978907704353,0.9114494323730469,52.20673370361328,2.883373260498047,0.08270008116960526,0.8354924321174622,0.8183037475345167,0.07692307692307693,0.013966241851449013
v1,kraken_default,reference,0.0,1.0,1.0,0.0,1.0,1.0,0,Krakencoder,cl_kraken_v1_kraken_default,4,Glasser,FC->SC,2000,0.5101519823074341,0.9300875067710876,0.9999978563267301,0.9985358711566618,0.004504811018705368,0.004508947301656008,0.9089498043060302,57.828376388549806,-0.3790615081787109,0.11101483553647995,0.9149221777915955,0.912033327992309,0.2911392405063291,0.005378528963774443,0.005352152045816183,0.9098695516586304,57.86200714111328,1.249795913696289,0.10888481885194778,0.9146789312362671,0.9133201840894148,0.1641025641025641,0.005365049000829458
v1,vm_2.0,extension,2.0,0.0,0.0,18.4,0.0,0.0,0,Krakencoder,cl_kraken_v1_vm_2.0,0,Glasser,SC->FC,2000,0.5149602293968201,0.881214439868927,0.9979184932549321,0.9150805270863837,0.009929517284035683,0.009919913951307535,0.46146943867206575,49.83659629821777,-3.0546375274658204,0.05726958066225052,0.7949202060699463,0.6107995513539497,0.06329113924050633,0.01765371300280094,0.01760808750987053,0.4927438497543335,49.59654998779297,4.644458770751953,0.07988349348306656,0.8038142323493958,0.659776462853386,0.041025641025641026,0.0163466464728117
v1,vm_2.0,extension,2.0,0.0,0.0,18.4,0.0,0.0,0,Krakencoder,cl_kraken_v1_vm_2.0,0,Glasser,FC->SC,2000,0.5197544693946838,0.93789142370224,0.9999957126534602,0.9970717423133236,0.00394081836566329,0.003939733747392893,0.5148877441883087,56.6150390625,-2.6919713020324707,0.13737808167934418,0.9045726656913757,0.8868771030283609,0.16455696202531644,0.005929028149694204,0.005959166679531336,0.5153802037239075,56.717041015625,1.0078811645507812,0.1340063214302063,0.9028983116149902,0.8629322813938198,0.09230769230769231,0.006169473752379417
v1,vm_2.0,extension,2.0,0.0,0.0,18.4,0.0,0.0,0,Krakencoder,cl_kraken_v1_vm_2.0,1,Glasser,SC->FC,2000,0.5170040130615234,0.8829653263092041,0.9979720850866795,0.9443631039531479,0.009869893081486225,0.009867326728999615,0.47244841754436495,50.0715991973877,-3.1195497512817383,0.08365674316883087,0.8030939698219299,0.6668803076430059,0.06329113924050633,0.016706671565771103,0.01703263632953167,0.4690820276737213,49.90251159667969,4.0436248779296875,0.07627552002668381,0.7962578535079956,0.6548849441157133,0.041025641025641026,0.016822021454572678
v1,vm_2.0,extension,2.0,0.0,0.0,18.4,0.0,0.0,0,Krakencoder,cl_kraken_v1_vm_2.0,1,Glasser,FC->SC,2000,0.5192891359329224,0.9381067156791687,0.9999978563267301,0.9985358711566618,0.00393079174682498,0.003929963055998087,0.5149556696414948,56.649528884887694,-2.716854763031006,0.1428074687719345,0.9053043127059937,0.895529562570101,0.21518987341772153,0.005963723175227642,0.00600002147257328,0.5375082492828369,56.723114013671875,0.8974361419677734,0.13383744657039642,0.9023299813270569,0.8731623931623932,0.08205128205128205,0.0061616660095751286
v1,vm_2.0,extension,2.0,0.0,0.0,18.4,0.0,0.0,0,Krakencoder,cl_kraken_v1_vm_2.0,2,Glasser,SC->FC,2000,0.5107460618019104,0.8807940483093262,0.9941520593197267,0.91800878477306,0.010055513121187687,0.010042853280901909,0.46917013823986053,49.88690299987793,-3.0153942108154297,0.06749500334262848,0.8008108735084534,0.6184906265021631,0.06329113924050633,0.01615511253476143,0.016264280304312706,0.4414833188056946,49.816200256347656,3.9967117309570312,0.09238903224468231,0.8048422932624817,0.671663379355687,0.02564102564102564,0.01639789529144764
v1,vm_2.0,extension,2.0,0.0,0.0,18.4,0.0,0.0,0,Krakencoder,cl_kraken_v1_vm_2.0,2,Glasser,FC->SC,2000,0.5192480683326721,0.9379560947418213,0.9999957126534602,0.9970717423133236,0.003918221686035395,0.003928064345382154,0.5136734843254089,56.62225189208984,-2.676420307159424,0.15049822628498077,0.9043373465538025,0.8950488703733376,0.13924050632911392,0.006310948636382818,0.006217986345291138,0.5315884351730347,56.66041564941406,1.0877246856689453,0.13218985497951508,0.9029711484909058,0.8743984220907298,0.14358974358974358,0.0061241453513503075
v1,vm_2.0,extension,2.0,0.0,0.0,18.4,0.0,0.0,0,Krakencoder,cl_kraken_v1_vm_2.0,3,Glasser,SC->FC,2000,0.5122082829475403,0.8821486234664917,0.9980406826313161,0.9414348462664714,0.009976628236472607,0.009976202435791493,0.4742500424385071,50.01376304626465,-3.0866220474243162,0.08217901736497879,0.7975137233734131,0.6236180099343054,0.06329113924050633,0.0168744008988142,0.016776008531451225,0.4532875716686249,49.861541748046875,4.096578598022461,0.09244969487190247,0.8017247915267944,0.6749243918474688,0.03076923076923077,0.016283534467220306
v1,vm_2.0,extension,2.0,0.0,0.0,18.4,0.0,0.0,0,Krakencoder,cl_kraken_v1_vm_2.0,3,Glasser,FC->SC,2000,0.5203366279602051,0.9381663203239441,1.0,1.0,0.003919953014701605,0.003924488811753691,0.5119585484266281,56.639163208007815,-2.709548759460449,0.14267301559448242,0.9033429026603699,0.8626822624579394,0.2911392405063291,0.005974279250949621,0.006004730239510536,0.5250446796417236,56.62574768066406,1.0647087097167969,0.1413259357213974,0.9032312631607056,0.8855489809335964,0.13333333333333333,0.0061743794940412045
v1,vm_2.0,extension,2.0,0.0,0.0,18.4,0.0,0.0,0,Krakencoder,cl_kraken_v1_vm_2.0,4,Glasser,SC->FC,2000,0.512946367263794,0.8808362483978271,0.9972132247491367,0.9297218155197657,0.00989104900509119,0.009893790446221828,0.46991463005542755,49.845584869384766,-3.025703239440918,0.09028013795614243,0.8001773953437805,0.6617529242108637,0.06329113924050633,0.016865897923707962,0.01695341058075428,0.49353915452957153,49.60572052001953,3.7820491790771484,0.09279092401266098,0.8059177398681641,0.6691124260355029,0.05641025641025641,0.016473187133669853
v1,vm_2.0,extension,2.0,0.0,0.0,18.4,0.0,0.0,0,Krakencoder,cl_kraken_v1_vm_2.0,4,Glasser,FC->SC,2000,0.5191134810447693,0.9378597736358643,0.9999978563267301,0.9985358711566618,0.0039552547968924046,0.00395983224734664,0.5134105026721955,56.62941551208496,-2.682514953613281,0.1447315514087677,0.9042107462882996,0.8940874859798109,0.27848101265822783,0.006042814813554287,0.006012049503624439,0.5216826796531677,56.70528793334961,0.9373550415039062,0.14236468076705933,0.9037604928016663,0.89767258382643,0.11282051282051282,0.006037675775587559
v1,ce_2.0,extension,0.0,2.0,0.0,0.0,2.0,0.0,0,Krakencoder,cl_kraken_v1_ce_2.0,0,Glasser,SC->FC,2000,0.4742822051048279,0.8608160018920898,0.9999957126534602,0.9970717423133236,0.011685043573379517,0.011661237385123969,0.9243214190006256,52.604113006591795,0.16360340118408204,0.06336008757352829,0.8277279734611511,0.8064412754366288,0.11392405063291139,0.01456387247890234,0.014595896005630493,0.9277352690696716,52.22602844238281,3.4024620056152344,0.07311039417982101,0.8370447158813477,0.8419197896120973,0.1076923076923077,0.013470184989273548
v1,ce_2.0,extension,0.0,2.0,0.0,0.0,2.0,0.0,0,Krakencoder,cl_kraken_v1_ce_2.0,0,Glasser,FC->SC,2000,0.49719804525375366,0.9290089011192322,1.0,1.0,0.004568023141473532,0.004568973742425442,0.9200269043445587,57.85495452880859,-0.26144752502441404,0.08512204885482788,0.915182888507843,0.878705335683384,0.22784810126582278,0.00530496658757329,0.005340491887181997,0.9190452098846436,57.916988372802734,1.142263412475586,0.08626608550548553,0.9139515161514282,0.8734516765285996,0.13333333333333333,0.0055240001529455185
v1,ce_2.0,extension,0.0,2.0,0.0,0.0,2.0,0.0,0,Krakencoder,cl_kraken_v1_ce_2.0,1,Glasser,SC->FC,2000,0.4774925112724304,0.8629294037818909,0.9999935689801903,0.9956076134699854,0.0115941371768713,0.011568539682775736,0.9234437346458435,52.72249221801758,0.11992835998535156,0.06974907964468002,0.8336828947067261,0.8357634994391925,0.16455696202531644,0.013812342658638954,0.014052937738597393,0.9242190718650818,52.6299934387207,2.635885238647461,0.06989654898643494,0.8271996378898621,0.8280604865220249,0.09743589743589744,0.014044354669749737
v1,ce_2.0,extension,0.0,2.0,0.0,0.0,2.0,0.0,0,Krakencoder,cl_kraken_v1_ce_2.0,1,Glasser,FC->SC,2000,0.49814844131469727,0.929288923740387,1.0,1.0,0.0045532588846981525,0.004552200250327587,0.91994668841362,57.87545204162598,-0.28282928466796875,0.09344294667243958,0.9154583215713501,0.9062650216311489,0.26582278481012656,0.005382988136261702,0.005429502110928297,0.9218011498451233,57.8712043762207,1.0367088317871094,0.08477550745010376,0.9130054712295532,0.8845759368836292,0.14358974358974358,0.005535727366805077
v1,ce_2.0,extension,0.0,2.0,0.0,0.0,2.0,0.0,0,Krakencoder,cl_kraken_v1_ce_2.0,2,Glasser,SC->FC,2000,0.47336113452911377,0.8609504103660583,0.9999978563267301,0.9985358711566618,0.011736772954463959,0.011731654591858386,0.9242441356182098,52.60952262878418,0.2537101745605469,0.06592480093240738,0.835200846195221,0.8165358115686588,0.12658227848101267,0.013024208135902882,0.013164607807993889,0.9185869097709656,52.48838424682617,2.417451858520508,0.07118034362792969,0.8332819938659668,0.8499145299145299,0.09230769230769231,0.013899479992687702
v1,ce_2.0,extension,0.0,2.0,0.0,0.0,2.0,0.0,0,Krakencoder,cl_kraken_v1_ce_2.0,2,Glasser,FC->SC,2000,0.4980238974094391,0.9291646480560303,1.0,1.0,0.004538444802165031,0.004545850260183215,0.920003455877304,57.86299476623535,-0.284819221496582,0.08963815122842789,0.914287805557251,0.878705335683384,0.21518987341772153,0.005749253090471029,0.005678222980350256,0.9246612787246704,57.849788665771484,1.5496883392333984,0.08919159322977066,0.9140589833259583,0.8947534516765285,0.13846153846153847,0.005442698951810598
v1,ce_2.0,extension,0.0,2.0,0.0,0.0,2.0,0.0,0,Krakencoder,cl_kraken_v1_ce_2.0,3,Glasser,SC->FC,2000,0.4767393469810486,0.862346887588501,0.9999978563267301,0.9985358711566618,0.011676370166242123,0.011677039694041014,0.9235455989837646,52.67488746643066,0.24001483917236327,0.06986522674560547,0.8304491639137268,0.8045185066495754,0.13924050632911392,0.013977475464344025,0.013807009905576706,0.92266446352005,52.506675720214844,2.8174476623535156,0.07301820814609528,0.8306893110275269,0.8323471400394478,0.09230769230769231,0.013652331195771694
v1,ce_2.0,extension,0.0,2.0,0.0,0.0,2.0,0.0,0,Krakencoder,cl_kraken_v1_ce_2.0,3,Glasser,FC->SC,2000,0.498414009809494,0.9293473958969116,1.0,1.0,0.004546735435724258,0.004547974420711398,0.9199993669986725,57.879843139648436,-0.28139171600341795,0.09208467602729797,0.9142684936523438,0.8798269508091652,0.25316455696202533,0.005353561602532864,0.005376462824642658,0.9207407236099243,57.84823989868164,1.1152896881103516,0.09246569126844406,0.9135460257530212,0.8966732412886259,0.17435897435897435,0.005556399468332529
v1,ce_2.0,extension,0.0,2.0,0.0,0.0,2.0,0.0,0,Krakencoder,cl_kraken_v1_ce_2.0,4,Glasser,SC->FC,2000,0.4746585786342621,0.8609345555305481,0.9999914253069204,0.9941434846266471,0.011583543382585049,0.011576710734516382,0.9242563545703888,52.58566818237305,0.24703330993652345,0.07163101434707642,0.8307489156723022,0.8455375741067137,0.1518987341772152,0.014319652691483498,0.014414609409868717,0.9271588325500488,52.30144119262695,2.8280086517333984,0.07449787110090256,0.8358759880065918,0.8507034845496384,0.07179487179487179,0.013940757140517235
v1,ce_2.0,extension,0.0,2.0,0.0,0.0,2.0,0.0,0,Krakencoder,cl_kraken_v1_ce_2.0,4,Glasser,FC->SC,2000,0.49779173731803894,0.9290816187858582,1.0,1.0,0.00458077946677804,0.004584680777043104,0.9195385754108429,57.85724983215332,-0.2523639678955078,0.09434856474399567,0.9146260023117065,0.9051434065053677,0.27848101265822783,0.005405895411968231,0.0053757899440824986,0.919701337814331,57.88855743408203,1.2879199981689453,0.09187107533216476,0.9144029021263123,0.9059040105193952,0.17435897435897435,0.0053933304734528065
v1,nd_2.0,extension,0.0,0.0,2.0,0.0,0.0,2.0,0,Krakencoder,cl_kraken_v1_nd_2.0,0,Glasser,SC->FC,2000,0.5180613398551941,0.8698089718818665,0.9980599756907451,0.8931185944363104,0.01087938528507948,0.01085635032504797,0.8701904952526093,52.329057693481445,-0.20863609313964843,0.05529584735631943,0.8250252604484558,0.6183303957699087,0.06329113924050633,0.01485356967896223,0.014830001629889011,0.8786616325378418,51.970062255859375,4.038837432861328,0.08008934557437897,0.8350582718849182,0.6861801446416831,0.05128205128205128,0.013649847358465195
v1,nd_2.0,extension,0.0,0.0,2.0,0.0,0.0,2.0,0,Krakencoder,cl_kraken_v1_nd_2.0,0,Glasser,FC->SC,2000,0.5149391889572144,0.9304147362709045,1.0,1.0,0.0044374167919158936,0.004437317047268153,0.8994632124900818,57.81168746948242,-0.42627296447753904,0.1311417818069458,0.9163440465927124,0.8956897933023554,0.22784810126582278,0.005206651985645294,0.005236567929387093,0.8993451595306396,57.88107681274414,1.0604896545410156,0.13008315861225128,0.9149282574653625,0.8851545036160421,0.12307692307692308,0.005427297670394182
v1,nd_2.0,extension,0.0,0.0,2.0,0.0,0.0,2.0,0,Krakencoder,cl_kraken_v1_nd_2.0,1,Glasser,SC->FC,2000,0.5198523998260498,0.8711216449737549,0.9984051070871982,0.9062957540263543,0.010850559920072556,0.010830464400351047,0.8742341935634613,52.47878303527832,-0.24198455810546876,0.08124641329050064,0.8323900103569031,0.6902739945521551,0.06329113924050633,0.0140038738027215,0.01426853146404028,0.8718166351318359,52.3632698059082,3.3112564086914062,0.0780133530497551,0.8255262970924377,0.6780539119000657,0.041025641025641026,0.014210614375770092
v1,nd_2.0,extension,0.0,0.0,2.0,0.0,0.0,2.0,0,Krakencoder,cl_kraken_v1_nd_2.0,1,Glasser,FC->SC,2000,0.5149140357971191,0.9306382536888123,0.9999978563267301,0.9985358711566618,0.004424924496561289,0.0044235385488718745,0.8995689928531647,57.8339126586914,-0.44285888671875,0.1370297372341156,0.9164810180664062,0.9117128665278,0.24050632911392406,0.005288297776132822,0.005326672922819853,0.9039604663848877,57.83974075317383,0.9867897033691406,0.13078255951404572,0.9141078591346741,0.899171597633136,0.12307692307692308,0.005435125902295113
v1,nd_2.0,extension,0.0,0.0,2.0,0.0,0.0,2.0,0,Krakencoder,cl_kraken_v1_nd_2.0,2,Glasser,SC->FC,2000,0.51363205909729,0.8694198131561279,0.9955433032718886,0.8696925329428989,0.010992334224283695,0.010981393977999687,0.8745921671390533,52.35846138000488,-0.09325618743896484,0.06753736734390259,0.8324190974235535,0.6383592373017144,0.06329113924050633,0.013291353359818459,0.013409935869276524,0.8629358410835266,52.227718353271484,3.0813827514648438,0.08983761817216873,0.8326660394668579,0.6896252465483235,0.02564102564102564,0.013963279314339161
v1,nd_2.0,extension,0.0,0.0,2.0,0.0,0.0,2.0,0,Krakencoder,cl_kraken_v1_nd_2.0,2,Glasser,FC->SC,2000,0.5143583416938782,0.9304922819137573,0.9999957126534602,0.9970717423133236,0.004412503447383642,0.004420503787696361,0.8999165713787078,57.82171211242676,-0.4329988479614258,0.14419232308864594,0.9155548810958862,0.8963307162313732,0.13924050632911392,0.005620014388114214,0.005547844339162111,0.9037551879882812,57.81156921386719,1.3765926361083984,0.12751612067222595,0.9149276614189148,0.9031689677843524,0.13846153846153847,0.00536916870623827
v1,nd_2.0,extension,0.0,0.0,2.0,0.0,0.0,2.0,0,Krakencoder,cl_kraken_v1_nd_2.0,3,Glasser,SC->FC,2000,0.5155891180038452,0.8705442547798157,0.9982228948592571,0.8945827232796486,0.010941028594970703,0.010937247984111309,0.87446049451828,52.425148010253906,-0.13144779205322266,0.08007530868053436,0.8281014561653137,0.6377183143726967,0.05063291139240506,0.014142423868179321,0.013986252248287201,0.8672267198562622,52.241214752197266,3.4981212615966797,0.09123595058917999,0.8301268219947815,0.6928599605522683,0.041025641025641026,0.013731668703258038
v1,nd_2.0,extension,0.0,0.0,2.0,0.0,0.0,2.0,0,Krakencoder,cl_kraken_v1_nd_2.0,3,Glasser,FC->SC,2000,0.51595139503479,0.9307429790496826,0.9999978563267301,0.9985358711566618,0.004414069466292858,0.004415403865277767,0.8987804293632508,57.83608055114746,-0.4398181915283203,0.1363925337791443,0.9152400493621826,0.881909950328473,0.27848101265822783,0.005265063140541315,0.005282601807266474,0.901315450668335,57.813560485839844,1.1159839630126953,0.13736656308174133,0.9145926237106323,0.9082708744247205,0.13846153846153847,0.005459207575768232
v1,nd_2.0,extension,0.0,0.0,2.0,0.0,0.0,2.0,0,Krakencoder,cl_kraken_v1_nd_2.0,4,Glasser,SC->FC,2000,0.5156570076942444,0.8693913817405701,0.9974704655415241,0.8960468521229868,0.010840105824172497,0.010831881780177355,0.8741294384002686,52.3260913848877,-0.11103553771972656,0.08967382460832596,0.82984858751297,0.6771350745072905,0.0759493670886076,0.014375576749444008,0.014458021149039268,0.8798301815986633,52.04658126831055,3.2287063598632812,0.09169838577508926,0.8348451256752014,0.694017094017094,0.06666666666666667,0.014024163596332073
v1,nd_2.0,extension,0.0,0.0,2.0,0.0,0.0,2.0,0,Krakencoder,cl_kraken_v1_nd_2.0,4,Glasser,FC->SC,2000,0.5146768093109131,0.9304032921791077,0.9999957126534602,0.9970717423133236,0.004453341010957956,0.0044574775267392395,0.8998518884181976,57.81763458251953,-0.40749034881591795,0.13971742987632751,0.9157760143280029,0.9190834802115045,0.2911392405063291,0.005307973362505436,0.0052889431826770306,0.9020199775695801,57.856876373291016,1.1959285736083984,0.13712987303733826,0.9154921174049377,0.9167652859960552,0.17435897435897435,0.005296806804835796
v1,all_2.0,extension,2.0,2.0,2.0,18.4,2.0,2.0,0,Krakencoder,cl_kraken_v1_all_2.0,0,Glasser,SC->FC,2000,0.509401798248291,0.8795689940452576,0.999980706940571,0.9882869692532943,0.010093532502651215,0.01007375456392765,0.5247073411941529,50.115518188476564,-3.8291143417358398,0.06767614930868149,0.7971469759941101,0.7352988303156545,0.10126582278481013,0.017135238274931908,0.01713472791016102,0.5453417301177979,49.75888442993164,3.4174442291259766,0.08291412889957428,0.8074328303337097,0.777094017094017,0.05128205128205128,0.015911979600787163
v1,all_2.0,extension,2.0,2.0,2.0,18.4,2.0,2.0,0,Krakencoder,cl_kraken_v1_all_2.0,0,Glasser,FC->SC,2000,0.5177786350250244,0.9379351139068604,1.0,1.0,0.00395920779556036,0.003958534239791334,0.531160420179367,56.59965286254883,-2.8598988533020018,0.11032281070947647,0.9022712111473083,0.893767024515302,0.16455696202531644,0.006068802438676357,0.006100218743085861,0.5345492362976074,56.70753860473633,0.9584388732910156,0.1082412526011467,0.900886595249176,0.8764497041420118,0.11794871794871795,0.00628680968657136
v1,all_2.0,extension,2.0,2.0,2.0,18.4,2.0,2.0,0,Krakencoder,cl_kraken_v1_all_2.0,1,Glasser,SC->FC,2000,0.5115922093391418,0.8814125061035156,0.9999849942871107,0.9897510980966325,0.010013552382588387,0.010005322750657797,0.5257264733314514,50.27261505126953,-3.861601638793945,0.07957366108894348,0.8052231073379517,0.7888158948886397,0.11392405063291139,0.016275594010949135,0.01655454933643341,0.5257971882820129,50.17180252075195,2.8658828735351562,0.07838564366102219,0.798223078250885,0.7615253122945431,0.05641025641025641,0.01650276593863964
v1,all_2.0,extension,2.0,2.0,2.0,18.4,2.0,2.0,0,Krakencoder,cl_kraken_v1_all_2.0,1,Glasser,FC->SC,2000,0.5177499055862427,0.9381484389305115,0.9999978563267301,0.9985358711566618,0.003947743680328131,0.00394669957458973,0.5320154309272767,56.63156585693359,-2.8723423004150392,0.11712866276502609,0.9030948877334595,0.9104310206697644,0.22784810126582278,0.00610147463157773,0.006148071493953466,0.5519860982894897,56.69813537597656,0.8422050476074219,0.10687233507633209,0.8999909162521362,0.8882051282051282,0.15897435897435896,0.006304585840553045
v1,all_2.0,extension,2.0,2.0,2.0,18.4,2.0,2.0,0,Krakencoder,cl_kraken_v1_all_2.0,2,Glasser,SC->FC,2000,0.5060774087905884,0.8792389631271362,0.999877810623616,0.9809663250366032,0.010191826149821281,0.010193609073758126,0.5250018417835236,50.13091773986817,-3.747929000854492,0.07247438281774521,0.8039676547050476,0.7514821342733536,0.08860759493670886,0.015652136877179146,0.01577230915427208,0.49487194418907166,50.02142333984375,2.697854995727539,0.08255013078451157,0.804503321647644,0.7876660092044707,0.041025641025641026,0.016296159476041794
v1,all_2.0,extension,2.0,2.0,2.0,18.4,2.0,2.0,0,Krakencoder,cl_kraken_v1_all_2.0,2,Glasser,FC->SC,2000,0.5174503922462463,0.9380043745040894,1.0,1.0,0.003935390617698431,0.003943761507980525,0.5323350906372071,56.61178092956543,-2.8490857124328612,0.11831548810005188,0.9019073247909546,0.8894407947444319,0.17721518987341772,0.006458648014813662,0.006369414739310741,0.558864176273346,56.65945816040039,1.1346302032470703,0.10993949323892593,0.90128093957901,0.897172912557528,0.14871794871794872,0.006208216771483421
v1,all_2.0,extension,2.0,2.0,2.0,18.4,2.0,2.0,0,Krakencoder,cl_kraken_v1_all_2.0,3,Glasser,SC->FC,2000,0.508179783821106,0.8806006908416748,0.9999828506138408,0.9882869692532943,0.010126425884664059,0.010128765366971493,0.525370979309082,50.21651344299316,-3.7719741821289063,0.07923919707536697,0.8009651899337769,0.7418682903380869,0.12658227848101267,0.01645209640264511,0.0163087360560894,0.5190832018852234,50.11323165893555,2.889993667602539,0.08632777631282806,0.8024926781654358,0.7738067061143984,0.07179487179487179,0.01605355739593506
v1,all_2.0,extension,2.0,2.0,2.0,18.4,2.0,2.0,0,Krakencoder,cl_kraken_v1_all_2.0,3,Glasser,FC->SC,2000,0.5189695954322815,0.9382435083389282,1.0,1.0,0.003934272564947605,0.003936959430575371,0.5309915006160736,56.629417419433594,-2.8718401908874513,0.11712467670440674,0.9016443490982056,0.8839929498477808,0.31645569620253167,0.00608797138556838,0.006115946918725967,0.5405750274658203,56.627140045166016,0.9442100524902344,0.11590831726789474,0.901075005531311,0.895016436554898,0.15897435897435896,0.0062960246577858925
v1,all_2.0,extension,2.0,2.0,2.0,18.4,2.0,2.0,0,Krakencoder,cl_kraken_v1_all_2.0,4,Glasser,SC->FC,2000,0.5083953142166138,0.8794453144073486,0.999980706940571,0.9882869692532943,0.010026870295405388,0.010025477036833763,0.5273903667926788,50.10887489318848,-3.7496788024902346,0.08037815988063812,0.8013637661933899,0.7758372055760294,0.08860759493670886,0.01671152375638485,0.016767671331763268,0.5483866333961487,49.86365509033203,2.7911415100097656,0.08618935197591782,0.8068161606788635,0.7862721893491125,0.08205128205128205,0.01629314199090004
v1,all_2.0,extension,2.0,2.0,2.0,18.4,2.0,2.0,0,Krakencoder,cl_kraken_v1_all_2.0,4,Glasser,FC->SC,2000,0.5171579122543335,0.9378803372383118,1.0,1.0,0.003974399529397488,0.003979097446426749,0.5314174711704254,56.60840187072754,-2.84761266708374,0.1167001873254776,0.9019528031349182,0.9046627143086043,0.26582278481012656,0.006158902309834957,0.006138719618320465,0.5392866134643555,56.675926208496094,0.9481601715087891,0.1150459498167038,0.9016656279563904,0.9136357659434582,0.14358974358974358,0.006145652383565903
