task,parcellation,seed,estimator,variant,input_set,target,is_leak_target,contains_subject_info,is_connectome_only,pearson,spearman,r2,n_eval,lift_over_bvdemo,lift_perm_p,residualized_pearson,config_hash,git_commit,balanced_acc
downstream_br,Glasser,0,bayesian_ridge,bayesian_ridge,bv+demo,CogTotal,False,True,False,0.3993058366306968,0.3507458181410229,0.1519213352177387,194.0,0.0,1.0,0.0301421240798398,c6982391,f8d84d1,
downstream_br,Glasser,0,bayesian_ridge,bayesian_ridge,obs_FC,CogTotal,False,False,True,0.5651240164813578,0.5753010827096615,0.2783095761371155,194.0,0.165818179850661,0.0019990004997501,0.420440485878753,710ef23b,f8d84d1,
downstream_br,Glasser,0,bayesian_ridge,bayesian_ridge,obs_SC,CogTotal,False,False,True,0.3175635310468209,0.2969728026520437,0.0911795019868607,194.0,-0.0817423055838759,0.9515242378810594,0.0664317230571457,d0f8ea97,f8d84d1,
downstream_br,Glasser,0,bayesian_ridge,bayesian_ridge,obs_FC+obs_SC,CogTotal,False,False,True,0.5510261963525215,0.5581711656224216,0.2657929756505711,194.0,0.1517203597218246,0.0019990004997501,0.4088276533542179,07f28a9e,f8d84d1,
downstream_br,Glasser,0,bayesian_ridge,bayesian_ridge,pred_SC,CogTotal,False,False,True,0.481785987775152,0.4785808240302163,0.1769435250422351,194.0,0.0824801511444552,0.2373813093453273,0.2605395689364566,77df10bc,f8d84d1,
downstream_br,Glasser,0,bayesian_ridge,bayesian_ridge,pred_FC,CogTotal,False,False,True,0.3330640781532379,0.3075947647683638,0.1049739613345934,194.0,-0.0662417584774588,0.9080459770114944,0.0555184442458232,bf83da23,f8d84d1,
downstream_br,Glasser,0,bayesian_ridge,bayesian_ridge,obs_FC+bv+demo,CogTotal,False,True,False,0.5656458478748966,0.5697119171891127,0.2911214124301794,194.0,0.1663400112441997,0.000999500249875,0.4060036067608037,ec1300ad,f8d84d1,
downstream_br,Glasser,0,bayesian_ridge,bayesian_ridge,obs_SC+bv+demo,CogTotal,False,True,False,0.379052773327096,0.3467304288257161,0.1315526140153144,194.0,-0.0202530633036007,0.7731134432783608,0.0720772027722986,78ade74f,f8d84d1,
downstream_br,Glasser,0,bayesian_ridge,bayesian_ridge,pred_SC+bv+demo,CogTotal,False,True,False,0.466086307534218,0.4210192402351453,0.200805915423661,194.0,0.0667804709035212,0.0004997501249375,0.0664850221359055,2b23c6e7,f8d84d1,
downstream_br,Glasser,0,bayesian_ridge,bayesian_ridge,pred_FC+bv+demo,CogTotal,False,True,False,0.3996884433142788,0.3438803735360142,0.1544060247071912,194.0,0.000382606683582,0.4332833583208396,0.0132360458021677,63c9bd6f,f8d84d1,
downstream_br,Glasser,0,bayesian_ridge,bayesian_ridge,pred_FC+bv,CogTotal,False,True,False,0.342821071309317,0.3279149686591283,0.1126780183970239,194.0,-0.0564847653213798,0.8885557221389305,0.0499400688111453,2945d2d4,f8d84d1,
downstream_br,Glasser,0,bayesian_ridge,bayesian_ridge,pred_SC+bv,CogTotal,False,True,False,0.4568895054724514,0.4479945040267191,0.1862910410241244,194.0,0.0575836688417546,0.1414292853573213,0.0667349991871968,e710a217,f8d84d1,
downstream_br,Glasser,0,bayesian_ridge,bayesian_ridge,obs_SC+pred_FC,CogTotal,False,False,True,0.3228224775552412,0.2966909200210265,0.0982051551462565,194.0,-0.0764833590754555,0.9315342328835582,0.0636841005794678,50618d6c,f8d84d1,
downstream_br,Glasser,0,bayesian_ridge,bayesian_ridge,obs_FC+pred_SC,CogTotal,False,False,True,0.5576176259218082,0.5733451624128073,0.2687588748943519,194.0,0.1583117892911114,0.0034982508745627,0.4092065111104134,e05e6053,f8d84d1,
downstream_br,Glasser,0,bayesian_ridge,bayesian_ridge,obs_FC+pred_SC+bv,CogTotal,False,True,False,0.5544619484429488,0.5649207342770705,0.2795448091600491,194.0,0.155156111812252,0.0019990004997501,0.4066698439420916,95df2b10,f8d84d1,
downstream_br,Glasser,0,bayesian_ridge,bayesian_ridge,obs_FC+pred_SC+bv+demo,CogTotal,False,True,False,0.5640901102409123,0.5647843129454412,0.2896693414666836,194.0,0.1647842736102154,0.000999500249875,0.4026747182157527,3b29f9b2,f8d84d1,
downstream_br,Glasser,0,bayesian_ridge,bayesian_ridge,obs_SC+pred_FC+bv+demo,CogTotal,False,True,False,0.3705489503879571,0.3351683100625047,0.1287611086207246,194.0,-0.0287568862427397,0.792103948025987,0.0670225861347933,e26b3ea3,f8d84d1,
downstream_br,Glasser,0,bayesian_ridge,bayesian_ridge,everything,CogTotal,False,True,False,0.547960748779443,0.5420274268361166,0.268834128577513,194.0,0.1486549121487462,0.0014992503748125,0.392243485908063,409fd69c,f8d84d1,
downstream_br,Glasser,0,bayesian_ridge,bayesian_ridge,bv+demo,CogFluid,False,True,False,0.3545011012594296,0.3376959241870846,0.1178194176388014,194.0,0.0,1.0,-0.1241039812668942,2bfc863c,f8d84d1,
downstream_br,Glasser,0,bayesian_ridge,bayesian_ridge,obs_FC,CogFluid,False,False,True,0.4488788873174844,0.4558523939899437,0.1604372636051445,194.0,0.0943777860580548,0.1344327836081959,0.3269509802178677,51cd1b03,f8d84d1,
downstream_br,Glasser,0,bayesian_ridge,bayesian_ridge,obs_SC,CogFluid,False,False,True,0.2531766213199257,0.2476363364440375,0.0499387632217792,194.0,-0.1013244799395038,0.991504247876062,0.0575306425555298,6bd30863,f8d84d1,
downstream_br,Glasser,0,bayesian_ridge,bayesian_ridge,obs_FC+obs_SC,CogFluid,False,False,True,0.4508264082661924,0.4593893632904827,0.1541584340730779,194.0,0.0963253070067627,0.1309345327336331,0.3102894163975325,c959e211,f8d84d1,
downstream_br,Glasser,0,bayesian_ridge,bayesian_ridge,pred_SC,CogFluid,False,False,True,0.4028803258917238,0.3915549927251955,0.089552900488611,194.0,0.0483792246322942,0.8270864567716142,0.0019057315331623,763e68b2,f8d84d1,
downstream_br,Glasser,0,bayesian_ridge,bayesian_ridge,pred_FC,CogFluid,False,False,True,0.2734155363920832,0.2562059265616075,0.0678307740810901,194.0,-0.0810855648673463,0.9525237381309344,0.070066011312286,e5dc9e40,f8d84d1,
downstream_br,Glasser,0,bayesian_ridge,bayesian_ridge,obs_FC+bv+demo,CogFluid,False,True,False,0.4800813406348463,0.4845319227119494,0.1877669834936929,194.0,0.1255802393754167,0.0199900049975012,0.3219419089007559,66641bc0,f8d84d1,
downstream_br,Glasser,0,bayesian_ridge,bayesian_ridge,obs_SC+bv+demo,CogFluid,False,True,False,0.311835920816115,0.3055410601556042,0.0793188948784823,194.0,-0.0426651804433145,0.9580209895052474,0.0479326477230367,e708cc00,f8d84d1,
downstream_br,Glasser,0,bayesian_ridge,bayesian_ridge,pred_SC+bv+demo,CogFluid,False,True,False,0.4129781332757237,0.3884930160491247,0.1504974571881399,194.0,0.0584770320162941,0.0014992503748125,0.0022076882927338,38b609ad,f8d84d1,
downstream_br,Glasser,0,bayesian_ridge,bayesian_ridge,pred_FC+bv+demo,CogFluid,False,True,False,0.3596665696993975,0.324849756876205,0.1194130215296268,194.0,0.0051654684399679,0.4602698650674662,0.0403645394347851,a8896977,f8d84d1,
downstream_br,Glasser,0,bayesian_ridge,bayesian_ridge,pred_FC+bv,CogFluid,False,True,False,0.2951871915356104,0.2834284277348549,0.0788978931491412,194.0,-0.0593139097238192,0.920039980009995,0.0418709877566341,ac009a21,f8d84d1,
downstream_br,Glasser,0,bayesian_ridge,bayesian_ridge,pred_SC+bv,CogFluid,False,True,False,0.379448023442605,0.3726021295796723,0.1101219383642102,194.0,0.0249469221831754,0.6061969015492253,0.0023493065550831,b4835023,f8d84d1,
downstream_br,Glasser,0,bayesian_ridge,bayesian_ridge,obs_SC+pred_FC,CogFluid,False,False,True,0.2509715965688471,0.2310362481840727,0.055276317179661,194.0,-0.1035295046905824,0.9835082458770614,0.0516056090292963,7c4b578a,f8d84d1,
downstream_br,Glasser,0,bayesian_ridge,bayesian_ridge,obs_FC+pred_SC,CogFluid,False,False,True,0.46066008971893,0.4696353979649997,0.1612056393315832,194.0,0.1061589884595003,0.1179410294852573,0.3203683153939639,86ed1235,f8d84d1,
downstream_br,Glasser,0,bayesian_ridge,bayesian_ridge,obs_FC+pred_SC+bv,CogFluid,False,True,False,0.4671655696317043,0.4754520031483675,0.1750085240869288,194.0,0.1126644683722746,0.048975512243878,0.3230124700807137,f117905e,f8d84d1,
downstream_br,Glasser,0,bayesian_ridge,bayesian_ridge,obs_FC+pred_SC+bv+demo,CogFluid,False,True,False,0.4801174388798377,0.4850217074942731,0.1869608743584127,194.0,0.125616337620408,0.0204897551224387,0.3192771601349829,07e51ec6,f8d84d1,
downstream_br,Glasser,0,bayesian_ridge,bayesian_ridge,obs_SC+pred_FC+bv+demo,CogFluid,False,True,False,0.3055588112453938,0.2897709763086376,0.0802954951359069,194.0,-0.0489422900140358,0.9435282358820588,0.0610453616933874,d8955fda,f8d84d1,
downstream_br,Glasser,0,bayesian_ridge,bayesian_ridge,everything,CogFluid,False,True,False,0.4583011716361708,0.4675891494616674,0.1649109180496518,194.0,0.1038000703767411,0.0629685157421289,0.3023343274662597,c5788bd1,f8d84d1,
downstream_br,Glasser,0,bayesian_ridge,bayesian_ridge,bv+demo,CogCryst,False,True,False,0.297669524917919,0.2764119874400977,0.0740869096339547,194.0,0.0,1.0,0.1882063684470826,599ae9cd,f8d84d1,
downstream_br,Glasser,0,bayesian_ridge,bayesian_ridge,obs_FC,CogCryst,False,False,True,0.5863146471220105,0.5866603115102297,0.3135175600235976,194.0,0.2886451222040915,0.0004997501249375,0.4847265835705821,8197bad7,f8d84d1,
downstream_br,Glasser,0,bayesian_ridge,bayesian_ridge,obs_SC,CogCryst,False,False,True,0.3210728529329774,0.3291716573284942,0.0952263828534143,194.0,0.0234033280150583,0.2843578210894553,0.1022174202299206,7a8a737f,f8d84d1,
downstream_br,Glasser,0,bayesian_ridge,bayesian_ridge,obs_FC+obs_SC,CogCryst,False,False,True,0.5841087067459337,0.5850685063892218,0.3160117038565923,194.0,0.2864391818280147,0.0004997501249375,0.491809498250022,ff9b8972,f8d84d1,
downstream_br,Glasser,0,bayesian_ridge,bayesian_ridge,pred_SC,CogCryst,False,False,True,0.512438483234172,0.5110302562229443,0.2086074874508773,194.0,0.2147689583162529,0.000999500249875,0.378309385653912,82e06c11,f8d84d1,
downstream_br,Glasser,0,bayesian_ridge,bayesian_ridge,pred_FC,CogCryst,False,False,True,0.3236760170067163,0.3096599232097079,0.0985482254238623,194.0,0.0260064920887972,0.2413793103448276,0.0221946875138068,acd81930,f8d84d1,
downstream_br,Glasser,0,bayesian_ridge,bayesian_ridge,obs_FC+bv+demo,CogCryst,False,True,False,0.5782078704646928,0.5810705033362003,0.3200086929649718,194.0,0.2805383455467737,0.0004997501249375,0.4734380528181686,ca78b16b,f8d84d1,
downstream_br,Glasser,0,bayesian_ridge,bayesian_ridge,obs_SC+bv+demo,CogCryst,False,True,False,0.3374396362156959,0.3295636506391399,0.1091679438102808,194.0,0.0397701112977769,0.1039480259870064,0.0859862411970791,b41771ca,f8d84d1,
downstream_br,Glasser,0,bayesian_ridge,bayesian_ridge,pred_SC+bv+demo,CogCryst,False,True,False,0.4199291176459505,0.4213467887651089,0.168917530860493,194.0,0.1222595927280315,0.0004997501249375,0.3619898170136379,23457511,f8d84d1,
downstream_br,Glasser,0,bayesian_ridge,bayesian_ridge,pred_FC+bv+demo,CogCryst,False,True,False,0.3286675632877377,0.3071419619857698,0.0996943874365817,194.0,0.0309980383698186,0.0584707646176911,-0.0644889733092635,db6fa9f0,f8d84d1,
downstream_br,Glasser,0,bayesian_ridge,bayesian_ridge,pred_FC+bv,CogCryst,False,True,False,0.3274787831407547,0.3114957996373442,0.1020604435744707,194.0,0.0298092582228356,0.2083958020989505,-0.0208182289368399,64d740d1,f8d84d1,
downstream_br,Glasser,0,bayesian_ridge,bayesian_ridge,pred_SC+bv,CogCryst,False,True,False,0.4801444981774962,0.4777593103638202,0.2052185751587889,194.0,0.1824749732595772,0.0004997501249375,0.3728583966986867,eff08072,f8d84d1,
downstream_br,Glasser,0,bayesian_ridge,bayesian_ridge,obs_SC+pred_FC,CogCryst,False,False,True,0.3116447202366091,0.310295987826982,0.0932407519175789,194.0,0.0139751953186901,0.297351324337831,0.0711513127061318,9ce33f6f,f8d84d1,
downstream_br,Glasser,0,bayesian_ridge,bayesian_ridge,obs_FC+pred_SC,CogCryst,False,False,True,0.5855240890704938,0.5894494630748661,0.3132084462596264,194.0,0.2878545641525747,0.0004997501249375,0.4780826981782841,8b3ab99b,f8d84d1,
downstream_br,Glasser,0,bayesian_ridge,bayesian_ridge,obs_FC+pred_SC+bv,CogCryst,False,True,False,0.5790959777128987,0.5846724041340201,0.3162285038744598,194.0,0.2814264527949796,0.0004997501249375,0.4786278910011863,5229fe6e,f8d84d1,
downstream_br,Glasser,0,bayesian_ridge,bayesian_ridge,obs_FC+pred_SC+bv+demo,CogCryst,False,True,False,0.5792060378544718,0.583949229892158,0.3199373043946241,194.0,0.2815365129365527,0.0004997501249375,0.4743811881299805,d2c051a8,f8d84d1,
downstream_br,Glasser,0,bayesian_ridge,bayesian_ridge,obs_SC+pred_FC+bv+demo,CogCryst,False,True,False,0.3336843360139065,0.3223310864316076,0.1075803756713478,194.0,0.0360148110959874,0.1194402798600699,0.0664277304126503,049a68d6,f8d84d1,
downstream_br,Glasser,0,bayesian_ridge,bayesian_ridge,everything,CogCryst,False,True,False,0.5618397442256388,0.5595494953295129,0.2975513850010601,194.0,0.2641702193077197,0.0004997501249375,0.4615710849569449,2a1cc889,f8d84d1,
downstream_br,Glasser,0,bayesian_ridge,bayesian_ridge,bv+demo,sex,True,True,False,,,,,0.0,,,ef5105e6,f8d84d1,1.0
downstream_br,Glasser,0,bayesian_ridge,bayesian_ridge,obs_FC,sex,True,False,True,,,,,-0.1089675641297434,,,4d4a8ced,f8d84d1,0.8910324358702566
downstream_br,Glasser,0,bayesian_ridge,bayesian_ridge,obs_SC,sex,True,False,True,,,,,-0.053688785244859,,,362ccf44,f8d84d1,0.9463112147551408
downstream_br,Glasser,0,bayesian_ridge,bayesian_ridge,obs_FC+obs_SC,sex,True,False,True,,,,,-0.0244859020563917,,,6b58d7d3,f8d84d1,0.9755140979436082
downstream_br,Glasser,0,bayesian_ridge,bayesian_ridge,pred_SC,sex,True,False,True,,,,,-0.1136845452618189,,,179e7156,f8d84d1,0.8863154547381811
downstream_br,Glasser,0,bayesian_ridge,bayesian_ridge,pred_FC,sex,True,False,True,,,,,-0.0687407250370998,,,b8ffbabd,f8d84d1,0.9312592749629002
downstream_br,Glasser,0,bayesian_ridge,bayesian_ridge,obs_FC+bv+demo,sex,True,True,False,,,,,-0.0103349586601653,,,807ba4a8,f8d84d1,0.9896650413398348
downstream_br,Glasser,0,bayesian_ridge,bayesian_ridge,obs_SC+bv+demo,sex,True,True,False,,,,,-0.0056179775280899,,,24856367,f8d84d1,0.99438202247191
downstream_br,Glasser,0,bayesian_ridge,bayesian_ridge,pred_SC+bv+demo,sex,True,True,False,,,,,0.0,,,d2dc452d,f8d84d1,1.0
downstream_br,Glasser,0,bayesian_ridge,bayesian_ridge,pred_FC+bv+demo,sex,True,True,False,,,,,0.0,,,e398b4cf,f8d84d1,1.0
downstream_br,Glasser,0,bayesian_ridge,bayesian_ridge,pred_FC+bv,sex,True,True,False,,,,,-0.0631227475090099,,,c2509732,f8d84d1,0.93687725249099
downstream_br,Glasser,0,bayesian_ridge,bayesian_ridge,pred_SC+bv,sex,True,True,False,,,,,-0.094816620733517,,,55378a72,f8d84d1,0.905183379266483
downstream_br,Glasser,0,bayesian_ridge,bayesian_ridge,obs_SC+pred_FC,sex,True,False,True,,,,,-0.053688785244859,,,bcafc8af,f8d84d1,0.9463112147551408
downstream_br,Glasser,0,bayesian_ridge,bayesian_ridge,obs_FC+pred_SC,sex,True,False,True,,,,,-0.0977316090735637,,,08a331f9,f8d84d1,0.9022683909264364
downstream_br,Glasser,0,bayesian_ridge,bayesian_ridge,obs_FC+pred_SC+bv,sex,True,True,False,,,,,-0.0714437142251431,,,42772b6d,f8d84d1,0.9285562857748568
downstream_br,Glasser,0,bayesian_ridge,bayesian_ridge,obs_FC+pred_SC+bv+demo,sex,True,True,False,,,,,-0.0103349586601653,,,46e1f015,f8d84d1,0.9896650413398348
downstream_br,Glasser,0,bayesian_ridge,bayesian_ridge,obs_SC+pred_FC+bv+demo,sex,True,True,False,,,,,-0.0056179775280899,,,d042ccad,f8d84d1,0.99438202247191
downstream_br,Glasser,0,bayesian_ridge,bayesian_ridge,everything,sex,True,True,False,,,,,-0.0094339622641509,,,a51ecbb3,f8d84d1,0.9905660377358492
downstream_br,Glasser,0,bayesian_ridge,bayesian_ridge,bv+demo,age,True,True,False,0.9999999999999998,0.9964103953176142,0.9999999999999992,195.0,0.0,1.0,,8d06bb98,f8d84d1,
downstream_br,Glasser,0,bayesian_ridge,bayesian_ridge,obs_FC,age,True,False,True,0.4559877492400074,0.4507765358207927,0.1917497679981646,195.0,-0.5440122507599923,1.0,,c2f8e101,f8d84d1,
downstream_br,Glasser,0,bayesian_ridge,bayesian_ridge,obs_SC,age,True,False,True,0.3784038984385713,0.3810925179270781,0.1183401420955929,195.0,-0.6215961015614284,1.0,,75962704,f8d84d1,
downstream_br,Glasser,0,bayesian_ridge,bayesian_ridge,obs_FC+obs_SC,age,True,False,True,0.4826532115702641,0.4827407950163956,0.216565499930899,195.0,-0.5173467884297356,1.0,,9729c36a,f8d84d1,
downstream_br,Glasser,0,bayesian_ridge,bayesian_ridge,pred_SC,age,True,False,True,0.4629681162250011,0.4625660922308278,0.1845592924836688,195.0,-0.5370318837749987,1.0,,561fe752,f8d84d1,
downstream_br,Glasser,0,bayesian_ridge,bayesian_ridge,pred_FC,age,True,False,True,0.305890067206905,0.3309221365574609,0.0654698570779463,195.0,-0.6941099327930949,1.0,,2bc4fb0f,f8d84d1,
downstream_br,Glasser,0,bayesian_ridge,bayesian_ridge,obs_FC+bv+demo,age,True,True,False,0.8175212913690548,0.8348779609944906,0.6221680178700282,195.0,-0.1824787086309449,1.0,,854d3069,f8d84d1,
downstream_br,Glasser,0,bayesian_ridge,bayesian_ridge,obs_SC+bv+demo,age,True,True,False,0.9160883041439524,0.9129885434201692,0.8085658131883331,195.0,-0.0839116958560473,1.0,,4a401b0a,f8d84d1,
downstream_br,Glasser,0,bayesian_ridge,bayesian_ridge,pred_SC+bv+demo,age,True,True,False,0.9999999999999856,0.9964103953176142,0.999999999999969,195.0,-1.4210854715202004e-14,1.0,,122fb4f8,f8d84d1,
downstream_br,Glasser,0,bayesian_ridge,bayesian_ridge,pred_FC+bv+demo,age,True,True,False,0.9999999999999926,0.9964103953176142,0.9999999999999848,195.0,-7.216449660063518e-15,1.0,,61da4426,f8d84d1,
downstream_br,Glasser,0,bayesian_ridge,bayesian_ridge,pred_FC+bv,age,True,True,False,0.547425948013724,0.5545744964409612,0.2686491872580395,195.0,-0.4525740519862757,1.0,,441569df,f8d84d1,
downstream_br,Glasser,0,bayesian_ridge,bayesian_ridge,pred_SC+bv,age,True,True,False,0.5930273177208385,0.5903955169089522,0.3325776476347454,195.0,-0.4069726822791613,1.0,,77b67b7f,f8d84d1,
downstream_br,Glasser,0,bayesian_ridge,bayesian_ridge,obs_SC+pred_FC,age,True,False,True,0.3771761338804435,0.3819679840571337,0.1174333746018697,195.0,-0.6228238661195562,1.0,,624119e1,f8d84d1,
downstream_br,Glasser,0,bayesian_ridge,bayesian_ridge,obs_FC+pred_SC,age,True,False,True,0.4592745877068356,0.4550109332253476,0.1945582957892472,195.0,-0.5407254122931642,1.0,,be4e8fc7,f8d84d1,
downstream_br,Glasser,0,bayesian_ridge,bayesian_ridge,obs_FC+pred_SC+bv,age,True,True,False,0.4999603670155764,0.4872472528602535,0.2316291758583202,195.0,-0.5000396329844234,1.0,,924360d5,f8d84d1,
downstream_br,Glasser,0,bayesian_ridge,bayesian_ridge,obs_FC+pred_SC+bv+demo,age,True,True,False,0.8132883406957861,0.8298411883241705,0.6147499331873726,195.0,-0.1867116593042136,1.0,,58c6d9ba,f8d84d1,
downstream_br,Glasser,0,bayesian_ridge,bayesian_ridge,obs_SC+pred_FC+bv+demo,age,True,True,False,0.9082387268215656,0.9063283414418888,0.7922148177543865,195.0,-0.0917612731784341,1.0,,7152a42a,f8d84d1,
downstream_br,Glasser,0,bayesian_ridge,bayesian_ridge,everything,age,True,True,False,0.7621888252505881,0.7733143381234351,0.5377086803330362,195.0,-0.2378111747494117,1.0,,bce4f51f,f8d84d1,
downstream_br,Glasser,1,bayesian_ridge,bayesian_ridge,bv+demo,CogTotal,False,True,False,0.4004289891504945,0.3802596126465563,0.1576289595100075,192.0,0.0,1.0,0.0157836213829219,7ba445b0,f8d84d1,
downstream_br,Glasser,1,bayesian_ridge,bayesian_ridge,obs_FC,CogTotal,False,False,True,0.4629346721344235,0.4334748313758478,0.2017924363184415,192.0,0.062505682983929,0.1704147926036981,0.2340760572108028,fa071e88,f8d84d1,
downstream_br,Glasser,1,bayesian_ridge,bayesian_ridge,obs_SC,CogTotal,False,False,True,0.3036673839199146,0.3015724054082624,0.0797938230493485,192.0,-0.0967616052305798,0.985007496251874,0.0286972896706544,ba73ebf3,f8d84d1,
downstream_br,Glasser,1,bayesian_ridge,bayesian_ridge,obs_FC+obs_SC,CogTotal,False,False,True,0.474411900148194,0.4495252785867792,0.2111930756708803,192.0,0.0739829109976994,0.0899550224887556,0.2358137881510271,f9f832f8,f8d84d1,
downstream_br,Glasser,1,bayesian_ridge,bayesian_ridge,pred_SC,CogTotal,False,False,True,0.4187489506146374,0.3931715242788447,0.1589232486295385,192.0,0.0183199614641429,0.4887556221889055,0.1721404254593989,66841943,f8d84d1,
downstream_br,Glasser,1,bayesian_ridge,bayesian_ridge,pred_FC,CogTotal,False,False,True,0.3295750929781601,0.2861010019034934,0.1005053263977858,192.0,-0.0708538961723344,0.9535232383808095,-0.0258753033725711,9c699cd7,f8d84d1,
downstream_br,Glasser,1,bayesian_ridge,bayesian_ridge,obs_FC+bv+demo,CogTotal,False,True,False,0.4947749763028748,0.4509741595440728,0.2370840147403827,192.0,0.0943459871523803,0.0309845077461269,0.2462654561250138,04790367,f8d84d1,
downstream_br,Glasser,1,bayesian_ridge,bayesian_ridge,obs_SC+bv+demo,CogTotal,False,True,False,0.3740909571135815,0.36519260716205,0.127765221068475,192.0,-0.0263380320369129,0.8755622188905547,0.0201831374933244,e404f327,f8d84d1,
downstream_br,Glasser,1,bayesian_ridge,bayesian_ridge,pred_SC+bv+demo,CogTotal,False,True,False,0.4571639814752672,0.433137409128333,0.2068182291429406,192.0,0.0567349923247726,0.0184907546226886,0.1277312358168361,d6ea898e,f8d84d1,
downstream_br,Glasser,1,bayesian_ridge,bayesian_ridge,pred_FC+bv+demo,CogTotal,False,True,False,0.4131252475427527,0.3882848362520219,0.1668463383956751,192.0,0.0126962583922581,0.2968515742128935,0.0530857606089393,0c9aa839,f8d84d1,
downstream_br,Glasser,1,bayesian_ridge,bayesian_ridge,pred_FC+bv,CogTotal,False,True,False,0.3428126067045982,0.313486462806066,0.1108224185433217,192.0,-0.0576163824458962,0.929535232383808,-0.007509290340891,e223839f,f8d84d1,
downstream_br,Glasser,1,bayesian_ridge,bayesian_ridge,pred_SC+bv,CogTotal,False,True,False,0.4174158824467837,0.4014281958078569,0.1658742459986687,192.0,0.0169868932962892,0.4002998500749625,0.1672533328813994,27143250,f8d84d1,
downstream_br,Glasser,1,bayesian_ridge,bayesian_ridge,obs_SC+pred_FC,CogTotal,False,False,True,0.3163639880365932,0.3088922639133955,0.0894134829123182,192.0,-0.0840650011139013,0.9770114942528736,0.0269619326053054,2af93cff,f8d84d1,
downstream_br,Glasser,1,bayesian_ridge,bayesian_ridge,obs_FC+pred_SC,CogTotal,False,False,True,0.4705891958854595,0.4422800260057196,0.2096142520409162,192.0,0.070160206734965,0.1399300349825087,0.2479072746900817,062eb7cb,f8d84d1,
downstream_br,Glasser,1,bayesian_ridge,bayesian_ridge,obs_FC+pred_SC+bv,CogTotal,False,True,False,0.4802053986615231,0.4388040681795619,0.2211811664786591,192.0,0.0797764095110286,0.0789605197401299,0.2462913143782728,303c360b,f8d84d1,
downstream_br,Glasser,1,bayesian_ridge,bayesian_ridge,obs_FC+pred_SC+bv+demo,CogTotal,False,True,False,0.4943874965320247,0.4490979901125393,0.2360200901174347,192.0,0.0939585073815302,0.0349825087456271,0.2458436826647744,8001c1b5,f8d84d1,
downstream_br,Glasser,1,bayesian_ridge,bayesian_ridge,obs_SC+pred_FC+bv+demo,CogTotal,False,True,False,0.3781773268462149,0.3661107687049107,0.131523790721275,192.0,-0.0222516623042795,0.841079460269865,0.030395063053581,f69005c3,f8d84d1,
downstream_br,Glasser,1,bayesian_ridge,bayesian_ridge,everything,CogTotal,False,True,False,0.4963356636280009,0.4675688908829048,0.2321761252765549,192.0,0.0959066744775064,0.0214892553723138,0.2450512482905134,db421dbd,f8d84d1,
downstream_br,Glasser,1,bayesian_ridge,bayesian_ridge,bv+demo,CogFluid,False,True,False,0.3271027044388927,0.3227098016813527,0.1018196031068807,192.0,0.0,1.0,-0.0415115992504461,06553749,f8d84d1,
downstream_br,Glasser,1,bayesian_ridge,bayesian_ridge,obs_FC,CogFluid,False,False,True,0.3458277747304596,0.2984323685548883,0.1112854665259834,192.0,0.0187250702915669,0.3958020989505247,0.2269813486212148,351b2318,f8d84d1,
downstream_br,Glasser,1,bayesian_ridge,bayesian_ridge,obs_SC,CogFluid,False,False,True,0.2431036392119377,0.2430913841310905,0.0373147740988698,192.0,-0.083999065226955,0.9895052473763118,0.0538662372488212,a3f26e40,f8d84d1,
downstream_br,Glasser,1,bayesian_ridge,bayesian_ridge,obs_FC+obs_SC,CogFluid,False,False,True,0.3741449148593403,0.3296027344542866,0.1244087000079665,192.0,0.0470422104204476,0.2623688155922039,0.2381612123814832,82ac3036,f8d84d1,
downstream_br,Glasser,1,bayesian_ridge,bayesian_ridge,pred_SC,CogFluid,False,False,True,0.3225193347908456,0.3053100420989558,0.0716714579262954,192.0,-0.0045833696480471,0.856071964017991,0.0045006696310643,8ade18d3,f8d84d1,
downstream_br,Glasser,1,bayesian_ridge,bayesian_ridge,pred_FC,CogFluid,False,False,True,0.3289865671142175,0.302699018492925,0.0733528300030127,192.0,0.0018838626753247,0.8630684657671165,0.0746408911822443,16d51bf6,f8d84d1,
downstream_br,Glasser,1,bayesian_ridge,bayesian_ridge,obs_FC+bv+demo,CogFluid,False,True,False,0.3977232583078925,0.3510911196379454,0.1442890166304584,192.0,0.0706205538689998,0.1269365317341329,0.2452860559525274,2c94286f,f8d84d1,
downstream_br,Glasser,1,bayesian_ridge,bayesian_ridge,obs_SC+bv+demo,CogFluid,False,True,False,0.3095051196401997,0.3173724625178559,0.0710761068064589,192.0,-0.017597584798693,0.9240379810094952,0.0590075540965437,99fa35bd,f8d84d1,
downstream_br,Glasser,1,bayesian_ridge,bayesian_ridge,pred_SC+bv+demo,CogFluid,False,True,False,0.3727293762214769,0.3534647774616097,0.1279101930048382,192.0,0.0456266717825842,0.0429785107446276,0.0045942526627202,438b670e,f8d84d1,
downstream_br,Glasser,1,bayesian_ridge,bayesian_ridge,pred_FC+bv+demo,CogFluid,False,True,False,0.3751551990575308,0.3600999988136887,0.1203206117414983,192.0,0.048052494618638,0.0554722638680659,0.0749500548667468,950ca021,f8d84d1,
downstream_br,Glasser,1,bayesian_ridge,bayesian_ridge,pred_FC+bv,CogFluid,False,True,False,0.3315919294230266,0.3148123030080465,0.0800155541382598,192.0,0.0044892249841338,0.8285857071464268,0.0749900496549987,fd6559a3,f8d84d1,
downstream_br,Glasser,1,bayesian_ridge,bayesian_ridge,pred_SC+bv,CogFluid,False,True,False,0.3239339463260587,0.310478682009985,0.0828483300056386,192.0,-0.0031687581128339,0.8015992003998001,0.004683825686219,326560d7,f8d84d1,
downstream_br,Glasser,1,bayesian_ridge,bayesian_ridge,obs_SC+pred_FC,CogFluid,False,False,True,0.2818314858713217,0.2791209666895046,0.0525333779063229,192.0,-0.045271218567571,0.9665167416291854,0.0715667253584854,a030c2fa,f8d84d1,
downstream_br,Glasser,1,bayesian_ridge,bayesian_ridge,obs_FC+pred_SC,CogFluid,False,False,True,0.36005747969714,0.3101743451675937,0.11885980736368,192.0,0.0329547752582473,0.3328335832083958,0.2357800098476047,7458467d,f8d84d1,
downstream_br,Glasser,1,bayesian_ridge,bayesian_ridge,obs_FC+pred_SC+bv,CogFluid,False,True,False,0.3733480768827732,0.3265627569701222,0.128032600843818,192.0,0.0462453724438804,0.2393803098450774,0.2378223704961758,89e2179d,f8d84d1,
downstream_br,Glasser,1,bayesian_ridge,bayesian_ridge,obs_FC+pred_SC+bv+demo,CogFluid,False,True,False,0.3972491513169798,0.3533774607630964,0.1430741672594014,192.0,0.070146446878087,0.1334332833583208,0.2421640472486489,ba8772e3,f8d84d1,
downstream_br,Glasser,1,bayesian_ridge,bayesian_ridge,obs_SC+pred_FC+bv+demo,CogFluid,False,True,False,0.325669087600579,0.3300630545250901,0.0787997137846164,192.0,-0.0014336168383137,0.8650674662668666,0.0697299313625705,b0025340,f8d84d1,
downstream_br,Glasser,1,bayesian_ridge,bayesian_ridge,everything,CogFluid,False,True,False,0.4057868127135767,0.3674905519946551,0.1410902142577065,192.0,0.0786841082746839,0.12143928035982,0.2434998857071936,bb5ea950,f8d84d1,
downstream_br,Glasser,1,bayesian_ridge,bayesian_ridge,bv+demo,CogCryst,False,True,False,0.3659120598115848,0.3470096588836371,0.1225569258562579,194.0,0.0,1.0,-0.0322113348527568,c69542ad,f8d84d1,
downstream_br,Glasser,1,bayesian_ridge,bayesian_ridge,obs_FC,CogCryst,False,False,True,0.4660915419656736,0.459154076543518,0.2101827444530029,194.0,0.1001794821540887,0.0589705147426286,0.2371528127780154,3782cb12,f8d84d1,
downstream_br,Glasser,1,bayesian_ridge,bayesian_ridge,obs_SC,CogCryst,False,False,True,0.2484879998206305,0.2396496884011496,0.0570493731310997,194.0,-0.1174240599909542,0.9030484757621188,-0.0358211558598105,f79d34aa,f8d84d1,
downstream_br,Glasser,1,bayesian_ridge,bayesian_ridge,obs_FC+obs_SC,CogCryst,False,False,True,0.4774499086796486,0.4839449418819636,0.2206488567333902,194.0,0.1115378488680638,0.0149925037481259,0.2161856806365253,f24223e4,f8d84d1,
downstream_br,Glasser,1,bayesian_ridge,bayesian_ridge,pred_SC,CogCryst,False,False,True,0.4073803207892442,0.3912062156763887,0.1603085279294233,194.0,0.0414682609776594,0.2523738130934532,0.1903197040807079,3836dd69,f8d84d1,
downstream_br,Glasser,1,bayesian_ridge,bayesian_ridge,pred_FC,CogCryst,False,False,True,0.2331211329182119,0.2030711022944917,0.0412993983022407,194.0,-0.1327909268933728,0.9505247376311844,-0.1085848195121631,3cb0bd6c,f8d84d1,
downstream_br,Glasser,1,bayesian_ridge,bayesian_ridge,obs_FC+bv+demo,CogCryst,False,True,False,0.508709086898648,0.5014736705480238,0.254164024878863,194.0,0.1427970270870632,0.0049975012493753,0.2518419145207693,b8e198d9,f8d84d1,
downstream_br,Glasser,1,bayesian_ridge,bayesian_ridge,obs_SC+bv+demo,CogCryst,False,True,False,0.3222117345788324,0.2984831034344639,0.0989709991450807,194.0,-0.0437003252327523,0.7246376811594203,-0.0428537927970534,8a07a583,f8d84d1,
downstream_br,Glasser,1,bayesian_ridge,bayesian_ridge,pred_SC+bv+demo,CogCryst,False,True,False,0.4466886903778216,0.4261288998485829,0.188513928199431,194.0,0.0807766305662368,0.0204897551224387,0.2176211886806145,245e14a2,f8d84d1,
downstream_br,Glasser,1,bayesian_ridge,bayesian_ridge,pred_FC+bv+demo,CogCryst,False,True,False,0.3484934828039707,0.3184640461811395,0.0976134853122354,194.0,-0.0174185770076141,0.8305847076461769,-0.0923663971240331,68db7454,f8d84d1,
downstream_br,Glasser,1,bayesian_ridge,bayesian_ridge,pred_FC+bv,CogCryst,False,True,False,0.2503658523270974,0.2172074919106929,0.0513017244481339,194.0,-0.1155462074844874,0.9365317341329336,-0.1040250192769799,74e24e8f,f8d84d1,
downstream_br,Glasser,1,bayesian_ridge,bayesian_ridge,pred_SC+bv,CogCryst,False,True,False,0.4074950875315559,0.3922416680026538,0.1624025281291652,194.0,0.041583027719971,0.2068965517241379,0.2150219311059658,1427dc10,f8d84d1,
downstream_br,Glasser,1,bayesian_ridge,bayesian_ridge,obs_SC+pred_FC,CogCryst,False,False,True,0.244305095439715,0.2334114990291822,0.0525045324819094,194.0,-0.1216069643718698,0.9195402298850576,-0.0619942079946541,46ed7fb2,f8d84d1,
downstream_br,Glasser,1,bayesian_ridge,bayesian_ridge,obs_FC+pred_SC,CogCryst,False,False,True,0.4794510920149111,0.4769408465035841,0.2222689499347552,194.0,0.1135390322033263,0.0294852573713143,0.2483128841046578,380cce4e,f8d84d1,
downstream_br,Glasser,1,bayesian_ridge,bayesian_ridge,obs_FC+pred_SC+bv,CogCryst,False,True,False,0.4909943409328201,0.4842909144449457,0.2343865252209461,194.0,0.1250822811212353,0.0139930034982508,0.2493832245559178,43d6bca1,f8d84d1,
downstream_br,Glasser,1,bayesian_ridge,bayesian_ridge,obs_FC+pred_SC+bv+demo,CogCryst,False,True,False,0.5084558076311874,0.501315065548842,0.2534200032818307,194.0,0.1425437478196025,0.0049975012493753,0.2527407779855328,dbe556a0,f8d84d1,
downstream_br,Glasser,1,bayesian_ridge,bayesian_ridge,obs_SC+pred_FC+bv+demo,CogCryst,False,True,False,0.3151729579672145,0.2931521675293193,0.0936427847596146,194.0,-0.0507391018443702,0.7651174412793603,-0.0525723195094471,ca8bf9c9,f8d84d1,
downstream_br,Glasser,1,bayesian_ridge,bayesian_ridge,everything,CogCryst,False,True,False,0.4899561025364449,0.491304049486491,0.23556381268767,194.0,0.1240440427248601,0.0074962518740629,0.2148947790730646,1537ea1b,f8d84d1,
downstream_br,Glasser,1,bayesian_ridge,bayesian_ridge,bv+demo,sex,True,True,False,,,,,0.0,,,91371eb6,f8d84d1,1.0
downstream_br,Glasser,1,bayesian_ridge,bayesian_ridge,obs_FC,sex,True,False,True,,,,,-0.0703208556149732,,,5fc4ca5f,f8d84d1,0.9296791443850267
downstream_br,Glasser,1,bayesian_ridge,bayesian_ridge,obs_SC,sex,True,False,True,,,,,-0.0802139037433155,,,b9cfd85b,f8d84d1,0.9197860962566844
downstream_br,Glasser,1,bayesian_ridge,bayesian_ridge,obs_FC+obs_SC,sex,True,False,True,,,,,-0.0435828877005347,,,1ec1588f,f8d84d1,0.9564171122994652
downstream_br,Glasser,1,bayesian_ridge,bayesian_ridge,pred_SC,sex,True,False,True,,,,,-0.0866310160427807,,,d53c2330,f8d84d1,0.9133689839572192
downstream_br,Glasser,1,bayesian_ridge,bayesian_ridge,pred_FC,sex,True,False,True,,,,,-0.0866310160427807,,,02f38a7d,f8d84d1,0.9133689839572192
downstream_br,Glasser,1,bayesian_ridge,bayesian_ridge,obs_FC+bv+demo,sex,True,True,False,,,,,0.0,,,91c80e12,f8d84d1,1.0
downstream_br,Glasser,1,bayesian_ridge,bayesian_ridge,obs_SC+bv+demo,sex,True,True,False,,,,,0.0,,,a944ad87,f8d84d1,1.0
downstream_br,Glasser,1,bayesian_ridge,bayesian_ridge,pred_SC+bv+demo,sex,True,True,False,,,,,0.0,,,10c7e1bb,f8d84d1,1.0
downstream_br,Glasser,1,bayesian_ridge,bayesian_ridge,pred_FC+bv+demo,sex,True,True,False,,,,,0.0,,,665f7fb0,f8d84d1,1.0
downstream_br,Glasser,1,bayesian_ridge,bayesian_ridge,pred_FC+bv,sex,True,True,False,,,,,-0.0834224598930482,,,bae52340,f8d84d1,0.9165775401069518
downstream_br,Glasser,1,bayesian_ridge,bayesian_ridge,pred_SC+bv,sex,True,True,False,,,,,-0.0684491978609626,,,f787acb0,f8d84d1,0.9315508021390374
downstream_br,Glasser,1,bayesian_ridge,bayesian_ridge,obs_SC+pred_FC,sex,True,False,True,,,,,-0.0802139037433155,,,af7262a1,f8d84d1,0.9197860962566844
downstream_br,Glasser,1,bayesian_ridge,bayesian_ridge,obs_FC+pred_SC,sex,True,False,True,,,,,-0.0612299465240642,,,e6284828,f8d84d1,0.9387700534759358
downstream_br,Glasser,1,bayesian_ridge,bayesian_ridge,obs_FC+pred_SC+bv,sex,True,True,False,,,,,-0.0508021390374331,,,3b6def3b,f8d84d1,0.9491978609625668
downstream_br,Glasser,1,bayesian_ridge,bayesian_ridge,obs_FC+pred_SC+bv+demo,sex,True,True,False,,,,,0.0,,,2b11dd10,f8d84d1,1.0
downstream_br,Glasser,1,bayesian_ridge,bayesian_ridge,obs_SC+pred_FC+bv+demo,sex,True,True,False,,,,,0.0,,,44798f94,f8d84d1,1.0
downstream_br,Glasser,1,bayesian_ridge,bayesian_ridge,everything,sex,True,True,False,,,,,0.0,,,c0375b06,f8d84d1,1.0
downstream_br,Glasser,1,bayesian_ridge,bayesian_ridge,bv+demo,age,True,True,False,1.0,0.9968427557934872,0.9999999999999992,195.0,0.0,1.0,,ef3729b6,f8d84d1,
downstream_br,Glasser,1,bayesian_ridge,bayesian_ridge,obs_FC,age,True,False,True,0.3936223028591563,0.3841734888448078,0.1427224437600673,195.0,-0.6063776971408437,1.0,,56415001,f8d84d1,
downstream_br,Glasser,1,bayesian_ridge,bayesian_ridge,obs_SC,age,True,False,True,0.3597357622657677,0.3452167198098007,0.1031677935205581,195.0,-0.6402642377342321,1.0,,6b26228f,f8d84d1,
downstream_br,Glasser,1,bayesian_ridge,bayesian_ridge,obs_FC+obs_SC,age,True,False,True,0.4689156384858545,0.4551090651180954,0.1959167662757196,195.0,-0.5310843615141454,1.0,,24f38dec,f8d84d1,
downstream_br,Glasser,1,bayesian_ridge,bayesian_ridge,pred_SC,age,True,False,True,0.2856512643910797,0.2699674058692485,0.0658347759819614,195.0,-0.7143487356089202,1.0,,77052070,f8d84d1,
downstream_br,Glasser,1,bayesian_ridge,bayesian_ridge,pred_FC,age,True,False,True,0.3089209681478883,0.3116679523441041,0.0766027219217863,195.0,-0.6910790318521116,1.0,,b1b9773f,f8d84d1,
downstream_br,Glasser,1,bayesian_ridge,bayesian_ridge,obs_FC+bv+demo,age,True,True,False,0.8245477013729581,0.8225349585896748,0.6201451650529952,195.0,-0.1754522986270418,1.0,,b4d632b6,f8d84d1,
downstream_br,Glasser,1,bayesian_ridge,bayesian_ridge,obs_SC+bv+demo,age,True,True,False,0.932209218684413,0.9429137290364196,0.8265158024289841,195.0,-0.0677907813155869,1.0,,e6bd7035,f8d84d1,
downstream_br,Glasser,1,bayesian_ridge,bayesian_ridge,pred_SC+bv+demo,age,True,True,False,0.9999999999999934,0.9968427557934872,0.9999999999999826,195.0,-6.439293542825908e-15,1.0,,91e8dfb5,f8d84d1,
downstream_br,Glasser,1,bayesian_ridge,bayesian_ridge,pred_FC+bv+demo,age,True,True,False,0.9999999999999792,0.9968427557934872,0.999999999999953,195.0,-2.0761170560490427e-14,1.0,,aa5258c7,f8d84d1,
downstream_br,Glasser,1,bayesian_ridge,bayesian_ridge,pred_FC+bv,age,True,True,False,0.4910354046691491,0.4858215135379841,0.2285887806428075,195.0,-0.5089645953308508,1.0,,b9efe66a,f8d84d1,
downstream_br,Glasser,1,bayesian_ridge,bayesian_ridge,pred_SC+bv,age,True,True,False,0.5120059408709025,0.4937216443204115,0.2549454958215345,195.0,-0.4879940591290974,1.0,,d07002d4,f8d84d1,
downstream_br,Glasser,1,bayesian_ridge,bayesian_ridge,obs_SC+pred_FC,age,True,False,True,0.3611054059692043,0.346663291229271,0.1041506316103444,195.0,-0.6388945940307955,1.0,,50208f32,f8d84d1,
downstream_br,Glasser,1,bayesian_ridge,bayesian_ridge,obs_FC+pred_SC,age,True,False,True,0.391059893090089,0.3825231635385321,0.1408921078099322,195.0,-0.6089401069099108,1.0,,7f0a9c69,f8d84d1,
downstream_br,Glasser,1,bayesian_ridge,bayesian_ridge,obs_FC+pred_SC+bv,age,True,True,False,0.4504760994543221,0.4341370266096684,0.1901616505637763,195.0,-0.5495239005456778,1.0,,938addde,f8d84d1,
downstream_br,Glasser,1,bayesian_ridge,bayesian_ridge,obs_FC+pred_SC+bv+demo,age,True,True,False,0.820700516607095,0.8183494803411959,0.6129928899350401,195.0,-0.1792994833929049,1.0,,f61034a6,f8d84d1,
downstream_br,Glasser,1,bayesian_ridge,bayesian_ridge,obs_SC+pred_FC+bv+demo,age,True,True,False,0.9264983654426716,0.939480760162716,0.8147711618218872,195.0,-0.0735016345573281,1.0,,e3a39a6c,f8d84d1,
downstream_br,Glasser,1,bayesian_ridge,bayesian_ridge,everything,age,True,True,False,0.8053573828314587,0.8136907410727671,0.5666619260857402,195.0,-0.1946426171685411,1.0,,28d47bab,f8d84d1,
downstream_br,Glasser,2,bayesian_ridge,bayesian_ridge,bv+demo,CogTotal,False,True,False,0.4288339661600738,0.3690233149433212,0.1694872624160367,193.0,0.0,1.0,0.0529391346442748,6b75c2af,f8d84d1,
downstream_br,Glasser,2,bayesian_ridge,bayesian_ridge,obs_FC,CogTotal,False,False,True,0.5363571708620849,0.5163743836137369,0.2510601721186402,193.0,0.107523204702011,0.0544727636181909,0.4112093572889158,8f1445cc,f8d84d1,
downstream_br,Glasser,2,bayesian_ridge,bayesian_ridge,obs_SC,CogTotal,False,False,True,0.314701480606269,0.2691476853332815,0.0905762728328194,193.0,-0.1141324855538048,0.9920039980009996,0.095139134914855,46c6c78b,f8d84d1,
downstream_br,Glasser,2,bayesian_ridge,bayesian_ridge,obs_FC+obs_SC,CogTotal,False,False,True,0.5594104104420923,0.5337679381109873,0.2717685699519295,193.0,0.1305764442820184,0.0109945027486256,0.4158572908398237,27ce7e1b,f8d84d1,
downstream_br,Glasser,2,bayesian_ridge,bayesian_ridge,pred_SC,CogTotal,False,False,True,0.3918539353579435,0.373673448934308,0.1419967843458019,193.0,-0.0369800308021303,0.769615192403798,0.2639073107913307,90483656,f8d84d1,
downstream_br,Glasser,2,bayesian_ridge,bayesian_ridge,pred_FC,CogTotal,False,False,True,0.3712762244869066,0.3357937629452628,0.123199659776076,193.0,-0.0575577416731672,0.935032483758121,0.1997989591028342,0a01dac4,f8d84d1,
downstream_br,Glasser,2,bayesian_ridge,bayesian_ridge,obs_FC+bv+demo,CogTotal,False,True,False,0.5745607579973068,0.5594117034082581,0.2944757339646207,193.0,0.1457267918372329,0.0029985007496251,0.4225936154384132,6bce548f,f8d84d1,
downstream_br,Glasser,2,bayesian_ridge,bayesian_ridge,obs_SC+bv+demo,CogTotal,False,True,False,0.3843437719351252,0.3437977361708187,0.135358392454887,193.0,-0.0444901942249486,0.9050474762618692,0.1146738647701159,7344324c,f8d84d1,
downstream_br,Glasser,2,bayesian_ridge,bayesian_ridge,pred_SC+bv+demo,CogTotal,False,True,False,0.4916836428800764,0.4297020962168418,0.2135095299420587,193.0,0.0628496767200025,0.0139930034982508,0.2119603469499032,81eb4887,f8d84d1,
downstream_br,Glasser,2,bayesian_ridge,bayesian_ridge,pred_FC+bv+demo,CogTotal,False,True,False,0.4656083781590782,0.4032094373154006,0.1959591420272942,193.0,0.0367744119990043,0.047976011994003,0.1999806441891545,f22f600c,f8d84d1,
downstream_br,Glasser,2,bayesian_ridge,bayesian_ridge,pred_FC+bv,CogTotal,False,True,False,0.380381305462912,0.3448628180183325,0.1288350334709965,193.0,-0.0484526606971618,0.9170414792603698,0.2001470373182619,edea9915,f8d84d1,
downstream_br,Glasser,2,bayesian_ridge,bayesian_ridge,pred_SC+bv,CogTotal,False,True,False,0.4172808338886307,0.3936629317589626,0.1548755521910798,193.0,-0.0115531322714431,0.68015992003998,0.2119587946726254,1c4e0238,f8d84d1,
downstream_br,Glasser,2,bayesian_ridge,bayesian_ridge,obs_SC+pred_FC,CogTotal,False,False,True,0.3427240938319974,0.3042252711952862,0.1062450688394005,193.0,-0.0861098723280764,0.9715142428785608,0.135741911791702,ae87904b,f8d84d1,
downstream_br,Glasser,2,bayesian_ridge,bayesian_ridge,obs_FC+pred_SC,CogTotal,False,False,True,0.5424177762634731,0.5187566278087246,0.2651515392569471,193.0,0.1135838101033992,0.0304847576211894,0.4243198621681792,4f25a041,f8d84d1,
downstream_br,Glasser,2,bayesian_ridge,bayesian_ridge,obs_FC+pred_SC+bv,CogTotal,False,True,False,0.5539425313138391,0.5406876313052578,0.2749664430334575,193.0,0.1251085651537652,0.0114942528735632,0.4191038601893254,a8854376,f8d84d1,
downstream_br,Glasser,2,bayesian_ridge,bayesian_ridge,obs_FC+pred_SC+bv+demo,CogTotal,False,True,False,0.5694683988018535,0.5472433937115062,0.2891146876911277,193.0,0.1406344326417796,0.0039980009995002,0.4184701895729791,3082c8f3,f8d84d1,
downstream_br,Glasser,2,bayesian_ridge,bayesian_ridge,obs_SC+pred_FC+bv+demo,CogTotal,False,True,False,0.3901249049467537,0.3450806756689603,0.1387724114390938,193.0,-0.0387090612133201,0.8730634682658671,0.1391877743324955,a086947b,f8d84d1,
downstream_br,Glasser,2,bayesian_ridge,bayesian_ridge,everything,CogTotal,False,True,False,0.5656366175289426,0.5328914992866226,0.275783090820059,193.0,0.1368026513688687,0.0059970014992503,0.4088211001758895,95ed9d36,f8d84d1,
downstream_br,Glasser,2,bayesian_ridge,bayesian_ridge,bv+demo,CogFluid,False,True,False,0.3228957340775774,0.2817907074384887,0.0914985667595638,193.0,0.0,1.0,-0.0233369507914459,03339e8a,f8d84d1,
downstream_br,Glasser,2,bayesian_ridge,bayesian_ridge,obs_FC,CogFluid,False,False,True,0.3483414867186997,0.3096088023038714,0.1075938914544616,193.0,0.0254457526411222,0.3273363318340829,0.2218157491263383,2cbdb60e,f8d84d1,
downstream_br,Glasser,2,bayesian_ridge,bayesian_ridge,obs_SC,CogFluid,False,False,True,0.2347211415309447,0.1820027859831885,0.0384847507322703,193.0,-0.0881745925466326,0.9760119940029984,0.0439689141360872,9c564a5c,f8d84d1,
downstream_br,Glasser,2,bayesian_ridge,bayesian_ridge,obs_FC+obs_SC,CogFluid,False,False,True,0.3751437182579012,0.3259140618685313,0.1202317204042551,193.0,0.0522479841803238,0.1994002998500749,0.2297245957359444,f426b9ae,f8d84d1,
downstream_br,Glasser,2,bayesian_ridge,bayesian_ridge,pred_SC,CogFluid,False,False,True,0.2182084194166993,0.1764199706050144,0.0428282890556177,193.0,-0.104687314660878,0.9370314842578712,0.0736626429036556,e517baed,f8d84d1,
downstream_br,Glasser,2,bayesian_ridge,bayesian_ridge,pred_FC,CogFluid,False,False,True,0.2370835616128966,0.215617360561745,0.0469709050323302,193.0,-0.0858121724646808,0.9665167416291854,0.0084022756619711,3831d347,f8d84d1,
downstream_br,Glasser,2,bayesian_ridge,bayesian_ridge,obs_FC+bv+demo,CogFluid,False,True,False,0.3680124607083743,0.3334098407459991,0.1223790767197861,193.0,0.0451167266307969,0.1839080459770115,0.2224595233036386,a123bf22,f8d84d1,
downstream_br,Glasser,2,bayesian_ridge,bayesian_ridge,obs_SC+bv+demo,CogFluid,False,True,False,0.2796160280306731,0.2345375043512248,0.0645303503626967,193.0,-0.0432797060469042,0.904047976011994,0.0473670051280823,fd987ad7,f8d84d1,
downstream_br,Glasser,2,bayesian_ridge,bayesian_ridge,pred_SC+bv+demo,CogFluid,False,True,False,0.3487826667834716,0.2870613725772493,0.1036510441052607,193.0,0.0258869327058942,0.1849075462268865,0.07364274947674,301dcf34,f8d84d1,
downstream_br,Glasser,2,bayesian_ridge,bayesian_ridge,pred_FC+bv+demo,CogFluid,False,True,False,0.316937766282117,0.2688398110080614,0.0883847132108466,193.0,-0.0059579677954603,0.5772113943028486,0.0082405838445619,b8db445c,f8d84d1,
downstream_br,Glasser,2,bayesian_ridge,bayesian_ridge,pred_FC+bv,CogFluid,False,True,False,0.2351596581450102,0.2225672938333935,0.0481002642507362,193.0,-0.0877360759325672,0.9565217391304348,0.008311558795355,d5157391,f8d84d1,
downstream_br,Glasser,2,bayesian_ridge,bayesian_ridge,pred_SC+bv,CogFluid,False,True,False,0.2688180419016582,0.2144296873246182,0.0607350817883611,193.0,-0.0540776921759191,0.863568215892054,0.073756088718929,5e9b6b5e,f8d84d1,
downstream_br,Glasser,2,bayesian_ridge,bayesian_ridge,obs_SC+pred_FC,CogFluid,False,False,True,0.242682571698536,0.2033600385937579,0.0444135804138768,193.0,-0.0802131623790414,0.968015992003998,0.0394115756879049,51eff678,f8d84d1,
downstream_br,Glasser,2,bayesian_ridge,bayesian_ridge,obs_FC+pred_SC,CogFluid,False,False,True,0.341499063343101,0.3150297001781786,0.1062613329042546,193.0,0.0186033292655236,0.3413293353323338,0.2245266259218455,3347903c,f8d84d1,
downstream_br,Glasser,2,bayesian_ridge,bayesian_ridge,obs_FC+pred_SC+bv,CogFluid,False,True,False,0.3518668251453299,0.3164168491030591,0.1127022028734071,193.0,0.0289710910677525,0.2823588205897051,0.2236978198341157,89e2b38c,f8d84d1,
downstream_br,Glasser,2,bayesian_ridge,bayesian_ridge,obs_FC+pred_SC+bv+demo,CogFluid,False,True,False,0.3656927288082414,0.3326570078156489,0.1204449682351282,193.0,0.042796994730664,0.1999000499750124,0.2224160361061084,c284092e,f8d84d1,
downstream_br,Glasser,2,bayesian_ridge,bayesian_ridge,obs_SC+pred_FC+bv+demo,CogFluid,False,True,False,0.2790837362732958,0.240175405065766,0.0651318879624713,193.0,-0.0438119978042815,0.8950524737631185,0.04323014665152,041a8718,f8d84d1,
downstream_br,Glasser,2,bayesian_ridge,bayesian_ridge,everything,CogFluid,False,True,False,0.3863149388026984,0.3367466767277514,0.1266543973838768,193.0,0.0634192047251209,0.1339330334832583,0.2301709968652257,181789df,f8d84d1,
downstream_br,Glasser,2,bayesian_ridge,bayesian_ridge,bv+demo,CogCryst,False,True,False,0.4411486258251302,0.3890533382363335,0.181746187312234,195.0,0.0,1.0,0.0572534680369503,0d9eebd5,f8d84d1,
downstream_br,Glasser,2,bayesian_ridge,bayesian_ridge,obs_FC,CogCryst,False,False,True,0.567915222097044,0.530518525238213,0.2998491250597952,195.0,0.1267665962719137,0.0199900049975012,0.5138754461420114,4673d70c,f8d84d1,
downstream_br,Glasser,2,bayesian_ridge,bayesian_ridge,obs_SC,CogCryst,False,False,True,0.2777394178880569,0.2811525408400688,0.0765894991360857,195.0,-0.1634092079370733,0.99800099950025,0.1584821929121034,cbf730c3,f8d84d1,
downstream_br,Glasser,2,bayesian_ridge,bayesian_ridge,obs_FC+obs_SC,CogCryst,False,False,True,0.5974320134060502,0.5643434802870266,0.3226110224977341,195.0,0.1562833875809199,0.0024987506246876,0.5343689010965995,e56914f1,f8d84d1,
downstream_br,Glasser,2,bayesian_ridge,bayesian_ridge,pred_SC,CogCryst,False,False,True,0.429414343793051,0.3947372254196556,0.1731047573761295,195.0,-0.0117342820320792,0.5742128935532234,0.3533699190610432,806c0608,f8d84d1,
downstream_br,Glasser,2,bayesian_ridge,bayesian_ridge,pred_FC,CogCryst,False,False,True,0.3264013228624528,0.3105697320096746,0.1019119667142171,195.0,-0.1147473029626774,0.993503248375812,0.2014904717960366,5c6a6207,f8d84d1,
downstream_br,Glasser,2,bayesian_ridge,bayesian_ridge,obs_FC+bv+demo,CogCryst,False,True,False,0.6159037609082477,0.5882588563997692,0.3485983239814639,195.0,0.1747551350831174,0.0004997501249375,0.513411019640394,af074e2c,f8d84d1,
downstream_br,Glasser,2,bayesian_ridge,bayesian_ridge,obs_SC+bv+demo,CogCryst,False,True,False,0.3660866320132486,0.3586416286515365,0.1279487892316019,195.0,-0.0750619938118816,0.9625187406296852,0.1731845960627476,395f636d,f8d84d1,
downstream_br,Glasser,2,bayesian_ridge,bayesian_ridge,pred_SC+bv+demo,CogCryst,False,True,False,0.548478524995829,0.4897513623098831,0.269228728703737,195.0,0.1073298991706988,0.0004997501249375,0.2757147704728223,5c9002be,f8d84d1,
downstream_br,Glasser,2,bayesian_ridge,bayesian_ridge,pred_FC+bv+demo,CogCryst,False,True,False,0.4779580463562637,0.437151938790076,0.2070578999710928,195.0,0.0368094205311334,0.0409795102448775,0.1907675016749213,d585bab7,f8d84d1,
downstream_br,Glasser,2,bayesian_ridge,bayesian_ridge,pred_FC+bv,CogCryst,False,True,False,0.3366446807657458,0.3156604686654661,0.107187697597433,195.0,-0.1045039450593844,0.9930034982508744,0.1907466606404496,5bb72d8c,f8d84d1,
downstream_br,Glasser,2,bayesian_ridge,bayesian_ridge,pred_SC+bv,CogCryst,False,True,False,0.431008575347182,0.3989394500983277,0.1724116494322312,195.0,-0.0101400504779481,0.5987006496751625,0.2977681275053906,45198756,f8d84d1,
downstream_br,Glasser,2,bayesian_ridge,bayesian_ridge,obs_SC+pred_FC,CogCryst,False,False,True,0.301158604163628,0.2994155889380753,0.0892753270246166,195.0,-0.1399900216615022,0.9970014992503748,0.1837083231129838,d7570dfd,f8d84d1,
downstream_br,Glasser,2,bayesian_ridge,bayesian_ridge,obs_FC+pred_SC,CogCryst,False,False,True,0.5708696979057933,0.5367292077740896,0.3065916624202383,195.0,0.129721072080663,0.0144927536231884,0.5200304220092006,6ac30b90,f8d84d1,
downstream_br,Glasser,2,bayesian_ridge,bayesian_ridge,obs_FC+pred_SC+bv,CogCryst,False,True,False,0.58257910633734,0.5470191151520971,0.3168322276128352,195.0,0.1414304805122097,0.0064967516241879,0.512637676735834,bc6a5905,f8d84d1,
downstream_br,Glasser,2,bayesian_ridge,bayesian_ridge,obs_FC+pred_SC+bv+demo,CogCryst,False,True,False,0.6103302351051815,0.5779292977586661,0.3430547793854949,195.0,0.1691816092800512,0.000999500249875,0.5104494876119143,ae04c4b3,f8d84d1,
downstream_br,Glasser,2,bayesian_ridge,bayesian_ridge,obs_SC+pred_FC+bv+demo,CogCryst,False,True,False,0.3672515948177645,0.3584919249031147,0.128559635102231,195.0,-0.0738970310073657,0.9580209895052474,0.1878570392933568,cf76a345,f8d84d1,
downstream_br,Glasser,2,bayesian_ridge,bayesian_ridge,everything,CogCryst,False,True,False,0.6130873483141287,0.5754369326498062,0.339685540879007,195.0,0.1719387224889984,0.0014992503748125,0.5190300841643052,451ce7eb,f8d84d1,
downstream_br,Glasser,2,bayesian_ridge,bayesian_ridge,bv+demo,sex,True,True,False,,,,,0.0,,,51ad5d2c,f8d84d1,1.0
downstream_br,Glasser,2,bayesian_ridge,bayesian_ridge,obs_FC,sex,True,False,True,,,,,-0.1350043029259897,,,cb352554,f8d84d1,0.8649956970740103
downstream_br,Glasser,2,bayesian_ridge,bayesian_ridge,obs_SC,sex,True,False,True,,,,,-0.1405981067125645,,,365d534a,f8d84d1,0.8594018932874354
downstream_br,Glasser,2,bayesian_ridge,bayesian_ridge,obs_FC+obs_SC,sex,True,False,True,,,,,-0.0629302925989673,,,141c8387,f8d84d1,0.9370697074010328
downstream_br,Glasser,2,bayesian_ridge,bayesian_ridge,pred_SC,sex,True,False,True,,,,,-0.1588855421686746,,,118a4d9e,f8d84d1,0.8411144578313253
downstream_br,Glasser,2,bayesian_ridge,bayesian_ridge,pred_FC,sex,True,False,True,,,,,-0.1240856282271944,,,a482f613,f8d84d1,0.8759143717728055
downstream_br,Glasser,2,bayesian_ridge,bayesian_ridge,obs_FC+bv+demo,sex,True,True,False,,,,,0.0,,,28e82885,f8d84d1,1.0
downstream_br,Glasser,2,bayesian_ridge,bayesian_ridge,obs_SC+bv+demo,sex,True,True,False,,,,,0.0,,,21f95b65,f8d84d1,1.0
downstream_br,Glasser,2,bayesian_ridge,bayesian_ridge,pred_SC+bv+demo,sex,True,True,False,,,,,0.0,,,f4aab1fb,f8d84d1,1.0
downstream_br,Glasser,2,bayesian_ridge,bayesian_ridge,pred_FC+bv+demo,sex,True,True,False,,,,,0.0,,,bc51f002,f8d84d1,1.0
downstream_br,Glasser,2,bayesian_ridge,bayesian_ridge,pred_FC+bv,sex,True,True,False,,,,,-0.0957401032702237,,,4d49715a,f8d84d1,0.9042598967297762
downstream_br,Glasser,2,bayesian_ridge,bayesian_ridge,pred_SC+bv,sex,True,True,False,,,,,-0.1124677280550774,,,7b90c6a8,f8d84d1,0.8875322719449226
downstream_br,Glasser,2,bayesian_ridge,bayesian_ridge,obs_SC+pred_FC,sex,True,False,True,,,,,-0.1361338209982788,,,84fe51c3,f8d84d1,0.8638661790017211
downstream_br,Glasser,2,bayesian_ridge,bayesian_ridge,obs_FC+pred_SC,sex,True,False,True,,,,,-0.1350043029259897,,,d46a4b99,f8d84d1,0.8649956970740103
downstream_br,Glasser,2,bayesian_ridge,bayesian_ridge,obs_FC+pred_SC+bv,sex,True,True,False,,,,,-0.1095632530120481,,,6433cbf0,f8d84d1,0.8904367469879518
downstream_br,Glasser,2,bayesian_ridge,bayesian_ridge,obs_FC+pred_SC+bv+demo,sex,True,True,False,,,,,-0.01651247848537,,,16a3662e,f8d84d1,0.98348752151463
downstream_br,Glasser,2,bayesian_ridge,bayesian_ridge,obs_SC+pred_FC+bv+demo,sex,True,True,False,,,,,0.0,,,4a774605,f8d84d1,1.0
downstream_br,Glasser,2,bayesian_ridge,bayesian_ridge,everything,sex,True,True,False,,,,,-0.0104883820998278,,,c7217ccf,f8d84d1,0.9895116179001722
downstream_br,Glasser,2,bayesian_ridge,bayesian_ridge,bv+demo,age,True,True,False,1.0,0.996144796445579,0.9999999999999996,195.0,0.0,1.0,,814f386d,f8d84d1,
downstream_br,Glasser,2,bayesian_ridge,bayesian_ridge,obs_FC,age,True,False,True,0.3736465781803147,0.3303020111788982,0.1011448315944799,195.0,-0.6263534218196851,1.0,,31cc637a,f8d84d1,
downstream_br,Glasser,2,bayesian_ridge,bayesian_ridge,obs_SC,age,True,False,True,0.3184811335506217,0.3398640329187768,0.0349540139099633,195.0,-0.6815188664493781,1.0,,4577337e,f8d84d1,
downstream_br,Glasser,2,bayesian_ridge,bayesian_ridge,obs_FC+obs_SC,age,True,False,True,0.4094472340346022,0.3821583717079007,0.1176511511363039,195.0,-0.5905527659653977,1.0,,9b8b3148,f8d84d1,
downstream_br,Glasser,2,bayesian_ridge,bayesian_ridge,pred_SC,age,True,False,True,0.1828955996372709,0.1589345948032439,-0.0312312269497476,195.0,-0.817104400362729,1.0,,ccbd01b9,f8d84d1,
downstream_br,Glasser,2,bayesian_ridge,bayesian_ridge,pred_FC,age,True,False,True,0.2988747990859419,0.3285766068652883,0.0269403953230132,195.0,-0.701125200914058,1.0,,9a8b2be6,f8d84d1,
downstream_br,Glasser,2,bayesian_ridge,bayesian_ridge,obs_FC+bv+demo,age,True,True,False,0.8086754108418014,0.8092024380243303,0.5857185745199278,195.0,-0.1913245891581985,1.0,,ab9afc36,f8d84d1,
downstream_br,Glasser,2,bayesian_ridge,bayesian_ridge,obs_SC+bv+demo,age,True,True,False,0.9167125495064218,0.9198582055363956,0.7845475568300997,195.0,-0.0832874504935781,1.0,,addf360f,f8d84d1,
downstream_br,Glasser,2,bayesian_ridge,bayesian_ridge,pred_SC+bv+demo,age,True,True,False,0.9999999999999925,0.996144796445579,0.9999999999999836,195.0,-7.549516567451064e-15,1.0,,94012cb7,f8d84d1,
downstream_br,Glasser,2,bayesian_ridge,bayesian_ridge,pred_FC+bv+demo,age,True,True,False,0.9999999999999885,0.996144796445579,0.999999999999976,195.0,-1.1546319456101628e-14,1.0,,c75dd9f8,f8d84d1,
downstream_br,Glasser,2,bayesian_ridge,bayesian_ridge,pred_FC+bv,age,True,True,False,0.4329241692443858,0.4165486690792167,0.1340137795884823,195.0,-0.5670758307556141,1.0,,adee980b,f8d84d1,
downstream_br,Glasser,2,bayesian_ridge,bayesian_ridge,pred_SC+bv,age,True,True,False,0.3465852328431797,0.3462319446016337,0.0673616732884042,195.0,-0.6534147671568201,1.0,,ed2e3113,f8d84d1,
downstream_br,Glasser,2,bayesian_ridge,bayesian_ridge,obs_SC+pred_FC,age,True,False,True,0.3231930248536823,0.3471994382633613,0.0373480242157904,195.0,-0.6768069751463175,1.0,,8272e77d,f8d84d1,
downstream_br,Glasser,2,bayesian_ridge,bayesian_ridge,obs_FC+pred_SC,age,True,False,True,0.3735347622588162,0.3333027849710239,0.1012822747382116,195.0,-0.6264652377411837,1.0,,182c9a5b,f8d84d1,
downstream_br,Glasser,2,bayesian_ridge,bayesian_ridge,obs_FC+pred_SC+bv,age,True,True,False,0.4301067573274578,0.4065739800176273,0.1514604866627298,195.0,-0.569893242672542,1.0,,a6c8bd9c,f8d84d1,
downstream_br,Glasser,2,bayesian_ridge,bayesian_ridge,obs_FC+pred_SC+bv+demo,age,True,True,False,0.8034999707597944,0.8031489008562412,0.5771610844533692,195.0,-0.1965000292402055,1.0,,27025aea,f8d84d1,
downstream_br,Glasser,2,bayesian_ridge,bayesian_ridge,obs_SC+pred_FC+bv+demo,age,True,True,False,0.9061476752005888,0.9102775000398252,0.762360115824977,195.0,-0.093852324799411,1.0,,557be69e,f8d84d1,
downstream_br,Glasser,2,bayesian_ridge,bayesian_ridge,everything,age,True,True,False,0.765654485380639,0.7721086822934597,0.5121090491783191,195.0,-0.2343455146193609,1.0,,a6f62492,f8d84d1,
downstream_br,Glasser,3,bayesian_ridge,bayesian_ridge,bv+demo,CogTotal,False,True,False,0.3453183530960863,0.3629137230722477,0.1122939318418569,195.0,0.0,1.0,0.0991685758795851,e079109a,f8d84d1,
downstream_br,Glasser,3,bayesian_ridge,bayesian_ridge,obs_FC,CogTotal,False,False,True,0.4579380892554088,0.4134880525149656,0.2029385731970089,195.0,0.1126197361593224,0.0529735132433783,0.3354984807597997,614a4600,f8d84d1,
downstream_br,Glasser,3,bayesian_ridge,bayesian_ridge,obs_SC,CogTotal,False,False,True,0.1114302974081087,0.1136042980166311,-0.0348069418694805,195.0,-0.2338880556879776,0.9995002498750624,-0.135831711100344,482c65f4,f8d84d1,
downstream_br,Glasser,3,bayesian_ridge,bayesian_ridge,obs_FC+obs_SC,CogTotal,False,False,True,0.4064774063253831,0.3788174831973375,0.1640337406765394,195.0,0.0611590532292967,0.1564217891054472,0.2418390028543041,5712b293,f8d84d1,
downstream_br,Glasser,3,bayesian_ridge,bayesian_ridge,pred_SC,CogTotal,False,False,True,0.3693441641846769,0.3394242586062129,0.1353037473680336,195.0,0.0240258110885905,0.3333333333333333,0.2458945575248796,1409e8d9,f8d84d1,
downstream_br,Glasser,3,bayesian_ridge,bayesian_ridge,pred_FC,CogTotal,False,False,True,0.1906360078543076,0.189832777130422,0.0097176171520101,195.0,-0.1546823452417787,0.9895052473763118,0.0474987305800636,8f1a8911,f8d84d1,
downstream_br,Glasser,3,bayesian_ridge,bayesian_ridge,obs_FC+bv+demo,CogTotal,False,True,False,0.4928246253201473,0.4608756416446217,0.236654173727366,195.0,0.147506272224061,0.0064967516241879,0.3434923647389413,24b3e0b2,f8d84d1,
downstream_br,Glasser,3,bayesian_ridge,bayesian_ridge,obs_SC+bv+demo,CogTotal,False,True,False,0.1788915994771029,0.1777348168256292,-0.0078177955324609,195.0,-0.1664267536189834,0.9995002498750624,-0.1497776211529799,35607588,f8d84d1,
downstream_br,Glasser,3,bayesian_ridge,bayesian_ridge,pred_SC+bv+demo,CogTotal,False,True,False,0.4237426687781939,0.4073670510604202,0.1762139328041722,195.0,0.0784243156821076,0.0054972513743128,0.0636249345684579,2e04ef09,f8d84d1,
downstream_br,Glasser,3,bayesian_ridge,bayesian_ridge,pred_FC+bv+demo,CogTotal,False,True,False,0.343412127213453,0.3551054809999436,0.1084070023496472,195.0,-0.0019062258826332,0.585207396301849,0.1283543173871596,77bb0efe,f8d84d1,
downstream_br,Glasser,3,bayesian_ridge,bayesian_ridge,pred_FC+bv,CogTotal,False,True,False,0.2282243665641768,0.2298928056875097,0.034435167112889,195.0,-0.1170939865319094,0.96151924037981,0.0561419768606249,c8a19a81,f8d84d1,
downstream_br,Glasser,3,bayesian_ridge,bayesian_ridge,pred_SC+bv,CogTotal,False,True,False,0.3922205091167094,0.3707001159854728,0.1520835186055829,195.0,0.046902156020623,0.1934032983508246,0.2319834313724328,657795a7,f8d84d1,
downstream_br,Glasser,3,bayesian_ridge,bayesian_ridge,obs_SC+pred_FC,CogTotal,False,False,True,0.1261203899438017,0.1237123663890168,-0.0335080834499152,195.0,-0.2191979631522845,0.9995002498750624,-0.1090397681765115,772afb60,f8d84d1,
downstream_br,Glasser,3,bayesian_ridge,bayesian_ridge,obs_FC+pred_SC,CogTotal,False,False,True,0.4508084646319556,0.4045339434331909,0.199886971124037,195.0,0.1054901115358692,0.0619690154922538,0.3358357355116166,d56490d1,f8d84d1,
downstream_br,Glasser,3,bayesian_ridge,bayesian_ridge,obs_FC+pred_SC+bv,CogTotal,False,True,False,0.4639760409688064,0.4307796388556219,0.2115408247507778,195.0,0.11865768787272,0.0299850074962518,0.3361437402751777,36db4dae,f8d84d1,
downstream_br,Glasser,3,bayesian_ridge,bayesian_ridge,obs_FC+pred_SC+bv+demo,CogTotal,False,True,False,0.4887453574128524,0.4549715133246372,0.232892902246533,195.0,0.1434270043167661,0.0064967516241879,0.3429369131500631,3a7e5cba,f8d84d1,
downstream_br,Glasser,3,bayesian_ridge,bayesian_ridge,obs_SC+pred_FC+bv+demo,CogTotal,False,True,False,0.1907400924888014,0.1903320708767803,0.0003824460487845,195.0,-0.1545782606072849,0.9985007496251874,-0.1177456911341774,6dbb9a24,f8d84d1,
downstream_br,Glasser,3,bayesian_ridge,bayesian_ridge,everything,CogTotal,False,True,False,0.4221284065330511,0.3797351478786508,0.1767891437698617,195.0,0.0768100534369648,0.0779610194902548,0.245786763208384,ffe2fc28,f8d84d1,
downstream_br,Glasser,3,bayesian_ridge,bayesian_ridge,bv+demo,CogFluid,False,True,False,0.2562251074035783,0.2772314723718495,0.064566234405385,195.0,0.0,1.0,-0.0133128206603316,24d4d17f,f8d84d1,
downstream_br,Glasser,3,bayesian_ridge,bayesian_ridge,obs_FC,CogFluid,False,False,True,0.3388598863474327,0.2993641242441494,0.1082319765037642,195.0,0.0826347789438544,0.1299350324837581,0.2139381473848661,9ed26a51,f8d84d1,
downstream_br,Glasser,3,bayesian_ridge,bayesian_ridge,obs_SC,CogFluid,False,False,True,0.0900191117527068,0.0775626003422158,-0.0034923799461836,195.0,-0.1662059956508714,0.9770114942528736,-0.058304763653755,75c8d292,f8d84d1,
downstream_br,Glasser,3,bayesian_ridge,bayesian_ridge,obs_FC+obs_SC,CogFluid,False,False,True,0.3179316069408773,0.2989077308524644,0.09880315997324,195.0,0.061706499537299,0.1889055472263868,0.1809383972878489,7e4b7473,f8d84d1,
downstream_br,Glasser,3,bayesian_ridge,bayesian_ridge,pred_SC,CogFluid,False,False,True,0.24211259196325,0.2216785242644582,0.0559534722171978,195.0,-0.0141125154403282,0.5832083958020989,0.1596588450370913,8721e1dd,f8d84d1,
downstream_br,Glasser,3,bayesian_ridge,bayesian_ridge,pred_FC,CogFluid,False,False,True,0.1460405332645565,0.1515258428719937,0.013725237992573,195.0,-0.1101845741390217,0.9170414792603698,0.0567239763293283,100e7d82,f8d84d1,
downstream_br,Glasser,3,bayesian_ridge,bayesian_ridge,obs_FC+bv+demo,CogFluid,False,True,False,0.3716856094907773,0.3652741273518539,0.1313073513638892,195.0,0.115460502087199,0.0344827586206896,0.2203567708055863,d8acd5c6,f8d84d1,
downstream_br,Glasser,3,bayesian_ridge,bayesian_ridge,obs_SC+bv+demo,CogFluid,False,True,False,0.1456586000864919,0.1403976125130354,0.0113810154045682,195.0,-0.1105665073170863,0.9695152423788106,-0.0689811648228806,2c9069eb,f8d84d1,
downstream_br,Glasser,3,bayesian_ridge,bayesian_ridge,pred_SC+bv+demo,CogFluid,False,True,False,0.3173524772952848,0.3416420127937519,0.0992339483549856,195.0,0.0611273698917065,0.0164917541229385,0.1601171441362525,62138634,f8d84d1,
downstream_br,Glasser,3,bayesian_ridge,bayesian_ridge,pred_FC+bv+demo,CogFluid,False,True,False,0.2607171449041462,0.2788701188579526,0.0661070897427595,195.0,0.0044920375005679,0.4922538730634682,0.056711474364534,afce0ed3,f8d84d1,
downstream_br,Glasser,3,bayesian_ridge,bayesian_ridge,pred_FC+bv,CogFluid,False,True,False,0.195802247706092,0.2076743681713712,0.0365234678872248,195.0,-0.0604228596974862,0.7956021989005497,0.0639589722919421,154fcceb,f8d84d1,
downstream_br,Glasser,3,bayesian_ridge,bayesian_ridge,pred_SC+bv,CogFluid,False,True,False,0.299542734294604,0.3040049329344218,0.0828581471973465,195.0,0.0433176268910257,0.2768615692153923,0.1602823058377443,3f0a2833,f8d84d1,
downstream_br,Glasser,3,bayesian_ridge,bayesian_ridge,obs_SC+pred_FC,CogFluid,False,False,True,0.109462320965271,0.1004478157859112,-9.821109215679692e-05,195.0,-0.1467627864383072,0.9675162418790604,-0.03220690150513,8b4126ee,f8d84d1,
downstream_br,Glasser,3,bayesian_ridge,bayesian_ridge,obs_FC+pred_SC,CogFluid,False,False,True,0.3389193021294625,0.3061679462960779,0.1096035927154905,195.0,0.0826941947258841,0.1284357821089455,0.2221031691398153,88526acb,f8d84d1,
downstream_br,Glasser,3,bayesian_ridge,bayesian_ridge,obs_FC+pred_SC+bv,CogFluid,False,True,False,0.3569229481547603,0.3406110816217543,0.120993460095367,195.0,0.1006978407511819,0.0704647676161919,0.2229216278824494,7d1eee27,f8d84d1,
downstream_br,Glasser,3,bayesian_ridge,bayesian_ridge,obs_FC+pred_SC+bv+demo,CogFluid,False,True,False,0.3685266851881293,0.3607231407652642,0.1289997173704892,195.0,0.112301577784551,0.0369815092453773,0.2246643723278639,939f3a84,f8d84d1,
downstream_br,Glasser,3,bayesian_ridge,bayesian_ridge,obs_SC+pred_FC+bv+demo,CogFluid,False,True,False,0.1532694740577705,0.1504657802069097,0.0143669363728459,195.0,-0.1029556333458077,0.9550224887556222,-0.0437518199605698,b8332864,f8d84d1,
downstream_br,Glasser,3,bayesian_ridge,bayesian_ridge,everything,CogFluid,False,True,False,0.3238080323354117,0.3250224959880303,0.1022600054523908,195.0,0.0675829249318334,0.1429285357321339,0.1849086131647705,57c36d60,f8d84d1,
downstream_br,Glasser,3,bayesian_ridge,bayesian_ridge,bv+demo,CogCryst,False,True,False,0.3747618042778344,0.3540577939376464,0.1309845265859266,195.0,0.0,1.0,0.1555217526090223,593f7bd6,f8d84d1,
downstream_br,Glasser,3,bayesian_ridge,bayesian_ridge,obs_FC,CogCryst,False,False,True,0.4268534352791348,0.4020553986714901,0.182082363519081,195.0,0.0520916310013003,0.2198900549725137,0.3392660213492353,4177f8e4,f8d84d1,
downstream_br,Glasser,3,bayesian_ridge,bayesian_ridge,obs_SC,CogCryst,False,False,True,0.1294014604442812,0.1161745308631059,-0.0225228257290388,195.0,-0.2453603438335532,1.0,-0.1153794686104125,92aa3c7a,f8d84d1,
downstream_br,Glasser,3,bayesian_ridge,bayesian_ridge,obs_FC+obs_SC,CogCryst,False,False,True,0.3852961038780861,0.3661757446893965,0.1471977380914341,195.0,0.0105342996002517,0.3978010994502748,0.2583356721277124,d4b21355,f8d84d1,
downstream_br,Glasser,3,bayesian_ridge,bayesian_ridge,pred_SC,CogCryst,False,False,True,0.3628131586010695,0.320401045512485,0.1313813380276053,195.0,-0.0119486456767649,0.5092453773113443,0.2570992642688029,d614c890,f8d84d1,
downstream_br,Glasser,3,bayesian_ridge,bayesian_ridge,pred_FC,CogCryst,False,False,True,0.1743783838183377,0.1652645718917652,-0.0010722179599602,195.0,-0.2003834204594967,0.9960019990004998,-0.0396498015981391,2bbc9a5b,f8d84d1,
downstream_br,Glasser,3,bayesian_ridge,bayesian_ridge,obs_FC+bv+demo,CogCryst,False,True,False,0.4655564923044694,0.4433656748569222,0.2165341776178726,195.0,0.0907946880266349,0.0704647676161919,0.3518584239007731,572a8910,f8d84d1,
downstream_br,Glasser,3,bayesian_ridge,bayesian_ridge,obs_SC+bv+demo,CogCryst,False,True,False,0.2132336996042104,0.1927858744004144,0.0178644269758935,195.0,-0.161528104673624,0.9995002498750624,-0.1296699880829636,3cc64d13,f8d84d1,
downstream_br,Glasser,3,bayesian_ridge,bayesian_ridge,pred_SC+bv+demo,CogCryst,False,True,False,0.4687311214681803,0.4356207061327151,0.2178947765059873,195.0,0.0939693171903459,0.0144927536231884,0.2703105251533885,28afec13,f8d84d1,
downstream_br,Glasser,3,bayesian_ridge,bayesian_ridge,pred_FC+bv+demo,CogCryst,False,True,False,0.347137651258895,0.3108361588423222,0.1085933344161513,195.0,-0.0276241530189393,0.8070964517741129,0.0175163949399491,5c873e41,f8d84d1,
downstream_br,Glasser,3,bayesian_ridge,bayesian_ridge,pred_FC+bv,CogCryst,False,True,False,0.1946879780427932,0.1853435509904748,0.0107452975033661,195.0,-0.1800738262350412,0.9955022488755624,-0.0285042194388324,cccb95fc,f8d84d1,
downstream_br,Glasser,3,bayesian_ridge,bayesian_ridge,pred_SC+bv,CogCryst,False,True,False,0.377230952947652,0.3424051401262807,0.1419733399083819,195.0,0.0024691486698175,0.4262868565717141,0.2697185857616014,47e21893,f8d84d1,
downstream_br,Glasser,3,bayesian_ridge,bayesian_ridge,obs_SC+pred_FC,CogCryst,False,False,True,0.1466060885263169,0.1361742071789327,-0.0159481234645328,195.0,-0.2281557157515175,1.0,-0.1087173240471467,b485c2b0,f8d84d1,
downstream_br,Glasser,3,bayesian_ridge,bayesian_ridge,obs_FC+pred_SC,CogCryst,False,False,True,0.4248916705839837,0.3980392791669201,0.1804602377375538,195.0,0.0501298663061492,0.2273863068465767,0.3372203384997077,0854812a,f8d84d1,
downstream_br,Glasser,3,bayesian_ridge,bayesian_ridge,obs_FC+pred_SC+bv,CogCryst,False,True,False,0.4285706752083132,0.4053286614955856,0.1836320963415714,195.0,0.0538088709304787,0.2073963018490754,0.35062389561752,989cd96e,f8d84d1,
downstream_br,Glasser,3,bayesian_ridge,bayesian_ridge,obs_FC+pred_SC+bv+demo,CogCryst,False,True,False,0.4655279102069119,0.4366095632825408,0.2163734272904161,195.0,0.0907661059290774,0.0749625187406296,0.3530081377583254,9af8a8bb,f8d84d1,
downstream_br,Glasser,3,bayesian_ridge,bayesian_ridge,obs_SC+pred_FC+bv+demo,CogCryst,False,True,False,0.2173719603139577,0.1961691900660617,0.0199158018600369,195.0,-0.1573898439638767,0.9995002498750624,-0.112917121300613,79e9acad,f8d84d1,
downstream_br,Glasser,3,bayesian_ridge,bayesian_ridge,everything,CogCryst,False,True,False,0.4132112974826885,0.3834831724475557,0.1703372660201501,195.0,0.038449493204854,0.2458770614692653,0.2600229541052646,e6164041,f8d84d1,
downstream_br,Glasser,3,bayesian_ridge,bayesian_ridge,bv+demo,sex,True,True,False,,,,,0.0,,,162123df,f8d84d1,1.0
downstream_br,Glasser,3,bayesian_ridge,bayesian_ridge,obs_FC,sex,True,False,True,,,,,-0.0863665389527458,,,f1dacf31,f8d84d1,0.9136334610472542
downstream_br,Glasser,3,bayesian_ridge,bayesian_ridge,obs_SC,sex,True,False,True,,,,,-0.1152618135376756,,,92352f59,f8d84d1,0.8847381864623244
downstream_br,Glasser,3,bayesian_ridge,bayesian_ridge,obs_FC+obs_SC,sex,True,False,True,,,,,-0.0461366538952745,,,426f6251,f8d84d1,0.9538633461047256
downstream_br,Glasser,3,bayesian_ridge,bayesian_ridge,pred_SC,sex,True,False,True,,,,,-0.0828544061302682,,,dd50ec9f,f8d84d1,0.9171455938697316
downstream_br,Glasser,3,bayesian_ridge,bayesian_ridge,pred_FC,sex,True,False,True,,,,,-0.1083971902937419,,,2dfc3743,f8d84d1,0.891602809706258
downstream_br,Glasser,3,bayesian_ridge,bayesian_ridge,obs_FC+bv+demo,sex,True,True,False,,,,,0.0,,,acdc7565,f8d84d1,1.0
downstream_br,Glasser,3,bayesian_ridge,bayesian_ridge,obs_SC+bv+demo,sex,True,True,False,,,,,0.0,,,2f500ad3,f8d84d1,1.0
downstream_br,Glasser,3,bayesian_ridge,bayesian_ridge,pred_SC+bv+demo,sex,True,True,False,,,,,0.0,,,fb44d855,f8d84d1,1.0
downstream_br,Glasser,3,bayesian_ridge,bayesian_ridge,pred_FC+bv+demo,sex,True,True,False,,,,,0.0,,,ef13c2fc,f8d84d1,1.0
downstream_br,Glasser,3,bayesian_ridge,bayesian_ridge,pred_FC+bv,sex,True,True,False,,,,,-0.1048850574712643,,,2aaf3a00,f8d84d1,0.8951149425287357
downstream_br,Glasser,3,bayesian_ridge,bayesian_ridge,pred_SC+bv,sex,True,True,False,,,,,-0.097860791826309,,,ae45cbab,f8d84d1,0.902139208173691
downstream_br,Glasser,3,bayesian_ridge,bayesian_ridge,obs_SC+pred_FC,sex,True,False,True,,,,,-0.1198914431673052,,,663d01e5,f8d84d1,0.8801085568326947
downstream_br,Glasser,3,bayesian_ridge,bayesian_ridge,obs_FC+pred_SC,sex,True,False,True,,,,,-0.0713601532567049,,,19b5d278,f8d84d1,0.928639846743295
downstream_br,Glasser,3,bayesian_ridge,bayesian_ridge,obs_FC+pred_SC+bv,sex,True,True,False,,,,,-0.0644955300127714,,,acd4bbff,f8d84d1,0.9355044699872286
downstream_br,Glasser,3,bayesian_ridge,bayesian_ridge,obs_FC+pred_SC+bv+demo,sex,True,True,False,,,,,-0.0114942528735632,,,40e90196,f8d84d1,0.9885057471264368
downstream_br,Glasser,3,bayesian_ridge,bayesian_ridge,obs_SC+pred_FC+bv+demo,sex,True,True,False,,,,,0.0,,,fa296129,f8d84d1,1.0
downstream_br,Glasser,3,bayesian_ridge,bayesian_ridge,everything,sex,True,True,False,,,,,0.0,,,c35dbff8,f8d84d1,1.0
downstream_br,Glasser,3,bayesian_ridge,bayesian_ridge,bv+demo,age,True,True,False,0.9999999999999996,0.9973731054100228,0.9999999999999996,195.0,0.0,1.0,,a894b548,f8d84d1,
downstream_br,Glasser,3,bayesian_ridge,bayesian_ridge,obs_FC,age,True,False,True,0.5183862683515676,0.5282865538476766,0.2348262644660985,195.0,-0.481613731648432,1.0,,aaf21073,f8d84d1,
downstream_br,Glasser,3,bayesian_ridge,bayesian_ridge,obs_SC,age,True,False,True,0.390301115810291,0.3933888264133541,0.1407056144487863,195.0,-0.6096988841897086,1.0,,709e87f1,f8d84d1,
downstream_br,Glasser,3,bayesian_ridge,bayesian_ridge,obs_FC+obs_SC,age,True,False,True,0.5275870599873351,0.5445481776972075,0.2517623210862104,195.0,-0.4724129400126645,1.0,,cce35777,f8d84d1,
downstream_br,Glasser,3,bayesian_ridge,bayesian_ridge,pred_SC,age,True,False,True,0.3536505549680196,0.3703760688986059,0.1182782623642703,195.0,-0.64634944503198,1.0,,f4a4454a,f8d84d1,
downstream_br,Glasser,3,bayesian_ridge,bayesian_ridge,pred_FC,age,True,False,True,0.3126230195795518,0.3227700697470277,0.0941963643424512,195.0,-0.6873769804204478,1.0,,05c16fbf,f8d84d1,
downstream_br,Glasser,3,bayesian_ridge,bayesian_ridge,obs_FC+bv+demo,age,True,True,False,0.8681175675240288,0.8717684298927051,0.6625589699772824,195.0,-0.1318824324759708,1.0,,1a77e637,f8d84d1,
downstream_br,Glasser,3,bayesian_ridge,bayesian_ridge,obs_SC+bv+demo,age,True,True,False,0.9395386876633536,0.942856950576837,0.856678784685833,195.0,-0.0604613123366459,1.0,,9ac32c4d,f8d84d1,
downstream_br,Glasser,3,bayesian_ridge,bayesian_ridge,pred_SC+bv+demo,age,True,True,False,0.9999999999999878,0.9973731054100228,0.999999999999972,195.0,-1.1879386363489175e-14,1.0,,a60d8494,f8d84d1,
downstream_br,Glasser,3,bayesian_ridge,bayesian_ridge,pred_FC+bv+demo,age,True,True,False,0.999999999999958,0.9973731054100228,0.999999999999904,195.0,-4.1522341120980855e-14,1.0,,f6fb1c17,f8d84d1,
downstream_br,Glasser,3,bayesian_ridge,bayesian_ridge,pred_FC+bv,age,True,True,False,0.5551542714467549,0.5417117441803708,0.2889317701912697,195.0,-0.4448457285532448,1.0,,2c3d4793,f8d84d1,
downstream_br,Glasser,3,bayesian_ridge,bayesian_ridge,pred_SC+bv,age,True,True,False,0.6381025023585123,0.646774182794716,0.3556257098122499,195.0,-0.3618974976414874,1.0,,8c9a25b3,f8d84d1,
downstream_br,Glasser,3,bayesian_ridge,bayesian_ridge,obs_SC+pred_FC,age,True,False,True,0.3891354093751279,0.3913629183780162,0.1410407145485198,195.0,-0.6108645906248718,1.0,,04caa9f9,f8d84d1,
downstream_br,Glasser,3,bayesian_ridge,bayesian_ridge,obs_FC+pred_SC,age,True,False,True,0.5128626337318498,0.5215824777179219,0.2321459613478268,195.0,-0.4871373662681498,1.0,,009aa53f,f8d84d1,
downstream_br,Glasser,3,bayesian_ridge,bayesian_ridge,obs_FC+pred_SC+bv,age,True,True,False,0.5618164044585062,0.5729611930746749,0.2744269163274679,195.0,-0.4381835955414934,1.0,,91ac8cf8,f8d84d1,
downstream_br,Glasser,3,bayesian_ridge,bayesian_ridge,obs_FC+pred_SC+bv+demo,age,True,True,False,0.8656465519151038,0.8678869945538757,0.6564705394624256,195.0,-0.1343534480848959,1.0,,bbf23aac,f8d84d1,
downstream_br,Glasser,3,bayesian_ridge,bayesian_ridge,obs_SC+pred_FC+bv+demo,age,True,True,False,0.9341448597435942,0.9388116252007078,0.8449062995275631,195.0,-0.0658551402564054,1.0,,b87adc3b,f8d84d1,
downstream_br,Glasser,3,bayesian_ridge,bayesian_ridge,everything,age,True,True,False,0.8310397821148366,0.8316259181328265,0.6186845173128039,195.0,-0.168960217885163,1.0,,6d161c17,f8d84d1,
downstream_br,Glasser,4,bayesian_ridge,bayesian_ridge,bv+demo,CogTotal,False,True,False,0.2950173143902584,0.2763387169576236,0.0711978118561231,191.0,0.0,1.0,0.049920288173973,bd883a59,f8d84d1,
downstream_br,Glasser,4,bayesian_ridge,bayesian_ridge,obs_FC,CogTotal,False,False,True,0.3931161463759164,0.3689958541221348,0.1484420743167467,191.0,0.098098831985658,0.1059470264867566,0.2825806175783677,19121711,f8d84d1,
downstream_br,Glasser,4,bayesian_ridge,bayesian_ridge,obs_SC,CogTotal,False,False,True,0.232264978150482,0.2072290650697254,0.0466512525646461,191.0,-0.0627523362397763,0.6781609195402298,0.0547689473880709,2760bd74,f8d84d1,
downstream_br,Glasser,4,bayesian_ridge,bayesian_ridge,obs_FC+obs_SC,CogTotal,False,False,True,0.4122166219035755,0.3918733835185062,0.1630185801954961,191.0,0.117199307513317,0.0599700149925037,0.2924297506709915,24901ad2,f8d84d1,
downstream_br,Glasser,4,bayesian_ridge,bayesian_ridge,pred_SC,CogTotal,False,False,True,0.3434017417558165,0.304528531476373,0.1084430461173668,191.0,0.0483844273655581,0.2213893053473263,0.1950134133129316,85b5eef1,f8d84d1,
downstream_br,Glasser,4,bayesian_ridge,bayesian_ridge,pred_FC,CogTotal,False,False,True,0.2809361284314291,0.2639626168151668,0.0709799338738167,191.0,-0.0140811859588292,0.4842578710644677,0.1168315974508017,faac8824,f8d84d1,
downstream_br,Glasser,4,bayesian_ridge,bayesian_ridge,obs_FC+bv+demo,CogTotal,False,True,False,0.437059361673244,0.4106321481652693,0.1817100345294212,191.0,0.1420420472829855,0.0249875062468765,0.2965092346319579,c7871efa,f8d84d1,
downstream_br,Glasser,4,bayesian_ridge,bayesian_ridge,obs_SC+bv+demo,CogTotal,False,True,False,0.2869066292673279,0.2530805699531971,0.0716961317663243,191.0,-0.0081106851229304,0.4832583708145927,0.0648834529785633,0868d295,f8d84d1,
downstream_br,Glasser,4,bayesian_ridge,bayesian_ridge,pred_SC+bv+demo,CogTotal,False,True,False,0.3168392031413021,0.2832268623124463,0.0805180721757586,191.0,0.0218218887510437,0.3413293353323338,0.1339349918813818,e19366a2,f8d84d1,
downstream_br,Glasser,4,bayesian_ridge,bayesian_ridge,pred_FC+bv+demo,CogTotal,False,True,False,0.3107952903446034,0.2846236083763946,0.0797965670430244,191.0,0.015777975954345,0.3488255872063968,0.1012440374947481,50eb32db,f8d84d1,
downstream_br,Glasser,4,bayesian_ridge,bayesian_ridge,pred_FC+bv,CogTotal,False,True,False,0.3021150068899018,0.29807267127821,0.0837154399421112,191.0,0.0070976924996434,0.3628185907046476,0.114568541275908,1bcc5333,f8d84d1,
downstream_br,Glasser,4,bayesian_ridge,bayesian_ridge,pred_SC+bv,CogTotal,False,True,False,0.3563438951085703,0.3395376012851388,0.1183259699795645,191.0,0.0613265807183119,0.1419290354822588,0.1636737151868362,0e3b0ece,f8d84d1,
downstream_br,Glasser,4,bayesian_ridge,bayesian_ridge,obs_SC+pred_FC,CogTotal,False,False,True,0.2493606587889986,0.2177563280979424,0.0537549967382634,191.0,-0.0456566556012597,0.6301849075462269,0.0800005329743216,ceae291b,f8d84d1,
downstream_br,Glasser,4,bayesian_ridge,bayesian_ridge,obs_FC+pred_SC,CogTotal,False,False,True,0.4132231405580616,0.3850326000832378,0.165312105687954,191.0,0.1182058261678031,0.0619690154922538,0.2983047062542808,ad4953d3,f8d84d1,
downstream_br,Glasser,4,bayesian_ridge,bayesian_ridge,obs_FC+pred_SC+bv,CogTotal,False,True,False,0.4310257864985616,0.408952091709805,0.1778520659857659,191.0,0.1360084721083032,0.0374812593703148,0.2981140745219225,b3bc2eb7,f8d84d1,
downstream_br,Glasser,4,bayesian_ridge,bayesian_ridge,obs_FC+pred_SC+bv+demo,CogTotal,False,True,False,0.4370051627088738,0.4135522257872476,0.1817839628803066,191.0,0.1419878483186153,0.024487756121939,0.2967338987530674,f7a7746c,f8d84d1,
downstream_br,Glasser,4,bayesian_ridge,bayesian_ridge,obs_SC+pred_FC+bv+demo,CogTotal,False,True,False,0.2882326004678849,0.2529126504202317,0.0725764102638424,191.0,-0.0067847139223734,0.4752623688155922,0.0822822507623253,cb39d0bf,f8d84d1,
downstream_br,Glasser,4,bayesian_ridge,bayesian_ridge,everything,CogTotal,False,True,False,0.4363223157298833,0.4245729139046399,0.179477529416993,191.0,0.1413050013396249,0.025487256371814,0.2982939482893124,170eacc7,f8d84d1,
downstream_br,Glasser,4,bayesian_ridge,bayesian_ridge,bv+demo,CogFluid,False,True,False,0.2960633985412297,0.2843442404515373,0.0843138741372984,191.0,0.0,1.0,0.0339938807522803,ff298725,f8d84d1,
downstream_br,Glasser,4,bayesian_ridge,bayesian_ridge,obs_FC,CogFluid,False,False,True,0.2551916014748969,0.2563112715305151,0.0629626349602917,191.0,-0.0408717970663328,0.6681659170414792,0.1696968815900625,9e64b536,f8d84d1,
downstream_br,Glasser,4,bayesian_ridge,bayesian_ridge,obs_SC,CogFluid,False,False,True,0.1141869203473679,0.1144241827206357,0.0120605368010555,191.0,-0.1818764781938617,0.9890054972513744,-0.0524656864618339,58b60cc5,f8d84d1,
downstream_br,Glasser,4,bayesian_ridge,bayesian_ridge,obs_FC+obs_SC,CogFluid,False,False,True,0.2437403579345408,0.2381140392629278,0.0574254022070311,191.0,-0.0523230406066888,0.7406296851574213,0.1370907813896446,9b6a81f1,f8d84d1,
downstream_br,Glasser,4,bayesian_ridge,bayesian_ridge,pred_SC,CogFluid,False,False,True,0.2608725266488046,0.2183237311059292,0.0547100570167767,191.0,-0.0351908718924251,0.8370814592703648,0.0138417746221294,9eb6595a,f8d84d1,
downstream_br,Glasser,4,bayesian_ridge,bayesian_ridge,pred_FC,CogFluid,False,False,True,0.188484963042509,0.1941821729655822,0.0353906339770297,191.0,-0.1075784354987207,0.944527736131934,0.0241644009143454,a9374f30,f8d84d1,
downstream_br,Glasser,4,bayesian_ridge,bayesian_ridge,obs_FC+bv+demo,CogFluid,False,True,False,0.2989294493409456,0.287195415732532,0.0879269567477427,191.0,0.0028660507997158,0.4547726136931534,0.1808223453207915,11c3d277,f8d84d1,
downstream_br,Glasser,4,bayesian_ridge,bayesian_ridge,obs_SC+bv+demo,CogFluid,False,True,False,0.1701947646756318,0.1519906344371556,0.0284259382386892,191.0,-0.1258686338655978,0.9820089955022488,-0.0432158991934075,ef2b44e3,f8d84d1,
downstream_br,Glasser,4,bayesian_ridge,bayesian_ridge,pred_SC+bv+demo,CogFluid,False,True,False,0.2634804179603476,0.2300504918962001,0.0663797612432257,191.0,-0.0325829805808821,0.8395802098950524,0.0138486239958522,7e250b6a,f8d84d1,
downstream_br,Glasser,4,bayesian_ridge,bayesian_ridge,pred_FC+bv+demo,CogFluid,False,True,False,0.2357173287907623,0.2139423418489973,0.0544984735640321,191.0,-0.0603460697504673,0.928535732133933,0.023101783138213,63a290a1,f8d84d1,
downstream_br,Glasser,4,bayesian_ridge,bayesian_ridge,pred_FC+bv,CogFluid,False,True,False,0.2128265487542999,0.2154785836796511,0.0447486176046048,191.0,-0.0832368497869298,0.9465267366316842,0.0266640849299102,ed570af4,f8d84d1,
downstream_br,Glasser,4,bayesian_ridge,bayesian_ridge,pred_SC+bv,CogFluid,False,True,False,0.2382282274714685,0.20537331580817,0.0537339108404116,191.0,-0.0578351710697612,0.8980509745127436,0.0138993643912128,be246867,f8d84d1,
downstream_br,Glasser,4,bayesian_ridge,bayesian_ridge,obs_SC+pred_FC,CogFluid,False,False,True,0.1271903984387436,0.1322123819895905,0.0136668982249655,191.0,-0.1688730001024861,0.9865067466266868,-0.0330574780492344,043dd021,f8d84d1,
downstream_br,Glasser,4,bayesian_ridge,bayesian_ridge,obs_FC+pred_SC,CogFluid,False,False,True,0.2771630401069281,0.2709219302416714,0.0760013385919367,191.0,-0.0189003584343016,0.5652173913043478,0.1797805277847618,b303c903,f8d84d1,
downstream_br,Glasser,4,bayesian_ridge,bayesian_ridge,obs_FC+pred_SC+bv,CogFluid,False,True,False,0.2886645958265743,0.2720422500968736,0.0820495102798337,191.0,-0.0073988027146554,0.5152423788105946,0.1802927280206772,a2e939e3,f8d84d1,
downstream_br,Glasser,4,bayesian_ridge,bayesian_ridge,obs_FC+pred_SC+bv+demo,CogFluid,False,True,False,0.3012994498543215,0.2873486954667564,0.0894197912903963,191.0,0.0052360513130917,0.4392803598200899,0.180242526159794,33c1b74b,f8d84d1,
downstream_br,Glasser,4,bayesian_ridge,bayesian_ridge,obs_SC+pred_FC+bv+demo,CogFluid,False,True,False,0.1735698351673207,0.1587642208945114,0.0293471722029179,191.0,-0.122493563373909,0.9775112443778112,-0.0327507624759343,c347bbdd,f8d84d1,
downstream_br,Glasser,4,bayesian_ridge,bayesian_ridge,everything,CogFluid,False,True,False,0.2700520729706108,0.2625621568717236,0.0718193318013837,191.0,-0.0260113255706189,0.616191904047976,0.137089155166468,1befbb79,f8d84d1,
downstream_br,Glasser,4,bayesian_ridge,bayesian_ridge,bv+demo,CogCryst,False,True,False,0.3470044405430071,0.3565477648231581,0.0870513552685336,194.0,0.0,1.0,0.0263640211674171,4f8fcaf7,f8d84d1,
downstream_br,Glasser,4,bayesian_ridge,bayesian_ridge,obs_FC,CogCryst,False,False,True,0.4236331880852479,0.3596993240026709,0.1673963290651069,194.0,0.0766287475422408,0.1394302848575712,0.3544725833896603,030fd06b,f8d84d1,
downstream_br,Glasser,4,bayesian_ridge,bayesian_ridge,obs_SC,CogCryst,False,False,True,0.2635105704495284,0.2295543111888336,0.0534278363514383,194.0,-0.0834938700934787,0.7316341829085458,0.1167202323636971,9e4680f6,f8d84d1,
downstream_br,Glasser,4,bayesian_ridge,bayesian_ridge,obs_FC+obs_SC,CogCryst,False,False,True,0.4639015825873096,0.3961678355305026,0.2049611156537855,194.0,0.1168971420443025,0.0304847576211894,0.3856346295628629,be46b814,f8d84d1,
downstream_br,Glasser,4,bayesian_ridge,bayesian_ridge,pred_SC,CogCryst,False,False,True,0.3003529014460563,0.2516028986168194,0.0686820344567636,194.0,-0.0466515390969507,0.6306846576711644,0.1883407795017486,bf37cd75,f8d84d1,
downstream_br,Glasser,4,bayesian_ridge,bayesian_ridge,pred_FC,CogCryst,False,False,True,0.2597119941710191,0.2290719212961677,0.0423923217652313,194.0,-0.087292446371988,0.8055972013993004,0.1066875746925944,5cd05b2c,f8d84d1,
downstream_br,Glasser,4,bayesian_ridge,bayesian_ridge,obs_FC+bv+demo,CogCryst,False,True,False,0.4648624791235189,0.3954421962200698,0.2007829128594316,194.0,0.1178580385805118,0.0304847576211894,0.3506991841988089,f5010f30,f8d84d1,
downstream_br,Glasser,4,bayesian_ridge,bayesian_ridge,obs_SC+bv+demo,CogCryst,False,True,False,0.3411333575414457,0.3199650246836049,0.0943355587777777,194.0,-0.0058710830015613,0.4282858570714642,0.1142075602150888,6807ecf2,f8d84d1,
downstream_br,Glasser,4,bayesian_ridge,bayesian_ridge,pred_SC+bv+demo,CogCryst,False,True,False,0.363788687869362,0.3404711149590625,0.0970419055549769,194.0,0.0167842473263549,0.3893053473263368,0.0826804784519295,40da32eb,f8d84d1,
downstream_br,Glasser,4,bayesian_ridge,bayesian_ridge,pred_FC+bv+demo,CogCryst,False,True,False,0.3680372515684399,0.3539385861021796,0.1009905692094691,194.0,0.0210328110254328,0.2908545727136432,0.0929772588204874,0069b209,f8d84d1,
downstream_br,Glasser,4,bayesian_ridge,bayesian_ridge,pred_FC+bv,CogCryst,False,True,False,0.2569554437783918,0.2416543261455859,0.0386768708751132,194.0,-0.0900489967646152,0.8310844577711144,0.1035216431539197,f267333c,f8d84d1,
downstream_br,Glasser,4,bayesian_ridge,bayesian_ridge,pred_SC+bv,CogCryst,False,True,False,0.2968852435142688,0.2536918851707494,0.0648298074054201,194.0,-0.0501191970287382,0.6456771614192903,0.1492953301653958,57cbfba3,f8d84d1,
downstream_br,Glasser,4,bayesian_ridge,bayesian_ridge,obs_SC+pred_FC,CogCryst,False,False,True,0.2776868775644984,0.2455183760183548,0.0601502468155296,194.0,-0.0693175629785086,0.6981509245377311,0.1264124491862045,4ec4e93c,f8d84d1,
downstream_br,Glasser,4,bayesian_ridge,bayesian_ridge,obs_FC+pred_SC,CogCryst,False,False,True,0.422252216307843,0.3537997038332519,0.1667112773797231,194.0,0.0752477757648358,0.1324337831084457,0.3536256966048701,e4f6aff1,f8d84d1,
downstream_br,Glasser,4,bayesian_ridge,bayesian_ridge,obs_FC+pred_SC+bv,CogCryst,False,True,False,0.4345452038871543,0.372280085274942,0.175198068333655,194.0,0.0875407633441472,0.1069465267366316,0.3485372835878724,3ca6fc22,f8d84d1,
downstream_br,Glasser,4,bayesian_ridge,bayesian_ridge,obs_FC+pred_SC+bv+demo,CogCryst,False,True,False,0.4584034947308423,0.3865340080829335,0.1954463713401879,194.0,0.1113990541878351,0.04047976011994,0.3450268599963113,b05dcd40,f8d84d1,
downstream_br,Glasser,4,bayesian_ridge,bayesian_ridge,obs_SC+pred_FC+bv+demo,CogCryst,False,True,False,0.3360345593929766,0.3117948026855044,0.0910657537219903,194.0,-0.0109698811500304,0.4682658670664668,0.1268072683866422,8f347273,f8d84d1,
downstream_br,Glasser,4,bayesian_ridge,bayesian_ridge,everything,CogCryst,False,True,False,0.4841737891018362,0.4127819351216912,0.2209169264590581,194.0,0.1371693485588291,0.0149925037481259,0.379316624548192,b875ab0f,f8d84d1,
downstream_br,Glasser,4,bayesian_ridge,bayesian_ridge,bv+demo,sex,True,True,False,,,,,0.0,,,f0e9076e,f8d84d1,1.0
downstream_br,Glasser,4,bayesian_ridge,bayesian_ridge,obs_FC,sex,True,False,True,,,,,-0.0963738398445931,,,23414c7b,f8d84d1,0.9036261601554068
downstream_br,Glasser,4,bayesian_ridge,bayesian_ridge,obs_SC,sex,True,False,True,,,,,-0.0608676883229009,,,841306cb,f8d84d1,0.9391323116770992
downstream_br,Glasser,4,bayesian_ridge,bayesian_ridge,obs_FC+obs_SC,sex,True,False,True,,,,,-0.0332398014245629,,,26398e3b,f8d84d1,0.966760198575437
downstream_br,Glasser,4,bayesian_ridge,bayesian_ridge,pred_SC,sex,True,False,True,,,,,-0.1268616447226419,,,1973c9c4,f8d84d1,0.8731383552773581
downstream_br,Glasser,4,bayesian_ridge,bayesian_ridge,pred_FC,sex,True,False,True,,,,,-0.0669652492985106,,,a744f732,f8d84d1,0.9330347507014892
downstream_br,Glasser,4,bayesian_ridge,bayesian_ridge,obs_FC+bv+demo,sex,True,True,False,,,,,0.0,,,4b0fb4f0,f8d84d1,1.0
downstream_br,Glasser,4,bayesian_ridge,bayesian_ridge,obs_SC+bv+demo,sex,True,True,False,,,,,0.0,,,cf2e6250,f8d84d1,1.0
downstream_br,Glasser,4,bayesian_ridge,bayesian_ridge,pred_SC+bv+demo,sex,True,True,False,,,,,0.0,,,71af5911,f8d84d1,1.0
downstream_br,Glasser,4,bayesian_ridge,bayesian_ridge,pred_FC+bv+demo,sex,True,True,False,,,,,0.0,,,640dad35,f8d84d1,1.0
downstream_br,Glasser,4,bayesian_ridge,bayesian_ridge,pred_FC+bv,sex,True,True,False,,,,,-0.0326462335419814,,,9dee3360,f8d84d1,0.9673537664580184
downstream_br,Glasser,4,bayesian_ridge,bayesian_ridge,pred_SC+bv,sex,True,True,False,,,,,-0.0980466220591409,,,c19da618,f8d84d1,0.9019533779408592
downstream_br,Glasser,4,bayesian_ridge,bayesian_ridge,obs_SC+pred_FC,sex,True,False,True,,,,,-0.056442909561839,,,f7ab155a,f8d84d1,0.9435570904381608
downstream_br,Glasser,4,bayesian_ridge,bayesian_ridge,obs_FC+pred_SC,sex,True,False,True,,,,,-0.0963738398445931,,,da49b24f,f8d84d1,0.9036261601554068
downstream_br,Glasser,4,bayesian_ridge,bayesian_ridge,obs_FC+pred_SC+bv,sex,True,True,False,,,,,-0.0648068206345779,,,438f1892,f8d84d1,0.935193179365422
downstream_br,Glasser,4,bayesian_ridge,bayesian_ridge,obs_FC+pred_SC+bv+demo,sex,True,True,False,,,,,-0.0060975609756097,,,b67a617f,f8d84d1,0.9939024390243902
downstream_br,Glasser,4,bayesian_ridge,bayesian_ridge,obs_SC+pred_FC+bv+demo,sex,True,True,False,,,,,0.0,,,302f294b,f8d84d1,1.0
downstream_br,Glasser,4,bayesian_ridge,bayesian_ridge,everything,sex,True,True,False,,,,,0.0,,,fcdd80bc,f8d84d1,1.0
downstream_br,Glasser,4,bayesian_ridge,bayesian_ridge,bv+demo,age,True,True,False,0.9999999999999998,0.9969543677102324,0.9999999999999996,195.0,0.0,1.0,,8cc5401a,f8d84d1,
downstream_br,Glasser,4,bayesian_ridge,bayesian_ridge,obs_FC,age,True,False,True,0.4035729773953769,0.3605049798005675,0.1602846687335377,195.0,-0.5964270226046229,1.0,,01e659e3,f8d84d1,
downstream_br,Glasser,4,bayesian_ridge,bayesian_ridge,obs_SC,age,True,False,True,0.3598983079068055,0.3559116962989162,0.1277238595353207,195.0,-0.6401016920931942,1.0,,5e2c0ffc,f8d84d1,
downstream_br,Glasser,4,bayesian_ridge,bayesian_ridge,obs_FC+obs_SC,age,True,False,True,0.4665645019954292,0.4361119359580714,0.211310291006023,195.0,-0.5334354980045706,1.0,,0fbed58d,f8d84d1,
downstream_br,Glasser,4,bayesian_ridge,bayesian_ridge,pred_SC,age,True,False,True,0.2529750654631045,0.2408076967638097,0.0607127960503275,195.0,-0.7470249345368953,1.0,,a93a8476,f8d84d1,
downstream_br,Glasser,4,bayesian_ridge,bayesian_ridge,pred_FC,age,True,False,True,0.2955499615222728,0.2847129611517442,0.0865518614148722,195.0,-0.7044500384777269,1.0,,e9b4ab07,f8d84d1,
downstream_br,Glasser,4,bayesian_ridge,bayesian_ridge,obs_FC+bv+demo,age,True,True,False,0.8181032612679123,0.8188187329738127,0.6060976627303649,195.0,-0.1818967387320874,1.0,,08b3483c,f8d84d1,
downstream_br,Glasser,4,bayesian_ridge,bayesian_ridge,obs_SC+bv+demo,age,True,True,False,0.917918756737984,0.925134699204028,0.8078623365384734,195.0,-0.0820812432620158,1.0,,acd164f2,f8d84d1,
downstream_br,Glasser,4,bayesian_ridge,bayesian_ridge,pred_SC+bv+demo,age,True,True,False,0.9999999999999803,0.9969543677102324,0.999999999999955,195.0,-1.9317880628477724e-14,1.0,,1564c3c7,f8d84d1,
downstream_br,Glasser,4,bayesian_ridge,bayesian_ridge,pred_FC+bv+demo,age,True,True,False,0.9999999999999892,0.9969543677102324,0.999999999999978,195.0,-1.0547118733938987e-14,1.0,,33ddfe05,f8d84d1,
downstream_br,Glasser,4,bayesian_ridge,bayesian_ridge,pred_FC+bv,age,True,True,False,0.3898995848821123,0.3690836002863339,0.1377644468399012,195.0,-0.6101004151178875,1.0,,042b7392,f8d84d1,
downstream_br,Glasser,4,bayesian_ridge,bayesian_ridge,pred_SC+bv,age,True,True,False,0.368279515175176,0.33568631402393,0.0954372938130586,195.0,-0.6317204848248237,1.0,,40acb3d1,f8d84d1,
downstream_br,Glasser,4,bayesian_ridge,bayesian_ridge,obs_SC+pred_FC,age,True,False,True,0.3592382500221147,0.3497478166538306,0.1277884322989305,195.0,-0.640761749977885,1.0,,19a4b7e6,f8d84d1,
downstream_br,Glasser,4,bayesian_ridge,bayesian_ridge,obs_FC+pred_SC,age,True,False,True,0.404258324191497,0.3605504337458038,0.1608989577108996,195.0,-0.5957416758085028,1.0,,1d2b5e01,f8d84d1,
downstream_br,Glasser,4,bayesian_ridge,bayesian_ridge,obs_FC+pred_SC+bv,age,True,True,False,0.4425034181044319,0.3930962702126197,0.1913389020315307,195.0,-0.5574965818955678,1.0,,8ef543c1,f8d84d1,
downstream_br,Glasser,4,bayesian_ridge,bayesian_ridge,obs_FC+pred_SC+bv+demo,age,True,True,False,0.815047646112708,0.8158244543313684,0.6010462001036796,195.0,-0.1849523538872918,1.0,,05f58a8f,f8d84d1,
downstream_br,Glasser,4,bayesian_ridge,bayesian_ridge,obs_SC+pred_FC+bv+demo,age,True,True,False,0.9088063981907556,0.9175041181474768,0.7902623229421284,195.0,-0.0911936018092441,1.0,,12bbb35b,f8d84d1,
downstream_br,Glasser,4,bayesian_ridge,bayesian_ridge,everything,age,True,True,False,0.7830243063750718,0.7812039699355507,0.5647412790440348,195.0,-0.2169756936249279,1.0,,2607c1b0,f8d84d1,
downstream_br,Glasser,5,bayesian_ridge,bayesian_ridge,bv+demo,CogTotal,False,True,False,0.5100536519674522,0.5081836893557293,0.208821560430006,194.0,0.0,1.0,-0.1125099014932752,e799dfc8,f8d84d1,
downstream_br,Glasser,5,bayesian_ridge,bayesian_ridge,obs_FC,CogTotal,False,False,True,0.4435880972206728,0.4370152724616583,0.1868033853588002,194.0,-0.0664655547467794,0.664167916041979,0.2445431156643223,48c61ee6,f8d84d1,
downstream_br,Glasser,5,bayesian_ridge,bayesian_ridge,obs_SC,CogTotal,False,False,True,0.290598905585088,0.2627696870856627,0.0687042504824617,194.0,-0.2194547463823642,1.0,0.0306837268059295,25bee676,f8d84d1,
downstream_br,Glasser,5,bayesian_ridge,bayesian_ridge,obs_FC+obs_SC,CogTotal,False,False,True,0.449754474332989,0.4482043756997851,0.1885121635640654,194.0,-0.0602991776344631,0.6746626686656672,0.2277249371817586,34417b40,f8d84d1,
downstream_br,Glasser,5,bayesian_ridge,bayesian_ridge,pred_SC,CogTotal,False,False,True,0.4235405964982378,0.433371869005318,0.1554102121874035,194.0,-0.0865130554692144,0.9300349825087456,0.2129886855695734,5c315234,f8d84d1,
downstream_br,Glasser,5,bayesian_ridge,bayesian_ridge,pred_FC,CogTotal,False,False,True,0.3123456849361641,0.3018296350357127,0.0889103629250787,194.0,-0.197707967031288,1.0,0.0376857723830308,746ad3db,f8d84d1,
downstream_br,Glasser,5,bayesian_ridge,bayesian_ridge,obs_FC+bv+demo,CogTotal,False,True,False,0.4967593182162167,0.4900151631193526,0.2328500010688931,194.0,-0.0132943337512355,0.2673663168415792,0.2490534014628581,3200dacd,f8d84d1,
downstream_br,Glasser,5,bayesian_ridge,bayesian_ridge,obs_SC+bv+demo,CogTotal,False,True,False,0.3993497623896782,0.3855703827828486,0.1296243925706738,194.0,-0.110703889577774,0.9995002498750624,0.0306036426366763,88a31a60,f8d84d1,
downstream_br,Glasser,5,bayesian_ridge,bayesian_ridge,pred_SC+bv+demo,CogTotal,False,True,False,0.5158862111239301,0.4982504220032978,0.2393234003063823,194.0,0.0058325591564778,0.0874562718640679,0.1137748518698957,14eaf10e,f8d84d1,
downstream_br,Glasser,5,bayesian_ridge,bayesian_ridge,pred_FC+bv+demo,CogTotal,False,True,False,0.4545815176219634,0.4278767651232762,0.1835996113243124,194.0,-0.0554721343454888,0.9120439780109943,0.0660710811799438,430386c1,f8d84d1,
downstream_br,Glasser,5,bayesian_ridge,bayesian_ridge,pred_FC+bv,CogTotal,False,True,False,0.3333192469303932,0.3375700010863359,0.102304127531612,194.0,-0.176734405037059,1.0,0.049673823019281,79950a99,f8d84d1,
downstream_br,Glasser,5,bayesian_ridge,bayesian_ridge,pred_SC+bv,CogTotal,False,True,False,0.457592619700333,0.4628725059694231,0.1752728648565307,194.0,-0.0524610322671191,0.8460769615192404,0.1719520924276335,f0c585d6,f8d84d1,
downstream_br,Glasser,5,bayesian_ridge,bayesian_ridge,obs_SC+pred_FC,CogTotal,False,False,True,0.3234452877362705,0.2984475900948509,0.0874083024947872,194.0,-0.1866083642311816,1.0,0.0643586357409425,6f19740d,f8d84d1,
downstream_br,Glasser,5,bayesian_ridge,bayesian_ridge,obs_FC+pred_SC,CogTotal,False,False,True,0.4533280883512016,0.44683758572733,0.1946451329793443,194.0,-0.0567255636162505,0.5982008995502249,0.2563746174530439,37e9a691,f8d84d1,
downstream_br,Glasser,5,bayesian_ridge,bayesian_ridge,obs_FC+pred_SC+bv,CogTotal,False,True,False,0.4719672863917136,0.4697894659262379,0.2101868850965838,194.0,-0.0380863655757386,0.4697651174412793,0.2487631099808898,8a856aee,f8d84d1,
downstream_br,Glasser,5,bayesian_ridge,bayesian_ridge,obs_FC+pred_SC+bv+demo,CogTotal,False,True,False,0.4941112758492457,0.4845611533435181,0.2301816521514207,194.0,-0.0159423761182065,0.2873563218390804,0.2483892495082607,d880fce0,f8d84d1,
downstream_br,Glasser,5,bayesian_ridge,bayesian_ridge,obs_SC+pred_FC+bv+demo,CogTotal,False,True,False,0.3991945515117823,0.3863865117321259,0.1326813575330042,194.0,-0.1108591004556699,0.9995002498750624,0.0697130362941066,95759bed,f8d84d1,
downstream_br,Glasser,5,bayesian_ridge,bayesian_ridge,everything,CogTotal,False,True,False,0.482609217259474,0.4848257993874932,0.2125060477576915,194.0,-0.0274444347079782,0.4292853573213393,0.2273090288539516,940969d1,f8d84d1,
downstream_br,Glasser,5,bayesian_ridge,bayesian_ridge,bv+demo,CogFluid,False,True,False,0.3339472969085184,0.290908089825367,0.0968316231109224,194.0,0.0,1.0,-0.0212357420962634,fc003743,f8d84d1,
downstream_br,Glasser,5,bayesian_ridge,bayesian_ridge,obs_FC,CogFluid,False,False,True,0.3987126609447646,0.3561521355760283,0.1129306481513978,194.0,0.0647653640362462,0.3253373313343328,0.2885221229281361,b6c63103,f8d84d1,
downstream_br,Glasser,5,bayesian_ridge,bayesian_ridge,obs_SC,CogFluid,False,False,True,0.2307646985196026,0.1937417718695435,0.0329509401309846,194.0,-0.1031825983889158,0.9845077461269364,0.0391478686586419,90252ae3,f8d84d1,
downstream_br,Glasser,5,bayesian_ridge,bayesian_ridge,obs_FC+obs_SC,CogFluid,False,False,True,0.4104523824484628,0.3763762858905873,0.1215712751019262,194.0,0.0765050855399444,0.223888055972014,0.2736014097102547,dc8c3ff4,f8d84d1,
downstream_br,Glasser,5,bayesian_ridge,bayesian_ridge,pred_SC,CogFluid,False,False,True,0.295021007526443,0.2782797063274463,0.0486793120284836,194.0,-0.0389262893820754,0.9395302348825588,0.1633788330478582,d9b3b18c,f8d84d1,
downstream_br,Glasser,5,bayesian_ridge,bayesian_ridge,pred_FC,CogFluid,False,False,True,0.2435084574737613,0.2132632952633812,0.0511032599701264,194.0,-0.0904388394347571,0.9490254872563718,0.0728747842400854,158881f3,f8d84d1,
downstream_br,Glasser,5,bayesian_ridge,bayesian_ridge,obs_FC+bv+demo,CogFluid,False,True,False,0.4515519630309898,0.3984617812056531,0.1505489973817335,194.0,0.1176046661224713,0.0459770114942528,0.2967170963453335,8955bee2,f8d84d1,
downstream_br,Glasser,5,bayesian_ridge,bayesian_ridge,obs_SC+bv+demo,CogFluid,False,True,False,0.3013284220928948,0.2598840295785068,0.0602318926037049,194.0,-0.0326188748156236,0.9500249875062468,0.0408240838016839,c5059179,f8d84d1,
downstream_br,Glasser,5,bayesian_ridge,bayesian_ridge,pred_SC+bv+demo,CogFluid,False,True,False,0.4025956761093723,0.3682784079060417,0.1266060892072574,194.0,0.0686483792008538,0.0069965017491254,0.1641142599128175,701db872,f8d84d1,
downstream_br,Glasser,5,bayesian_ridge,bayesian_ridge,pred_FC+bv+demo,CogFluid,False,True,False,0.3314236055394512,0.265643926756676,0.0946680167202801,194.0,-0.0025236913690672,0.5407296351824088,0.0541613866418892,e6f2c287,f8d84d1,
downstream_br,Glasser,5,bayesian_ridge,bayesian_ridge,pred_FC+bv,CogFluid,False,True,False,0.2799326291257911,0.2592290662383726,0.0633337524758144,194.0,-0.0540146677827272,0.9020489755122438,0.0544146420839874,7a2c9f29,f8d84d1,
downstream_br,Glasser,5,bayesian_ridge,bayesian_ridge,pred_SC+bv,CogFluid,False,True,False,0.3124332472975343,0.2884410886370571,0.0554022694429422,194.0,-0.0215140496109841,0.9330334832583708,0.1641850130491589,8dd6c0e6,f8d84d1,
downstream_br,Glasser,5,bayesian_ridge,bayesian_ridge,obs_SC+pred_FC,CogFluid,False,False,True,0.2529877739808182,0.2223152666455375,0.0420837585619141,194.0,-0.0809595229277002,0.9740129935032484,0.0517087528616979,027b9558,f8d84d1,
downstream_br,Glasser,5,bayesian_ridge,bayesian_ridge,obs_FC+pred_SC,CogFluid,False,False,True,0.4129102944597526,0.3719296025361753,0.122998886401572,194.0,0.0789629975512341,0.232383808095952,0.2995920673879723,c6b5e9e0,f8d84d1,
downstream_br,Glasser,5,bayesian_ridge,bayesian_ridge,obs_FC+pred_SC+bv,CogFluid,False,True,False,0.4330713684558026,0.3886291132449178,0.135250775340386,194.0,0.0991240715472842,0.1319340329835082,0.3000375069294812,87a64b83,f8d84d1,
downstream_br,Glasser,5,bayesian_ridge,bayesian_ridge,obs_FC+pred_SC+bv+demo,CogFluid,False,True,False,0.4497964943582208,0.4001899968948655,0.1483041606648976,194.0,0.1158491974497023,0.0509745127436281,0.2982231901089195,31f99c32,f8d84d1,
downstream_br,Glasser,5,bayesian_ridge,bayesian_ridge,obs_SC+pred_FC+bv+demo,CogFluid,False,True,False,0.3068563053028457,0.2673869345915878,0.0659301562227756,194.0,-0.0270909916056726,0.9160419790104948,0.0552847958373206,64584f91,f8d84d1,
downstream_br,Glasser,5,bayesian_ridge,bayesian_ridge,everything,CogFluid,False,True,False,0.4229879121160016,0.3777766090167964,0.1304890927595569,194.0,0.0890406152074831,0.1249375312343828,0.2670411204683198,754260b9,f8d84d1,
downstream_br,Glasser,5,bayesian_ridge,bayesian_ridge,bv+demo,CogCryst,False,True,False,0.4629621124573759,0.4509845651442487,0.1834690555743348,195.0,0.0,1.0,-0.0985274408142056,a0002030,f8d84d1,
downstream_br,Glasser,5,bayesian_ridge,bayesian_ridge,obs_FC,CogCryst,False,False,True,0.4354283516397339,0.4209151511571945,0.1816928566278832,195.0,-0.0275337608176419,0.4932533733133433,0.2443389333931457,a42a810c,f8d84d1,
downstream_br,Glasser,5,bayesian_ridge,bayesian_ridge,obs_SC,CogCryst,False,False,True,0.2713170474294061,0.246819402256072,0.0595500726591602,195.0,-0.1916450650279697,0.9995002498750624,0.0703011502749802,48193e07,f8d84d1,
downstream_br,Glasser,5,bayesian_ridge,bayesian_ridge,obs_FC+obs_SC,CogCryst,False,False,True,0.437731616119239,0.4361266704157495,0.1803176520289596,195.0,-0.0252304963381369,0.5027486256871564,0.2419107083904715,6a8266e2,f8d84d1,
downstream_br,Glasser,5,bayesian_ridge,bayesian_ridge,pred_SC,CogCryst,False,False,True,0.3974636319000888,0.3840143909854013,0.1499281737254542,195.0,-0.065498480557287,0.7706146926536732,0.1998280121831623,5c69956f,f8d84d1,
downstream_br,Glasser,5,bayesian_ridge,bayesian_ridge,pred_FC,CogCryst,False,False,True,0.2596722556251071,0.2456589959034404,0.0543535983165008,195.0,-0.2032898568322688,0.9985007496251874,0.0004933419579289,4772a39e,f8d84d1,
downstream_br,Glasser,5,bayesian_ridge,bayesian_ridge,obs_FC+bv+demo,CogCryst,False,True,False,0.4782780038919205,0.4578806480850619,0.217693870065775,195.0,0.0153158914345446,0.20039980009995,0.2405501460617141,84d8aba2,f8d84d1,
downstream_br,Glasser,5,bayesian_ridge,bayesian_ridge,obs_SC+bv+demo,CogCryst,False,True,False,0.3737768048468876,0.373734194120805,0.1156306028707326,195.0,-0.0891853076104883,0.9825087456271864,0.0632026532598723,d5d4f736,f8d84d1,
downstream_br,Glasser,5,bayesian_ridge,bayesian_ridge,pred_SC+bv+demo,CogCryst,False,True,False,0.4851667220342869,0.4526628655454746,0.2242498445313889,195.0,0.022204609576911,0.1079460269865067,0.1855238787213221,bb8a7d4c,f8d84d1,
downstream_br,Glasser,5,bayesian_ridge,bayesian_ridge,pred_FC+bv+demo,CogCryst,False,True,False,0.4300542681033013,0.4125098925903996,0.1664894005520387,195.0,-0.0329078443540746,0.7471264367816092,0.0180542100313169,6d236f71,f8d84d1,
downstream_br,Glasser,5,bayesian_ridge,bayesian_ridge,pred_FC+bv,CogCryst,False,True,False,0.2588365516236868,0.2552740225993735,0.0547583992125195,195.0,-0.2041255608336891,0.999000499750125,0.0130525739598893,c91f1bc6,f8d84d1,
downstream_br,Glasser,5,bayesian_ridge,bayesian_ridge,pred_SC+bv,CogCryst,False,True,False,0.4104470385409907,0.3932094379763026,0.1560830561787733,195.0,-0.0525150739163852,0.7311344327836082,0.1783824425571917,e7f5982e,f8d84d1,
downstream_br,Glasser,5,bayesian_ridge,bayesian_ridge,obs_SC+pred_FC,CogCryst,False,False,True,0.2881034244013298,0.2684608998117053,0.0681090190490741,195.0,-0.174858688056046,0.99800099950025,0.07864986803001,cd66615d,f8d84d1,
downstream_br,Glasser,5,bayesian_ridge,bayesian_ridge,obs_FC+pred_SC,CogCryst,False,False,True,0.4382650132484815,0.4143257585982832,0.1837567022408117,195.0,-0.0246970992088944,0.4772613693153423,0.2445796822295184,6b8334b8,f8d84d1,
downstream_br,Glasser,5,bayesian_ridge,bayesian_ridge,obs_FC+pred_SC+bv,CogCryst,False,True,False,0.4475737011895677,0.4260698153596094,0.1914619050203292,195.0,-0.0153884112678082,0.4062968515742129,0.2382358934797376,69f8f6ba,f8d84d1,
downstream_br,Glasser,5,bayesian_ridge,bayesian_ridge,obs_FC+pred_SC+bv+demo,CogCryst,False,True,False,0.4767065190137116,0.4590774688629853,0.2164623307844861,195.0,0.0137444065563356,0.2133933033483258,0.2391459162825672,4f2d5dcb,f8d84d1,
downstream_br,Glasser,5,bayesian_ridge,bayesian_ridge,obs_SC+pred_FC+bv+demo,CogCryst,False,True,False,0.3716085028147147,0.3661527107750553,0.1161646821578292,195.0,-0.0913536096426611,0.9795102448775612,0.0807897044403792,0283ad4a,f8d84d1,
downstream_br,Glasser,5,bayesian_ridge,bayesian_ridge,everything,CogCryst,False,True,False,0.4645813124664147,0.4534801670909124,0.2018461714632223,195.0,0.0016192000090388,0.3128435782108945,0.2388101172008382,94fc872d,f8d84d1,
downstream_br,Glasser,5,bayesian_ridge,bayesian_ridge,bv+demo,sex,True,True,False,,,,,0.0,,,f7e1227e,f8d84d1,1.0
downstream_br,Glasser,5,bayesian_ridge,bayesian_ridge,obs_FC,sex,True,False,True,,,,,-0.0931578947368421,,,c26ab19c,f8d84d1,0.906842105263158
downstream_br,Glasser,5,bayesian_ridge,bayesian_ridge,obs_SC,sex,True,False,True,,,,,-0.0778947368421052,,,ae94adb4,f8d84d1,0.9221052631578948
downstream_br,Glasser,5,bayesian_ridge,bayesian_ridge,obs_FC+obs_SC,sex,True,False,True,,,,,-0.0155263157894736,,,3a620145,f8d84d1,0.9844736842105264
downstream_br,Glasser,5,bayesian_ridge,bayesian_ridge,pred_SC,sex,True,False,True,,,,,-0.1247368421052632,,,70b7a8fe,f8d84d1,0.8752631578947367
downstream_br,Glasser,5,bayesian_ridge,bayesian_ridge,pred_FC,sex,True,False,True,,,,,-0.0873684210526315,,,e1449afd,f8d84d1,0.9126315789473683
downstream_br,Glasser,5,bayesian_ridge,bayesian_ridge,obs_FC+bv+demo,sex,True,True,False,,,,,-0.0052631578947368,,,6f123924,f8d84d1,0.9947368421052633
downstream_br,Glasser,5,bayesian_ridge,bayesian_ridge,obs_SC+bv+demo,sex,True,True,False,,,,,0.0,,,6035ca82,f8d84d1,1.0
downstream_br,Glasser,5,bayesian_ridge,bayesian_ridge,pred_SC+bv+demo,sex,True,True,False,,,,,0.0,,,f9e2640c,f8d84d1,1.0
downstream_br,Glasser,5,bayesian_ridge,bayesian_ridge,pred_FC+bv+demo,sex,True,True,False,,,,,0.0,,,15c24f3a,f8d84d1,1.0
downstream_br,Glasser,5,bayesian_ridge,bayesian_ridge,pred_FC+bv,sex,True,True,False,,,,,-0.066578947368421,,,5cafa3f2,f8d84d1,0.9334210526315788
downstream_br,Glasser,5,bayesian_ridge,bayesian_ridge,pred_SC+bv,sex,True,True,False,,,,,-0.073157894736842,,,89debdcf,f8d84d1,0.926842105263158
downstream_br,Glasser,5,bayesian_ridge,bayesian_ridge,obs_SC+pred_FC,sex,True,False,True,,,,,-0.0828947368421053,,,81b79499,f8d84d1,0.9171052631578946
downstream_br,Glasser,5,bayesian_ridge,bayesian_ridge,obs_FC+pred_SC,sex,True,False,True,,,,,-0.0934210526315789,,,2b617464,f8d84d1,0.906578947368421
downstream_br,Glasser,5,bayesian_ridge,bayesian_ridge,obs_FC+pred_SC+bv,sex,True,True,False,,,,,-0.0573684210526315,,,cf3a3fe0,f8d84d1,0.9426315789473684
downstream_br,Glasser,5,bayesian_ridge,bayesian_ridge,obs_FC+pred_SC+bv+demo,sex,True,True,False,,,,,-0.0052631578947368,,,0cdfcc9b,f8d84d1,0.9947368421052633
downstream_br,Glasser,5,bayesian_ridge,bayesian_ridge,obs_SC+pred_FC+bv+demo,sex,True,True,False,,,,,0.0,,,ad773f0a,f8d84d1,1.0
downstream_br,Glasser,5,bayesian_ridge,bayesian_ridge,everything,sex,True,True,False,,,,,-0.0105263157894737,,,8991062f,f8d84d1,0.9894736842105264
downstream_br,Glasser,5,bayesian_ridge,bayesian_ridge,bv+demo,age,True,True,False,0.9999999999999998,0.996758328296972,0.9999999999999996,195.0,0.0,1.0,,2eb42fea,f8d84d1,
downstream_br,Glasser,5,bayesian_ridge,bayesian_ridge,obs_FC,age,True,False,True,0.4284471514382345,0.3897500655916026,0.1833060061312044,195.0,-0.5715528485617652,1.0,,37fa0e48,f8d84d1,
downstream_br,Glasser,5,bayesian_ridge,bayesian_ridge,obs_SC,age,True,False,True,0.2856897564029256,0.2641978140192266,0.0797148632067927,195.0,-0.7143102435970742,1.0,,6ecd12d7,f8d84d1,
downstream_br,Glasser,5,bayesian_ridge,bayesian_ridge,obs_FC+obs_SC,age,True,False,True,0.4506809199064449,0.4260205175967435,0.2027687458306322,195.0,-0.5493190800935548,1.0,,78381876,f8d84d1,
downstream_br,Glasser,5,bayesian_ridge,bayesian_ridge,pred_SC,age,True,False,True,0.3147709757624147,0.2942853136669766,0.0981579663950845,195.0,-0.6852290242375851,1.0,,75fd5d48,f8d84d1,
downstream_br,Glasser,5,bayesian_ridge,bayesian_ridge,pred_FC,age,True,False,True,0.2780069944228149,0.2782247377102718,0.0732376263168602,195.0,-0.7219930055771848,1.0,,d4979200,f8d84d1,
downstream_br,Glasser,5,bayesian_ridge,bayesian_ridge,obs_FC+bv+demo,age,True,True,False,0.8226942159058996,0.8258398003743649,0.6314148292529727,195.0,-0.1773057840941001,1.0,,c95e5625,f8d84d1,
downstream_br,Glasser,5,bayesian_ridge,bayesian_ridge,obs_SC+bv+demo,age,True,True,False,0.9161721969302384,0.9177024305014928,0.7839161282970408,195.0,-0.0838278030697612,1.0,,b5488add,f8d84d1,
downstream_br,Glasser,5,bayesian_ridge,bayesian_ridge,pred_SC+bv+demo,age,True,True,False,0.9999999999999768,0.996758328296972,0.9999999999999512,195.0,-2.2870594307278225e-14,1.0,,02c25aa4,f8d84d1,
downstream_br,Glasser,5,bayesian_ridge,bayesian_ridge,pred_FC+bv+demo,age,True,True,False,0.9999999999999786,0.996758328296972,0.9999999999999544,195.0,-2.1205259770340493e-14,1.0,,79cfd646,f8d84d1,
downstream_br,Glasser,5,bayesian_ridge,bayesian_ridge,pred_FC+bv,age,True,True,False,0.4975490622250584,0.4713900412959017,0.2468524463267524,195.0,-0.5024509377749413,1.0,,606b0d9b,f8d84d1,
downstream_br,Glasser,5,bayesian_ridge,bayesian_ridge,pred_SC+bv,age,True,True,False,0.5608106618745647,0.5119924567699289,0.3096973243458419,195.0,-0.439189338125435,1.0,,3f24b8fa,f8d84d1,
downstream_br,Glasser,5,bayesian_ridge,bayesian_ridge,obs_SC+pred_FC,age,True,False,True,0.2817852284860295,0.2638698317775794,0.0763254561422629,195.0,-0.7182147715139702,1.0,,e6b9eb9f,f8d84d1,
downstream_br,Glasser,5,bayesian_ridge,bayesian_ridge,obs_FC+pred_SC,age,True,False,True,0.431584483737942,0.3913096049138909,0.1858869152900146,195.0,-0.5684155162620577,1.0,,0d629740,f8d84d1,
downstream_br,Glasser,5,bayesian_ridge,bayesian_ridge,obs_FC+pred_SC+bv,age,True,True,False,0.4744919383530145,0.4368658511763633,0.2237917343919113,195.0,-0.5255080616469853,1.0,,30af9610,f8d84d1,
downstream_br,Glasser,5,bayesian_ridge,bayesian_ridge,obs_FC+pred_SC+bv+demo,age,True,True,False,0.8187052090936598,0.8218479967056029,0.6238876408405316,195.0,-0.1812947909063399,1.0,,9be9ebca,f8d84d1,
downstream_br,Glasser,5,bayesian_ridge,bayesian_ridge,obs_SC+pred_FC+bv+demo,age,True,True,False,0.9050961845626344,0.9063058594414808,0.7615687641296017,195.0,-0.0949038154373652,1.0,,bff117a0,f8d84d1,
downstream_br,Glasser,5,bayesian_ridge,bayesian_ridge,everything,age,True,True,False,0.7679337412735274,0.7739422934943005,0.5504522681777388,195.0,-0.2320662587264723,1.0,,99c0a1eb,f8d84d1,
downstream_br,Glasser,6,bayesian_ridge,bayesian_ridge,bv+demo,CogTotal,False,True,False,0.3000737286407781,0.3111000511062333,0.0685192229437556,189.0,0.0,1.0,0.0008303876347486,7545995b,f8d84d1,
downstream_br,Glasser,6,bayesian_ridge,bayesian_ridge,obs_FC,CogTotal,False,False,True,0.379867730797046,0.3135805541391194,0.1219344874170715,189.0,0.0797940021562678,0.1989005497251374,0.2005605807810024,fdaf09f6,f8d84d1,
downstream_br,Glasser,6,bayesian_ridge,bayesian_ridge,obs_SC,CogTotal,False,False,True,0.1804783236795411,0.1538720643470655,0.0052489127246471,189.0,-0.119595404961237,0.9265367316341828,0.0404697646844938,640c051d,f8d84d1,
downstream_br,Glasser,6,bayesian_ridge,bayesian_ridge,obs_FC+obs_SC,CogTotal,False,False,True,0.3868421150653512,0.3234181349599778,0.1286641303948242,189.0,0.086768386424573,0.1284357821089455,0.2192787417427208,52dc7b09,f8d84d1,
downstream_br,Glasser,6,bayesian_ridge,bayesian_ridge,pred_SC,CogTotal,False,False,True,0.3573948840654788,0.3083493678791526,0.0995744206505991,189.0,0.0573211554247006,0.2808595702148925,0.1929533366884141,5644a2bc,f8d84d1,
downstream_br,Glasser,6,bayesian_ridge,bayesian_ridge,pred_FC,CogTotal,False,False,True,0.1436530412011163,0.1093892061245719,-0.0394807843378133,189.0,-0.1564206874396617,0.9950024987506249,-0.0466265508616253,98120a9e,f8d84d1,
downstream_br,Glasser,6,bayesian_ridge,bayesian_ridge,obs_FC+bv+demo,CogTotal,False,True,False,0.3843621245170621,0.3249538960638212,0.1208636740236204,189.0,0.084288395876284,0.1624187906046976,0.2065451096559121,a6353247,f8d84d1,
downstream_br,Glasser,6,bayesian_ridge,bayesian_ridge,obs_SC+bv+demo,CogTotal,False,True,False,0.2282691240724049,0.2163672317660841,0.024649722171476,189.0,-0.0718046045683731,0.8995502248875562,0.0482418823698482,e703d0fa,f8d84d1,
downstream_br,Glasser,6,bayesian_ridge,bayesian_ridge,pred_SC+bv+demo,CogTotal,False,True,False,0.3586220319602469,0.325778656656626,0.1044935633062258,189.0,0.0585483033194688,0.1409295352323838,0.0685743193839484,5a2e6172,f8d84d1,
downstream_br,Glasser,6,bayesian_ridge,bayesian_ridge,pred_FC+bv+demo,CogTotal,False,True,False,0.2305620263334219,0.2048374697289538,0.0153079984380164,189.0,-0.0695117023073562,0.9860069965017492,-0.0615907311874039,e350c968,f8d84d1,
downstream_br,Glasser,6,bayesian_ridge,bayesian_ridge,pred_FC+bv,CogTotal,False,True,False,0.1529395759572348,0.126163485681251,-0.0394900856306241,189.0,-0.1471341526835433,0.9955022488755624,-0.0492163156047535,782c9860,f8d84d1,
downstream_br,Glasser,6,bayesian_ridge,bayesian_ridge,pred_SC+bv,CogTotal,False,True,False,0.3585483958120087,0.3041980136453258,0.0988226916025624,189.0,0.0584746671712306,0.24087956021989,0.1899905079741246,d550b361,f8d84d1,
downstream_br,Glasser,6,bayesian_ridge,bayesian_ridge,obs_SC+pred_FC,CogTotal,False,False,True,0.1699533100395542,0.1416570755674217,-0.010065614635387,189.0,-0.1301204186012238,0.9665167416291854,0.0106331193561918,39946b75,f8d84d1,
downstream_br,Glasser,6,bayesian_ridge,bayesian_ridge,obs_FC+pred_SC,CogTotal,False,False,True,0.3764820856174564,0.3111658186535044,0.1191873830442896,189.0,0.0764083569766782,0.1979010494752623,0.2022760591376804,8f136db8,f8d84d1,
downstream_br,Glasser,6,bayesian_ridge,bayesian_ridge,obs_FC+pred_SC+bv,CogTotal,False,True,False,0.3809737265103565,0.32136778723627,0.1180834262803299,189.0,0.0808999978695783,0.1834082958520739,0.2035352781501608,6a8482be,f8d84d1,
downstream_br,Glasser,6,bayesian_ridge,bayesian_ridge,obs_FC+pred_SC+bv+demo,CogTotal,False,True,False,0.3841269961823387,0.3256613415723047,0.1213825260478247,189.0,0.0840532675415606,0.1574212893553223,0.2063396527248397,5f590dbd,f8d84d1,
downstream_br,Glasser,6,bayesian_ridge,bayesian_ridge,obs_SC+pred_FC+bv+demo,CogTotal,False,True,False,0.2085105374329947,0.1896451663093357,0.0089251123458165,189.0,-0.0915631912077834,0.9545227386306848,0.0159900618398674,10b24a74,f8d84d1,
downstream_br,Glasser,6,bayesian_ridge,bayesian_ridge,everything,CogTotal,False,True,False,0.3762484147649719,0.3235061212732188,0.1197524167972701,189.0,0.0761746861241938,0.153423288355822,0.206523891719784,a9e15b86,f8d84d1,
downstream_br,Glasser,6,bayesian_ridge,bayesian_ridge,bv+demo,CogFluid,False,True,False,0.1366978167986313,0.1213170167163201,-0.0204045090470561,190.0,0.0,1.0,-0.1560312275066498,90edb8ba,f8d84d1,
downstream_br,Glasser,6,bayesian_ridge,bayesian_ridge,obs_FC,CogFluid,False,False,True,0.1759887010989931,0.1672882063202264,-0.001773198627716,190.0,0.0392908843003617,0.3658170914542729,0.0917008499737242,be787de4,f8d84d1,
downstream_br,Glasser,6,bayesian_ridge,bayesian_ridge,obs_SC,CogFluid,False,False,True,-0.0483272250144821,-0.0713025389095393,-0.0816208700258929,190.0,-0.1850250418131135,0.9310344827586208,-0.0564059995060172,1350dbd2,f8d84d1,
downstream_br,Glasser,6,bayesian_ridge,bayesian_ridge,obs_FC+obs_SC,CogFluid,False,False,True,0.1430244007273161,0.120769396981357,-0.0223872027714922,190.0,0.0063265839286848,0.5362318840579711,0.0941108797698957,a19d85b2,f8d84d1,
downstream_br,Glasser,6,bayesian_ridge,bayesian_ridge,pred_SC,CogFluid,False,False,True,0.120479712956812,0.0772222557569757,-0.0130799672215482,190.0,-0.0162181038418193,0.4497751124437781,0.1388752254061142,2130841c,f8d84d1,
downstream_br,Glasser,6,bayesian_ridge,bayesian_ridge,pred_FC,CogFluid,False,False,True,-0.0813579768985514,-0.0905322146506873,-0.1233005876520452,190.0,-0.2180557936971827,0.9930034982508744,-0.1165821458200426,a4ebd26a,f8d84d1,
downstream_br,Glasser,6,bayesian_ridge,bayesian_ridge,obs_FC+bv+demo,CogFluid,False,True,False,0.1661678078304507,0.1542039437390077,-0.0155882553731518,190.0,0.0294699910318194,0.4702648675662169,0.0878876560051947,4de42250,f8d84d1,
downstream_br,Glasser,6,bayesian_ridge,bayesian_ridge,obs_SC+bv+demo,CogFluid,False,True,False,0.0135242127605578,-0.0134630474777667,-0.0695550844850063,190.0,-0.1231736040380734,0.9225387306346826,-0.0413237475377489,fa3d5132,f8d84d1,
downstream_br,Glasser,6,bayesian_ridge,bayesian_ridge,pred_SC+bv+demo,CogFluid,False,True,False,0.1732913230383995,0.1492053827716289,-0.0023949126748157,190.0,0.0365935062397682,0.2318840579710145,0.2401923775577602,ae8e4d4c,f8d84d1,
downstream_br,Glasser,6,bayesian_ridge,bayesian_ridge,pred_FC+bv+demo,CogFluid,False,True,False,0.0243705763650032,0.0006237266310362,-0.0859408812172095,190.0,-0.112327240433628,0.9950024987506249,-0.1151426595908964,e88c7920,f8d84d1,
downstream_br,Glasser,6,bayesian_ridge,bayesian_ridge,pred_FC+bv,CogFluid,False,True,False,-0.0734612818121955,-0.0858127123022434,-0.1242577259888166,190.0,-0.2101590986108269,0.9950024987506249,-0.1353421234177693,60fc8cce,f8d84d1,
downstream_br,Glasser,6,bayesian_ridge,bayesian_ridge,pred_SC+bv,CogFluid,False,True,False,0.127130932127281,0.076710502490277,-0.0144945614254963,190.0,-0.0095668846713502,0.4527736131934033,0.2401972453103934,557229c6,f8d84d1,
downstream_br,Glasser,6,bayesian_ridge,bayesian_ridge,obs_SC+pred_FC,CogFluid,False,False,True,-0.0543216483500106,-0.0731763431783746,-0.0975894246795618,190.0,-0.191019465148642,0.9655172413793104,-0.0698446523335458,d5809b8f,f8d84d1,
downstream_br,Glasser,6,bayesian_ridge,bayesian_ridge,obs_FC+pred_SC,CogFluid,False,False,True,0.1609197030626329,0.1455181348756714,-0.0089019386322424,190.0,0.0242218862640015,0.4142928535732134,0.0935568876183264,479c9cd1,f8d84d1,
downstream_br,Glasser,6,bayesian_ridge,bayesian_ridge,obs_FC+pred_SC+bv,CogFluid,False,True,False,0.1579378888156577,0.1471181292770252,-0.0189289890975259,190.0,0.0212400720170263,0.5087456271864068,0.0894398430400183,6d943ced,f8d84d1,
downstream_br,Glasser,6,bayesian_ridge,bayesian_ridge,obs_FC+pred_SC+bv+demo,CogFluid,False,True,False,0.163069890295509,0.1503294903745484,-0.0171996543127193,190.0,0.0263720734968777,0.4862568715642179,0.0887008564051925,cf48fd13,f8d84d1,
downstream_br,Glasser,6,bayesian_ridge,bayesian_ridge,obs_SC+pred_FC+bv+demo,CogFluid,False,True,False,-0.0130479797772967,-0.0403121607453181,-0.0885258576591474,190.0,-0.1497457965759281,0.9720139930034982,-0.0762321399430056,047e3946,f8d84d1,
downstream_br,Glasser,6,bayesian_ridge,bayesian_ridge,everything,CogFluid,False,True,False,0.1171130923272512,0.0913107794495965,-0.0392963049740651,190.0,-0.0195847244713801,0.6766616691654173,0.0730233102365219,f92d3b5c,f8d84d1,
downstream_br,Glasser,6,bayesian_ridge,bayesian_ridge,bv+demo,CogCryst,False,True,False,0.3453841598647351,0.3479520071445681,0.1124776714401925,193.0,0.0,1.0,0.1505898781694551,5c4e0d24,f8d84d1,
downstream_br,Glasser,6,bayesian_ridge,bayesian_ridge,obs_FC,CogCryst,False,False,True,0.5515404804893301,0.4796415099709082,0.2919801985011686,193.0,0.206156320624595,0.0014992503748125,0.4372334133712535,8773e796,f8d84d1,
downstream_br,Glasser,6,bayesian_ridge,bayesian_ridge,obs_SC,CogCryst,False,False,True,0.3291512463954492,0.3026658481793224,0.0949650377489,193.0,-0.0162329134692859,0.6401799100449775,0.0480396409310322,a5881d19,f8d84d1,
downstream_br,Glasser,6,bayesian_ridge,bayesian_ridge,obs_FC+obs_SC,CogCryst,False,False,True,0.5801340317493225,0.5150514987333165,0.3082724729574801,193.0,0.2347498718845874,0.0004997501249375,0.4392547155161155,93d8112a,f8d84d1,
downstream_br,Glasser,6,bayesian_ridge,bayesian_ridge,pred_SC,CogCryst,False,False,True,0.4762116242475197,0.420055644753215,0.2072780728405285,193.0,0.1308274643827846,0.0379810094952523,0.3341854132643052,d0e0e56b,f8d84d1,
downstream_br,Glasser,6,bayesian_ridge,bayesian_ridge,pred_FC,CogCryst,False,False,True,0.2758604165968063,0.2474100405135873,0.0683951619624542,193.0,-0.0695237432679288,0.8300849575212393,-0.0128334631043995,ddd94f4d,f8d84d1,
downstream_br,Glasser,6,bayesian_ridge,bayesian_ridge,obs_FC+bv+demo,CogCryst,False,True,False,0.5711332306931343,0.515616542866446,0.3155449736996031,193.0,0.2257490708283991,0.0004997501249375,0.4507844585001039,c337d812,f8d84d1,
downstream_br,Glasser,6,bayesian_ridge,bayesian_ridge,obs_SC+bv+demo,CogCryst,False,True,False,0.3564465121681013,0.3271931036302462,0.1144353333539192,193.0,0.0110623523033662,0.4832583708145927,0.0459457332988695,d8ec3314,f8d84d1,
downstream_br,Glasser,6,bayesian_ridge,bayesian_ridge,pred_SC+bv+demo,CogCryst,False,True,False,0.4614427184879563,0.4066206146040497,0.2039136560497363,193.0,0.1160585586232211,0.0144927536231884,0.3154406163866026,2526f52c,f8d84d1,
downstream_br,Glasser,6,bayesian_ridge,bayesian_ridge,pred_FC+bv+demo,CogCryst,False,True,False,0.3152524443846021,0.2641093064155876,0.0917919776497743,193.0,-0.030131715480133,0.7946026986506747,-0.0241102752271746,bb8fc082,f8d84d1,
downstream_br,Glasser,6,bayesian_ridge,bayesian_ridge,pred_FC+bv,CogCryst,False,True,False,0.2776626996418314,0.2584112912060236,0.0693011690167193,193.0,-0.0677214602229037,0.8430784607696152,-0.0127136961776158,0b6f5a01,f8d84d1,
downstream_br,Glasser,6,bayesian_ridge,bayesian_ridge,pred_SC+bv,CogCryst,False,True,False,0.4662062585579919,0.4106660635158347,0.2006402877648648,193.0,0.1208220986932568,0.0354822588705647,0.3310597214793274,98eca4fb,f8d84d1,
downstream_br,Glasser,6,bayesian_ridge,bayesian_ridge,obs_SC+pred_FC,CogCryst,False,False,True,0.3128847209816553,0.2896205899801888,0.0882584361818842,193.0,-0.0324994388830798,0.697151424287856,0.0284754547868174,82ebf31e,f8d84d1,
downstream_br,Glasser,6,bayesian_ridge,bayesian_ridge,obs_FC+pred_SC,CogCryst,False,False,True,0.5567464133465407,0.493499697247838,0.2991127368594543,193.0,0.2113622534818056,0.000999500249875,0.4492595780226724,cb482158,f8d84d1,
downstream_br,Glasser,6,bayesian_ridge,bayesian_ridge,obs_FC+pred_SC+bv,CogCryst,False,True,False,0.5605569885741103,0.5020454681180191,0.3035633951477851,193.0,0.2151728287093751,0.000999500249875,0.4499796699076615,ebbb3781,f8d84d1,
downstream_br,Glasser,6,bayesian_ridge,bayesian_ridge,obs_FC+pred_SC+bv+demo,CogCryst,False,True,False,0.5709683919707133,0.5148353297074959,0.315116925653188,193.0,0.2255842321059781,0.0004997501249375,0.4515819070874368,95bd0b7d,f8d84d1,
downstream_br,Glasser,6,bayesian_ridge,bayesian_ridge,obs_SC+pred_FC+bv+demo,CogCryst,False,True,False,0.3492419920205825,0.3215126156389919,0.1100669117605012,193.0,0.0038578321558473,0.5207396301849075,0.0366674392631219,2989ea57,f8d84d1,
downstream_br,Glasser,6,bayesian_ridge,bayesian_ridge,everything,CogCryst,False,True,False,0.5860837500605829,0.5249268343067105,0.3121421081132723,193.0,0.2406995901958477,0.0004997501249375,0.4390279919840971,fa91eed6,f8d84d1,
downstream_br,Glasser,6,bayesian_ridge,bayesian_ridge,bv+demo,sex,True,True,False,,,,,0.0,,,1b7a4ca0,f8d84d1,1.0
downstream_br,Glasser,6,bayesian_ridge,bayesian_ridge,obs_FC,sex,True,False,True,,,,,-0.066087049285257,,,d2087dc8,f8d84d1,0.933912950714743
downstream_br,Glasser,6,bayesian_ridge,bayesian_ridge,obs_SC,sex,True,False,True,,,,,-0.0936099850650735,,,1c4436f1,f8d84d1,0.9063900149349264
downstream_br,Glasser,6,bayesian_ridge,bayesian_ridge,obs_FC+obs_SC,sex,True,False,True,,,,,-0.0510987838702794,,,baf4e080,f8d84d1,0.9489012161297206
downstream_br,Glasser,6,bayesian_ridge,bayesian_ridge,pred_SC,sex,True,False,True,,,,,-0.1043311286537229,,,44d79369,f8d84d1,0.895668871346277
downstream_br,Glasser,6,bayesian_ridge,bayesian_ridge,pred_FC,sex,True,False,True,,,,,-0.1073714529549818,,,b315c812,f8d84d1,0.8926285470450182
downstream_br,Glasser,6,bayesian_ridge,bayesian_ridge,obs_FC+bv+demo,sex,True,True,False,,,,,-0.0116279069767442,,,44d21fe2,f8d84d1,0.9883720930232558
downstream_br,Glasser,6,bayesian_ridge,bayesian_ridge,obs_SC+bv+demo,sex,True,True,False,,,,,0.0,,,b00ae3cc,f8d84d1,1.0
downstream_br,Glasser,6,bayesian_ridge,bayesian_ridge,pred_SC+bv+demo,sex,True,True,False,,,,,0.0,,,fe67685e,f8d84d1,1.0
downstream_br,Glasser,6,bayesian_ridge,bayesian_ridge,pred_FC+bv+demo,sex,True,True,False,,,,,0.0,,,41b4cb6e,f8d84d1,1.0
downstream_br,Glasser,6,bayesian_ridge,bayesian_ridge,pred_FC+bv,sex,True,True,False,,,,,-0.0773949221250267,,,cc69aa1e,f8d84d1,0.9226050778749731
downstream_br,Glasser,6,bayesian_ridge,bayesian_ridge,pred_SC+bv,sex,True,True,False,,,,,-0.0777149562620012,,,edc71a59,f8d84d1,0.9222850437379988
downstream_br,Glasser,6,bayesian_ridge,bayesian_ridge,obs_SC+pred_FC,sex,True,False,True,,,,,-0.0981971410283764,,,51a015ac,f8d84d1,0.9018028589716236
downstream_br,Glasser,6,bayesian_ridge,bayesian_ridge,obs_FC+pred_SC,sex,True,False,True,,,,,-0.0719010027736291,,,a3a2ec06,f8d84d1,0.9280989972263708
downstream_br,Glasser,6,bayesian_ridge,bayesian_ridge,obs_FC+pred_SC+bv,sex,True,True,False,,,,,-0.0452848303819073,,,e3133f3b,f8d84d1,0.9547151696180928
downstream_br,Glasser,6,bayesian_ridge,bayesian_ridge,obs_FC+pred_SC+bv+demo,sex,True,True,False,,,,,-0.0116279069767442,,,c27aabb0,f8d84d1,0.9883720930232558
downstream_br,Glasser,6,bayesian_ridge,bayesian_ridge,obs_SC+pred_FC+bv+demo,sex,True,True,False,,,,,0.0,,,02d3324e,f8d84d1,1.0
downstream_br,Glasser,6,bayesian_ridge,bayesian_ridge,everything,sex,True,True,False,,,,,-0.0116279069767442,,,950a5451,f8d84d1,0.9883720930232558
downstream_br,Glasser,6,bayesian_ridge,bayesian_ridge,bv+demo,age,True,True,False,1.0,0.9965740242061186,0.9999999999999994,195.0,0.0,1.0,,594efabd,f8d84d1,
downstream_br,Glasser,6,bayesian_ridge,bayesian_ridge,obs_FC,age,True,False,True,0.3928611698212633,0.3911335046699561,0.1385335574034251,195.0,-0.6071388301787366,1.0,,20444ecd,f8d84d1,
downstream_br,Glasser,6,bayesian_ridge,bayesian_ridge,obs_SC,age,True,False,True,0.3119586577896672,0.3165402848241488,0.086291635526973,195.0,-0.6880413422103326,1.0,,9c6648d0,f8d84d1,
downstream_br,Glasser,6,bayesian_ridge,bayesian_ridge,obs_FC+obs_SC,age,True,False,True,0.4090203632243685,0.398079244642318,0.1545865607512113,195.0,-0.5909796367756314,1.0,,468c29cf,f8d84d1,
downstream_br,Glasser,6,bayesian_ridge,bayesian_ridge,pred_SC,age,True,False,True,0.3239107837173768,0.3330650398133398,0.0811533370183814,195.0,-0.6760892162826231,1.0,,797ed0fd,f8d84d1,
downstream_br,Glasser,6,bayesian_ridge,bayesian_ridge,pred_FC,age,True,False,True,0.2758551937787166,0.280966306109027,0.0551438398603724,195.0,-0.7241448062212832,1.0,,58ab38e8,f8d84d1,
downstream_br,Glasser,6,bayesian_ridge,bayesian_ridge,obs_FC+bv+demo,age,True,True,False,0.8033367145856399,0.8162365010097465,0.6075977703406341,195.0,-0.1966632854143599,1.0,,2a691f8d,f8d84d1,
downstream_br,Glasser,6,bayesian_ridge,bayesian_ridge,obs_SC+bv+demo,age,True,True,False,0.9238627926811568,0.9237947841473416,0.7975633814007389,195.0,-0.0761372073188432,1.0,,acd2a463,f8d84d1,
downstream_br,Glasser,6,bayesian_ridge,bayesian_ridge,pred_SC+bv+demo,age,True,True,False,0.9999999999999926,0.9965740242061186,0.9999999999999832,195.0,-7.327471962526033e-15,1.0,,619800a7,f8d84d1,
downstream_br,Glasser,6,bayesian_ridge,bayesian_ridge,pred_FC+bv+demo,age,True,True,False,0.9999999999999742,0.9965740242061186,0.9999999999999444,195.0,-2.564615186884112e-14,1.0,,2f451148,f8d84d1,
downstream_br,Glasser,6,bayesian_ridge,bayesian_ridge,pred_FC+bv,age,True,True,False,0.5316451651645518,0.532161907244161,0.2674138361821366,195.0,-0.468354834835448,1.0,,b9f262a2,f8d84d1,
downstream_br,Glasser,6,bayesian_ridge,bayesian_ridge,pred_SC+bv,age,True,True,False,0.553159993064913,0.5562308368982124,0.2959468434351646,195.0,-0.4468400069350868,1.0,,abf9a0b1,f8d84d1,
downstream_br,Glasser,6,bayesian_ridge,bayesian_ridge,obs_SC+pred_FC,age,True,False,True,0.3087836792818209,0.3132078886531675,0.0829119889839564,195.0,-0.691216320718179,1.0,,e4d797c5,f8d84d1,
downstream_br,Glasser,6,bayesian_ridge,bayesian_ridge,obs_FC+pred_SC,age,True,False,True,0.3901596142245185,0.3859164858106591,0.1352387513629264,195.0,-0.6098403857754813,1.0,,db7e9152,f8d84d1,
downstream_br,Glasser,6,bayesian_ridge,bayesian_ridge,obs_FC+pred_SC+bv,age,True,True,False,0.4299319775906765,0.4218639787164855,0.1711827630294833,195.0,-0.5700680224093234,1.0,,a4feedf6,f8d84d1,
downstream_br,Glasser,6,bayesian_ridge,bayesian_ridge,obs_FC+pred_SC+bv+demo,age,True,True,False,0.8004878768403247,0.8132516354335949,0.6007700769141013,195.0,-0.1995121231596751,1.0,,802a2b17,f8d84d1,
downstream_br,Glasser,6,bayesian_ridge,bayesian_ridge,obs_SC+pred_FC+bv+demo,age,True,True,False,0.916724412918397,0.9174491028422204,0.7816230058018478,195.0,-0.0832755870816028,1.0,,bfd2260c,f8d84d1,
downstream_br,Glasser,6,bayesian_ridge,bayesian_ridge,everything,age,True,True,False,0.7639543645512158,0.7769882794404118,0.5316122399307395,195.0,-0.2360456354487841,1.0,,e7e17091,f8d84d1,
downstream_br,Glasser,7,bayesian_ridge,bayesian_ridge,bv+demo,CogTotal,False,True,False,0.2131537324740831,0.2111154118433582,-0.0272457621560349,194.0,0.0,1.0,0.1423384538918681,f867c060,f8d84d1,
downstream_br,Glasser,7,bayesian_ridge,bayesian_ridge,obs_FC,CogTotal,False,False,True,0.3445243048502874,0.3268896520825691,0.1071533059054088,194.0,0.1313705723762042,0.0129935032483758,0.2162614030707528,1bd88934,f8d84d1,
downstream_br,Glasser,7,bayesian_ridge,bayesian_ridge,obs_SC,CogTotal,False,False,True,0.1538282112718956,0.1386242029723969,-0.0461301787508052,194.0,-0.0593255212021875,0.657671164417791,-0.0044292147492044,f402c726,f8d84d1,
downstream_br,Glasser,7,bayesian_ridge,bayesian_ridge,obs_FC+obs_SC,CogTotal,False,False,True,0.336192917963743,0.313392518907606,0.0917983320583787,194.0,0.1230391854896598,0.0119940029985007,0.214002116183522,fd9bc291,f8d84d1,
downstream_br,Glasser,7,bayesian_ridge,bayesian_ridge,pred_SC,CogTotal,False,False,True,0.2970453183718842,0.2910167309090737,0.0689081794908014,194.0,0.083891585897801,0.0214892553723138,0.1195484978963618,638938d0,f8d84d1,
downstream_br,Glasser,7,bayesian_ridge,bayesian_ridge,pred_FC,CogTotal,False,False,True,0.168741370993782,0.1727598531076634,-0.0505292805922048,194.0,-0.0444123614803011,0.696151924037981,0.0068081895566414,e065fde5,f8d84d1,
downstream_br,Glasser,7,bayesian_ridge,bayesian_ridge,obs_FC+bv+demo,CogTotal,False,True,False,0.3569903364888329,0.339125332540559,0.1162141471455112,194.0,0.1438366040147497,0.0024987506246876,0.2227896384525251,78ae435d,f8d84d1,
downstream_br,Glasser,7,bayesian_ridge,bayesian_ridge,obs_SC+bv+demo,CogTotal,False,True,False,0.1936565390983631,0.1851450999464279,-0.0251274794440585,194.0,-0.01949719337572,0.480759620189905,-0.0004044229343497,ddaad60d,f8d84d1,
downstream_br,Glasser,7,bayesian_ridge,bayesian_ridge,pred_SC+bv+demo,CogTotal,False,True,False,0.2855735421844795,0.2648680898658351,0.047591536186444,194.0,0.0724198097103963,0.0064967516241879,-0.0244224545768205,ae944e9d,f8d84d1,
downstream_br,Glasser,7,bayesian_ridge,bayesian_ridge,pred_FC+bv+demo,CogTotal,False,True,False,0.2335706189397913,0.2247456755330767,-0.0080243313224335,194.0,0.0204168864657081,0.2113943028485757,-0.021679789377004,5c6cffbf,f8d84d1,
downstream_br,Glasser,7,bayesian_ridge,bayesian_ridge,pred_FC+bv,CogTotal,False,True,False,0.19071964054993,0.1959566126138545,-0.0393382559427417,194.0,-0.0224340919241531,0.6176911544227887,0.0331699072415199,f16a2e6a,f8d84d1,
downstream_br,Glasser,7,bayesian_ridge,bayesian_ridge,pred_SC+bv,CogTotal,False,True,False,0.2707646619816711,0.2609629280996743,0.0425051375371549,194.0,0.0576109295075879,0.0469765117441279,0.1788171223449408,ef71634f,f8d84d1,
downstream_br,Glasser,7,bayesian_ridge,bayesian_ridge,obs_SC+pred_FC,CogTotal,False,False,True,0.160290845695336,0.1526678286924982,-0.0446480160842162,194.0,-0.0528628867787471,0.6416791604197901,-0.0032637783125743,acacd81e,f8d84d1,
downstream_br,Glasser,7,bayesian_ridge,bayesian_ridge,obs_FC+pred_SC,CogTotal,False,False,True,0.350971896571122,0.3281206984474068,0.1119033400060819,194.0,0.1378181640970388,0.0099950024987506,0.2214977310322786,a86bbea7,f8d84d1,
downstream_br,Glasser,7,bayesian_ridge,bayesian_ridge,obs_FC+pred_SC+bv,CogTotal,False,True,False,0.3586057440510641,0.3389757661597843,0.1170123389416128,194.0,0.1454520115769809,0.0034982508745627,0.2270621443499569,2492a303,f8d84d1,
downstream_br,Glasser,7,bayesian_ridge,bayesian_ridge,obs_FC+pred_SC+bv+demo,CogTotal,False,True,False,0.3544439557124204,0.3344830221834373,0.11412893164801,194.0,0.1412902232383372,0.0024987506246876,0.2249457641718956,1af88578,f8d84d1,
downstream_br,Glasser,7,bayesian_ridge,bayesian_ridge,obs_SC+pred_FC+bv+demo,CogTotal,False,True,False,0.1956335173716105,0.1891932537469557,-0.0239808099466327,194.0,-0.0175202151024725,0.4757621189405297,0.0065343771360306,c2045484,f8d84d1,
downstream_br,Glasser,7,bayesian_ridge,bayesian_ridge,everything,CogTotal,False,True,False,0.3387351831832475,0.3176494082065776,0.0932856540702067,194.0,0.1255814507091643,0.0074962518740629,0.2198893024552871,1fa9a7b6,f8d84d1,
downstream_br,Glasser,7,bayesian_ridge,bayesian_ridge,bv+demo,CogFluid,False,True,False,0.1840718293911185,0.1510345059961597,0.0035997184798416,194.0,0.0,1.0,0.0485742517327998,a831517b,f8d84d1,
downstream_br,Glasser,7,bayesian_ridge,bayesian_ridge,obs_FC,CogFluid,False,False,True,0.2773671984402053,0.2230443740094113,0.070947831235843,194.0,0.0932953690490867,0.0619690154922538,0.1525434710309872,a091a793,f8d84d1,
downstream_br,Glasser,7,bayesian_ridge,bayesian_ridge,obs_SC,CogFluid,False,False,True,0.1088306764894835,0.0916678240165496,-0.0155032896582985,194.0,-0.075241152901635,0.6821589205397302,-0.0375591120659613,a0000568,f8d84d1,
downstream_br,Glasser,7,bayesian_ridge,bayesian_ridge,obs_FC+obs_SC,CogFluid,False,False,True,0.264321305698623,0.2095366685277756,0.0594178088609661,194.0,0.0802494763075044,0.0819590204897551,0.12499103258914,ce1a52f4,f8d84d1,
downstream_br,Glasser,7,bayesian_ridge,bayesian_ridge,pred_SC,CogFluid,False,False,True,0.2122079043222173,0.1594397388042251,0.0314072420211096,194.0,0.0281360749310987,0.2183908045977011,0.0542593788954284,0d3a1fa2,f8d84d1,
downstream_br,Glasser,7,bayesian_ridge,bayesian_ridge,pred_FC,CogFluid,False,False,True,0.1150095655056065,0.0984853652148006,-0.0200985515851903,194.0,-0.069062263885512,0.7246376811594203,-0.0225469555339242,980d6045,f8d84d1,
downstream_br,Glasser,7,bayesian_ridge,bayesian_ridge,obs_FC+bv+demo,CogFluid,False,True,False,0.2924484253298071,0.2471868192025425,0.0809359813465718,194.0,0.1083765959386885,0.0209895052473763,0.1531108957385527,e2060896,f8d84d1,
downstream_br,Glasser,7,bayesian_ridge,bayesian_ridge,obs_SC+bv+demo,CogFluid,False,True,False,0.1381074008430353,0.1218955985940887,-0.005981779830291,194.0,-0.0459644285480832,0.6146926536731634,-0.0448017467355843,2f29314e,f8d84d1,
downstream_br,Glasser,7,bayesian_ridge,bayesian_ridge,pred_SC+bv+demo,CogFluid,False,True,False,0.2066098922693508,0.1551508348127025,0.0251084121515434,194.0,0.0225380628782322,0.0734632683658171,0.054231827758846,355bd931,f8d84d1,
downstream_br,Glasser,7,bayesian_ridge,bayesian_ridge,pred_FC+bv+demo,CogFluid,False,True,False,0.1779475615553327,0.14631334228064,0.0065733735578827,194.0,-0.0061242678357858,0.4232883558220889,-0.0328452849532441,a38759bc,f8d84d1,
downstream_br,Glasser,7,bayesian_ridge,bayesian_ridge,pred_FC+bv,CogFluid,False,True,False,0.1502207646427185,0.1323372184669161,-0.0069166338790893,194.0,-0.0338510647484,0.6131934032983508,-0.0329688336077662,c4f1bcf6,f8d84d1,
downstream_br,Glasser,7,bayesian_ridge,bayesian_ridge,pred_SC+bv,CogFluid,False,True,False,0.2176411406059585,0.1593534512167352,0.0315076003283396,194.0,0.0335693112148399,0.1859070464767616,0.0542269114112886,c78c3f08,f8d84d1,
downstream_br,Glasser,7,bayesian_ridge,bayesian_ridge,obs_SC+pred_FC,CogFluid,False,False,True,0.1035595154623825,0.0911040784449488,-0.0185234180258093,194.0,-0.080512313928736,0.7076461769115442,-0.0484513684494879,feb0b2c1,f8d84d1,
downstream_br,Glasser,7,bayesian_ridge,bayesian_ridge,obs_FC+pred_SC,CogFluid,False,False,True,0.2777632093016582,0.2256486155785118,0.0711285268418419,194.0,0.0936913799105396,0.0584707646176911,0.1509272675776873,97c8aedd,f8d84d1,
downstream_br,Glasser,7,bayesian_ridge,bayesian_ridge,obs_FC+pred_SC+bv,CogFluid,False,True,False,0.2930465669017595,0.247010135094825,0.079519704083149,194.0,0.1089747375106409,0.0309845077461269,0.1493057939154086,7a580551,f8d84d1,
downstream_br,Glasser,7,bayesian_ridge,bayesian_ridge,obs_FC+pred_SC+bv+demo,CogFluid,False,True,False,0.2877194876853718,0.2384487628427302,0.0778866966483624,194.0,0.1036476582942532,0.0274862568715642,0.1493641974822625,3d502ef9,f8d84d1,
downstream_br,Glasser,7,bayesian_ridge,bayesian_ridge,obs_SC+pred_FC+bv+demo,CogFluid,False,True,False,0.1416854203647666,0.1244357408124823,-0.0047881154169548,194.0,-0.0423864090263519,0.6011994002998501,-0.0423137178918658,d4002501,f8d84d1,
downstream_br,Glasser,7,bayesian_ridge,bayesian_ridge,everything,CogFluid,False,True,False,0.258850636345695,0.2131097964364056,0.0564214022870358,194.0,0.0747788069545764,0.0779610194902548,0.115317387220186,b72b1a2b,f8d84d1,
downstream_br,Glasser,7,bayesian_ridge,bayesian_ridge,bv+demo,CogCryst,False,True,False,0.2878877892497751,0.2948383544557538,0.0400654589965087,194.0,0.0,1.0,-0.0160560045964039,59f9a890,f8d84d1,
downstream_br,Glasser,7,bayesian_ridge,bayesian_ridge,obs_FC,CogCryst,False,False,True,0.4330471329295984,0.4051016550828865,0.1734484095525952,194.0,0.1451593436798232,0.009495252373813,0.3473361152502307,a87b5830,f8d84d1,
downstream_br,Glasser,7,bayesian_ridge,bayesian_ridge,obs_SC,CogCryst,False,False,True,0.1527274637380287,0.1292260407946086,-0.0515442931938725,194.0,-0.1351603255117464,0.9815092453773112,-0.004518356646665,55c11f38,f8d84d1,
downstream_br,Glasser,7,bayesian_ridge,bayesian_ridge,obs_FC+obs_SC,CogCryst,False,False,True,0.3962702591146221,0.3638660158142578,0.1387947385434643,194.0,0.108382469864847,0.0289855072463768,0.3380201844325021,2c5a2fb2,f8d84d1,
downstream_br,Glasser,7,bayesian_ridge,bayesian_ridge,pred_SC,CogCryst,False,False,True,0.3413956238315299,0.3234110744073453,0.0979828069332212,194.0,0.0535078345817547,0.1109445277361319,0.2169812058404599,6f3a683a,f8d84d1,
downstream_br,Glasser,7,bayesian_ridge,bayesian_ridge,pred_FC,CogCryst,False,False,True,0.1599177383998269,0.1457940929946728,-0.0599579845894466,194.0,-0.1279700508499482,0.9945027486256872,-0.0500537197946068,d3b39f01,f8d84d1,
downstream_br,Glasser,7,bayesian_ridge,bayesian_ridge,obs_FC+bv+demo,CogCryst,False,True,False,0.4341404056268885,0.3995069276696611,0.1783071994676547,194.0,0.1462526163771134,0.0029985007496251,0.335816383867722,c71a2c00,f8d84d1,
downstream_br,Glasser,7,bayesian_ridge,bayesian_ridge,obs_SC+bv+demo,CogCryst,False,True,False,0.2239547268760854,0.2007207073961358,-0.0062840516039319,194.0,-0.0639330623736896,0.9030484757621188,0.0116497543816826,b5a9ec30,f8d84d1,
downstream_br,Glasser,7,bayesian_ridge,bayesian_ridge,pred_SC+bv+demo,CogCryst,False,True,False,0.4104922998599291,0.3904294660059585,0.1590938835847027,194.0,0.1226045106101539,0.000999500249875,0.3219013675254404,2fe485e9,f8d84d1,
downstream_br,Glasser,7,bayesian_ridge,bayesian_ridge,pred_FC+bv+demo,CogCryst,False,True,False,0.2756835642172605,0.2594916424261341,0.0263672011401959,194.0,-0.0122042250325146,0.6836581709145427,-0.0256441223675423,b1b8fafd,f8d84d1,
downstream_br,Glasser,7,bayesian_ridge,bayesian_ridge,pred_FC+bv,CogCryst,False,True,False,0.1767282324243121,0.1693292572701374,-0.047384693605919,194.0,-0.1111595568254629,0.9930034982508744,-0.0186430247130648,dfa218d1,f8d84d1,
downstream_br,Glasser,7,bayesian_ridge,bayesian_ridge,pred_SC+bv,CogCryst,False,True,False,0.321295562730658,0.3032690695750664,0.0804867099752496,194.0,0.0334077734808829,0.160919540229885,0.3201583386563884,1c25ec43,f8d84d1,
downstream_br,Glasser,7,bayesian_ridge,bayesian_ridge,obs_SC+pred_FC,CogCryst,False,False,True,0.1666581401151427,0.1475231333115686,-0.04589859577324,194.0,-0.1212296491346324,0.9820089955022488,0.0049989982551269,dcd2400a,f8d84d1,
downstream_br,Glasser,7,bayesian_ridge,bayesian_ridge,obs_FC+pred_SC,CogCryst,False,False,True,0.4284786248566268,0.3932925726903999,0.1693463434821974,194.0,0.1405908356068516,0.0104947526236881,0.3343297730982862,6e799380,f8d84d1,
downstream_br,Glasser,7,bayesian_ridge,bayesian_ridge,obs_FC+pred_SC+bv,CogCryst,False,True,False,0.4289254675001519,0.3932424436698055,0.1705337001721621,194.0,0.1410376782503767,0.0079960019990005,0.3558144259547591,5dc11f58,f8d84d1,
downstream_br,Glasser,7,bayesian_ridge,bayesian_ridge,obs_FC+pred_SC+bv+demo,CogCryst,False,True,False,0.4392805232048556,0.4004265075720406,0.1817420974696246,194.0,0.1513927339550805,0.0029985007496251,0.3438607729137717,f953ce8d,f8d84d1,
downstream_br,Glasser,7,bayesian_ridge,bayesian_ridge,obs_SC+pred_FC+bv+demo,CogCryst,False,True,False,0.2208415633969651,0.1978082934783228,-0.0100101458889538,194.0,-0.06704622585281,0.9165417291354324,0.006576427346257,536cfa23,f8d84d1,
downstream_br,Glasser,7,bayesian_ridge,bayesian_ridge,everything,CogCryst,False,True,False,0.4158921716156015,0.3791290699044216,0.1570194076241282,194.0,0.1280043823658264,0.0074962518740629,0.3486333101930959,9984c6cf,f8d84d1,
downstream_br,Glasser,7,bayesian_ridge,bayesian_ridge,bv+demo,sex,True,True,False,,,,,0.0,,,dcee8643,f8d84d1,1.0
downstream_br,Glasser,7,bayesian_ridge,bayesian_ridge,obs_FC,sex,True,False,True,,,,,-0.0655263157894736,,,cd87d49e,f8d84d1,0.9344736842105263
downstream_br,Glasser,7,bayesian_ridge,bayesian_ridge,obs_SC,sex,True,False,True,,,,,-0.0918421052631579,,,359ae3ae,f8d84d1,0.908157894736842
downstream_br,Glasser,7,bayesian_ridge,bayesian_ridge,obs_FC+obs_SC,sex,True,False,True,,,,,-0.01,,,82bde581,f8d84d1,0.99
downstream_br,Glasser,7,bayesian_ridge,bayesian_ridge,pred_SC,sex,True,False,True,,,,,-0.0802631578947368,,,98b00258,f8d84d1,0.9197368421052632
downstream_br,Glasser,7,bayesian_ridge,bayesian_ridge,pred_FC,sex,True,False,True,,,,,-0.0871052631578948,,,d50cfc89,f8d84d1,0.9128947368421052
downstream_br,Glasser,7,bayesian_ridge,bayesian_ridge,obs_FC+bv+demo,sex,True,True,False,,,,,0.0,,,930991f4,f8d84d1,1.0
downstream_br,Glasser,7,bayesian_ridge,bayesian_ridge,obs_SC+bv+demo,sex,True,True,False,,,,,0.0,,,28f8b7ee,f8d84d1,1.0
downstream_br,Glasser,7,bayesian_ridge,bayesian_ridge,pred_SC+bv+demo,sex,True,True,False,,,,,0.0,,,72792027,f8d84d1,1.0
downstream_br,Glasser,7,bayesian_ridge,bayesian_ridge,pred_FC+bv+demo,sex,True,True,False,,,,,0.0,,,d926aece,f8d84d1,1.0
downstream_br,Glasser,7,bayesian_ridge,bayesian_ridge,pred_FC+bv,sex,True,True,False,,,,,-0.086578947368421,,,7510790f,f8d84d1,0.9134210526315788
downstream_br,Glasser,7,bayesian_ridge,bayesian_ridge,pred_SC+bv,sex,True,True,False,,,,,-0.0760526315789473,,,d1e37bad,f8d84d1,0.9239473684210526
downstream_br,Glasser,7,bayesian_ridge,bayesian_ridge,obs_SC+pred_FC,sex,True,False,True,,,,,-0.0868421052631578,,,d1cb2427,f8d84d1,0.9131578947368422
downstream_br,Glasser,7,bayesian_ridge,bayesian_ridge,obs_FC+pred_SC,sex,True,False,True,,,,,-0.0655263157894736,,,0bd0e178,f8d84d1,0.9344736842105263
downstream_br,Glasser,7,bayesian_ridge,bayesian_ridge,obs_FC+pred_SC+bv,sex,True,True,False,,,,,-0.0252631578947368,,,70caa4b8,f8d84d1,0.9747368421052632
downstream_br,Glasser,7,bayesian_ridge,bayesian_ridge,obs_FC+pred_SC+bv+demo,sex,True,True,False,,,,,0.0,,,f6029c44,f8d84d1,1.0
downstream_br,Glasser,7,bayesian_ridge,bayesian_ridge,obs_SC+pred_FC+bv+demo,sex,True,True,False,,,,,0.0,,,8698bcb8,f8d84d1,1.0
downstream_br,Glasser,7,bayesian_ridge,bayesian_ridge,everything,sex,True,True,False,,,,,0.0,,,de0baa34,f8d84d1,1.0
downstream_br,Glasser,7,bayesian_ridge,bayesian_ridge,bv+demo,age,True,True,False,0.9999999999999996,0.9967140821857962,0.9999999999999992,195.0,0.0,1.0,,eefed444,f8d84d1,
downstream_br,Glasser,7,bayesian_ridge,bayesian_ridge,obs_FC,age,True,False,True,0.3369824275966782,0.3444575319950106,0.0968662632591406,195.0,-0.6630175724033215,1.0,,9dce34cb,f8d84d1,
downstream_br,Glasser,7,bayesian_ridge,bayesian_ridge,obs_SC,age,True,False,True,0.3489267063242883,0.3437601328553401,0.1205759303400175,195.0,-0.6510732936757113,1.0,,6a94e6cc,f8d84d1,
downstream_br,Glasser,7,bayesian_ridge,bayesian_ridge,obs_FC+obs_SC,age,True,False,True,0.4021324199453615,0.399378323149018,0.1587372482283838,195.0,-0.5978675800546381,1.0,,53240818,f8d84d1,
downstream_br,Glasser,7,bayesian_ridge,bayesian_ridge,pred_SC,age,True,False,True,0.2568238736979064,0.273078445894087,0.040574606629412,195.0,-0.7431761263020933,1.0,,bb84fd7b,f8d84d1,
downstream_br,Glasser,7,bayesian_ridge,bayesian_ridge,pred_FC,age,True,False,True,0.27919140557548,0.2872829806410901,0.0757962165625858,195.0,-0.7208085944245197,1.0,,58b4007a,f8d84d1,
downstream_br,Glasser,7,bayesian_ridge,bayesian_ridge,obs_FC+bv+demo,age,True,True,False,0.7561263726346727,0.7634710101998281,0.5474124657699576,195.0,-0.2438736273653269,1.0,,b36e9a37,f8d84d1,
downstream_br,Glasser,7,bayesian_ridge,bayesian_ridge,obs_SC+bv+demo,age,True,True,False,0.9112930967563312,0.918310668545374,0.7914890249210532,195.0,-0.0887069032436685,1.0,,d46b4d8a,f8d84d1,
downstream_br,Glasser,7,bayesian_ridge,bayesian_ridge,pred_SC+bv+demo,age,True,True,False,0.9999999999999856,0.9967140821857962,0.9999999999999638,195.0,-1.3988810110276972e-14,1.0,,b155ea7a,f8d84d1,
downstream_br,Glasser,7,bayesian_ridge,bayesian_ridge,pred_FC+bv+demo,age,True,True,False,0.9999999999999922,0.9967140821857962,0.999999999999982,195.0,-7.438494264988549e-15,1.0,,0c560f39,f8d84d1,
downstream_br,Glasser,7,bayesian_ridge,bayesian_ridge,pred_FC+bv,age,True,True,False,0.4631364432221203,0.4836402143119811,0.2107834189718442,195.0,-0.5368635567778793,1.0,,4b2a5084,f8d84d1,
downstream_br,Glasser,7,bayesian_ridge,bayesian_ridge,pred_SC+bv,age,True,True,False,0.4327679200280394,0.4511376797862884,0.1596165620477695,195.0,-0.5672320799719603,1.0,,00363ace,f8d84d1,
downstream_br,Glasser,7,bayesian_ridge,bayesian_ridge,obs_SC+pred_FC,age,True,False,True,0.3445352840874723,0.3433119788098241,0.1179121994254071,195.0,-0.6554647159125273,1.0,,016c7ee6,f8d84d1,
downstream_br,Glasser,7,bayesian_ridge,bayesian_ridge,obs_FC+pred_SC,age,True,False,True,0.3383712712451718,0.3467421433792165,0.0978280162978803,195.0,-0.6616287287548278,1.0,,afe508fd,f8d84d1,
downstream_br,Glasser,7,bayesian_ridge,bayesian_ridge,obs_FC+pred_SC+bv,age,True,True,False,0.3798335317050272,0.3995950933123381,0.1276037748943312,195.0,-0.6201664682949725,1.0,,c89ff2c3,f8d84d1,
downstream_br,Glasser,7,bayesian_ridge,bayesian_ridge,obs_FC+pred_SC+bv+demo,age,True,True,False,0.7513413912269497,0.7585981468281139,0.5408995636147059,195.0,-0.24865860877305,1.0,,4dfe669b,f8d84d1,
downstream_br,Glasser,7,bayesian_ridge,bayesian_ridge,obs_SC+pred_FC+bv+demo,age,True,True,False,0.9013810511235386,0.9101261741018132,0.7725989395652375,195.0,-0.098618948876461,1.0,,1d9d667f,f8d84d1,
downstream_br,Glasser,7,bayesian_ridge,bayesian_ridge,everything,age,True,True,False,0.7181023232692011,0.7244044802792154,0.4911142256974904,195.0,-0.2818976767307986,1.0,,4494618a,f8d84d1,
downstream_br,Glasser,8,bayesian_ridge,bayesian_ridge,bv+demo,CogTotal,False,True,False,0.2964214184012061,0.2814615376219906,0.0822649850751984,192.0,0.0,1.0,-0.0424463987869789,e0e32933,f8d84d1,
downstream_br,Glasser,8,bayesian_ridge,bayesian_ridge,obs_FC,CogTotal,False,False,True,0.3403242115256671,0.2416270842817107,0.1021850562072593,192.0,0.043902793124461,0.3793103448275862,0.222622999590017,514e7114,f8d84d1,
downstream_br,Glasser,8,bayesian_ridge,bayesian_ridge,obs_SC,CogTotal,False,False,True,0.2250433596382495,0.1694377873357969,0.0395225658617507,192.0,-0.0713780587629566,0.8150924537731135,0.0402701921532529,9326ec72,f8d84d1,
downstream_br,Glasser,8,bayesian_ridge,bayesian_ridge,obs_FC+obs_SC,CogTotal,False,False,True,0.3501450304928573,0.2565066161940432,0.1119009423225454,192.0,0.0537236120916511,0.2838580709645177,0.2135082737644844,830e205e,f8d84d1,
downstream_br,Glasser,8,bayesian_ridge,bayesian_ridge,pred_SC,CogTotal,False,False,True,0.3032169215853542,0.223996636174328,0.0857508643555684,192.0,0.0067955031841481,0.472263868065967,0.1276611064022926,ff259551,f8d84d1,
downstream_br,Glasser,8,bayesian_ridge,bayesian_ridge,pred_FC,CogTotal,False,False,True,0.2666158469100056,0.2027387087453369,0.0641604992885953,192.0,-0.0298055714912005,0.6366816591704147,0.076583727157303,bbec1a1a,f8d84d1,
downstream_br,Glasser,8,bayesian_ridge,bayesian_ridge,obs_FC+bv+demo,CogTotal,False,True,False,0.3763428001390326,0.2834401627065043,0.1334141244906747,192.0,0.0799213817378265,0.1519240379810095,0.2273846979959199,bb062de9,f8d84d1,
downstream_br,Glasser,8,bayesian_ridge,bayesian_ridge,obs_SC+bv+demo,CogTotal,False,True,False,0.2549119986443471,0.176084916422203,0.0533019854841144,192.0,-0.041509419756859,0.7656171914042978,0.0274620462705813,d5ef55c8,f8d84d1,
downstream_br,Glasser,8,bayesian_ridge,bayesian_ridge,pred_SC+bv+demo,CogTotal,False,True,False,0.3324258049172106,0.284187021618011,0.1005732245035412,192.0,0.0360043865160044,0.2738630684657671,0.1047042926044568,598710e9,f8d84d1,
downstream_br,Glasser,8,bayesian_ridge,bayesian_ridge,pred_FC+bv+demo,CogTotal,False,True,False,0.3248489350713383,0.2475807620745725,0.1008746962187667,192.0,0.0284275166701321,0.2723638180909545,0.0502226935431889,47c5f5fe,f8d84d1,
downstream_br,Glasser,8,bayesian_ridge,bayesian_ridge,pred_FC+bv,CogTotal,False,True,False,0.2506575471860473,0.17932921727843,0.0547305185757919,192.0,-0.0457638712151587,0.719640179910045,0.075478625679784,c9a0b757,f8d84d1,
downstream_br,Glasser,8,bayesian_ridge,bayesian_ridge,pred_SC+bv,CogTotal,False,True,False,0.2847413781901595,0.2127623861229247,0.0708275499343688,192.0,-0.0116800402110465,0.6146926536731634,0.1340245996462727,2368e399,f8d84d1,
downstream_br,Glasser,8,bayesian_ridge,bayesian_ridge,obs_SC+pred_FC,CogTotal,False,False,True,0.2078404302585695,0.1391192151324775,0.0273111954523695,192.0,-0.0885809881426365,0.8615692153923038,0.017217640483941,c1ed8cce,f8d84d1,
downstream_br,Glasser,8,bayesian_ridge,bayesian_ridge,obs_FC+pred_SC,CogTotal,False,False,True,0.353655164991873,0.2486777375927219,0.1133214959494557,192.0,0.0572337465906669,0.2933533233383308,0.2272913871978631,1cb15ad9,f8d84d1,
downstream_br,Glasser,8,bayesian_ridge,bayesian_ridge,obs_FC+pred_SC+bv,CogTotal,False,True,False,0.3580633609191644,0.2613709481284646,0.1180853148422373,192.0,0.0616419425179583,0.2578710644677661,0.2281615019942798,64697fe2,f8d84d1,
downstream_br,Glasser,8,bayesian_ridge,bayesian_ridge,obs_FC+pred_SC+bv+demo,CogTotal,False,True,False,0.3764667332955829,0.2777365682041016,0.133358181057706,192.0,0.0800453148943768,0.1489255372313843,0.2279307391556167,0ea89caa,f8d84d1,
downstream_br,Glasser,8,bayesian_ridge,bayesian_ridge,obs_SC+pred_FC+bv+demo,CogTotal,False,True,False,0.248066407160284,0.165142288919674,0.0481069392401037,192.0,-0.048355011240922,0.7926036981509246,0.0234800526854652,c2aefb16,f8d84d1,
downstream_br,Glasser,8,bayesian_ridge,bayesian_ridge,everything,CogTotal,False,True,False,0.3783501943987709,0.2849398147092913,0.1372238453155941,192.0,0.0819287759975647,0.1159420289855072,0.2254880011839765,82aff480,f8d84d1,
downstream_br,Glasser,8,bayesian_ridge,bayesian_ridge,bv+demo,CogFluid,False,True,False,0.2752367028816995,0.2852806074578498,0.072965201604668,192.0,0.0,1.0,0.2563320141174829,2a1608ec,f8d84d1,
downstream_br,Glasser,8,bayesian_ridge,bayesian_ridge,obs_FC,CogFluid,False,False,True,0.2775227109461868,0.2101397028957392,0.0689617246187886,192.0,0.0022860080644873,0.5262368815592204,0.1605774899940698,12b5edbc,f8d84d1,
downstream_br,Glasser,8,bayesian_ridge,bayesian_ridge,obs_SC,CogFluid,False,False,True,0.1287680308859917,0.0898423674604049,0.0085116887513733,192.0,-0.1464686719957078,0.9675162418790604,-0.0271150025708385,bc4e1523,f8d84d1,
downstream_br,Glasser,8,bayesian_ridge,bayesian_ridge,obs_FC+obs_SC,CogFluid,False,False,True,0.2895748059030144,0.2332312233597365,0.0785304109589568,192.0,0.0143381030213148,0.4392803598200899,0.1615625522290665,681be9cd,f8d84d1,
downstream_br,Glasser,8,bayesian_ridge,bayesian_ridge,pred_SC,CogFluid,False,False,True,0.2002991705547779,0.1506760070395541,0.0347405017687488,192.0,-0.0749375323269216,0.8695652173913043,-0.0349061309836663,e15327ad,f8d84d1,
downstream_br,Glasser,8,bayesian_ridge,bayesian_ridge,pred_FC,CogFluid,False,False,True,0.1654732478582998,0.1172649785683525,0.0220061331223336,192.0,-0.1097634550233996,0.92103948025987,-0.0897333594945934,c492aacf,f8d84d1,
downstream_br,Glasser,8,bayesian_ridge,bayesian_ridge,obs_FC+bv+demo,CogFluid,False,True,False,0.30736476817089,0.2487083660269123,0.0894493301078345,192.0,0.0321280652891904,0.3468265867066467,0.1655077289721448,fd7a7a46,f8d84d1,
downstream_br,Glasser,8,bayesian_ridge,bayesian_ridge,obs_SC+bv+demo,CogFluid,False,True,False,0.1756229273744501,0.124820014743511,0.0241682519929643,192.0,-0.0996137755072494,0.9550224887556222,-0.0184989058161012,8c2ec9d1,f8d84d1,
downstream_br,Glasser,8,bayesian_ridge,bayesian_ridge,pred_SC+bv+demo,CogFluid,False,True,False,0.2516172956404556,0.2341603436074894,0.0594174476181424,192.0,-0.0236194072412439,0.7831084457771115,-0.1576719774607775,c8fa7c06,f8d84d1,
downstream_br,Glasser,8,bayesian_ridge,bayesian_ridge,pred_FC+bv+demo,CogFluid,False,True,False,0.2329010099006496,0.1917972076396906,0.049461334752991,192.0,-0.0423356929810499,0.8480759620189905,-0.1621557441292571,4c9396f1,f8d84d1,
downstream_br,Glasser,8,bayesian_ridge,bayesian_ridge,pred_FC+bv,CogFluid,False,True,False,0.1435756534451455,0.0948533435411233,0.0125362232228005,192.0,-0.131661049436554,0.9735132433783108,-0.1061779751307644,e4e7cdbc,f8d84d1,
downstream_br,Glasser,8,bayesian_ridge,bayesian_ridge,pred_SC+bv,CogFluid,False,True,False,0.1720158165151626,0.134729217823788,0.01965425358134,192.0,-0.1032208863665369,0.9720139930034982,-0.1575598998947257,af185e18,f8d84d1,
downstream_br,Glasser,8,bayesian_ridge,bayesian_ridge,obs_SC+pred_FC,CogFluid,False,False,True,0.1260488579064188,0.0915471674770391,0.0045757036786489,192.0,-0.1491878449752807,0.970014992503748,-0.0435957692592983,15d801ad,f8d84d1,
downstream_br,Glasser,8,bayesian_ridge,bayesian_ridge,obs_FC+pred_SC,CogFluid,False,False,True,0.2951077258034079,0.2252073883734399,0.0819133720389527,192.0,0.0198710229217083,0.4102948525737131,0.1603394924459802,bfbbbe3d,f8d84d1,
downstream_br,Glasser,8,bayesian_ridge,bayesian_ridge,obs_FC+pred_SC+bv,CogFluid,False,True,False,0.2944998569234177,0.2277124525450729,0.0814202183499631,192.0,0.0192631540417181,0.4147926036981509,0.1644437472297882,e1293e05,f8d84d1,
downstream_br,Glasser,8,bayesian_ridge,bayesian_ridge,obs_FC+pred_SC+bv+demo,CogFluid,False,True,False,0.3092640453151998,0.2480047439414789,0.0908966408295511,192.0,0.0340273424335002,0.3298350824587706,0.1634152246519071,c95bde32,f8d84d1,
downstream_br,Glasser,8,bayesian_ridge,bayesian_ridge,obs_SC+pred_FC+bv+demo,CogFluid,False,True,False,0.1619545994090119,0.1160103271389051,0.0164424105771369,192.0,-0.1132821034726875,0.9635182408795602,-0.0476855929761145,7eb49b07,f8d84d1,
downstream_br,Glasser,8,bayesian_ridge,bayesian_ridge,everything,CogFluid,False,True,False,0.2927780393202218,0.2390399203830968,0.0802686752378257,192.0,0.0175413364385222,0.4112943528235882,0.1475014185766645,b0ab935e,f8d84d1,
downstream_br,Glasser,8,bayesian_ridge,bayesian_ridge,bv+demo,CogCryst,False,True,False,0.2957116578440067,0.2626882773715975,0.0734709210950252,195.0,0.0,1.0,0.0753997002413023,5a1c024a,f8d84d1,
downstream_br,Glasser,8,bayesian_ridge,bayesian_ridge,obs_FC,CogCryst,False,False,True,0.4204829177832278,0.3620865099812099,0.1755973027896092,195.0,0.124771259939221,0.041479260369815,0.3930095951211938,2fbe830c,f8d84d1,
downstream_br,Glasser,8,bayesian_ridge,bayesian_ridge,obs_SC,CogCryst,False,False,True,0.2233941347617428,0.2075124425824803,0.0453887088387814,195.0,-0.0723175230822638,0.7006496751624188,0.1264893517561845,afc64e28,f8d84d1,
downstream_br,Glasser,8,bayesian_ridge,bayesian_ridge,obs_FC+obs_SC,CogCryst,False,False,True,0.4044686808444829,0.3462842997918445,0.1633439668679537,195.0,0.1087570230004761,0.0369815092453773,0.3749731615425303,9ecff27f,f8d84d1,
downstream_br,Glasser,8,bayesian_ridge,bayesian_ridge,pred_SC,CogCryst,False,False,True,0.2997089591317716,0.2340164261103524,0.0871863146632636,195.0,0.0039973012877648,0.4037981009495252,0.2546655490378197,1f905a48,f8d84d1,
downstream_br,Glasser,8,bayesian_ridge,bayesian_ridge,pred_FC,CogCryst,False,False,True,0.2234649341524907,0.1738137923814391,0.0437061083014882,195.0,-0.072246723691516,0.7186406796601699,0.1198834026416517,ad63e3f8,f8d84d1,
downstream_br,Glasser,8,bayesian_ridge,bayesian_ridge,obs_FC+bv+demo,CogCryst,False,True,False,0.4530041185765786,0.3948165384290418,0.2040877467659434,195.0,0.1572924607325718,0.0014992503748125,0.3986103301252608,eae5d1b3,f8d84d1,
downstream_br,Glasser,8,bayesian_ridge,bayesian_ridge,obs_SC+bv+demo,CogCryst,False,True,False,0.2847096116691305,0.2485271406287721,0.0777060416105092,195.0,-0.0110020461748762,0.4597701149425287,0.1244928778551893,c2afa239,f8d84d1,
downstream_br,Glasser,8,bayesian_ridge,bayesian_ridge,pred_SC+bv+demo,CogCryst,False,True,False,0.3898103676237646,0.349100342984132,0.1474684744212022,195.0,0.0940987097797578,0.0054972513743128,0.2451026689045456,99099931,f8d84d1,
downstream_br,Glasser,8,bayesian_ridge,bayesian_ridge,pred_FC+bv+demo,CogCryst,False,True,False,0.3360553472636544,0.281094518306015,0.1112633777056048,195.0,0.0403436894196476,0.0719640179910044,0.1260061529722588,4b49a90f,f8d84d1,
downstream_br,Glasser,8,bayesian_ridge,bayesian_ridge,pred_FC+bv,CogCryst,False,True,False,0.2214409761697694,0.174016094334908,0.0424955189209756,195.0,-0.0742706816742373,0.736631684157921,0.1275396001788132,6f7d1582,f8d84d1,
downstream_br,Glasser,8,bayesian_ridge,bayesian_ridge,pred_SC+bv,CogCryst,False,True,False,0.2935671693934849,0.221065864257085,0.0828353245863793,195.0,-0.0021444884505218,0.4302848575712144,0.2749528342237017,b828cb16,f8d84d1,
downstream_br,Glasser,8,bayesian_ridge,bayesian_ridge,obs_SC+pred_FC,CogCryst,False,False,True,0.2177961871994425,0.1844912894855294,0.0393439527716654,195.0,-0.0779154706445642,0.7361319340329835,0.119192407421944,b735be6b,f8d84d1,
downstream_br,Glasser,8,bayesian_ridge,bayesian_ridge,obs_FC+pred_SC,CogCryst,False,False,True,0.4220566904111569,0.3647520405201165,0.1771344894511299,195.0,0.1263450325671501,0.0359820089955022,0.3948332833529788,54f622fe,f8d84d1,
downstream_br,Glasser,8,bayesian_ridge,bayesian_ridge,obs_FC+pred_SC+bv,CogCryst,False,True,False,0.4251461080811483,0.3692253413152216,0.1799509151866567,195.0,0.1294344502371415,0.024487756121939,0.40085402280484,4553bf1c,f8d84d1,
downstream_br,Glasser,8,bayesian_ridge,bayesian_ridge,obs_FC+pred_SC+bv+demo,CogCryst,False,True,False,0.4517296128634827,0.3974407993694409,0.2030156237748686,195.0,0.1560179550194759,0.0014992503748125,0.3994169902720166,6a37f761,f8d84d1,
downstream_br,Glasser,8,bayesian_ridge,bayesian_ridge,obs_SC+pred_FC+bv+demo,CogCryst,False,True,False,0.2795796301796151,0.2367402196118581,0.0742293801209229,195.0,-0.0161320276643916,0.495752123938031,0.1303383155311,c804c99a,f8d84d1,
downstream_br,Glasser,8,bayesian_ridge,bayesian_ridge,everything,CogCryst,False,True,False,0.4374998724013229,0.3709060659446416,0.1911633222338087,195.0,0.1417882145573161,0.0064967516241879,0.3786405494979121,eb13c3da,f8d84d1,
downstream_br,Glasser,8,bayesian_ridge,bayesian_ridge,bv+demo,sex,True,True,False,,,,,0.0,,,3546a332,f8d84d1,1.0
downstream_br,Glasser,8,bayesian_ridge,bayesian_ridge,obs_FC,sex,True,False,True,,,,,-0.0440428238287047,,,3deb99ca,f8d84d1,0.9559571761712952
downstream_br,Glasser,8,bayesian_ridge,bayesian_ridge,obs_SC,sex,True,False,True,,,,,-0.1024485902056391,,,2c6af6e3,f8d84d1,0.8975514097943609
downstream_br,Glasser,8,bayesian_ridge,bayesian_ridge,obs_FC+obs_SC,sex,True,False,True,,,,,-0.0319058723765104,,,43542054,f8d84d1,0.9680941276234896
downstream_br,Glasser,8,bayesian_ridge,bayesian_ridge,pred_SC,sex,True,False,True,,,,,-0.0647127411490353,,,5fdc0685,f8d84d1,0.9352872588509646
downstream_br,Glasser,8,bayesian_ridge,bayesian_ridge,pred_FC,sex,True,False,True,,,,,-0.0959296162815348,,,9e25889b,f8d84d1,0.9040703837184652
downstream_br,Glasser,8,bayesian_ridge,bayesian_ridge,obs_FC+bv+demo,sex,True,True,False,,,,,-0.0056179775280899,,,3badc5e7,f8d84d1,0.99438202247191
downstream_br,Glasser,8,bayesian_ridge,bayesian_ridge,obs_SC+bv+demo,sex,True,True,False,,,,,0.0,,,ce44fc3f,f8d84d1,1.0
downstream_br,Glasser,8,bayesian_ridge,bayesian_ridge,pred_SC+bv+demo,sex,True,True,False,,,,,0.0,,,70ce3b59,f8d84d1,1.0
downstream_br,Glasser,8,bayesian_ridge,bayesian_ridge,pred_FC+bv+demo,sex,True,True,False,,,,,0.0,,,057e3c56,f8d84d1,1.0
downstream_br,Glasser,8,bayesian_ridge,bayesian_ridge,pred_FC+bv,sex,True,True,False,,,,,-0.0968306126775493,,,b2033f50,f8d84d1,0.9031693873224508
downstream_br,Glasser,8,bayesian_ridge,bayesian_ridge,pred_SC+bv,sex,True,True,False,,,,,-0.0431418274326902,,,e9de5882,f8d84d1,0.9568581725673098
downstream_br,Glasser,8,bayesian_ridge,bayesian_ridge,obs_SC+pred_FC,sex,True,False,True,,,,,-0.1071655713377146,,,b5b08ee0,f8d84d1,0.8928344286622854
downstream_br,Glasser,8,bayesian_ridge,bayesian_ridge,obs_FC+pred_SC,sex,True,False,True,,,,,-0.0487598049607801,,,95e90d58,f8d84d1,0.95124019503922
downstream_br,Glasser,8,bayesian_ridge,bayesian_ridge,obs_FC+pred_SC+bv,sex,True,True,False,,,,,-0.0366228535085859,,,56e68951,f8d84d1,0.963377146491414
downstream_br,Glasser,8,bayesian_ridge,bayesian_ridge,obs_FC+pred_SC+bv+demo,sex,True,True,False,,,,,-0.0056179775280899,,,8c5dd2d1,f8d84d1,0.99438202247191
downstream_br,Glasser,8,bayesian_ridge,bayesian_ridge,obs_SC+pred_FC+bv+demo,sex,True,True,False,,,,,0.0,,,7d049095,f8d84d1,1.0
downstream_br,Glasser,8,bayesian_ridge,bayesian_ridge,everything,sex,True,True,False,,,,,-0.0056179775280899,,,ed2e9e67,f8d84d1,0.99438202247191
downstream_br,Glasser,8,bayesian_ridge,bayesian_ridge,bv+demo,age,True,True,False,1.0,0.996432728386977,0.9999999999999996,195.0,0.0,1.0,,6b86a735,f8d84d1,
downstream_br,Glasser,8,bayesian_ridge,bayesian_ridge,obs_FC,age,True,False,True,0.4576882341297898,0.4543794766330944,0.1941800302482823,195.0,-0.5423117658702101,1.0,,2dad5cee,f8d84d1,
downstream_br,Glasser,8,bayesian_ridge,bayesian_ridge,obs_SC,age,True,False,True,0.258426008961171,0.2489224136470653,0.0570793087240488,195.0,-0.7415739910388288,1.0,,e7afab39,f8d84d1,
downstream_br,Glasser,8,bayesian_ridge,bayesian_ridge,obs_FC+obs_SC,age,True,False,True,0.4218080849988692,0.3950277766272802,0.1703013238527351,195.0,-0.5781919150011307,1.0,,43a42f11,f8d84d1,
downstream_br,Glasser,8,bayesian_ridge,bayesian_ridge,pred_SC,age,True,False,True,0.4114312037802085,0.4111074063699752,0.1426867323485374,195.0,-0.5885687962197914,1.0,,7468d38a,f8d84d1,
downstream_br,Glasser,8,bayesian_ridge,bayesian_ridge,pred_FC,age,True,False,True,0.2901744187548756,0.2823899702797018,0.0693133677267608,195.0,-0.7098255812451243,1.0,,5b6431b0,f8d84d1,
downstream_br,Glasser,8,bayesian_ridge,bayesian_ridge,obs_FC+bv+demo,age,True,True,False,0.819566603186337,0.835685969213275,0.6225960459386557,195.0,-0.1804333968136628,1.0,,6f29c7a2,f8d84d1,
downstream_br,Glasser,8,bayesian_ridge,bayesian_ridge,obs_SC+bv+demo,age,True,True,False,0.9219122478857252,0.9245356687718116,0.7877549663188731,195.0,-0.0780877521142747,1.0,,248aec1c,f8d84d1,
downstream_br,Glasser,8,bayesian_ridge,bayesian_ridge,pred_SC+bv+demo,age,True,True,False,0.9999999999999852,0.996432728386977,0.9999999999999696,195.0,-1.4765966227514582e-14,1.0,,43f9ccf9,f8d84d1,
downstream_br,Glasser,8,bayesian_ridge,bayesian_ridge,pred_FC+bv+demo,age,True,True,False,0.9999999999999758,0.996432728386977,0.999999999999945,195.0,-2.4091839634365897e-14,1.0,,45e9b414,f8d84d1,
downstream_br,Glasser,8,bayesian_ridge,bayesian_ridge,pred_FC+bv,age,True,True,False,0.446976654299927,0.4390088123836,0.1830955868359779,195.0,-0.5530233457000728,1.0,,cbc09a4c,f8d84d1,
downstream_br,Glasser,8,bayesian_ridge,bayesian_ridge,pred_SC+bv,age,True,True,False,0.5106612266255165,0.5116481336949685,0.2448211879245543,195.0,-0.4893387733744834,1.0,,c62f6401,f8d84d1,
downstream_br,Glasser,8,bayesian_ridge,bayesian_ridge,obs_SC+pred_FC,age,True,False,True,0.2611399967531909,0.2449626017972987,0.057646175071838,195.0,-0.738860003246809,1.0,,77de39b4,f8d84d1,
downstream_br,Glasser,8,bayesian_ridge,bayesian_ridge,obs_FC+pred_SC,age,True,False,True,0.460286188107556,0.454308823714528,0.1961542309554307,195.0,-0.5397138118924438,1.0,,7830b81b,f8d84d1,
downstream_br,Glasser,8,bayesian_ridge,bayesian_ridge,obs_FC+pred_SC+bv,age,True,True,False,0.4730976850833733,0.4710397596720533,0.2115349556914291,195.0,-0.5269023149166265,1.0,,f104bbd4,f8d84d1,
downstream_br,Glasser,8,bayesian_ridge,bayesian_ridge,obs_FC+pred_SC+bv+demo,age,True,True,False,0.8160444839308983,0.8315442464007625,0.6166236177502267,195.0,-0.1839555160691015,1.0,,0a222748,f8d84d1,
downstream_br,Glasser,8,bayesian_ridge,bayesian_ridge,obs_SC+pred_FC+bv+demo,age,True,True,False,0.911995097614538,0.9157389743590404,0.7654324751917487,195.0,-0.0880049023854618,1.0,,6f387e42,f8d84d1,
downstream_br,Glasser,8,bayesian_ridge,bayesian_ridge,everything,age,True,True,False,0.7568551127461223,0.7717499505257681,0.528995265714699,195.0,-0.2431448872538776,1.0,,0eff4008,f8d84d1,
downstream_br,Glasser,9,bayesian_ridge,bayesian_ridge,bv+demo,CogTotal,False,True,False,0.4028143828092886,0.3524460346597229,0.1566487890640241,196.0,0.0,1.0,-0.0153552762988437,a42035fb,f8d84d1,
downstream_br,Glasser,9,bayesian_ridge,bayesian_ridge,obs_FC,CogTotal,False,False,True,0.5438509658242442,0.5046309064525947,0.2543985751285672,196.0,0.1410365830149555,0.0109945027486256,0.4032113667824723,f9219b0c,f8d84d1,
downstream_br,Glasser,9,bayesian_ridge,bayesian_ridge,obs_SC,CogTotal,False,False,True,0.3536130452353645,0.3239309962075556,0.1041866892755992,196.0,-0.049201337573924,0.9170414792603698,0.1890856317002537,ff9bf7f3,f8d84d1,
downstream_br,Glasser,9,bayesian_ridge,bayesian_ridge,obs_FC+obs_SC,CogTotal,False,False,True,0.5661180359050885,0.5403655573513293,0.2619575682202035,196.0,0.1633036530957998,0.0019990004997501,0.4229346765647518,cb856f88,f8d84d1,
downstream_br,Glasser,9,bayesian_ridge,bayesian_ridge,pred_SC,CogTotal,False,False,True,0.4344644315668076,0.4143989006227225,0.1552952783764492,196.0,0.031650048757519,0.5337331334332833,0.3091195632441211,312377de,f8d84d1,
downstream_br,Glasser,9,bayesian_ridge,bayesian_ridge,pred_FC,CogTotal,False,False,True,0.3607881323332884,0.3169616275305237,0.119967341771413,196.0,-0.0420262504760001,0.8325837081459271,0.169740940988793,6b84e251,f8d84d1,
downstream_br,Glasser,9,bayesian_ridge,bayesian_ridge,obs_FC+bv+demo,CogTotal,False,True,False,0.5636741883068479,0.529115745087752,0.2864646785942372,196.0,0.1608598054975593,0.0004997501249375,0.4097007164223212,8ca2f184,f8d84d1,
downstream_br,Glasser,9,bayesian_ridge,bayesian_ridge,obs_SC+bv+demo,CogTotal,False,True,False,0.4141312253927344,0.3738466586830893,0.1528661432707483,196.0,0.0113168425834458,0.5752123938030984,0.2015958820571691,97164d86,f8d84d1,
downstream_br,Glasser,9,bayesian_ridge,bayesian_ridge,pred_SC+bv+demo,CogTotal,False,True,False,0.481385085471917,0.4506770746132508,0.22285142625704,196.0,0.0785707026626284,0.0004997501249375,0.2520253741002048,a4ddfc24,f8d84d1,
downstream_br,Glasser,9,bayesian_ridge,bayesian_ridge,pred_FC+bv+demo,CogTotal,False,True,False,0.4466127578326218,0.3942008812115508,0.1939004173724758,196.0,0.0437983750233331,0.0334832583708145,0.1081018511248509,5766831b,f8d84d1,
downstream_br,Glasser,9,bayesian_ridge,bayesian_ridge,pred_FC+bv,CogTotal,False,True,False,0.3701415251276518,0.3225108229677077,0.1273283392492092,196.0,-0.0326728576816367,0.8085957021489255,0.1633450699432815,cc83e6cf,f8d84d1,
downstream_br,Glasser,9,bayesian_ridge,bayesian_ridge,pred_SC+bv,CogTotal,False,True,False,0.4433213548817147,0.4151201446081672,0.1742068561770401,196.0,0.0405069720724261,0.296351824087956,0.2520480385784572,ebdf0fcd,f8d84d1,
downstream_br,Glasser,9,bayesian_ridge,bayesian_ridge,obs_SC+pred_FC,CogTotal,False,False,True,0.3751908846136135,0.3321420202761045,0.1203175021075263,196.0,-0.0276234981956751,0.8420789605197402,0.1901941206816897,74fb52d2,f8d84d1,
downstream_br,Glasser,9,bayesian_ridge,bayesian_ridge,obs_FC+pred_SC,CogTotal,False,False,True,0.5396260930573441,0.5011330723618579,0.2504925454804506,196.0,0.1368117102480555,0.0119940029985007,0.4055525605534313,9b9874e3,f8d84d1,
downstream_br,Glasser,9,bayesian_ridge,bayesian_ridge,obs_FC+pred_SC+bv,CogTotal,False,True,False,0.5468377954178263,0.5101609749774574,0.2659217854650236,196.0,0.1440234126085376,0.0019990004997501,0.4072331803252281,c04ed88a,f8d84d1,
downstream_br,Glasser,9,bayesian_ridge,bayesian_ridge,obs_FC+pred_SC+bv+demo,CogTotal,False,True,False,0.5618523469622956,0.5263654544869016,0.2848959386325551,196.0,0.1590379641530069,0.0004997501249375,0.408969931054958,e61e9a96,f8d84d1,
downstream_br,Glasser,9,bayesian_ridge,bayesian_ridge,obs_SC+pred_FC+bv+demo,CogTotal,False,True,False,0.4224061141676077,0.3728289475566662,0.1583160671126287,196.0,0.0195917313583191,0.5002498750624688,0.2027198446421421,f2806fa3,f8d84d1,
downstream_br,Glasser,9,bayesian_ridge,bayesian_ridge,everything,CogTotal,False,True,False,0.5751293211625809,0.5432106855591057,0.2748278577219148,196.0,0.1723149383532922,0.000999500249875,0.4188267274072167,d417d3b2,f8d84d1,
downstream_br,Glasser,9,bayesian_ridge,bayesian_ridge,bv+demo,CogFluid,False,True,False,0.3436963628180035,0.2992679411806213,0.1141590236077269,196.0,0.0,1.0,0.0074463232471418,cf183f0b,f8d84d1,
downstream_br,Glasser,9,bayesian_ridge,bayesian_ridge,obs_FC,CogFluid,False,False,True,0.4072268090229532,0.3981590352292799,0.1377229879093439,196.0,0.0635304462049496,0.2378810594702648,0.3056144361861418,a3814bbc,f8d84d1,
downstream_br,Glasser,9,bayesian_ridge,bayesian_ridge,obs_SC,CogFluid,False,False,True,0.2731482213789047,0.2337862697448383,0.0555767048427348,196.0,-0.0705481414390988,0.9645177411294352,0.1126702206857787,d9f1be31,f8d84d1,
downstream_br,Glasser,9,bayesian_ridge,bayesian_ridge,obs_FC+obs_SC,CogFluid,False,False,True,0.44452642989849,0.4281394597383223,0.1488717718464164,196.0,0.1008300670804864,0.1254372813593203,0.3202359893542461,92d80c39,f8d84d1,
downstream_br,Glasser,9,bayesian_ridge,bayesian_ridge,pred_SC,CogFluid,False,False,True,0.3243918461452034,0.3103844932485907,0.0764979549950691,196.0,-0.0193045166728,0.9065467266366816,0.1098478523746427,ad16f03e,f8d84d1,
downstream_br,Glasser,9,bayesian_ridge,bayesian_ridge,pred_FC,CogFluid,False,False,True,0.3072258713670092,0.2545188385729642,0.0764742212804082,196.0,-0.0364704914509943,0.8940529735132434,0.1172280658216543,6b9f0bf3,f8d84d1,
downstream_br,Glasser,9,bayesian_ridge,bayesian_ridge,obs_FC+bv+demo,CogFluid,False,True,False,0.4249945756966461,0.4089448798342953,0.1577629546367864,196.0,0.0812982128786426,0.0634682658670664,0.2993920721353307,4201b5f2,f8d84d1,
downstream_br,Glasser,9,bayesian_ridge,bayesian_ridge,obs_SC+bv+demo,CogFluid,False,True,False,0.3211604262058701,0.2672514743394169,0.0816710778131597,196.0,-0.0225359366121334,0.9010494752623688,0.1246525704943518,396c5a57,f8d84d1,
downstream_br,Glasser,9,bayesian_ridge,bayesian_ridge,pred_SC+bv+demo,CogFluid,False,True,False,0.3768829339682166,0.3381479824276624,0.1349694629695866,196.0,0.0331865711502131,0.0714642678660669,0.109553582092487,0dc36697,f8d84d1,
downstream_br,Glasser,9,bayesian_ridge,bayesian_ridge,pred_FC+bv+demo,CogFluid,False,True,False,0.3665952773775595,0.3191988432431289,0.124729271206056,196.0,0.0228989145595559,0.2738630684657671,0.0843081603367579,29311253,f8d84d1,
downstream_br,Glasser,9,bayesian_ridge,bayesian_ridge,pred_FC+bv,CogFluid,False,True,False,0.3143910694899063,0.2590547105708769,0.0829026306397775,196.0,-0.0293052933280972,0.8830584707646177,0.0843725265934507,0471cf5e,f8d84d1,
downstream_br,Glasser,9,bayesian_ridge,bayesian_ridge,pred_SC+bv,CogFluid,False,True,False,0.3360031774892707,0.2836800648364244,0.0965110570258481,196.0,-0.0076931853287328,0.7646176911544228,0.1096433070180467,86e1042e,f8d84d1,
downstream_br,Glasser,9,bayesian_ridge,bayesian_ridge,obs_SC+pred_FC,CogFluid,False,False,True,0.3053193621123055,0.2614987582549244,0.0685871861710404,196.0,-0.038377000705698,0.9300349825087456,0.1276662626859837,6cbdfd2c,f8d84d1,
downstream_br,Glasser,9,bayesian_ridge,bayesian_ridge,obs_FC+pred_SC,CogFluid,False,False,True,0.4022665099168226,0.3875660369038665,0.1347612641450973,196.0,0.058570147098819,0.2628685657171414,0.2983604732438193,1dc5b3df,f8d84d1,
downstream_br,Glasser,9,bayesian_ridge,bayesian_ridge,obs_FC+pred_SC+bv,CogFluid,False,True,False,0.4098752371130452,0.3882003577243758,0.1454712574974146,196.0,0.0661788742950417,0.1509245377311344,0.2987397540812904,1ee439e1,f8d84d1,
downstream_br,Glasser,9,bayesian_ridge,bayesian_ridge,obs_FC+pred_SC+bv+demo,CogFluid,False,True,False,0.4241534622557592,0.409591153936598,0.1573290217335959,196.0,0.0804570994377556,0.063968015992004,0.2997884188308229,3306a9c6,f8d84d1,
downstream_br,Glasser,9,bayesian_ridge,bayesian_ridge,obs_SC+pred_FC+bv+demo,CogFluid,False,True,False,0.3383055040785968,0.2885434567554794,0.0903184576972431,196.0,-0.0053908587394067,0.8265867066466767,0.1365067132146687,0b370763,f8d84d1,
downstream_br,Glasser,9,bayesian_ridge,bayesian_ridge,everything,CogFluid,False,True,False,0.4534789980196744,0.4349201580570571,0.1565739831063071,196.0,0.1097826352016708,0.0504747626186906,0.3144580148999497,bdd2cd20,f8d84d1,
downstream_br,Glasser,9,bayesian_ridge,bayesian_ridge,bv+demo,CogCryst,False,True,False,0.3214502030001626,0.3234485044873096,0.0700171603584955,196.0,0.0,1.0,0.0332381042357008,df9135e9,f8d84d1,
downstream_br,Glasser,9,bayesian_ridge,bayesian_ridge,obs_FC,CogCryst,False,False,True,0.5610506321503013,0.53238063059385,0.2921140558174286,196.0,0.2396004291501386,0.000999500249875,0.4270858253603847,fc5e74f1,f8d84d1,
downstream_br,Glasser,9,bayesian_ridge,bayesian_ridge,obs_SC,CogCryst,False,False,True,0.3114661206884581,0.294535121120068,0.0910495440648785,196.0,-0.0099840823117045,0.3498250874562719,0.1449713914788757,eb7bf9c6,f8d84d1,
downstream_br,Glasser,9,bayesian_ridge,bayesian_ridge,obs_FC+obs_SC,CogCryst,False,False,True,0.56871034458213,0.5395980192650487,0.2924048486202024,196.0,0.2472601415819674,0.000999500249875,0.4510946816981787,e7dfadc9,f8d84d1,
downstream_br,Glasser,9,bayesian_ridge,bayesian_ridge,pred_SC,CogCryst,False,False,True,0.4660470255594465,0.4247971528909463,0.1912111482014208,196.0,0.1445968225592839,0.0269865067466266,0.3583113612324738,7cee5477,f8d84d1,
downstream_br,Glasser,9,bayesian_ridge,bayesian_ridge,pred_FC,CogCryst,False,False,True,0.2978468177432163,0.2761844502223793,0.0861966189691797,196.0,-0.0236033852569462,0.3798100949525237,0.1140497988041883,70fa3f50,f8d84d1,
downstream_br,Glasser,9,bayesian_ridge,bayesian_ridge,obs_FC+bv+demo,CogCryst,False,True,False,0.5890437239118878,0.5586690743251272,0.3283573651587601,196.0,0.2675935209117251,0.0004997501249375,0.451837214054917,74147c26,f8d84d1,
downstream_br,Glasser,9,bayesian_ridge,bayesian_ridge,obs_SC+bv+demo,CogCryst,False,True,False,0.3725864543307148,0.3519690234828055,0.1348781326792942,196.0,0.0511362513305522,0.0469765117441279,0.1620787772365301,3b475f5a,f8d84d1,
downstream_br,Glasser,9,bayesian_ridge,bayesian_ridge,pred_SC+bv+demo,CogCryst,False,True,False,0.4416503440265861,0.4386438290034285,0.1787583311505383,196.0,0.1202001410264235,0.000999500249875,0.2620525509219342,b91284dd,f8d84d1,
downstream_br,Glasser,9,bayesian_ridge,bayesian_ridge,pred_FC+bv+demo,CogCryst,False,True,False,0.358055636674719,0.3503441746917516,0.1103421217946032,196.0,0.0366054336745564,0.0709645177411294,0.1142427275085171,2e1f11db,f8d84d1,
downstream_br,Glasser,9,bayesian_ridge,bayesian_ridge,pred_FC+bv,CogCryst,False,True,False,0.3069172494013249,0.2922416857004246,0.0911241969264987,196.0,-0.0145329535988376,0.3423288355822089,0.1178447716173615,a5670f85,f8d84d1,
downstream_br,Glasser,9,bayesian_ridge,bayesian_ridge,pred_SC+bv,CogCryst,False,True,False,0.4566965568237483,0.4308797771293542,0.1871233284905525,196.0,0.1352463538235857,0.0189905047476261,0.3562328452148006,1a3e81d2,f8d84d1,
downstream_br,Glasser,9,bayesian_ridge,bayesian_ridge,obs_SC+pred_FC,CogCryst,False,False,True,0.3312612428052492,0.3053384929005078,0.1043872504550214,196.0,0.0098110398050866,0.2533733133433283,0.1520056580442567,616db1fc,f8d84d1,
downstream_br,Glasser,9,bayesian_ridge,bayesian_ridge,obs_FC+pred_SC,CogCryst,False,False,True,0.5700428529073821,0.5355370926151173,0.297360382404596,196.0,0.2485926499072195,0.0004997501249375,0.4419265254663734,3c8e1892,f8d84d1,
downstream_br,Glasser,9,bayesian_ridge,bayesian_ridge,obs_FC+pred_SC+bv,CogCryst,False,True,False,0.5783621339504755,0.5469261749700665,0.3094545069953441,196.0,0.2569119309503129,0.0004997501249375,0.4482304756492851,a883ab3a,f8d84d1,
downstream_br,Glasser,9,bayesian_ridge,bayesian_ridge,obs_FC+pred_SC+bv+demo,CogCryst,False,True,False,0.5876215589888845,0.5567095337772109,0.3254914441820163,196.0,0.2661713559887219,0.0004997501249375,0.4520979365728034,2e7b6122,f8d84d1,
downstream_br,Glasser,9,bayesian_ridge,bayesian_ridge,obs_SC+pred_FC+bv+demo,CogCryst,False,True,False,0.3752216551324215,0.3516518631989215,0.1371085497893629,196.0,0.0537714521322589,0.0539730134932533,0.1588511849585822,c44a5c5f,f8d84d1,
downstream_br,Glasser,9,bayesian_ridge,bayesian_ridge,everything,CogCryst,False,True,False,0.5859246825243697,0.5553309224929917,0.3129530463944826,196.0,0.2644744795242071,0.0004997501249375,0.4622663031591216,dfdace49,f8d84d1,
downstream_br,Glasser,9,bayesian_ridge,bayesian_ridge,bv+demo,sex,True,True,False,,,,,0.0,,,bb37246e,f8d84d1,1.0
downstream_br,Glasser,9,bayesian_ridge,bayesian_ridge,obs_FC,sex,True,False,True,,,,,-0.0550698368696023,,,622fc429,f8d84d1,0.9449301631303976
downstream_br,Glasser,9,bayesian_ridge,bayesian_ridge,obs_SC,sex,True,False,True,,,,,-0.0803923659238725,,,43d1cd28,f8d84d1,0.9196076340761274
downstream_br,Glasser,9,bayesian_ridge,bayesian_ridge,obs_FC+obs_SC,sex,True,False,True,,,,,-0.0192984326687279,,,a2de2355,f8d84d1,0.980701567331272
downstream_br,Glasser,9,bayesian_ridge,bayesian_ridge,pred_SC,sex,True,False,True,,,,,-0.098464655080499,,,76d7d6ae,f8d84d1,0.9015353449195008
downstream_br,Glasser,9,bayesian_ridge,bayesian_ridge,pred_FC,sex,True,False,True,,,,,-0.0908412410704766,,,7548c64b,f8d84d1,0.9091587589295234
downstream_br,Glasser,9,bayesian_ridge,bayesian_ridge,obs_FC+bv+demo,sex,True,True,False,,,,,-0.0088495575221239,,,85a4d53d,f8d84d1,0.991150442477876
downstream_br,Glasser,9,bayesian_ridge,bayesian_ridge,obs_SC+bv+demo,sex,True,True,False,,,,,0.0,,,fb0263de,f8d84d1,1.0
downstream_br,Glasser,9,bayesian_ridge,bayesian_ridge,pred_SC+bv+demo,sex,True,True,False,,,,,0.0,,,032b7772,f8d84d1,1.0
downstream_br,Glasser,9,bayesian_ridge,bayesian_ridge,pred_FC+bv+demo,sex,True,True,False,,,,,0.0,,,ef31261c,f8d84d1,1.0
downstream_br,Glasser,9,bayesian_ridge,bayesian_ridge,pred_FC+bv,sex,True,True,False,,,,,-0.0759675871628104,,,6a407f08,f8d84d1,0.9240324128371896
downstream_br,Glasser,9,bayesian_ridge,bayesian_ridge,pred_SC+bv,sex,True,True,False,,,,,-0.0956391939439172,,,e735c1e3,f8d84d1,0.9043608060560828
downstream_br,Glasser,9,bayesian_ridge,bayesian_ridge,obs_SC+pred_FC,sex,True,False,True,,,,,-0.0759675871628104,,,059ca98f,f8d84d1,0.9240324128371896
downstream_br,Glasser,9,bayesian_ridge,bayesian_ridge,obs_FC+pred_SC,sex,True,False,True,,,,,-0.0550698368696023,,,daec0e83,f8d84d1,0.9449301631303976
downstream_br,Glasser,9,bayesian_ridge,bayesian_ridge,obs_FC+pred_SC+bv,sex,True,True,False,,,,,-0.0594946156306642,,,61ea5962,f8d84d1,0.9405053843693356
downstream_br,Glasser,9,bayesian_ridge,bayesian_ridge,obs_FC+pred_SC+bv+demo,sex,True,True,False,,,,,-0.0088495575221239,,,a322fcce,f8d84d1,0.991150442477876
downstream_br,Glasser,9,bayesian_ridge,bayesian_ridge,obs_SC+pred_FC+bv+demo,sex,True,True,False,,,,,0.0,,,814b1c28,f8d84d1,1.0
downstream_br,Glasser,9,bayesian_ridge,bayesian_ridge,everything,sex,True,True,False,,,,,-0.0088495575221239,,,a69ad5a6,f8d84d1,0.991150442477876
downstream_br,Glasser,9,bayesian_ridge,bayesian_ridge,bv+demo,age,True,True,False,0.9999999999999998,0.9969292795525994,0.9999999999999994,196.0,0.0,1.0,,04a02ab8,f8d84d1,
downstream_br,Glasser,9,bayesian_ridge,bayesian_ridge,obs_FC,age,True,False,True,0.5314488174367566,0.5387012728685419,0.2616224085349524,196.0,-0.4685511825632431,1.0,,636f2c90,f8d84d1,
downstream_br,Glasser,9,bayesian_ridge,bayesian_ridge,obs_SC,age,True,False,True,0.3499044149084089,0.3425407423024907,0.1188302142793913,196.0,-0.6500955850915908,1.0,,5351f9c3,f8d84d1,
downstream_br,Glasser,9,bayesian_ridge,bayesian_ridge,obs_FC+obs_SC,age,True,False,True,0.5392392402154159,0.5558766299135482,0.2745870240044694,196.0,-0.4607607597845838,1.0,,0086b0f4,f8d84d1,
downstream_br,Glasser,9,bayesian_ridge,bayesian_ridge,pred_SC,age,True,False,True,0.4040774209195533,0.3946279481071051,0.1466957855310783,196.0,-0.5959225790804464,1.0,,b4f372ff,f8d84d1,
downstream_br,Glasser,9,bayesian_ridge,bayesian_ridge,pred_FC,age,True,False,True,0.3203714524459942,0.3101539995560616,0.1014933501132291,196.0,-0.6796285475540056,1.0,,a137d72f,f8d84d1,
downstream_br,Glasser,9,bayesian_ridge,bayesian_ridge,obs_FC+bv+demo,age,True,True,False,0.8626069484471146,0.8733981198537409,0.6764920481418368,196.0,-0.1373930515528851,1.0,,09479353,f8d84d1,
downstream_br,Glasser,9,bayesian_ridge,bayesian_ridge,obs_SC+bv+demo,age,True,True,False,0.937036910036098,0.943103515476803,0.8185218580128991,196.0,-0.0629630899639017,1.0,,b1b1b0d9,f8d84d1,
downstream_br,Glasser,9,bayesian_ridge,bayesian_ridge,pred_SC+bv+demo,age,True,True,False,0.9999999999999942,0.9969292795525994,0.9999999999999876,196.0,-5.551115123125783e-15,1.0,,93aa018b,f8d84d1,
downstream_br,Glasser,9,bayesian_ridge,bayesian_ridge,pred_FC+bv+demo,age,True,True,False,0.999999999999987,0.9969292795525994,0.999999999999973,196.0,-1.27675647831893e-14,1.0,,91061b69,f8d84d1,
downstream_br,Glasser,9,bayesian_ridge,bayesian_ridge,pred_FC+bv,age,True,True,False,0.5024744016211912,0.5091218021443616,0.2457151206618013,196.0,-0.4975255983788086,1.0,,77787962,f8d84d1,
downstream_br,Glasser,9,bayesian_ridge,bayesian_ridge,pred_SC+bv,age,True,True,False,0.5122965512232688,0.5053561248958381,0.2572157949114819,196.0,-0.487703448776731,1.0,,e8e11be4,f8d84d1,
downstream_br,Glasser,9,bayesian_ridge,bayesian_ridge,obs_SC+pred_FC,age,True,False,True,0.3481379051882464,0.3408125754140789,0.1184553441280285,196.0,-0.6518620948117534,1.0,,7c05ba26,f8d84d1,
downstream_br,Glasser,9,bayesian_ridge,bayesian_ridge,obs_FC+pred_SC,age,True,False,True,0.531688747025961,0.5382088811926576,0.2619958305495957,196.0,-0.4683112529740387,1.0,,dc5c4c1b,f8d84d1,
downstream_br,Glasser,9,bayesian_ridge,bayesian_ridge,obs_FC+pred_SC+bv,age,True,True,False,0.5657015276236474,0.567461423028142,0.2948238781688936,196.0,-0.4342984723763523,1.0,,38af8c91,f8d84d1,
downstream_br,Glasser,9,bayesian_ridge,bayesian_ridge,obs_FC+pred_SC+bv+demo,age,True,True,False,0.8592713434777443,0.8695668969600509,0.6692081237590843,196.0,-0.1407286565222555,1.0,,70f40c4d,f8d84d1,
downstream_br,Glasser,9,bayesian_ridge,bayesian_ridge,obs_SC+pred_FC+bv+demo,age,True,True,False,0.9292022362274484,0.9363499160132548,0.7999472621402022,196.0,-0.0707977637725514,1.0,,46b3c8ff,f8d84d1,
downstream_br,Glasser,9,bayesian_ridge,bayesian_ridge,everything,age,True,True,False,0.8254151187188422,0.8465747635750943,0.6127084239763283,196.0,-0.1745848812811575,1.0,,c14dfa97,f8d84d1,
