seed,pc,var_ratio,corr_BR,corr_PLS,amp_BR,amp_PLS
0,0,0.0382661372423172,0.7738035321235657,0.7601452469825745,0.6979491710662842,0.722344160079956
0,1,0.01616268791258335,0.1351950466632843,0.16015629470348358,0.2658918499946594,0.4172838032245636
0,2,0.014942429028451443,0.5306128859519958,0.4730100631713867,0.4567336142063141,0.5355499386787415
0,3,0.013610557653009892,0.316802054643631,0.237746000289917,0.41149604320526123,0.5377787947654724
0,4,0.011828482151031494,0.30224382877349854,0.27341514825820923,0.30672577023506165,0.4637417495250702
0,5,0.011090081185102463,0.20861883461475372,0.22176803648471832,0.29375046491622925,0.4741035997867584
0,6,0.010520974174141884,0.28634199500083923,0.37192127108573914,0.4657931923866272,0.5621622800827026
0,7,0.009433941915631294,0.28480803966522217,0.29004937410354614,0.27136626839637756,0.5128955841064453
0,8,0.008855688385665417,0.2379695326089859,0.2625159025192261,0.27740857005119324,0.44637173414230347
0,9,0.008679552935063839,0.27133822441101074,0.2485428899526596,0.3493857681751251,0.5216008424758911
0,10,0.008284111507236958,0.3019794225692749,0.33048251271247864,0.39062219858169556,0.5279805064201355
0,11,0.008003057911992073,0.16729815304279327,0.22681203484535217,0.21229322254657745,0.3837248980998993
0,12,0.007638972718268633,0.2751021385192871,0.17257343232631683,0.36348867416381836,0.5798247456550598
0,13,0.007474671583622694,0.12736083567142487,0.10166405886411667,0.21761304140090942,0.49328362941741943
0,14,0.007272259332239628,0.23922334611415863,0.041656117886304855,0.20234332978725433,0.42576536536216736
0,15,0.006712692324072123,0.2682649791240692,0.29618632793426514,0.31124645471572876,0.48077642917633057
0,16,0.006572701036930084,0.16802415251731873,0.24051037430763245,0.3145309090614319,0.5325542092323303
0,17,0.006413137540221214,0.08508910983800888,0.12434811145067215,0.19552211463451385,0.4514245390892029
0,18,0.006271457299590111,0.21000848710536957,0.21089166402816772,0.23005016148090363,0.5228971838951111
0,19,0.006096768192946911,0.2351897954940796,0.24706365168094635,0.2884589731693268,0.5245619416236877
0,20,0.005984817631542683,0.04764237254858017,0.1721608191728592,0.15256699919700623,0.42994657158851624
0,21,0.005823258310556412,0.14251336455345154,0.12883929908275604,0.1658324897289276,0.362610787153244
0,22,0.005764408502727747,0.24568618834018707,0.1895439326763153,0.39764395356178284,0.5928652286529541
0,23,0.005650893785059452,0.1827547252178192,0.12770149111747742,0.22148659825325012,0.4961017668247223
0,24,0.005507790483534336,0.005098524037748575,-0.06472324579954147,0.20029857754707336,0.5017314553260803
0,25,0.005448918789625168,0.3081682622432709,0.26692789793014526,0.24595870077610016,0.4636738896369934
0,26,0.005255268421024084,0.0496341735124588,0.057752061635255814,0.1916412115097046,0.4814773499965668
0,27,0.005130323581397533,0.19339562952518463,0.12402680516242981,0.2875860929489136,0.43957191705703735
0,28,0.005002524703741074,0.032696373760700226,0.11076246947050095,0.14255741238594055,0.40435990691185
0,29,0.004861041903495789,0.17201080918312073,0.10941998660564423,0.23030664026737213,0.4510197639465332
0,30,0.004831676371395588,0.1568024754524231,0.17369647324085236,0.2308230996131897,0.4693906009197235
0,31,0.0047936709597706795,0.028708867728710175,0.07439468055963516,0.33527037501335144,0.48601219058036804
0,32,0.004755851812660694,0.1733439862728119,0.1518983393907547,0.28578925132751465,0.5023083686828613
0,33,0.004654610063880682,0.1611299067735672,0.14483599364757538,0.06357698142528534,0.3595370054244995
0,34,0.0044975196942687035,0.054260384291410446,0.014567255973815918,0.3173495829105377,0.4721449613571167
0,35,0.004484341014176607,0.17742061614990234,0.07098088413476944,0.2653782069683075,0.5440706014633179
0,36,0.004410824738442898,0.04982283338904381,0.10269338637590408,0.266880065202713,0.4594714641571045
0,37,0.0043908073566854,0.1139557883143425,0.16969749331474304,0.12870779633522034,0.41720348596572876
0,38,0.004311888478696346,0.12010854482650757,0.10606271773576736,0.14155425131320953,0.5018831491470337
0,39,0.004260247107595205,0.07683277130126953,0.20143334567546844,0.058778438717126846,0.356889009475708
0,40,0.004227600526064634,0.002659153426066041,0.042815349996089935,0.12481974065303802,0.4352882504463196
0,41,0.0041989777237176895,0.07182605564594269,0.06385411322116852,0.016344204545021057,0.4137972295284271
0,42,0.004176408052444458,0.0030606037471443415,0.09641774743795395,0.010608973912894726,0.36168763041496277
0,43,0.004110937472432852,0.004523834213614464,0.11777514219284058,0.22248414158821106,0.4433223009109497
0,44,0.004056847188621759,0.10227976739406586,0.1031433641910553,0.16899408400058746,0.47275781631469727
0,45,0.0040470901876688,0.14843572676181793,0.12303807586431503,0.19284692406654358,0.4646667540073395
0,46,0.003970510326325893,0.21389296650886536,0.08193323761224747,0.11221238225698471,0.4113196134567261
0,47,0.003924796357750893,0.17292103171348572,0.17407311499118805,0.2852451801300049,0.5609273314476013
0,48,0.0038856782484799623,0.12051175534725189,0.06315329670906067,0.2184096872806549,0.3992120623588562
0,49,0.0038647623732686043,0.12500229477882385,0.05778976157307625,0.1463957577943802,0.43720075488090515
0,50,0.003775498364120722,0.24050749838352203,0.11477532237768173,0.2494077831506729,0.42593812942504883
0,51,0.0037610502913594246,0.12727200984954834,0.0769955962896347,0.21822452545166016,0.455333411693573
0,52,0.003709340700879693,-0.006359697785228491,-0.04127027839422226,0.015172463841736317,0.3881804049015045
0,53,0.003670415608212352,0.0758989080786705,0.12839405238628387,0.12240882962942123,0.47629258036613464
0,54,0.003652532584965229,0.02464619278907776,-0.01749088056385517,0.04204799607396126,0.4407743513584137
0,55,0.0035914266481995583,0.17133651673793793,0.09947787970304489,0.08075471967458725,0.4383426308631897
0,56,0.003550256136804819,0.16021715104579926,0.1044161468744278,0.11575153470039368,0.42565083503723145
0,57,0.003512580879032612,0.29162830114364624,0.2965662479400635,0.16921639442443848,0.426116019487381
0,58,0.0035043281968683004,-0.03526301309466362,0.03753582015633583,0.30322402715682983,0.4371122419834137
0,59,0.003473288845270872,0.18763180077075958,0.06957801431417465,0.0975181832909584,0.3585954010486603
0,60,0.003421203000470996,0.055948857218027115,0.09494131058454514,0.011745293624699116,0.3681267201900482
0,61,0.0033862211275845766,0.11688733845949173,0.1307242214679718,0.07550247758626938,0.5099952816963196
0,62,0.0033675995655357838,0.04621192812919617,0.026338746771216393,0.06335260719060898,0.5044315457344055
0,63,0.0033442790154367685,0.08570289611816406,0.19432714581489563,0.010252854786813259,0.361558735370636
0,64,0.0033176089636981487,0.030302980914711952,-0.0038404646329581738,0.2391740381717682,0.4667120575904846
0,65,0.0032964907586574554,-0.06379170715808868,-0.07689374685287476,0.20770354568958282,0.46162766218185425
0,66,0.0032702067401260138,0.15926966071128845,-0.08240018784999847,0.08957073837518692,0.3914208710193634
0,67,0.003259391989558935,0.053379856050014496,-0.014915872365236282,0.07528214901685715,0.38554009795188904
0,68,0.003240741789340973,0.13878685235977173,0.09002109616994858,0.008431345224380493,0.4258314073085785
0,69,0.0031947409734129906,0.02724296785891056,0.042882535606622696,0.20058730244636536,0.4697079360485077
0,70,0.0031857681460678577,0.16771027445793152,0.12459287792444229,0.1296093910932541,0.4073586165904999
0,71,0.0031305805314332247,0.09766146540641785,0.16678676009178162,0.057235006242990494,0.4672989249229431
0,72,0.0031259111128747463,0.21514767408370972,0.21373790502548218,0.2419017106294632,0.4985343813896179
0,73,0.0030954477842897177,-0.055109232664108276,0.05242142081260681,0.036786288022994995,0.487068235874176
0,74,0.0030655416194349527,0.020701784640550613,0.01781865768134594,0.1587323248386383,0.45688965916633606
0,75,0.003024718025699258,-0.07080569118261337,-0.01569729670882225,0.07038188725709915,0.4463217854499817
0,76,0.0030211315024644136,-0.06048424169421196,0.05574061721563339,0.19889186322689056,0.5268676280975342
0,77,0.0029733036644756794,-0.03548245131969452,-0.01177232339978218,0.06802090257406235,0.48129308223724365
0,78,0.0029413073789328337,0.07856263965368271,-0.06422191858291626,0.04698968306183815,0.2936297357082367
0,79,0.002921166829764843,0.16435031592845917,0.0406213141977787,0.019773242995142937,0.39815041422843933
0,80,0.002888350747525692,0.0979962944984436,0.15772564709186554,0.16831283271312714,0.5167214870452881
0,81,0.002881960477679968,-0.06771836429834366,-0.031653404235839844,0.06660494953393936,0.37558555603027344
0,82,0.0028684353455901146,0.02390570379793644,0.011055631563067436,0.058762528002262115,0.3698098957538605
0,83,0.0028290273621678352,-0.08251713216304779,0.04694247990846634,0.036763377487659454,0.41689637303352356
0,84,0.0028113641310483217,-0.1556023359298706,-0.091385118663311,0.01904665119946003,0.39804309606552124
0,85,0.0027925395406782627,0.09643029421567917,0.22013191878795624,0.09526529163122177,0.4776131212711334
0,86,0.0027836968656629324,0.029506072402000427,0.08334283530712128,0.022023890167474747,0.40621820092201233
0,87,0.0027565627824515104,0.140959233045578,0.07369834929704666,0.034681934863328934,0.3925352692604065
0,88,0.0027321921661496162,0.09039540588855743,0.12601476907730103,0.020937545225024223,0.41142603754997253
0,89,0.0027216502930969,-0.03197360783815384,-0.054082926362752914,0.01729220524430275,0.40497854351997375
0,90,0.002698494354262948,0.03533830866217613,-0.02037113904953003,0.013551644049584866,0.41629236936569214
0,91,0.0026820090133696795,-0.013520902954041958,-0.019971318542957306,0.09658429771661758,0.3733515441417694
0,92,0.0026410482823848724,0.018318399786949158,-0.031845372170209885,0.1796688586473465,0.524810254573822
0,93,0.0026182853616774082,0.1334211826324463,0.1930851936340332,0.06453333795070648,0.41963526606559753
0,94,0.002607988193631172,-0.015619185753166676,0.05132787674665451,0.006525794975459576,0.4187682867050171
0,95,0.002589917741715908,-0.10840485990047455,0.02699725329875946,0.010870027355849743,0.4047093093395233
0,96,0.002576033119112253,0.05998086929321289,-0.0056632207706570625,0.08745609223842621,0.42796653509140015
0,97,0.00255956151522696,0.16937188804149628,0.16457070410251617,0.025862162932753563,0.4176499843597412
0,98,0.002534972270950675,0.03411053866147995,0.003824603511020541,0.012044273316860199,0.46199485659599304
0,99,0.00252483319491148,0.05602408945560455,0.07473139464855194,0.05497956648468971,0.3793342709541321
0,100,0.002513681771233678,0.128280907869339,0.1022510901093483,0.25304651260375977,0.44603586196899414
0,101,0.002501043025404215,0.04556563124060631,0.09025807678699493,0.19821564853191376,0.4737880527973175
0,102,0.002480712253600359,0.13994473218917847,0.09792733937501907,0.006759220734238625,0.45399922132492065
0,103,0.0024580894969403744,0.1230676919221878,0.028788579627871513,0.09486225992441177,0.4291268587112427
0,104,0.0024417685344815254,0.04501417279243469,0.10601194947957993,0.16778570413589478,0.41650065779685974
0,105,0.002427660394459963,0.03367065265774727,0.02675148844718933,0.02973327971994877,0.46424755454063416
0,106,0.002417095238342881,0.0589643195271492,0.0974627137184143,0.09007517248392105,0.4098551273345947
0,107,0.0023858563508838415,0.11234638094902039,0.0709015503525734,0.04960976541042328,0.49114805459976196
0,108,0.0023703458718955517,0.2316187173128128,0.18534302711486816,0.048175208270549774,0.3726786673069
0,109,0.0023609865456819534,0.18381480872631073,0.022989904507994652,0.03985478729009628,0.4224250316619873
0,110,0.0023552647326141596,0.14592395722866058,0.15231522917747498,0.10651660710573196,0.3961457908153534
0,111,0.002338878810405731,0.04785940796136856,0.010463135316967964,0.02854618988931179,0.3262147605419159
0,112,0.0023325986694544554,0.03859647363424301,0.07192543148994446,0.16714376211166382,0.4258962571620941
0,113,0.0022989793214946985,0.006625931244343519,0.0006837679538875818,0.03616616874933243,0.4180068075656891
0,114,0.002283622045069933,0.05379275232553482,0.07762475311756134,0.07116496562957764,0.4892948567867279
0,115,0.00226977514103055,-0.0012822163989767432,-0.026174228638410568,0.009745859540998936,0.4124418795108795
0,116,0.0022627352736890316,0.08130666613578796,0.19841718673706055,0.021688541397452354,0.37785422801971436
0,117,0.0022542434744536877,0.08297616988420486,0.08196327090263367,0.009880461730062962,0.30597540736198425
0,118,0.00223405915312469,0.0557585246860981,-0.023132996633648872,0.06758419424295425,0.46978670358657837
0,119,0.0022112978622317314,0.18294548988342285,0.050167717039585114,0.021647291257977486,0.41749510169029236
0,120,0.002189444378018379,0.15491588413715363,0.08005336672067642,0.047058578580617905,0.3586141765117645
0,121,0.0021850077901035547,0.014342700131237507,-0.059876974672079086,0.00898919440805912,0.36643850803375244
0,122,0.00217637000605464,0.002222508890554309,0.011514922603964806,0.1057758778333664,0.4253968298435211
0,123,0.00216587632894516,0.08576374500989914,0.04925080016255379,0.13025479018688202,0.3631339967250824
0,124,0.002143697114661336,0.06617976725101471,0.10317028313875198,0.05571765825152397,0.43698301911354065
0,125,0.002135493792593479,0.04378292337059975,0.16744202375411987,0.00699033634737134,0.4039672911167145
0,126,0.0021247381810098886,-0.0018082637106999755,0.004061770625412464,0.14238789677619934,0.43445897102355957
0,127,0.002109446097165346,-0.08383648097515106,0.04797826334834099,0.0171962920576334,0.4345555901527405
0,128,0.0020981060806661844,0.07335210591554642,0.19065390527248383,0.10087660700082779,0.3755943477153778
0,129,0.0020825634710490704,0.18860651552677155,0.18998590111732483,0.06074042618274689,0.4272121489048004
0,130,0.0020688020158559084,-0.13946767151355743,-0.02979554980993271,0.08772727847099304,0.3436805307865143
0,131,0.0020519366953521967,0.12884117662906647,0.14470155537128448,0.01691349223256111,0.34549543261528015
0,132,0.0020493585616350174,0.03981906175613403,0.007021565921604633,0.04622887074947357,0.38571709394454956
0,133,0.0020385098177939653,-0.11079176515340805,-0.07270656526088715,0.13216201961040497,0.48856937885284424
0,134,0.002019060542806983,0.03547621890902519,0.06499279290437698,0.017625248059630394,0.4155937135219574
0,135,0.001999734900891781,0.03925824910402298,0.06955362856388092,0.024012606590986252,0.4059242010116577
0,136,0.0019969013519585133,0.0464249812066555,0.11880598962306976,0.04860181733965874,0.43396496772766113
0,137,0.0019854565616697073,0.12989822030067444,0.04441768303513527,0.049902912229299545,0.3714768588542938
0,138,0.00198046350851655,0.026257550343871117,-0.03872942924499512,0.050180356949567795,0.39336803555488586
0,139,0.0019661542028188705,0.015842311084270477,0.08324956893920898,0.04290841519832611,0.355483740568161
0,140,0.0019527060212567449,0.0602237693965435,0.13226377964019775,0.028175655752420425,0.4899103343486786
0,141,0.001947882235981524,0.023933278396725655,0.08498736470937729,0.08920874446630478,0.39586377143859863
0,142,0.0019322737352922559,0.1240561380982399,0.19777332246303558,0.07227496802806854,0.3495258390903473
0,143,0.0019155358895659447,-0.021395687013864517,0.05401870980858803,0.05095907300710678,0.4058731198310852
0,144,0.00190761499106884,0.017751166597008705,0.0819583311676979,0.06743301451206207,0.403114378452301
0,145,0.001905097276903689,-0.10184282809495926,-0.031694237142801285,0.012467753142118454,0.37260371446609497
0,146,0.001893716282211244,0.049453653395175934,0.13854745030403137,0.027382200583815575,0.49269482493400574
0,147,0.00188051990699023,0.10535101592540741,0.06743019074201584,0.12485429644584656,0.40584954619407654
0,148,0.00187409739010036,-0.05281154811382294,-0.024848610162734985,0.03768729045987129,0.34714648127555847
0,149,0.001872458029538393,0.06819859892129898,0.1654156893491745,0.010728377848863602,0.3741088807582855
0,150,0.0018613747088238597,0.07640878111124039,0.10903991013765335,0.0735824927687645,0.4243753254413605
0,151,0.0018543523037806153,-0.045888207852840424,0.07708710432052612,0.10140908509492874,0.4429624676704407
0,152,0.001833257731050253,0.06840095669031143,0.16205047070980072,0.030569037422537804,0.3941088020801544
0,153,0.0018278502393513918,0.023954439908266068,0.05624363198876381,0.08854053169488907,0.3513762056827545
0,154,0.0018159979954361916,0.14816658198833466,0.11487846821546555,0.01944115199148655,0.39463338255882263
0,155,0.0018080765148624778,-0.03238930553197861,0.015463102608919144,0.0622730553150177,0.37508919835090637
0,156,0.0017940341494977474,0.011814268305897713,0.04651470109820366,0.13859908282756805,0.5141561031341553
0,157,0.001787202199921012,0.2146129608154297,0.06597758829593658,0.007627325132489204,0.34958595037460327
0,158,0.0017817906336858869,0.171174094080925,0.05877742916345596,0.020134294405579567,0.4864320158958435
0,159,0.0017689075320959091,0.03195739537477493,0.018595561385154724,0.015697134658694267,0.3372284770011902
0,160,0.0017506047151982784,0.12057756632566452,0.06466946750879288,0.15820929408073425,0.4287042021751404
0,161,0.0017446744022890925,0.08365441858768463,0.011970113031566143,0.12239786982536316,0.38236865401268005
0,162,0.0017359504709020257,0.02056455798447132,-0.08255196362733841,0.018042733892798424,0.33237433433532715
0,163,0.0017239149892702699,-0.08476796746253967,0.020149821415543556,0.04367409273982048,0.3570592701435089
0,164,0.0017170222708955407,-0.1628485769033432,0.028324663639068604,0.040875643491744995,0.3447359502315521
0,165,0.0017025708220899105,0.06606417894363403,0.11066880077123642,0.012668604031205177,0.3516996204853058
0,166,0.001697593368589878,0.02049693651497364,-0.048439376056194305,0.02291821502149105,0.3285556733608246
0,167,0.0016885666409507394,-0.04282017797231674,0.027092456817626953,0.017816465348005295,0.3091277480125427
0,168,0.0016835356364026666,0.022156333550810814,0.028023511171340942,0.11803314834833145,0.42702558636665344
0,169,0.0016676262021064758,-0.10749687254428864,-0.17698410153388977,0.008968852460384369,0.36262837052345276
0,170,0.0016526697436347604,-0.08789306879043579,-0.05294564366340637,0.07981009781360626,0.4508877396583557
0,171,0.0016475553857162595,0.1125900074839592,0.043443258851766586,0.011052166111767292,0.321951687335968
0,172,0.0016337361885234714,0.032132428139448166,0.025238394737243652,0.0985662043094635,0.41798028349876404
0,173,0.0016326133627444506,-0.054951053112745285,0.08859258890151978,0.013695879839360714,0.3321594297885895
0,174,0.0016231293557211757,0.07635657489299774,0.14243748784065247,0.05556773394346237,0.41575542092323303
0,175,0.0016182175604626536,0.19963616132736206,0.10748997330665588,0.10768323391675949,0.3735984265804291
0,176,0.0016127706039696932,-0.05930222570896149,-0.05542860925197601,0.02918585203588009,0.365298330783844
0,177,0.0016059314366430044,0.15384329855442047,0.012209437787532806,0.012863383628427982,0.3376534879207611
0,178,0.001596963731572032,0.04686041548848152,0.055847033858299255,0.0615924708545208,0.363654762506485
0,179,0.0015791419427841902,-0.09795809537172318,-0.030140701681375504,0.011828127317130566,0.4001238942146301
0,180,0.0015731765888631344,-0.07377376407384872,0.023885780945420265,0.014033166691660881,0.3379260301589966
0,181,0.0015636876923963428,-0.05793888121843338,-0.10141699016094208,0.14135032892227173,0.4054713249206543
0,182,0.001547087449580431,0.07346601784229279,-0.0586470291018486,0.03607632964849472,0.3408128321170807
0,183,0.0015423070872202516,-0.04182262346148491,-0.09269215911626816,0.03129943460226059,0.45757755637168884
0,184,0.0015367012238129973,0.06467971950769424,0.036134157329797745,0.08581580966711044,0.45258256793022156
0,185,0.0015326536959037185,0.054516639560461044,0.07905348390340805,0.0619317851960659,0.38168618083000183
0,186,0.0015284247929230332,0.07154756784439087,0.03529651090502739,0.018529608845710754,0.4230254292488098
0,187,0.0015150688122957945,-0.04892765358090401,0.001926003023982048,0.1057044118642807,0.42740973830223083
0,188,0.0015078636351972818,-0.06446127593517303,0.04901379719376564,0.06324243545532227,0.3642488121986389
0,189,0.0014982825377956033,0.0550619401037693,-0.054689981043338776,0.013892272487282753,0.3760101795196533
0,190,0.0014900657115504146,-0.025109704583883286,0.020904209464788437,0.014856318011879921,0.32292112708091736
0,191,0.0014862158568575978,0.11733265221118927,0.03173292055726051,0.024820692837238312,0.4189418852329254
0,192,0.0014828795101493597,0.07396626472473145,0.08960756659507751,0.0743570402264595,0.3344918191432953
0,193,0.0014777864562347531,0.0025914888828992844,0.05218569189310074,0.0497099794447422,0.46267208456993103
0,194,0.0014612565282732248,-0.003250179812312126,0.10115011036396027,0.23946401476860046,0.38132354617118835
0,195,0.001447252812795341,-0.002418361371383071,-0.04858401045203209,0.013753804378211498,0.3785192668437958
0,196,0.0014340101042762399,0.02317388355731964,-0.05246959626674652,0.0354686938226223,0.34442901611328125
0,197,0.0014222784666344523,-0.06837095320224762,0.06278246641159058,0.011781158857047558,0.36957159638404846
0,198,0.0014213434187695384,-0.1055217832326889,-0.03382277116179466,0.01422732975333929,0.3965299725532532
0,199,0.0014173353556543589,-0.05902988836169243,-0.11903294175863266,0.035945117473602295,0.3274737000465393
0,200,0.001411613542586565,0.10474913567304611,0.12755770981311798,0.02645588479936123,0.3636607527732849
0,201,0.00140406284481287,0.04513363540172577,0.11699862033128738,0.021569132804870605,0.3339114785194397
0,202,0.0013980568619444966,0.0005660425522364676,0.16718220710754395,0.01336770597845316,0.40837106108665466
0,203,0.0013904233928769827,0.11983352154493332,0.00027971298550255597,0.04474112391471863,0.3608211576938629
0,204,0.001389369834214449,0.009163770824670792,0.08336449414491653,0.0842568576335907,0.4420466423034668
0,205,0.0013708982151001692,0.09004680067300797,0.07340063154697418,0.02553034946322441,0.42296335101127625
0,206,0.0013671905035153031,-0.021289970725774765,0.0970129743218422,0.014268970116972923,0.38102826476097107
0,207,0.0013638712698593736,0.08378937095403671,0.1121516078710556,0.0367240235209465,0.3681837022304535
0,208,0.0013495561433956027,0.13165582716464996,0.014695005491375923,0.04636543244123459,0.36431899666786194
0,209,0.0013467990793287754,-0.01818842813372612,-0.047728538513183594,0.04800204932689667,0.4028812646865845
0,210,0.0013425273355096579,-0.0320620983839035,-0.04603945463895798,0.05241438373923302,0.4013844132423401
0,211,0.001333960215561092,0.07386872917413712,0.09785422682762146,0.013225057162344456,0.3572108745574951
0,212,0.001324534765444696,0.12098386883735657,0.13927464187145233,0.01966194063425064,0.42772459983825684
0,213,0.0013197669759392738,0.1654607057571411,0.10907375067472458,0.02983860857784748,0.3553558886051178
0,214,0.0013114693574607372,0.045848093926906586,-0.030546899884939194,0.007144205272197723,0.32265424728393555
0,215,0.0013082927325740457,0.014725367538630962,0.11912156641483307,0.04670858010649681,0.383855938911438
0,216,0.0013030209811404347,-0.0965438112616539,-0.018758321180939674,0.01330624707043171,0.42346829175949097
0,217,0.001296686939895153,0.12723661959171295,0.16957303881645203,0.029771359637379646,0.34382328391075134
0,218,0.0012914605904370546,-0.00457726139575243,-0.060800325125455856,0.06485985219478607,0.3929910659790039
0,219,0.0012814848450943828,0.027199793606996536,-0.06579107791185379,0.016354763880372047,0.36619728803634644
0,220,0.0012735016644001007,0.04928133264183998,0.09158746153116226,0.05118512362241745,0.3811083734035492
0,221,0.0012608448741957545,0.007586870342493057,0.07577764987945557,0.022614695131778717,0.35609132051467896
0,222,0.0012520939344540238,0.08324061334133148,0.08919999748468399,0.06847751140594482,0.47505897283554077
0,223,0.0012457718839868903,0.13955220580101013,-0.09520748257637024,0.012138737365603447,0.34462013840675354
0,224,0.0012427866458892822,0.06586077809333801,0.019322410225868225,0.04795600101351738,0.3548530638217926
0,225,0.0012396482052281499,-0.06404919177293777,-0.060660600662231445,0.02829388715326786,0.3147323429584503
0,226,0.0012315550120547414,0.08665943145751953,0.12313595414161682,0.02442733384668827,0.350628525018692
0,227,0.0012238097842782736,0.02962094359099865,0.07529888302087784,0.01982257515192032,0.4571691155433655
0,228,0.0012159858597442508,0.0156899131834507,0.006753701251000166,0.047738686203956604,0.393451988697052
0,229,0.0012146197259426117,0.052809420973062515,0.02062770165503025,0.020502718165516853,0.3149995803833008
0,230,0.001204978208988905,-0.0558994859457016,0.10786154866218567,0.01576029695570469,0.3648203909397125
0,231,0.0012006901670247316,-0.07187226414680481,0.030227847397327423,0.020143400877714157,0.37030383944511414
0,232,0.001188597991131246,-0.08947766572237015,-0.10672461986541748,0.054793138056993484,0.39243772625923157
0,233,0.0011812422890216112,-0.09529637545347214,-0.08946515619754791,0.014643929898738861,0.33290281891822815
0,234,0.0011786288814619184,-0.09239451587200165,0.08275521546602249,0.0321638397872448,0.3805190920829773
0,235,0.0011721489718183875,0.030160492286086082,0.05463952571153641,0.022129936143755913,0.3316989839076996
0,236,0.0011524311266839504,0.028506668284535408,0.0913204550743103,0.05790121853351593,0.3711756765842438
0,237,0.001150240539573133,0.058650221675634384,-0.07207301259040833,0.014809023588895798,0.36310043931007385
0,238,0.0011422684183344245,0.09640363603830338,0.008042641915380955,0.06461084634065628,0.36388906836509705
0,239,0.0011323766084387898,0.09802637249231339,0.10860210657119751,0.014046678319573402,0.3474257290363312
0,240,0.0011309209512546659,0.07571560144424438,-0.06907115131616592,0.007613707799464464,0.2760744094848633
0,241,0.0011210995726287365,0.189939484000206,0.27706700563430786,0.017023786902427673,0.3331609070301056
0,242,0.0011190269142389297,0.059526603668928146,0.05194669961929321,0.06685666739940643,0.34476718306541443
0,243,0.0011082881828770041,0.0067551033571362495,0.030862629413604736,0.018945345655083656,0.4372570216655731
0,244,0.0011019018711522222,0.031607888638973236,0.026705564931035042,0.046670932322740555,0.38352304697036743
0,245,0.0010938874911516905,0.030528303235769272,-0.03975403308868408,0.02896440215408802,0.3655085861682892
0,246,0.0010832950938493013,0.09786834567785263,0.02743864804506302,0.012076732702553272,0.35769185423851013
0,247,0.0010817318689078093,-0.023718509823083878,-0.016614949330687523,0.07279843091964722,0.33787164092063904
0,248,0.0010743227321654558,-0.08797439932823181,0.02186872996389866,0.010939599946141243,0.3138626217842102
0,249,0.0010734922252595425,-0.008710161782801151,-0.016301695257425308,0.04107081517577171,0.32547780871391296
0,250,0.0010620570974424481,-0.009463395923376083,-0.1345507949590683,0.01571282558143139,0.31310945749282837
0,251,0.0010581493843346834,0.0047821463085711,0.01531571801751852,0.08560247719287872,0.35722652077674866
0,252,0.001052243635058403,0.04940777271986008,0.015456980094313622,0.09134702384471893,0.35598838329315186
0,253,0.0010325855109840631,0.16554829478263855,0.2122291773557663,0.012438790872693062,0.3492451310157776
0,254,0.0010292425286024809,0.030084382742643356,0.061090175062417984,0.021022232249379158,0.34243229031562805
0,255,0.0010228428291156888,0.06569943577051163,0.02173275128006935,0.014920344576239586,0.3211140036582947
1,0,0.03807350620627403,0.7828658819198608,0.7792117595672607,0.6455816030502319,0.6764841675758362
1,1,0.015340186655521393,0.21954256296157837,0.27616390585899353,0.2649180293083191,0.40935003757476807
1,2,0.014629903249442577,0.4533950984477997,0.4407118856906891,0.4355987012386322,0.5300703644752502
1,3,0.014030355960130692,0.34398767352104187,0.3528703451156616,0.31968817114830017,0.4664461314678192
1,4,0.01134523656219244,0.411121666431427,0.39757615327835083,0.37879806756973267,0.4985055923461914
1,5,0.010251909494400024,0.350472629070282,0.30730175971984863,0.3286987245082855,0.4357357621192932
1,6,0.009849954396486282,0.25518515706062317,0.3082949221134186,0.30851292610168457,0.45581483840942383
1,7,0.009653058834373951,0.20503972470760345,0.19081692397594452,0.26786062121391296,0.4748150110244751
1,8,0.008822680450975895,0.33126047253608704,0.31924235820770264,0.3562522232532501,0.4823366105556488
1,9,0.008521527983248234,0.21700114011764526,0.24626970291137695,0.3233245313167572,0.4808516502380371
1,10,0.008184687234461308,0.2323702573776245,0.2466798573732376,0.3707486391067505,0.5244143009185791
1,11,0.008009118027985096,0.18212798237800598,0.22508831322193146,0.2802160978317261,0.4620323181152344
1,12,0.007829989306628704,0.1071491464972496,0.20429149270057678,0.24213218688964844,0.42600947618484497
1,13,0.00752941844984889,0.15498097240924835,0.18429847061634064,0.2631770074367523,0.5022422075271606
1,14,0.007363383658230305,0.2689078152179718,0.17250527441501617,0.349266916513443,0.5059774518013
1,15,0.006870816461741924,0.23761139810085297,0.2344391644001007,0.30347949266433716,0.5203093886375427
1,16,0.006680643185973167,0.23792357742786407,0.25545093417167664,0.265646368265152,0.5326260328292847
1,17,0.006413240917026997,0.22125555574893951,0.17783920466899872,0.19955192506313324,0.3867652714252472
1,18,0.006305038463324308,0.1429540514945984,0.13064490258693695,0.3089003562927246,0.4501989483833313
1,19,0.0062010926194489,-0.01544986106455326,0.0673118382692337,0.2071225345134735,0.46081432700157166
1,20,0.006105079315602779,0.10520129650831223,0.2340451329946518,0.25243809819221497,0.4026995301246643
1,21,0.005903269629925489,0.11461261659860611,0.11122766137123108,0.26387909054756165,0.4675652086734772
1,22,0.005662792827934027,0.24504750967025757,0.23001721501350403,0.3380540907382965,0.45381617546081543
1,23,0.0056019932962954044,0.08961095660924911,0.14081987738609314,0.1528119295835495,0.42310819029808044
1,24,0.005465876776725054,0.2982243001461029,0.2567770779132843,0.2548810839653015,0.4520447850227356
1,25,0.0053268419578671455,0.11308999359607697,-0.017632650211453438,0.24024057388305664,0.4718857705593109
1,26,0.005188505630940199,0.13249020278453827,0.11040778458118439,0.37651199102401733,0.518747091293335
1,27,0.005167803727090359,0.20124267041683197,0.20801852643489838,0.28837233781814575,0.49518394470214844
1,28,0.0051244343630969524,0.337894469499588,0.2495119422674179,0.32422947883605957,0.5124964714050293
1,29,0.005003582686185837,0.0922204777598381,0.09649062156677246,0.2611064612865448,0.4787828326225281
1,30,0.004915998317301273,0.045310620218515396,0.13007986545562744,0.17788100242614746,0.4369804859161377
1,31,0.00481324503198266,0.12646959722042084,0.14500053226947784,0.17912088334560394,0.46953725814819336
1,32,0.004782526288181543,0.16334383189678192,0.11186013370752335,0.15049104392528534,0.38894858956336975
1,33,0.004716797266155481,0.16725608706474304,0.09778070449829102,0.15753889083862305,0.514236569404602
1,34,0.004651837982237339,-0.060702621936798096,-0.053208332508802414,0.3180915415287018,0.46483907103538513
1,35,0.004586795810610056,0.02976180799305439,0.06250044703483582,0.18090462684631348,0.405190110206604
1,36,0.004518242087215185,0.09540878236293793,0.15891747176647186,0.14612609148025513,0.4577675461769104
1,37,0.004472368862479925,0.08177131414413452,0.12302830070257187,0.2963716685771942,0.48380860686302185
1,38,0.004366233944892883,0.04795493558049202,0.0638694167137146,0.17115633189678192,0.4766027629375458
1,39,0.004268684424459934,0.0818944051861763,0.11225192993879318,0.25272199511528015,0.49526768922805786
1,40,0.0042600673623383045,0.09390640258789062,0.10716649889945984,0.24757550656795502,0.5851390361785889
1,41,0.004227247554808855,0.12910005450248718,0.07614957541227341,0.15231505036354065,0.3990708589553833
1,42,0.004151129629462957,0.11168023198843002,0.0019732187502086163,0.33115196228027344,0.5713570713996887
1,43,0.004141637589782476,0.009735939092934132,0.008574720472097397,0.2618846893310547,0.4863584637641907
1,44,0.004049436189234257,0.18219168484210968,0.1454579085111618,0.13387705385684967,0.5099000930786133
1,45,0.004039644729346037,0.23872290551662445,0.1801953762769699,0.16883975267410278,0.4522619843482971
1,46,0.003968745935708284,0.11157114803791046,0.06319285184144974,0.23385488986968994,0.4805634319782257
1,47,0.003953023348003626,0.05426732078194618,0.08339573442935944,0.19356034696102142,0.4936637878417969
1,48,0.003925639670342207,-0.045240726321935654,-0.006326960865408182,0.12121777981519699,0.47418463230133057
1,49,0.0038944794796407223,-0.13259363174438477,-0.11264576762914658,0.20759187638759613,0.4517936408519745
1,50,0.003824038663879037,0.05602673441171646,0.08676380664110184,0.09285787492990494,0.4044768214225769
1,51,0.0037513074930757284,0.10229925811290741,0.17047519981861115,0.21518833935260773,0.471297949552536
1,52,0.0037188357673585415,0.05783246085047722,0.11051374673843384,0.1854950338602066,0.4260478913784027
1,53,0.00368057400919497,0.0896599069237709,0.06948596984148026,0.13049989938735962,0.5014461278915405
1,54,0.0036319491919130087,0.04523483291268349,0.11249998211860657,0.20366249978542328,0.4673320949077606
1,55,0.0036159399896860123,0.2054653912782669,0.20734862983226776,0.16779614984989166,0.46562570333480835
1,56,0.0036033985670655966,0.02658725343644619,-0.09698918461799622,0.16982370615005493,0.36788684129714966
1,57,0.0035679724533110857,0.052585918456315994,0.00851380918174982,0.1665017306804657,0.4576855003833771
1,58,0.0035331977996975183,0.0020886962302029133,0.04765671119093895,0.09726293385028839,0.4280441999435425
1,59,0.0034522113855928183,0.14349664747714996,0.15032118558883667,0.10998581349849701,0.3848850727081299
1,60,0.0034282379783689976,-0.07094424962997437,0.0070998952724039555,0.08530863374471664,0.44524747133255005
1,61,0.0034096622839570045,0.11077059060335159,0.14136232435703278,0.0387832373380661,0.3692072331905365
1,62,0.0033887869212776423,0.02864830568432808,-0.04480358958244324,0.13810615241527557,0.422090619802475
1,63,0.003377289744094014,0.10521291941404343,0.12796403467655182,0.1324346512556076,0.5264471769332886
1,64,0.0033615881111472845,-0.18376518785953522,-0.041773803532123566,0.1263396441936493,0.4633643925189972
1,65,0.0033350777812302113,0.16464059054851532,0.15265397727489471,0.19392000138759613,0.4782535433769226
1,66,0.0032886313274502754,-0.09610763192176819,0.018528243526816368,0.017196236178278923,0.47478243708610535
1,67,0.0032394633162766695,0.05159522965550423,0.010347073897719383,0.11802402883768082,0.4145532548427582
1,68,0.003222558181732893,-0.09905053675174713,0.02523723617196083,0.018460720777511597,0.397869735956192
1,69,0.0031831515952944756,-0.16904279589653015,-0.06641785055398941,0.19902610778808594,0.41488465666770935
1,70,0.003115064697340131,-0.02820427715778351,-0.0165873933583498,0.19326114654541016,0.4930986166000366
1,71,0.0030993486288934946,0.045901261270046234,0.09335818886756897,0.10812203586101532,0.3864266574382782
1,72,0.0030793410260230303,0.08837693929672241,-0.020460115745663643,0.01067677978426218,0.3867069482803345
1,73,0.0030531377997249365,0.10628863424062729,0.0587591715157032,0.1871984452009201,0.5181373953819275
1,74,0.003019786672666669,0.07296289503574371,0.15507790446281433,0.11577215790748596,0.3941088318824768
1,75,0.0030164045747369528,0.0950222909450531,0.04359648749232292,0.12119127810001373,0.3998911678791046
1,76,0.0030073910020291805,-0.018362799659371376,0.011807722970843315,0.03541143238544464,0.41537678241729736
1,77,0.0029939895030111074,-0.0008905494469217956,-0.00848222803324461,0.09873849153518677,0.4334455728530884
1,78,0.002964763203635812,0.09025519341230392,-0.011446217074990273,0.20482458174228668,0.45801371335983276
1,79,0.002928265370428562,0.22499535977840424,0.23203474283218384,0.0806850716471672,0.45649969577789307
1,80,0.0029142978601157665,0.044895146042108536,0.2484096735715866,0.2095082551240921,0.38206741213798523
1,81,0.002881469437852502,0.05889686569571495,0.12406876683235168,0.19231268763542175,0.4276028871536255
1,82,0.0028785092290490866,0.04768512398004532,0.13401250541210175,0.012063286267220974,0.3980371057987213
1,83,0.0028383638709783554,-0.07621924579143524,-0.04589405655860901,0.12123988568782806,0.4592750072479248
1,84,0.002816678024828434,0.024158667773008347,-0.0060139005072414875,0.036519940942525864,0.42991212010383606
1,85,0.002809736877679825,0.1672266125679016,0.09023863822221756,0.01878570206463337,0.43985337018966675
1,86,0.0027639276813715696,-0.042292751371860504,0.13765527307987213,0.05413080379366875,0.43556520342826843
1,87,0.002739327261224389,0.036230504512786865,0.0314721055328846,0.15042690932750702,0.4332454800605774
1,88,0.0027158265002071857,0.036058105528354645,0.011725331656634808,0.08211300522089005,0.3959704637527466
1,89,0.0026993793435394764,0.1814175546169281,0.13423536717891693,0.14661836624145508,0.45855894684791565
1,90,0.0026662296149879694,0.07219547778367996,0.06156115233898163,0.053376633673906326,0.34605488181114197
1,91,0.00266052782535553,0.015490133315324783,0.06224538013339043,0.02794674038887024,0.43106213212013245
1,92,0.0026409358251839876,0.013023443520069122,0.008028648793697357,0.15591703355312347,0.4580373167991638
1,93,0.0026341930497437716,0.022240515798330307,-0.0024436276871711016,0.045803144574165344,0.447184294462204
1,94,0.0026152413338422775,0.010689611546695232,0.07576833665370941,0.04022269323468208,0.3463733494281769
1,95,0.002590305171906948,0.03409774973988533,0.041845958679914474,0.09513845294713974,0.46743568778038025
1,96,0.002578119980171323,-0.035555969923734665,-0.12518544495105743,0.10700713843107224,0.42062339186668396
1,97,0.0025521102361381054,0.23850616812705994,0.13961592316627502,0.1702101230621338,0.49212804436683655
1,98,0.0025272879283875227,0.17288902401924133,0.06166869029402733,0.056579165160655975,0.4229942560195923
1,99,0.0025161299854516983,-0.0030400154646486044,0.0348651297390461,0.15185920894145966,0.46731218695640564
1,100,0.00251106359064579,0.054863616824150085,0.11397893726825714,0.029616856947541237,0.36898958683013916
1,101,0.002499614143744111,0.10447347164154053,0.15176604688167572,0.10919246077537537,0.3920302093029022
1,102,0.0024901668075472116,0.09142817556858063,0.0839952901005745,0.11242061853408813,0.4176066517829895
1,103,0.0024763436522334814,0.151771679520607,0.13887812197208405,0.06576787680387497,0.4155117869377136
1,104,0.002450124826282263,0.0998239740729332,0.020278960466384888,0.14293503761291504,0.4381598234176636
1,105,0.002425945596769452,-0.03166792914271355,-0.032219987362623215,0.015865609049797058,0.3459102511405945
1,106,0.0024088036734610796,-3.731282413355075e-05,0.15267632901668549,0.15200075507164001,0.3939272463321686
1,107,0.0023852060548961163,0.1135547086596489,0.04861665144562721,0.045456599444150925,0.39713117480278015
1,108,0.00237561808899045,0.018615148961544037,0.002103185746818781,0.10977409780025482,0.4084564447402954
1,109,0.002372119342908263,0.09740600734949112,0.006401472724974155,0.07494670152664185,0.3628300428390503
1,110,0.0023482900578528643,0.031204726547002792,0.03156194090843201,0.11070141941308975,0.43427062034606934
1,111,0.002340455772355199,0.06326530128717422,0.19273602962493896,0.0469888411462307,0.3926304578781128
1,112,0.002327617956325412,-0.04548272117972374,-0.05080852657556534,0.031194454059004784,0.334942489862442
1,113,0.002309198956936598,-0.09802965074777603,0.03932509943842888,0.041480835527181625,0.4365297853946686
1,114,0.0022876739967614412,0.19752074778079987,0.08138460665941238,0.010922546498477459,0.44017162919044495
1,115,0.0022786257322877645,0.09274829924106598,0.06038226932287216,0.15826112031936646,0.45978301763534546
1,116,0.00227496400475502,0.02418144792318344,0.16647642850875854,0.08713141828775406,0.4230167865753174
1,117,0.0022446156945079565,0.1371200531721115,0.1564186066389084,0.17741230130195618,0.42208096385002136
1,118,0.002231538062915206,-0.01962067186832428,-0.0869208574295044,0.11371545493602753,0.39893412590026855
1,119,0.002224241616204381,0.017201468348503113,0.058255307376384735,0.06083347648382187,0.41562843322753906
1,120,0.00221051718108356,0.023250237107276917,0.0476115420460701,0.03725126385688782,0.40653011202812195
1,121,0.0021960115991532803,0.06765007972717285,0.05146611109375954,0.07888364046812057,0.49187344312667847
1,122,0.0021822741255164146,0.013348673470318317,0.047572918236255646,0.060615796595811844,0.39045292139053345
1,123,0.0021720468066632748,0.135398268699646,0.20639440417289734,0.014781204983592033,0.39773809909820557
1,124,0.002158847637474537,0.12182950228452682,0.14428408443927765,0.03872689604759216,0.3106048107147217
1,125,0.00214895186945796,0.09202725440263748,0.12345794588327408,0.04224032536149025,0.42022666335105896
1,126,0.002136994618922472,0.06429461389780045,0.14196760952472687,0.014322347939014435,0.3700248897075653
1,127,0.002117848489433527,0.033358220010995865,0.08113519847393036,0.08446482568979263,0.3930676281452179
1,128,0.002106698229908943,0.05528068542480469,0.1416465789079666,0.009919382631778717,0.3737660050392151
1,129,0.0021012211218476295,0.14625124633312225,0.05990802124142647,0.08134839683771133,0.43061086535453796
1,130,0.0020907495636492968,0.001183625659905374,0.14499789476394653,0.024759631603956223,0.4235353469848633
1,131,0.002077997662127018,0.02019958756864071,0.08290383964776993,0.136087566614151,0.390501469373703
1,132,0.0020634925458580256,0.07993239909410477,0.10385315120220184,0.059229325503110886,0.4214712381362915
1,133,0.002040439983829856,0.09477334469556808,-0.02400103211402893,0.010419338941574097,0.38194748759269714
1,134,0.002025442663580179,0.17256975173950195,0.08006031066179276,0.11065659672021866,0.4477165937423706
1,135,0.0020169385243207216,0.2516367733478546,0.12113140523433685,0.018093222752213478,0.4549671709537506
1,136,0.0020111938938498497,0.006713908165693283,-0.06772468984127045,0.021955449134111404,0.44280388951301575
1,137,0.0020046113058924675,-0.05980011448264122,0.004840112756937742,0.048449642956256866,0.33009883761405945
1,138,0.001989126205444336,-0.014993267133831978,0.042613685131073,0.11868039518594742,0.4958091378211975
1,139,0.0019794655963778496,0.006166876293718815,0.07292947173118591,0.08409693092107773,0.3954046070575714
1,140,0.0019681237172335386,-0.07425452023744583,-0.011656052432954311,0.03634684905409813,0.4231376349925995
1,141,0.001955073093995452,0.12378709018230438,0.15551000833511353,0.031052760779857635,0.3521561622619629
1,142,0.001947130193002522,-0.01196166779845953,0.020473146811127663,0.04589845985174179,0.39121556282043457
1,143,0.0019370396621525288,-0.05710631608963013,0.0509355328977108,0.14290784299373627,0.42262864112854004
1,144,0.001925317570567131,0.053164754062891006,0.062199320644140244,0.13230058550834656,0.3543781340122223
1,145,0.0019204400014132261,-0.10309134423732758,-0.006028640549629927,0.022335132583975792,0.38638243079185486
1,146,0.0019066869281232357,0.008692962117493153,0.041173700243234634,0.024203214794397354,0.3574954569339752
1,147,0.0018967734649777412,-0.037266992032527924,-0.06191004812717438,0.008460412733256817,0.3658972680568695
1,148,0.0018741498934105039,-0.036187585443258286,0.014623653143644333,0.08639699220657349,0.3749020993709564
1,149,0.0018665635725483298,-0.013326254673302174,-0.002217440400272608,0.01805524155497551,0.3944115936756134
1,150,0.0018571006366983056,0.1546369194984436,0.1546790450811386,0.10819294303655624,0.40944913029670715
1,151,0.0018491627415642142,0.017672359943389893,0.01244561281055212,0.0395464226603508,0.3659859299659729
1,152,0.0018485394539311528,-0.12054284662008286,0.05188712105154991,0.08434562385082245,0.4552578926086426
1,153,0.0018397250678390265,-0.005236595869064331,-0.008098594844341278,0.03391202166676521,0.3282622992992401
1,154,0.0018307991558685899,0.0995795875787735,0.0019334517419338226,0.09743033349514008,0.4003813862800598
1,155,0.001817700220271945,0.011229738593101501,0.17470410466194153,0.061544109135866165,0.41060671210289
1,156,0.0018074223771691322,0.020818568766117096,0.14705483615398407,0.10441163182258606,0.35782191157341003
1,157,0.0017901969840750098,0.14617428183555603,0.12865181267261505,0.061643246561288834,0.36859840154647827
1,158,0.001786960056051612,-0.01608562469482422,0.032491568475961685,0.029608560726046562,0.3598504662513733
1,159,0.0017740321345627308,0.18469825387001038,0.026704270392656326,0.01497610006481409,0.4757368266582489
1,160,0.0017713551642373204,-0.01821991801261902,0.036299388855695724,0.02322031557559967,0.4281964898109436
1,161,0.0017626556800678372,-0.04409455507993698,-0.0061739468947052956,0.07090793550014496,0.40125587582588196
1,162,0.0017427901038900018,0.07584195584058762,-0.03899982571601868,0.015423204749822617,0.39046308398246765
1,163,0.0017378790071234107,0.038573816418647766,0.0592571459710598,0.17657923698425293,0.4433285892009735
1,164,0.001714116893708706,0.06024153530597687,0.017893459647893906,0.010153601877391338,0.3990798592567444
1,165,0.0017076634103432298,0.05882870778441429,0.022294823080301285,0.02845962718129158,0.37029901146888733
1,166,0.001694488455541432,-0.0012395959347486496,0.0676889643073082,0.04528127610683441,0.4085535407066345
1,167,0.0016896597808226943,0.06883019953966141,0.09947079420089722,0.07568099349737167,0.42254722118377686
1,168,0.0016842996701598167,-0.0030068382620811462,-0.07836796343326569,0.009913510642945766,0.34309834241867065
1,169,0.0016713469522073865,0.07960764318704605,0.02860240824520588,0.030873315408825874,0.36478739976882935
1,170,0.0016629704041406512,-0.08457662165164948,-0.021344879642128944,0.030272552743554115,0.3754928410053253
1,171,0.0016563282115384936,-0.024781184270977974,-0.050596848130226135,0.042867641896009445,0.3798177242279053
1,172,0.001651678467169404,0.08166155219078064,-0.034976501017808914,0.05431673303246498,0.41236183047294617
1,173,0.00164382578805089,0.01817926950752735,0.04918143153190613,0.08316316455602646,0.330943763256073
1,174,0.0016301540890708566,0.062424540519714355,0.0780714824795723,0.023928338661789894,0.3817991614341736
1,175,0.001624904340133071,0.22063614428043365,0.14729543030261993,0.012501578778028488,0.39169663190841675
1,176,0.0016148464055731893,-0.048115987330675125,0.15937738120555878,0.03380890190601349,0.3727128803730011
1,177,0.0016078411135822535,0.035225845873355865,0.024848388507962227,0.012798485346138477,0.40294522047042847
1,178,0.0015997407026588917,-0.01650308072566986,0.023827770724892616,0.015744686126708984,0.36128857731819153
1,179,0.0015927390195429325,-0.04153822734951973,0.1034850999712944,0.020561164245009422,0.41381072998046875
1,180,0.0015836093807592988,0.015955526381731033,0.15778261423110962,0.028319941833615303,0.3544984757900238
1,181,0.001572101260535419,0.09802375733852386,0.1539354771375656,0.08289900422096252,0.3921193778514862
1,182,0.0015686156693845987,0.05529898405075073,0.08754166960716248,0.011694183573126793,0.4408072829246521
1,183,0.001560768811032176,0.07149007171392441,0.14171633124351501,0.022132234647870064,0.36018744111061096
1,184,0.0015527440700680017,-0.0958247110247612,0.03296267241239548,0.0658622458577156,0.39529508352279663
1,185,0.0015462548471987247,-0.07585711032152176,-0.07730956375598907,0.01669687032699585,0.35821962356567383
1,186,0.0015328117879107594,-0.04925486072897911,0.04064413905143738,0.03195837885141373,0.3402073383331299
1,187,0.0015278307255357504,0.031500235199928284,0.14048463106155396,0.09062168002128601,0.43065622448921204
1,188,0.0015216508181765676,0.06484834849834442,0.07837019115686417,0.018371457234025,0.39592933654785156
1,189,0.0015087410574778914,-0.04825647175312042,-0.09927764534950256,0.14605297148227692,0.5034529566764832
1,190,0.0015054488321766257,0.1582583487033844,0.17997954785823822,0.04013921692967415,0.3929492235183716
1,191,0.0014922007685527205,0.07750719040632248,-0.013527165167033672,0.06766542792320251,0.43607309460639954
1,192,0.0014858732465654612,-0.1905190348625183,0.09474943578243256,0.042845189571380615,0.3728121519088745
1,193,0.0014784125378355384,-0.07607243210077286,0.04899049550294876,0.025175470858812332,0.38224804401397705
1,194,0.0014711717376485467,0.049970127642154694,-0.0221843384206295,0.018750684335827827,0.3533060550689697
1,195,0.0014637032290920615,0.017676012590527534,0.058511313050985336,0.016643069684505463,0.3388081192970276
1,196,0.0014557114336639643,-0.0024869719054549932,-0.05046122893691063,0.026763051748275757,0.3322499394416809
1,197,0.0014427684945985675,0.031124675646424294,-0.004621936473995447,0.07472307980060577,0.4599113464355469
1,198,0.0014341986970975995,0.13725124299526215,0.06765192002058029,0.15211991965770721,0.42477288842201233
1,199,0.0014323261566460133,-0.04206407070159912,0.10417655855417252,0.07697083055973053,0.3908396363258362
1,200,0.0014212348032742739,-0.004459264688193798,0.009556015953421593,0.010059826076030731,0.3316853940486908
1,201,0.001419462263584137,0.035818930715322495,-0.026708530262112617,0.08057018369436264,0.4765573740005493
1,202,0.0014147753827273846,0.11377391964197159,0.022856367751955986,0.025793015956878662,0.44997021555900574
1,203,0.0014004416298121214,-0.012939226813614368,0.00929884985089302,0.03218623995780945,0.3740951716899872
1,204,0.0013931854628026485,-0.06314201653003693,-0.08019829541444778,0.019532693549990654,0.36848726868629456
1,205,0.001388395088724792,0.054635319858789444,0.02120111510157585,0.018486646935343742,0.3410108685493469
1,206,0.001379457302391529,0.048034314066171646,0.027174988761544228,0.016273634508252144,0.4170134365558624
1,207,0.001369721838273108,-0.06956491619348526,0.05530497431755066,0.03290675953030586,0.3670743703842163
1,208,0.00136534811463207,0.15687625110149384,-0.011060534976422787,0.10772929340600967,0.46407350897789
1,209,0.0013638250529766083,-0.104068323969841,0.031452592462301254,0.011338668875396252,0.3391783833503723
1,210,0.0013588030124083161,0.12160942703485489,0.04300197958946228,0.05097143352031708,0.43352437019348145
1,211,0.0013466947712004185,0.1322692483663559,0.05041658133268356,0.025193987414240837,0.4173467755317688
1,212,0.001334883738309145,-0.09523019194602966,-0.04447690024971962,0.13242246210575104,0.5510851740837097
1,213,0.0013275227975100279,-0.0022487882524728775,0.06145160272717476,0.07006531953811646,0.33695024251937866
1,214,0.0013163252733647823,0.02979431301355362,0.08358841389417648,0.05776536092162132,0.40950262546539307
1,215,0.0013150753220543265,-0.0905294194817543,-0.049411263316869736,0.0792144313454628,0.37262025475502014
1,216,0.0013058537151664495,-0.041545990854501724,-0.08223342895507812,0.03528270870447159,0.3917362689971924
1,217,0.0012996039586141706,0.008616682142019272,-0.016919856891036034,0.01970652863383293,0.38522088527679443
1,218,0.0012933884281665087,0.14520545303821564,0.08407414704561234,0.014842470176517963,0.3577860891819
1,219,0.0012876138789579272,-0.07839027047157288,0.0194216538220644,0.026396119967103004,0.40306156873703003
1,220,0.001275483751669526,0.09146493673324585,0.15536123514175415,0.046437881886959076,0.31605201959609985
1,221,0.001272468944080174,0.03816515952348709,0.01875212974846363,0.021350806578993797,0.3885325491428375
1,222,0.0012633397709578276,-0.010158129967749119,0.06534618884325027,0.04417760670185089,0.4132416844367981
1,223,0.0012460154248401523,-0.02162039838731289,-0.04744294658303261,0.0407763347029686,0.37242117524147034
1,224,0.0012435793178156018,0.1075085774064064,-0.0023189918138086796,0.014654655009508133,0.3860739767551422
1,225,0.001242040074430406,0.01399264857172966,0.0657271221280098,0.09250477701425552,0.435950368642807
1,226,0.0012340706307440996,0.13055704534053802,0.033376362174749374,0.03135327622294426,0.40510696172714233
1,227,0.0012305908603593707,0.05107641965150833,0.024901151657104492,0.04162648692727089,0.3777379095554352
1,228,0.001226512249559164,0.15095515549182892,0.09437106549739838,0.012899751774966717,0.3734924793243408
1,229,0.0012190553825348616,0.034184250980615616,0.023142652586102486,0.1223992332816124,0.34915637969970703
1,230,0.0012091828975826502,0.09813877940177917,-0.007068085018545389,0.09558208286762238,0.40906572341918945
1,231,0.0012076979037374258,0.0384906604886055,-0.057522840797901154,0.03328783065080643,0.3174059987068176
1,232,0.0012028830824419856,0.11331237852573395,0.045346979051828384,0.0499151311814785,0.4219878315925598
1,233,0.001199773047119379,-0.08860507607460022,0.14171990752220154,0.03448013588786125,0.30646637082099915
1,234,0.0011904836865141988,0.03942127525806427,-0.006900595501065254,0.011951718479394913,0.33349671959877014
1,235,0.0011856923811137676,-0.04024375230073929,-0.025838293135166168,0.04460301995277405,0.3669753968715668
1,236,0.0011709959944710135,0.026572974398732185,0.06240568682551384,0.030704936012625694,0.28963860869407654
1,237,0.001163678360171616,-0.04773852974176407,-0.015356679446995258,0.021361147984862328,0.29038119316101074
1,238,0.0011607389897108078,0.02523743361234665,0.10876274853944778,0.010355577804148197,0.34078457951545715
1,239,0.0011524921283125877,0.0579911470413208,0.16235056519508362,0.03179614618420601,0.3674132525920868
1,240,0.001134888269007206,-0.04002684727311134,0.03880225867033005,0.012500843033194542,0.3384821116924286
1,241,0.0011255783028900623,-0.0383613221347332,0.035620298236608505,0.018016930669546127,0.31939423084259033
1,242,0.0011150063946843147,-0.03455422446131706,0.0148114999756217,0.031049147248268127,0.4235105514526367
1,243,0.0011112844804301858,0.030770394951105118,0.0415385477244854,0.022642625495791435,0.3585856556892395
1,244,0.0011098103132098913,-0.00514442753046751,0.031844403594732285,0.048903938382864,0.3150227665901184
1,245,0.00110187369864434,0.02686164155602455,-0.04583405330777168,0.06376326084136963,0.3496256470680237
1,246,0.0010967350099235773,0.14314141869544983,0.0709485411643982,0.010950872674584389,0.31705498695373535
1,247,0.0010847862577065825,-0.06035053730010986,-0.01338190957903862,0.040979694575071335,0.3824189305305481
1,248,0.001078523346222937,-0.03790102154016495,0.11382580548524857,0.05467817559838295,0.3073110282421112
1,249,0.0010757379932329059,0.0966239869594574,0.04610378295183182,0.04121677950024605,0.39495211839675903
1,250,0.001056745182722807,-0.03957856446504593,-0.08798644691705704,0.02362031862139702,0.3329414129257202
1,251,0.0010478782933205366,0.05419377610087395,0.021363042294979095,0.13396364450454712,0.44838327169418335
1,252,0.0010469682747498155,-0.059997957199811935,0.012192104943096638,0.09582106024026871,0.40838325023651123
1,253,0.0010409400565549731,-0.014218870550394058,0.13055190443992615,0.024705206975340843,0.3447740375995636
1,254,0.0010345050832256675,-0.022575045004487038,0.00621707271784544,0.008091829717159271,0.27797532081604004
1,255,0.0010307144839316607,-0.07433498650789261,0.012432531453669071,0.035890959203243256,0.3320995271205902
2,0,0.0386289618909359,0.6889434456825256,0.6569932699203491,0.7341482043266296,0.7620667219161987
2,1,0.016224363818764687,0.24017158150672913,0.22443242371082306,0.3802310824394226,0.5516803860664368
2,2,0.01551884226500988,0.4365467131137848,0.4711833596229553,0.4468364417552948,0.5894379615783691
2,3,0.01328419428318739,0.4402139484882355,0.42674410343170166,0.4173610508441925,0.5515264272689819
2,4,0.011874323710799217,0.2976917326450348,0.2629897892475128,0.4088694155216217,0.5514345765113831
2,5,0.010812675580382347,0.15420843660831451,0.2554748058319092,0.3958005905151367,0.5498082041740417
2,6,0.010020492598414421,0.34156695008277893,0.26900947093963623,0.302247017621994,0.4203486740589142
2,7,0.00928046926856041,0.1714363992214203,0.12534001469612122,0.33481425046920776,0.4932219386100769
2,8,0.00871714111417532,0.15548767149448395,0.1959696263074875,0.2977851629257202,0.4810304045677185
2,9,0.008628521114587784,0.3374731242656708,0.21910983324050903,0.2235153764486313,0.3955228328704834
2,10,0.008384072221815586,0.13184882700443268,0.1954152137041092,0.2904307246208191,0.508726954460144
2,11,0.007986373268067837,0.3226119577884674,0.21266506612300873,0.27128082513809204,0.4792269766330719
2,12,0.007615729235112667,0.15050175786018372,0.0781998410820961,0.3242622911930084,0.49507078528404236
2,13,0.007260399870574474,0.3583635091781616,0.30825135111808777,0.3679661452770233,0.5272628664970398
2,14,0.006796973291784525,0.0076167345978319645,-0.04657347872853279,0.11190862953662872,0.33942216634750366
2,15,0.006649910472333431,0.27148568630218506,0.2224421203136444,0.32367196679115295,0.4675908386707306
2,16,0.006592097692191601,0.05006585642695427,0.04975716397166252,0.2141246348619461,0.4090701639652252
2,17,0.006475427187979221,0.2768801152706146,0.31641629338264465,0.3692812919616699,0.504648745059967
2,18,0.006360957864671946,0.3129301965236664,0.2984667420387268,0.18406085669994354,0.5062325596809387
2,19,0.006029579322785139,0.22182592749595642,0.18978305160999298,0.1965252161026001,0.3816809058189392
2,20,0.005924897268414497,0.07976806163787842,0.013107074424624443,0.23457367718219757,0.46339863538742065
2,21,0.005840781144797802,0.008028262294828892,0.0754547119140625,0.12283656001091003,0.49492472410202026
2,22,0.005744662135839462,0.16028976440429688,0.10572802275419235,0.2606123685836792,0.5663583278656006
2,23,0.0056566703133285046,0.053479425609111786,0.1665714532136917,0.3890417218208313,0.4873802363872528
2,24,0.0055384025909006596,0.08285244554281235,0.12736910581588745,0.26097944378852844,0.4627685844898224
2,25,0.005436813458800316,0.13968870043754578,0.1225309669971466,0.26966241002082825,0.5023239850997925
2,26,0.0053205331787467,0.2006564885377884,0.20223987102508545,0.3016016185283661,0.5241650342941284
2,27,0.00521424226462841,0.1541110724210739,0.14896441996097565,0.21939881145954132,0.4525727927684784
2,28,0.0051158335991203785,0.053294144570827484,0.053779345005750656,0.4104485809803009,0.6036573648452759
2,29,0.004919324070215225,0.15025775134563446,0.15403956174850464,0.2271823287010193,0.4872797429561615
2,30,0.004881877917796373,0.20374253392219543,0.16057418286800385,0.20683519542217255,0.5182927250862122
2,31,0.004833867773413658,0.10667608678340912,0.10997895151376724,0.14380206167697906,0.48415228724479675
2,32,0.004817717708647251,0.16997000575065613,0.1056121364235878,0.18654952943325043,0.49755623936653137
2,33,0.0046925959177315235,0.06463594734668732,0.054506246000528336,0.252005398273468,0.5406562089920044
2,34,0.004606902599334717,0.08494094014167786,0.03928300365805626,0.19703634083271027,0.4562322795391083
2,35,0.004571173805743456,0.22847022116184235,0.275716632604599,0.19400815665721893,0.4050251543521881
2,36,0.0045157973654568195,0.04416396841406822,0.10134655237197876,0.16565784811973572,0.43032997846603394
2,37,0.00444506062194705,0.024619856849312782,0.10596286505460739,0.1351175457239151,0.45246344804763794
2,38,0.0043833376839756966,0.3198431432247162,0.2563033699989319,0.1344662457704544,0.4911765456199646
2,39,0.0042955572716891766,0.24122314155101776,0.18016408383846283,0.18108147382736206,0.43514516949653625
2,40,0.004258735571056604,0.1423436999320984,0.1488512009382248,0.2544233798980713,0.46646884083747864
2,41,0.0041682361625134945,-0.05995919555425644,-0.010484401136636734,0.27140071988105774,0.46780163049697876
2,42,0.004122230224311352,0.12628458440303802,0.189112588763237,0.23528100550174713,0.5249491930007935
2,43,0.004102704115211964,-0.039384011179208755,-0.029432715848088264,0.21606145799160004,0.5339569449424744
2,44,0.004074265249073505,0.10459712892770767,0.16863733530044556,0.14873577654361725,0.4592093825340271
2,45,0.004020782187581062,0.3014434278011322,0.16826677322387695,0.21432936191558838,0.4674336910247803
2,46,0.003964084666222334,0.035658519715070724,0.0755145400762558,0.14653101563453674,0.39864927530288696
2,47,0.003924933727830648,0.04481194540858269,0.03753063455224037,0.02946632169187069,0.42740386724472046
2,48,0.003857153933495283,0.025388238951563835,-0.06470965594053268,0.13093966245651245,0.48667624592781067
2,49,0.0038344990462064743,0.08333168923854828,0.05739203840494156,0.2119697779417038,0.4469514489173889
2,50,0.003775663673877716,0.26494506001472473,0.2195483148097992,0.2447626143693924,0.47877660393714905
2,51,0.0037470529787242413,0.2596510052680969,0.24754586815834045,0.10869469493627548,0.4155740439891815
2,52,0.003719140775501728,0.10283727943897247,0.06542819738388062,0.23151816427707672,0.5267180800437927
2,53,0.0036555323749780655,0.1858043223619461,0.1334880143404007,0.18653835356235504,0.43527528643608093
2,54,0.0036046577151864767,0.03215618431568146,0.03337516635656357,0.10985888540744781,0.4439726769924164
2,55,0.0035965056158602238,0.13205361366271973,0.11941127479076385,0.17124149203300476,0.4881557822227478
2,56,0.0035660825669765472,0.034612346440553665,0.1220087930560112,0.06580951064825058,0.37493547797203064
2,57,0.003559827571734786,0.11673413217067719,0.05309176445007324,0.10034392029047012,0.39016082882881165
2,58,0.0035019346978515387,0.023025300353765488,-0.09686559438705444,0.007237324956804514,0.31876152753829956
2,59,0.003455518977716565,-0.004796325694769621,0.03409183397889137,0.12594720721244812,0.4571908712387085
2,60,0.003407549811527133,0.024858152493834496,0.03202670440077782,0.01214743871241808,0.40628668665885925
2,61,0.0033641792833805084,-0.029670292511582375,0.074672631919384,0.032518524676561356,0.3589600920677185
2,62,0.003343882504850626,0.07418657839298248,0.07477066665887833,0.09137966483831406,0.4102308452129364
2,63,0.003321644151583314,0.018780900165438652,0.01367022655904293,0.13491839170455933,0.43473243713378906
2,64,0.003311973065137863,0.18409818410873413,0.10479392111301422,0.17663398385047913,0.47788694500923157
2,65,0.003269640961661935,0.1718636453151703,0.10972614586353302,0.1587314009666443,0.40823692083358765
2,66,0.0032381219789385796,0.14067721366882324,0.1467982828617096,0.1837555170059204,0.45107805728912354
2,67,0.0031968948896974325,0.11942636221647263,0.08099495619535446,0.10875587910413742,0.4878595769405365
2,68,0.0031874794512987137,0.08717118948698044,0.08742177486419678,0.11670790612697601,0.44601869583129883
2,69,0.0031557355541735888,0.17651979625225067,0.14388707280158997,0.19436995685100555,0.4529513716697693
2,70,0.003117115469649434,0.024296298623085022,0.09776265919208527,0.11064661294221878,0.4315224885940552
2,71,0.003092286642640829,0.14449170231819153,-0.028715360909700394,0.17858752608299255,0.41058969497680664
2,72,0.0030773160979151726,0.025024157017469406,0.18024411797523499,0.03745028376579285,0.3789287805557251
2,73,0.003049552673473954,-0.011312234215438366,-0.0283378716558218,0.06419295817613602,0.5129522085189819
2,74,0.0030237280298024416,0.04687090590596199,-0.007849401794373989,0.11003170907497406,0.3978576362133026
2,75,0.002992484252899885,0.1163727417588234,0.0770382210612297,0.009674375876784325,0.3905837833881378
2,76,0.0029696712736040354,-0.022716090083122253,0.0383642241358757,0.026376698166131973,0.44413864612579346
2,77,0.0029494662303477526,0.17409314215183258,0.06865207850933075,0.2414981871843338,0.4452188014984131
2,78,0.0029208404012024403,0.01505794283002615,-0.025311613455414772,0.1504492163658142,0.49147018790245056
2,79,0.0028916660230606794,0.06500215083360672,0.0593850202858448,0.14674220979213715,0.4330953359603882
2,80,0.0028795048128813505,0.13117513060569763,0.11880511790513992,0.10573966801166534,0.4338924288749695
2,81,0.0028604380786418915,0.09198495745658875,0.0563877671957016,0.17878946661949158,0.5135481357574463
2,82,0.00281859515234828,0.04279845952987671,0.11410202085971832,0.1396418958902359,0.4921210706233978
2,83,0.002813576254993677,0.0730714276432991,0.03891434893012047,0.13908953964710236,0.44761520624160767
2,84,0.0027873183134943247,0.14871320128440857,0.0452861487865448,0.19394451379776,0.47406595945358276
2,85,0.002782410243526101,0.03913867846131325,-0.06512461602687836,0.03132426366209984,0.41477370262145996
2,86,0.002774783642962575,0.1090400442481041,-0.0255068801343441,0.062180452048778534,0.39616337418556213
2,87,0.0027386725414544344,0.18025343120098114,0.15737363696098328,0.08806183934211731,0.44502073526382446
2,88,0.0027195869479328394,0.0710654929280281,0.06479202210903168,0.08564110845327377,0.3352271020412445
2,89,0.002684313338249922,0.04442385211586952,-0.008468389511108398,0.06910520046949387,0.4680712819099426
2,90,0.00266060302965343,-0.04034615308046341,0.03194969519972801,0.08519146591424942,0.47303667664527893
2,91,0.0026521985419094563,-0.061663925647735596,0.1279161125421524,0.06638704985380173,0.44259902834892273
2,92,0.0026417009066790342,-0.0016516877803951502,-0.10835900157690048,0.16184836626052856,0.45041367411613464
2,93,0.0026215319521725178,0.14679645001888275,0.011097727343440056,0.17918962240219116,0.41161471605300903
2,94,0.0025845353957265615,0.10391552746295929,0.1363499015569687,0.08524670451879501,0.36700981855392456
2,95,0.002580292522907257,0.02826506458222866,0.04927420988678932,0.1537611037492752,0.40889856219291687
2,96,0.002573116449639201,-0.0369320809841156,0.018049543723464012,0.03464937582612038,0.41398537158966064
2,97,0.002554403617978096,0.20477211475372314,0.09033237397670746,0.21995586156845093,0.5287261009216309
2,98,0.002544625196605921,0.12974324822425842,0.0875471830368042,0.04041973501443863,0.3633105456829071
2,99,0.0025359741412103176,0.02230025641620159,-0.008721685037016869,0.0468895360827446,0.424712210893631
2,100,0.0025129616260528564,0.04546369984745979,-0.004189411178231239,0.014624834060668945,0.3861643075942993
2,101,0.0025051869451999664,0.12946556508541107,-0.1369972974061966,0.03461095690727234,0.37944674491882324
2,102,0.002495164517313242,0.05335740000009537,0.05919254198670387,0.04610031843185425,0.3897216320037842
2,103,0.002467451384291053,0.004960737191140652,0.06298158317804337,0.02276267483830452,0.3959878981113434
2,104,0.002439238829538226,0.155324786901474,0.03746582567691803,0.12926173210144043,0.427838534116745
2,105,0.002415403723716736,0.0663362666964531,0.11488373577594757,0.014588829129934311,0.4109688699245453
2,106,0.002409636974334717,-0.013200388289988041,0.016645168885588646,0.06572971493005753,0.2773038446903229
2,107,0.0023880815133452415,0.0779121145606041,0.11504808813333511,0.09593690931797028,0.42028728127479553
2,108,0.0023760003969073296,-0.10098494589328766,0.020368508994579315,0.020961066707968712,0.3724921941757202
2,109,0.0023426166735589504,0.08658900111913681,0.17460326850414276,0.1064901053905487,0.495862752199173
2,110,0.0023329597897827625,0.10635088384151459,0.09959188848733902,0.16681897640228271,0.4918726682662964
2,111,0.0023266482166945934,0.0514008104801178,0.02057740092277527,0.021438177675008774,0.4520326256752014
2,112,0.002301294356584549,0.06506138294935226,0.1928023248910904,0.04360644146800041,0.46759235858917236
2,113,0.002293296856805682,-0.04623158648610115,0.0007409362006001174,0.06385407596826553,0.4427289068698883
2,114,0.002289744559675455,-0.02276262827217579,0.08052507787942886,0.01028166152536869,0.3135140538215637
2,115,0.0022719325497746468,-0.031503837555646896,-0.029987433925271034,0.038135118782520294,0.4247540831565857
2,116,0.0022597142960876226,0.02520812675356865,0.024701373651623726,0.0789298564195633,0.3661804795265198
2,117,0.0022369481157511473,0.06682102382183075,0.05760252848267555,0.111566923558712,0.4310556948184967
2,118,0.002219561720266938,0.004478370770812035,0.15063899755477905,0.015206760726869106,0.41599240899086
2,119,0.002206190023571253,0.03665366768836975,0.18008597195148468,0.0918898954987526,0.3980042636394501
2,120,0.00219991197809577,-0.012927222065627575,0.1606493890285492,0.029117342084646225,0.3968769907951355
2,121,0.002191774779930711,-0.02779342047870159,0.005034822970628738,0.07012923806905746,0.3878660500049591
2,122,0.002178903203457594,0.16554290056228638,0.03934035077691078,0.03757188096642494,0.3371904492378235
2,123,0.00216789823025465,0.07488780468702316,0.059279292821884155,0.03203575313091278,0.4367974102497101
2,124,0.0021579063031822443,-0.07385628670454025,0.04606611654162407,0.0466122105717659,0.3224516808986664
2,125,0.0021497970446944237,0.04313798248767853,-0.012246032245457172,0.026959218084812164,0.39913028478622437
2,126,0.0021262115333229303,0.052776236087083817,0.0370270274579525,0.014762378297746181,0.4529886245727539
2,127,0.0021153336856514215,0.2013288289308548,0.07408808916807175,0.09749743342399597,0.4413582980632782
2,128,0.002109276596456766,-0.006592848338186741,-0.012844288721680641,0.14759187400341034,0.4175993800163269
2,129,0.002099561272189021,0.0298804622143507,0.1068563461303711,0.12276025861501694,0.45217061042785645
2,130,0.002094920491799712,-0.041423946619033813,0.016612183302640915,0.05756501853466034,0.37864819169044495
2,131,0.0020689174998551607,0.15579353272914886,0.07857907563447952,0.10880838334560394,0.3797713816165924
2,132,0.002055560005828738,0.016891228035092354,0.03739212453365326,0.09074296057224274,0.38971441984176636
2,133,0.002051552524790168,0.1339571326971054,0.13514171540737152,0.18489868938922882,0.48474758863449097
2,134,0.0020311980042606592,0.02965523675084114,0.05607395991683006,0.13491617143154144,0.42712604999542236
2,135,0.002021665219217539,-0.03143579512834549,0.03261399269104004,0.009919201955199242,0.3636559247970581
2,136,0.002002309774979949,-0.04053289070725441,-0.005740045104175806,0.061191376298666,0.3853738009929657
2,137,0.002001623623073101,0.017830202355980873,-0.009498240426182747,0.024318501353263855,0.4132172763347626
2,138,0.0019818434957414865,0.06854172796010971,0.034510910511016846,0.1142290011048317,0.6042715311050415
2,139,0.0019762322772294283,-0.020515352487564087,0.08568242192268372,0.03298094868659973,0.42102542519569397
2,140,0.0019664757419377565,-0.03155853971838951,0.10452616959810257,0.05485018715262413,0.37610673904418945
2,141,0.0019612882751971483,0.1683093160390854,0.027519749477505684,0.04222659766674042,0.3027319312095642
2,142,0.0019443989731371403,-0.016715263947844505,-0.007822977378964424,0.05473683774471283,0.4479916989803314
2,143,0.0019276298116892576,0.018267052248120308,-0.07672271132469177,0.00931449607014656,0.3371388018131256
2,144,0.001921346178278327,-0.10263923555612564,-0.04417387768626213,0.05727285519242287,0.3853592574596405
2,145,0.0019072684226557612,0.06281760334968567,0.13050024211406708,0.1067640483379364,0.39637434482574463
2,146,0.0018958740402013063,0.07339484989643097,0.14526888728141785,0.017356865108013153,0.3656527101993561
2,147,0.001885501085780561,-0.0498831532895565,0.108151376247406,0.014566127210855484,0.34839197993278503
2,148,0.0018816003575921059,0.17983204126358032,0.17799688875675201,0.02619844302535057,0.3882339596748352
2,149,0.0018743291730061173,0.03618922084569931,0.07051224261522293,0.01177731528878212,0.3874169588088989
2,150,0.0018666076939553022,-0.005580856464803219,0.03024979494512081,0.012271519750356674,0.36534109711647034
2,151,0.001853310619480908,0.023524345830082893,0.0136806545779109,0.02579433098435402,0.33629587292671204
2,152,0.0018408626783639193,0.031248871237039566,0.02796858921647072,0.07834843546152115,0.3554312288761139
2,153,0.0018309106817469,-0.10098899155855179,0.06737104803323746,0.0442940928041935,0.3116776645183563
2,154,0.0018188351532444358,0.05839391052722931,0.13940253853797913,0.09340956062078476,0.35148605704307556
2,155,0.001809383393265307,0.04184822365641594,0.017681078985333443,0.09987442940473557,0.45188823342323303
2,156,0.0017939774552360177,-0.0790906772017479,0.05982672795653343,0.013653786852955818,0.32577699422836304
2,157,0.0017831366276368499,0.08039844036102295,0.11651261895895004,0.023376071825623512,0.41936373710632324
2,158,0.0017746142111718655,0.10035118460655212,0.09225109219551086,0.020283278077840805,0.4093453288078308
2,159,0.0017686458304524422,0.10695254057645798,0.06608255952596664,0.03784183785319328,0.37235283851623535
2,160,0.00175710569601506,0.12023432552814484,-0.010996264405548573,0.022622644901275635,0.4600932002067566
2,161,0.001736146048642695,0.05071549862623215,0.006218949798494577,0.016839973628520966,0.444974422454834
2,162,0.0017327083041891456,0.08776133507490158,0.09329729527235031,0.010549068450927734,0.36776962876319885
2,163,0.0017297121230512857,0.1473435014486313,0.04898424074053764,0.030105866491794586,0.3383713960647583
2,164,0.0017178250709548593,0.025877024978399277,0.06316296011209488,0.058081019669771194,0.36741986870765686
2,165,0.0017096140654757619,0.02698708139359951,-0.04212585836648941,0.08315730839967728,0.38280925154685974
2,166,0.0016977041959762573,0.03158474713563919,0.07577042281627655,0.015542995184659958,0.33017268776893616
2,167,0.0016917348839342594,0.054368145763874054,0.05009173974394798,0.02689259685575962,0.337433785200119
2,168,0.0016753157833591104,0.035134196281433105,0.0570235513150692,0.015500489622354507,0.3839345872402191
2,169,0.001665077405050397,0.05100158974528313,0.08344299346208572,0.016964906826615334,0.36602717638015747
2,170,0.0016614878550171852,-0.01664869859814644,0.022165359929203987,0.016200730577111244,0.4215342700481415
2,171,0.0016548073617741466,-0.01578306406736374,-0.06915366649627686,0.008467545732855797,0.3259924054145813
2,172,0.0016440737526863813,0.09038763493299484,0.06014289706945419,0.031029853969812393,0.3824102282524109
2,173,0.001630720216780901,-0.03384612873196602,0.044658999890089035,0.014950837008655071,0.39150476455688477
2,174,0.0016277087852358818,0.038974080234766006,0.02525416761636734,0.09054724127054214,0.44652673602104187
2,175,0.0016261361306533217,0.07388922572135925,0.0779193863272667,0.01962192729115486,0.3103470206260681
2,176,0.0016156577039510012,0.10219115018844604,-0.0019435841822996736,0.022901242598891258,0.46892261505126953
2,177,0.0016103381058201194,0.1410387009382248,-0.03887537494301796,0.04470203444361687,0.33757534623146057
2,178,0.0015929032815620303,0.12639391422271729,0.12229414284229279,0.01978815533220768,0.32082894444465637
2,179,0.0015905548352748156,0.0488445870578289,0.012563871219754219,0.014939378015697002,0.3668288588523865
2,180,0.0015777890803292394,-0.1158689334988594,0.0628347247838974,0.03868013620376587,0.4377352297306061
2,181,0.0015759628731757402,0.07785018533468246,0.027815181761980057,0.03325319662690163,0.3782232105731964
2,182,0.001564855920150876,-0.03895604982972145,0.1088455319404602,0.07167364656925201,0.33158716559410095
2,183,0.0015552557306364179,0.15876784920692444,0.1063610091805458,0.10686847567558289,0.3712502717971802
2,184,0.0015505418414250016,-0.018889902159571648,-0.026996156200766563,0.01080997847020626,0.375372052192688
2,185,0.0015412583015859127,-0.05279151350259781,0.07893159240484238,0.016674766317009926,0.35579976439476013
2,186,0.0015334043418988585,0.08453167229890823,0.08621777594089508,0.02918878383934498,0.41535383462905884
2,187,0.0015315006021410227,0.06308142840862274,-0.05965309962630272,0.03020591102540493,0.36718931794166565
2,188,0.0015191673301160336,-0.02696351148188114,-0.021658357232809067,0.017731990665197372,0.4237503111362457
2,189,0.001515245996415615,0.01888774149119854,0.042290352284908295,0.04513240233063698,0.36530232429504395
2,190,0.0015012993244454265,0.20985908806324005,0.12605810165405273,0.02379905991256237,0.39699438214302063
2,191,0.0014874252956360579,0.07754269987344742,-0.03913865610957146,0.01415995042771101,0.2998218238353729
2,192,0.001481125014834106,-0.0011536283418536186,-0.01890590973198414,0.10340800881385803,0.48212477564811707
2,193,0.0014683444751426578,0.13555866479873657,0.08448171615600586,0.018893972039222717,0.331265926361084
2,194,0.0014582398580387235,-0.05894305184483528,-0.05740141123533249,0.025887100026011467,0.33826640248298645
2,195,0.0014472787734121084,-0.17141160368919373,-0.13217297196388245,0.05105641856789589,0.4078761637210846
2,196,0.0014419177314266562,-0.04391244053840637,0.01053883321583271,0.020110661163926125,0.3444361090660095
2,197,0.001436701975762844,-0.04465664178133011,-0.015981487929821014,0.05915306508541107,0.3651427626609802
2,198,0.0014304646756500006,-0.006325084250420332,0.12829077243804932,0.019203905016183853,0.34538939595222473
2,199,0.0014225083868950605,-0.057408761233091354,-0.06799177080392838,0.026236794888973236,0.35796311497688293
2,200,0.0014148621121421456,-0.12480488419532776,0.034244369715452194,0.030523225665092468,0.42740297317504883
2,201,0.0014136683894321322,0.05564320459961891,0.02699040062725544,0.020679647102952003,0.3713775873184204
2,202,0.0014055678620934486,-0.008579172194004059,0.04378597065806389,0.027695879340171814,0.42520374059677124
2,203,0.0013988763093948364,0.12508460879325867,0.10367476940155029,0.08176480978727341,0.3794246315956116
2,204,0.0013948013074696064,-0.06668323278427124,0.033132657408714294,0.04158360883593559,0.4132252633571625
2,205,0.0013893007999286056,-0.04010096564888954,0.07687871903181076,0.023143649101257324,0.29969844222068787
2,206,0.0013756115222349763,-0.08291132003068924,-0.05259324610233307,0.01583126001060009,0.33691713213920593
2,207,0.0013747987104579806,0.12988287210464478,0.15285691618919373,0.03185916692018509,0.3555290400981903
2,208,0.0013694694498553872,0.13147205114364624,0.05634690821170807,0.018749641254544258,0.4514738619327545
2,209,0.0013569737784564495,-0.004506300203502178,-0.016717173159122467,0.08014395833015442,0.35046249628067017
2,210,0.0013557124184444547,0.08911803364753723,0.14424672722816467,0.06855817139148712,0.36330851912498474
2,211,0.0013490131823346019,0.04557150602340698,0.05012882873415947,0.017792660742998123,0.3905527591705322
2,212,0.0013374639675021172,-0.0578283928334713,0.019475163891911507,0.01894942671060562,0.3361550569534302
2,213,0.0013272793730720878,0.002630467526614666,0.07741770893335342,0.010136762633919716,0.29087600111961365
2,214,0.001318996655754745,-0.039906296879053116,-0.07004699110984802,0.025686116889119148,0.37834492325782776
2,215,0.0013154170010238886,-0.0476929172873497,-0.03255839645862579,0.03026585653424263,0.3935796618461609
2,216,0.0013045837404206395,-0.027378849685192108,0.033701635897159576,0.057279061526060104,0.3707360625267029
2,217,0.0013019178295508027,0.057692836970090866,0.05181386321783066,0.063578762114048,0.3734694719314575
2,218,0.0012975524878129363,-0.08464618027210236,-0.026315927505493164,0.05006449297070503,0.3012790083885193
2,219,0.0012939010048285127,0.08179707825183868,0.148695170879364,0.017660683020949364,0.37902989983558655
2,220,0.0012862173607572913,0.13914477825164795,-0.0344080775976181,0.01243791077286005,0.38964059948921204
2,221,0.0012717499630525708,0.08871342986822128,0.0429883636534214,0.0515621118247509,0.3477412164211273
2,222,0.0012576314620673656,-0.058370038866996765,0.06333412230014801,0.049674730747938156,0.35106897354125977
2,223,0.0012543312041088939,0.08827377110719681,0.20369091629981995,0.018567435443401337,0.39139828085899353
2,224,0.001248051761649549,-0.006829212419688702,0.0644816979765892,0.09292248636484146,0.37102922797203064
2,225,0.0012468511704355478,0.08659727871417999,0.11489159613847733,0.01021601166576147,0.38279590010643005
2,226,0.0012336857616901398,0.0827045887708664,0.02309427410364151,0.010065740905702114,0.38988423347473145
2,227,0.0012284232070669532,0.026587631553411484,0.15722332894802094,0.06640487164258957,0.3661963641643524
2,228,0.001226264052093029,0.10367429256439209,0.021439099684357643,0.014601915143430233,0.44062283635139465
2,229,0.001218841876834631,-0.04696772247552872,0.131012424826622,0.028155360370874405,0.32971033453941345
2,230,0.0012103320332244039,-0.09975132346153259,0.16170655190944672,0.022730231285095215,0.35400497913360596
2,231,0.001203657011501491,-0.040145523846149445,-0.039198942482471466,0.187999427318573,0.49963095784187317
2,232,0.0011910016182810068,0.12606394290924072,-0.08103984594345093,0.020832637324929237,0.33789461851119995
2,233,0.0011875452473759651,-0.09227700531482697,-0.07513950765132904,0.011518736369907856,0.4136076867580414
2,234,0.0011774104787036777,0.0769646018743515,0.003877527080476284,0.006727604195475578,0.40987685322761536
2,235,0.001174756558611989,-0.09128747880458832,-0.11456804722547531,0.019183097407221794,0.3682355582714081
2,236,0.0011695483699440956,-0.0689953938126564,-0.015208682045340538,0.012794815935194492,0.41873621940612793
2,237,0.001166235189884901,0.010778379626572132,-0.023955564945936203,0.06619694828987122,0.4004586637020111
2,238,0.0011530604679137468,0.03575694188475609,0.01203486230224371,0.015038693323731422,0.40160703659057617
2,239,0.0011384024983271956,-0.06532058119773865,0.04045388102531433,0.012779688462615013,0.3705222010612488
2,240,0.0011343618389219046,0.12450089305639267,0.17940260469913483,0.050261240452528,0.3629308342933655
2,241,0.0011264695785939693,-0.05795508623123169,0.08694460988044739,0.023423917591571808,0.38325420022010803
2,242,0.001121246605180204,0.003537476994097233,0.09253355860710144,0.07409690320491791,0.339996874332428
2,243,0.0011054417118430138,-0.08601322025060654,-0.03290921822190285,0.03622248396277428,0.32320889830589294
2,244,0.0010998517973348498,0.006080320104956627,0.15093952417373657,0.02072136476635933,0.39443662762641907
2,245,0.0010948817944154143,0.057425905019044876,0.09582372009754181,0.015561996027827263,0.3621368706226349
2,246,0.0010870798723772168,-0.01250119972974062,0.06708285212516785,0.01229030266404152,0.2854226231575012
2,247,0.0010744169121608138,-0.14645563066005707,-0.18539424240589142,0.02715790644288063,0.3412402272224426
2,248,0.001071749720722437,0.12237877398729324,0.16276098787784576,0.020847497507929802,0.3456096053123474
2,249,0.0010659784311428666,-0.0739884227514267,-0.018411172553896904,0.017291167750954628,0.36377689242362976
2,250,0.0010626340517774224,-0.041242241859436035,-0.02990434132516384,0.016818683594465256,0.38518866896629333
2,251,0.0010581673122942448,0.05719098448753357,0.09020446240901947,0.028957657516002655,0.3749699294567108
2,252,0.0010494996095076203,-0.10089550167322159,-0.0284704752266407,0.013621494174003601,0.33050471544265747
2,253,0.0010461009806022048,0.0779041200876236,0.05990506336092949,0.08212936669588089,0.4783281087875366
2,254,0.0010369159281253815,-0.03282809630036354,0.046941544860601425,0.10892404615879059,0.43661296367645264
2,255,0.0010319757275283337,0.05317281186580658,0.08663083612918854,0.01970924809575081,0.3601113259792328
3,0,0.03875342011451721,0.795210599899292,0.7885739207267761,0.6816256046295166,0.686500072479248
3,1,0.015801388770341873,0.4597330689430237,0.44762203097343445,0.4907820224761963,0.5771809220314026
3,2,0.015294796787202358,0.19954952597618103,0.12813328206539154,0.27759554982185364,0.434831440448761
3,3,0.014352991245687008,0.29923826456069946,0.3718515932559967,0.5348681211471558,0.6445967555046082
3,4,0.011259176768362522,0.3898327946662903,0.38705429434776306,0.3865174949169159,0.48994141817092896
3,5,0.01086527481675148,0.19103321433067322,0.2006217986345291,0.26128190755844116,0.4866854250431061
3,6,0.010037521831691265,0.3960936665534973,0.38649722933769226,0.36851993203163147,0.4662354588508606
3,7,0.008967976085841656,0.2209738790988922,0.2825702130794525,0.29692572355270386,0.46074607968330383
3,8,0.008903908543288708,0.18010875582695007,0.1967165172100067,0.2812216281890869,0.4263717532157898
3,9,0.008621175773441792,0.2535109519958496,0.2552923858165741,0.3459400236606598,0.4421032965183258
3,10,0.008005177602171898,0.043009936809539795,0.08421105146408081,0.2542337477207184,0.4442370533943176
3,11,0.007890534587204456,0.4066503942012787,0.35899725556373596,0.45207929611206055,0.5868145823478699
3,12,0.007549494970589876,0.14708228409290314,0.08052338659763336,0.3303132653236389,0.5012426376342773
3,13,0.007469963748008013,0.3311885595321655,0.2987826466560364,0.23727165162563324,0.4178614318370819
3,14,0.00707675376906991,0.10853254050016403,0.15879839658737183,0.2927722930908203,0.5227608680725098
3,15,0.006786351092159748,0.19249366223812103,0.19796216487884521,0.22799748182296753,0.4009367823600769
3,16,0.006557913962751627,0.16475996375083923,0.1549675464630127,0.342571496963501,0.47893044352531433
3,17,0.006404743995517492,0.1463152915239334,0.13239702582359314,0.2676835060119629,0.5366771221160889
3,18,0.006291398778557777,0.18372029066085815,0.13506671786308289,0.2666586637496948,0.4461495578289032
3,19,0.0060942573472857475,0.18248005211353302,0.13587114214897156,0.20471268892288208,0.3873113691806793
3,20,0.005974235944449902,0.09628617763519287,0.08846385031938553,0.22228221595287323,0.4696430563926697
3,21,0.005812532268464565,0.2729928493499756,0.2238311469554901,0.22208167612552643,0.4588354527950287
3,22,0.00574981514364481,0.129684716463089,0.10773375630378723,0.16864220798015594,0.39218762516975403
3,23,0.00571717694401741,0.11107149720191956,0.09775606542825699,0.3131488263607025,0.521916389465332
3,24,0.005480993539094925,0.2059970498085022,0.22526676952838898,0.2901495397090912,0.5232373476028442
3,25,0.005338025279343128,0.12042781710624695,0.15368856489658356,0.21777859330177307,0.43272796273231506
3,26,0.005282982252538204,0.14536800980567932,0.16093206405639648,0.24488197267055511,0.4620627760887146
3,27,0.005181447137147188,0.11711530387401581,0.0531332902610302,0.20989735424518585,0.4280446469783783
3,28,0.005064660683274269,0.1711239069700241,0.08452542126178741,0.13672439754009247,0.37147843837738037
3,29,0.004915397148579359,0.21918493509292603,0.16643086075782776,0.19598908722400665,0.46649932861328125
3,30,0.004860652610659599,-0.02431315742433071,-0.09502799808979034,0.3106749951839447,0.5691670775413513
3,31,0.004799679387360811,-0.002687891246750951,0.0014868517173454165,0.17898710072040558,0.49185478687286377
3,32,0.004728429950773716,0.12836913764476776,0.057955849915742874,0.16078339517116547,0.41675183176994324
3,33,0.004685476887971163,0.09081485122442245,0.17238235473632812,0.2568572759628296,0.45677945017814636
3,34,0.004587041679769754,0.15264515578746796,0.16024094820022583,0.2329528033733368,0.41895803809165955
3,35,0.004567315801978111,0.20506402850151062,0.1263974905014038,0.18045002222061157,0.44258102774620056
3,36,0.004483972676098347,0.06538082659244537,0.017321381717920303,0.2567371726036072,0.43987321853637695
3,37,0.0044355615973472595,0.08400784432888031,0.17664220929145813,0.29063159227371216,0.4515092372894287
3,38,0.004362156148999929,0.011074699461460114,-0.005126815289258957,0.010153508745133877,0.37544670701026917
3,39,0.004337082151323557,0.09645041078329086,0.15820588171482086,0.2147578001022339,0.41614705324172974
3,40,0.004307927098125219,0.16131235659122467,0.15805794298648834,0.18446432054042816,0.47960323095321655
3,41,0.0042396485805511475,0.18696194887161255,0.1249287948012352,0.18468645215034485,0.45688220858573914
3,42,0.004156905692070723,0.239515483379364,0.2626785635948181,0.2742534875869751,0.46069732308387756
3,43,0.004127600230276585,0.059732723981142044,0.09306766837835312,0.26865994930267334,0.47835302352905273
3,44,0.004067661706358194,-0.023016169667243958,0.14431916177272797,0.05114676058292389,0.3835543692111969
3,45,0.0040346370078623295,0.22446508705615997,0.08586491644382477,0.23900707066059113,0.49427205324172974
3,46,0.003981528803706169,0.12536579370498657,0.19812443852424622,0.13448604941368103,0.3922533392906189
3,47,0.003920413088053465,0.14795227348804474,0.11140327155590057,0.2462015450000763,0.43556636571884155
3,48,0.003882154356688261,0.030339734628796577,-0.03017900511622429,0.3558378517627716,0.5746471881866455
3,49,0.0038522924296557903,-0.0010432024719193578,0.13567118346691132,0.013014976866543293,0.38139045238494873
3,50,0.0038189254701137543,0.02705172263085842,0.10869712382555008,0.29572248458862305,0.5121111273765564
3,51,0.0037862230092287064,-0.022502664476633072,0.09365026652812958,0.13348326086997986,0.46074178814888
3,52,0.003721291432157159,0.1297179013490677,0.10057317465543747,0.15666741132736206,0.3770483732223511
3,53,0.003691932884976268,0.16203245520591736,0.11102642863988876,0.1903689056634903,0.3962649405002594
3,54,0.0036584825720638037,0.12518581748008728,0.01996675878763199,0.033998120576143265,0.45100924372673035
3,55,0.003594105364754796,0.11565156280994415,0.13066382706165314,0.01589403674006462,0.34253424406051636
3,56,0.00356824928894639,0.06491677463054657,-0.0077392589300870895,0.01298412587493658,0.49184373021125793
3,57,0.0035120209213346243,-0.0021568178199231625,0.04863946512341499,0.01213519461452961,0.4231043756008148
3,58,0.0034711176995187998,0.3039334714412689,0.20946219563484192,0.2383478879928589,0.42747175693511963
3,59,0.0034585995599627495,0.018012044951319695,0.04339613765478134,0.10608779639005661,0.4127858579158783
3,60,0.0034346766769886017,0.14243899285793304,-0.06966246664524078,0.04728110879659653,0.39438340067863464
3,61,0.0033987187780439854,0.10659290105104446,0.08181515336036682,0.015560353174805641,0.33346128463745117
3,62,0.003381663467735052,-0.06957343965768814,-0.03329188749194145,0.034030813723802567,0.5202854871749878
3,63,0.0033492809161543846,0.13086660206317902,0.12196695804595947,0.08062118291854858,0.4344450831413269
3,64,0.003339755814522505,0.05284322798252106,0.040663495659828186,0.17309510707855225,0.4029538333415985
3,65,0.0033076563850045204,0.05743218585848808,0.09456399828195572,0.15397492051124573,0.41588279604911804
3,66,0.0032937778159976006,0.043763015419244766,0.11855901032686234,0.10704384744167328,0.41055920720100403
3,67,0.0032250257208943367,0.07141745090484619,0.03785301372408867,0.07644738256931305,0.3445528447628021
3,68,0.0032123858109116554,-0.0267555620521307,0.009856246411800385,0.14700917899608612,0.37955141067504883
3,69,0.003171992488205433,0.03170906752347946,0.2507373094558716,0.02139187790453434,0.40538766980171204
3,70,0.0031311623752117157,0.18551012873649597,0.10809099674224854,0.23158952593803406,0.41903239488601685
3,71,0.0031098907347768545,-0.04518583044409752,0.07850070297718048,0.016925163567066193,0.38977566361427307
3,72,0.003091236809268594,0.21990364789962769,0.2986167073249817,0.17445561289787292,0.4089776277542114
3,73,0.0030693935696035624,-0.03632339835166931,0.1369178295135498,0.12565259635448456,0.4107692539691925
3,74,0.0030622039921581745,0.04404056444764137,0.04747822880744934,0.008680964820086956,0.32666921615600586
3,75,0.0030411730986088514,-0.010758600197732449,0.08675491064786911,0.29353052377700806,0.6396118402481079
3,76,0.0030054461676627398,0.023034321144223213,0.18246984481811523,0.014219863340258598,0.3751387894153595
3,77,0.003002400975674391,0.11631743609905243,0.19048239290714264,0.14920629560947418,0.4322352409362793
3,78,0.0029450790025293827,0.022579887881875038,0.0378754623234272,0.12649022042751312,0.359960675239563
3,79,0.00292607257142663,0.11595079302787781,0.0760946050286293,0.016056127846240997,0.3489518165588379
3,80,0.0029069846495985985,0.13809801638126373,0.1072801947593689,0.20518800616264343,0.4385874569416046
3,81,0.002864204114302993,0.15679669380187988,0.1927448809146881,0.15888717770576477,0.41375428438186646
3,82,0.00283870380371809,0.03888021782040596,0.021714089438319206,0.03586592525243759,0.34515446424484253
3,83,0.0027935595717281103,0.07247664779424667,0.0334407202899456,0.17139992117881775,0.4531751275062561
3,84,0.002787553472444415,0.12244375795125961,0.06246146932244301,0.05100785195827484,0.3953606188297272
3,85,0.002759507391601801,0.09190680086612701,0.11290038377046585,0.08061341196298599,0.3718436360359192
3,86,0.002749969717115164,0.052114203572273254,0.14231206476688385,0.09883557260036469,0.411957323551178
3,87,0.002734120236709714,0.0820196270942688,0.027094822376966476,0.02254083938896656,0.3627500832080841
3,88,0.0027230712585151196,0.09821180254220963,0.018185194581747055,0.1847635954618454,0.502082109451294
3,89,0.002713247900828719,0.11398158967494965,0.08808271586894989,0.1843758225440979,0.4971819818019867
3,90,0.0026779212057590485,-0.015462987124919891,0.09423108398914337,0.023552188649773598,0.36578696966171265
3,91,0.0026562476996332407,-0.01756439544260502,0.05674367770552635,0.03918507695198059,0.3783615827560425
3,92,0.0026404820382595062,0.09814383834600449,0.11674439162015915,0.0670986995100975,0.37437137961387634
3,93,0.0026310845278203487,0.025866767391562462,0.07047589868307114,0.0727841779589653,0.3464825749397278
3,94,0.00260287057608366,0.06941775977611542,0.09077534079551697,0.04128385707736015,0.4739820957183838
3,95,0.002588836243376136,0.0652732327580452,0.02794533595442772,0.01039698626846075,0.3642614483833313
3,96,0.0025817151181399822,0.04943590983748436,0.0681590810418129,0.02215171791613102,0.3209656774997711
3,97,0.002561731729656458,0.05614685267210007,0.1788688749074936,0.10387661308050156,0.47170817852020264
3,98,0.0025514725130051374,0.1076466515660286,0.022604916244745255,0.023031800985336304,0.2958356738090515
3,99,0.002531765727326274,-0.021873457357287407,-0.0035710902884602547,0.006342669483274221,0.3681238293647766
3,100,0.002512189792469144,0.028473958373069763,0.13254792988300323,0.07124112546443939,0.45644643902778625
3,101,0.0024932799860835075,0.12428244948387146,0.0396914929151535,0.07265869528055191,0.37167853116989136
3,102,0.0024740835651755333,-0.046307504177093506,0.04540455341339111,0.0138798076659441,0.4024604856967926
3,103,0.0024588967207819223,0.10842932015657425,0.07467610388994217,0.16923105716705322,0.42010632157325745
3,104,0.0024489429779350758,0.08893848210573196,0.07096392661333084,0.012569994665682316,0.38918641209602356
3,105,0.002421989571303129,-0.022340096533298492,0.042487647384405136,0.07563786208629608,0.3032604157924652
3,106,0.002405912149697542,-0.002200871938839555,0.08400268107652664,0.015190505422651768,0.4051607549190521
3,107,0.0024003051221370697,0.12468954175710678,0.1364932358264923,0.04525214433670044,0.40414267778396606
3,108,0.002375242067500949,0.1487177014350891,0.163388192653656,0.027193838730454445,0.3935790956020355
3,109,0.002370648318901658,0.09559646248817444,-0.021846655756235123,0.0564725399017334,0.38258659839630127
3,110,0.0023410434368997812,0.14999479055404663,0.0062384698539972305,0.08802852034568787,0.3351752460002899
3,111,0.002322714077308774,0.01761903241276741,0.09883248060941696,0.032345473766326904,0.43772220611572266
3,112,0.0023132911883294582,0.09038254618644714,0.04544785991311073,0.029358141124248505,0.389962762594223
3,113,0.002297188388183713,-0.007501100189983845,0.047604504972696304,0.11189045011997223,0.3500690758228302
3,114,0.0022910404950380325,-0.05402330309152603,0.2694042921066284,0.058942556381225586,0.4582763910293579
3,115,0.0022682782728224993,0.019838379696011543,-0.060395337641239166,0.04935598000884056,0.3608062267303467
3,116,0.0022662258706986904,0.07453228533267975,0.08121899515390396,0.014864073134958744,0.3548060357570648
3,117,0.002249852055683732,-0.0035366343799978495,0.11498401314020157,0.04351786524057388,0.36914119124412537
3,118,0.002236711559817195,0.031267520040273666,0.002853626385331154,0.02494129352271557,0.36786994338035583
3,119,0.00220474973320961,-0.008016732521355152,-0.029538556933403015,0.03847090154886246,0.390685498714447
3,120,0.002197364578023553,-0.0011076724622398615,0.08153799921274185,0.020983818918466568,0.39088696241378784
3,121,0.0021919934079051018,0.030271753668785095,0.16313596069812775,0.05507253110408783,0.42708349227905273
3,122,0.0021870394703000784,0.09960028529167175,0.08394089341163635,0.043750252574682236,0.3684662878513336
3,123,0.002169431885704398,0.07633211463689804,0.11255289614200592,0.03481202572584152,0.3125581443309784
3,124,0.0021663845982402563,0.14606158435344696,0.16133591532707214,0.03300534561276436,0.4405952990055084
3,125,0.0021460060961544514,0.00750775495544076,0.012475251220166683,0.011060001328587532,0.4128759801387787
3,126,0.002133934758603573,-0.038613636046648026,-0.11203906685113907,0.10740651935338974,0.4266756772994995
3,127,0.0021189828403294086,0.14768186211585999,0.03950066864490509,0.026250874623656273,0.47210434079170227
3,128,0.0020986187737435102,0.14013385772705078,0.19326508045196533,0.009878076612949371,0.3396621644496918
3,129,0.0020938259549438953,0.1844986379146576,0.200792133808136,0.042272698134183884,0.43702995777130127
3,130,0.0020743664354085922,-0.038620058447122574,-0.0068600536324083805,0.02610369399189949,0.41235047578811646
3,131,0.002065515611320734,0.05614905804395676,-0.04794198274612427,0.055530693382024765,0.3600347638130188
3,132,0.00205142586492002,0.08763356506824493,0.016124753281474113,0.14726170897483826,0.4046193063259125
3,133,0.002043690998107195,0.07554788142442703,0.1019979789853096,0.14466024935245514,0.3954569697380066
3,134,0.002037046942859888,0.09935396164655685,0.01765410229563713,0.09577953070402145,0.4143123924732208
3,135,0.0020225096959620714,0.08453201502561569,0.05173239856958389,0.008213141933083534,0.3718056082725525
3,136,0.0020056222565472126,0.011230187490582466,0.07277458161115646,0.06393278390169144,0.4610385298728943
3,137,0.001994229620322585,-0.030491895973682404,0.044556450098752975,0.01134122721850872,0.4340384602546692
3,138,0.001970612443983555,0.08638705313205719,-0.11543053388595581,0.015988776460289955,0.33197835087776184
3,139,0.001960202120244503,0.11802088469266891,0.08086835592985153,0.032094523310661316,0.40294697880744934
3,140,0.0019526126561686397,-0.09557560831308365,-0.17683622241020203,0.07682275772094727,0.39550307393074036
3,141,0.0019460206385701895,-0.0546308197081089,-0.0764087587594986,0.08081088960170746,0.502966582775116
3,142,0.001926141558215022,0.15682122111320496,0.23778396844863892,0.12219703197479248,0.3771708607673645
3,143,0.0019152505556121469,0.07758040726184845,0.06327618658542633,0.07143957167863846,0.39652901887893677
3,144,0.0018957224674522877,-0.08609113097190857,-0.06854461878538132,0.033510565757751465,0.3901048004627228
3,145,0.0018898642156273127,0.06111857667565346,0.007951250299811363,0.017910467460751534,0.33180224895477295
3,146,0.0018885061144828796,0.11527635157108307,0.12740406394004822,0.033510275185108185,0.323316365480423
3,147,0.0018728862050920725,0.10281390696763992,-0.042426858097314835,0.08334460109472275,0.4081559181213379
3,148,0.0018598893657326698,0.022937845438718796,0.053234923630952835,0.014043639414012432,0.3665658235549927
3,149,0.0018542977049946785,0.08375097811222076,-0.03766792640089989,0.0438583679497242,0.39101582765579224
3,150,0.001849405001848936,0.02054564841091633,-0.0075471121817827225,0.06856289505958557,0.41775473952293396
3,151,0.001834304304793477,0.06644389778375626,-0.038437459617853165,0.03522873669862747,0.40145984292030334
3,152,0.0018252560403198004,0.16401824355125427,0.149554044008255,0.030107609927654266,0.35434529185295105
3,153,0.0018234853632748127,0.18042787909507751,0.1708880513906479,0.02789260447025299,0.386168509721756
3,154,0.0018066064221784472,0.060813114047050476,-0.08329726755619049,0.05330166220664978,0.4301602244377136
3,155,0.0018008558545261621,-0.04541010409593582,-0.15319813787937164,0.01512173842638731,0.4359768033027649
3,156,0.0017858295468613505,-0.08439485728740692,0.003792057977989316,0.03919597342610359,0.3979503810405731
3,157,0.0017768361140042543,0.06751391291618347,0.12412900477647781,0.017931833863258362,0.340472549200058
3,158,0.0017680930905044079,0.12116116285324097,-0.13136793673038483,0.028430437669157982,0.40740692615509033
3,159,0.0017610605573281646,-0.03324282541871071,0.1061149388551712,0.07928682118654251,0.3745943009853363
3,160,0.0017475271597504616,0.08451903611421585,0.0760079026222229,0.1454836130142212,0.41624996066093445
3,161,0.0017445378471165895,0.05816294997930527,-0.031608693301677704,0.12530702352523804,0.5134254693984985
3,162,0.0017326342640444636,0.08396192640066147,0.0855020061135292,0.07703498750925064,0.3434310257434845
3,163,0.001715020858682692,0.036541592329740524,0.07197163999080658,0.13013553619384766,0.40439659357070923
3,164,0.0017032279865816236,0.06690944731235504,-0.050598517060279846,0.08914479613304138,0.4533345401287079
3,165,0.0016943986993283033,0.03114224411547184,0.01590956747531891,0.017164427787065506,0.36025556921958923
3,166,0.0016831911634653807,0.0052032470703125,0.04209914430975914,0.030384864658117294,0.450729101896286
3,167,0.0016763273160904646,0.06545604765415192,0.14129510521888733,0.02646009624004364,0.3511003851890564
3,168,0.0016618327936157584,0.09601543843746185,-0.013970060274004936,0.04990693926811218,0.3679955303668976
3,169,0.0016554384492337704,0.048156384378671646,0.013190526515245438,0.13403591513633728,0.4370337128639221
3,170,0.001650171005167067,-0.12809854745864868,0.04835078865289688,0.01692315749824047,0.37443679571151733
3,171,0.0016472607385367155,-0.026989690959453583,-0.16841556131839752,0.014166222885251045,0.3408854901790619
3,172,0.001631945138797164,0.19838349521160126,0.22532740235328674,0.25318458676338196,0.4698972702026367
3,173,0.0016299529233947396,-0.10581287741661072,-0.10400889068841934,0.022514909505844116,0.3744637668132782
3,174,0.0016203952254727483,0.08475525677204132,0.02013312838971615,0.06237274780869484,0.3444955348968506
3,175,0.0016135110054165125,-0.004358851816505194,0.10913936793804169,0.013023762963712215,0.36029157042503357
3,176,0.001600970746949315,0.0857941284775734,0.0067149014212191105,0.010403528809547424,0.38790783286094666
3,177,0.0015938379801809788,0.10792176425457001,0.06105489656329155,0.02703535556793213,0.32999685406684875
3,178,0.0015842202119529247,0.0883675366640091,0.10928313434123993,0.04839209094643593,0.40230119228363037
3,179,0.0015811191406100988,0.12232616543769836,0.13430121541023254,0.013547592796385288,0.31652021408081055
3,180,0.001575310598127544,0.033711425960063934,-0.0201701819896698,0.014742501080036163,0.3297576606273651
3,181,0.0015656854957342148,0.016271384432911873,0.15821819007396698,0.05316503345966339,0.45315906405448914
3,182,0.0015541842440143228,-0.05632182955741882,-0.06917097419500351,0.029923677444458008,0.3860970735549927
3,183,0.001553015667013824,-0.02466346137225628,-0.02668478898704052,0.03142502158880234,0.3112308979034424
3,184,0.0015414528315886855,0.013529443182051182,0.12784656882286072,0.03507493808865547,0.37143564224243164
3,185,0.0015292729949578643,0.03702808916568756,0.04113141819834709,0.012987291440367699,0.3583065867424011
3,186,0.0015240951906889677,0.057717010378837585,0.04346727952361107,0.031629279255867004,0.3597445487976074
3,187,0.0015195898013189435,0.1526355892419815,0.13441184163093567,0.013118661008775234,0.3025874197483063
3,188,0.0015019677812233567,0.12899960577487946,0.1082085445523262,0.06266456097364426,0.3939845561981201
3,189,0.0014969330513849854,0.2313968390226364,0.1640823483467102,0.017104703933000565,0.38489440083503723
3,190,0.0014922565314918756,0.08783920109272003,0.0771523267030716,0.05298811197280884,0.38634806871414185
3,191,0.0014879553345963359,-0.041902121156454086,-0.029036933556199074,0.0168293584138155,0.32585257291793823
3,192,0.0014806641265749931,-0.09922908991575241,-0.021305713802576065,0.06259048730134964,0.30899810791015625
3,193,0.0014719387982040644,-0.004314790014177561,0.04543604329228401,0.10695534944534302,0.49271729588508606
3,194,0.0014661864843219519,-0.1387494057416916,-0.06764640659093857,0.06912029534578323,0.3174525499343872
3,195,0.0014574783854186535,-0.027602845802903175,-0.06565813720226288,0.020264023914933205,0.41825196146965027
3,196,0.0014403706882148981,-0.019965138286352158,0.10830523073673248,0.10463465005159378,0.33204761147499084
3,197,0.0014382594963535666,0.016619833186268806,-0.11117388308048248,0.013489437289536,0.34228286147117615
3,198,0.0014365619281306863,0.005406568292528391,0.030947137624025345,0.029238268733024597,0.4359990954399109
3,199,0.0014225199120119214,-0.09124517440795898,-0.08390574157238007,0.013354979455471039,0.3285735547542572
3,200,0.001417047344148159,-0.010014261119067669,0.02440597489476204,0.06942964345216751,0.3075701892375946
3,201,0.0014059774111956358,0.02401813119649887,0.025370299816131592,0.08194349706172943,0.35756659507751465
3,202,0.0014034779742360115,0.01673654094338417,0.15736547112464905,0.01962069794535637,0.29301920533180237
3,203,0.001399013795889914,0.026937471702694893,-0.02844485640525818,0.035554438829422,0.39145874977111816
3,204,0.0013842503540217876,-0.021278802305459976,0.07590524107217789,0.015901708975434303,0.3171193599700928
3,205,0.0013799975859001279,0.06342217326164246,0.00017833555466495454,0.009585491381585598,0.32364070415496826
3,206,0.001375769730657339,-0.028303086757659912,-0.06848039478063583,0.018459979444742203,0.34295254945755005
3,207,0.0013611033791676164,0.018387380987405777,-0.002953664166852832,0.014010227285325527,0.35052454471588135
3,208,0.0013571950839832425,0.11267082393169403,0.18020440638065338,0.06361662596464157,0.34675225615501404
3,209,0.0013539758510887623,0.06247854232788086,0.07670174539089203,0.010263710282742977,0.3409908711910248
3,210,0.0013406286016106606,0.047809142619371414,0.07718862593173981,0.0177625585347414,0.349494606256485
3,211,0.0013363142497837543,0.12158667296171188,0.11370199173688889,0.047975778579711914,0.3794553875923157
3,212,0.0013258125400170684,0.003075229236856103,0.09067413210868835,0.013841722160577774,0.3849353790283203
3,213,0.0013228014577180147,0.13466644287109375,0.06413605064153671,0.060714662075042725,0.365618497133255
3,214,0.00131240114569664,-0.094204381108284,-0.009559192694723606,0.01167532429099083,0.27860310673713684
3,215,0.0013052811846137047,0.09423981606960297,0.0998588353395462,0.07218077778816223,0.3804195821285248
3,216,0.001302529708482325,0.1410602331161499,-0.07097470760345459,0.01628895476460457,0.30760252475738525
3,217,0.0012951596872881055,0.0009275561897084117,-0.054062213748693466,0.036840032786130905,0.36644428968429565
3,218,0.0012817593524232507,0.02189428173005581,0.20002101361751556,0.02135167270898819,0.3762363791465759
3,219,0.0012773723574355245,-0.09887939691543579,-0.07859686762094498,0.01639973558485508,0.4352473020553589
3,220,0.0012713808100670576,0.03982175141572952,0.04825527220964432,0.08394356817007065,0.3636133372783661
3,221,0.0012694667093455791,-0.01863217167556286,0.01046627014875412,0.025107426568865776,0.38488662242889404
3,222,0.0012645755195990205,-0.04697748273611069,0.052781082689762115,0.03514685109257698,0.3187485337257385
3,223,0.0012544641504064202,0.028159169480204582,0.027940161526203156,0.010120371356606483,0.3132736086845398
3,224,0.001245220541022718,0.029737425968050957,-0.03191547468304634,0.02810792624950409,0.3825990557670593
3,225,0.0012404713779687881,-0.07234308123588562,-0.013787641189992428,0.01795562542974949,0.4642980992794037
3,226,0.0012341644614934921,-0.1507977843284607,0.06941170990467072,0.03208477050065994,0.3706521987915039
3,227,0.0012161735212430358,-0.04942397400736809,-0.06043707951903343,0.034276675432920456,0.3764612376689911
3,228,0.0012135074939578772,0.10083234310150146,-0.0017788044642657042,0.05178048834204674,0.30174776911735535
3,229,0.0012089970987290144,0.07525637745857239,0.04679432883858681,0.06271293759346008,0.40419790148735046
3,230,0.0012013240484520793,0.13677433133125305,0.10780510306358337,0.10462654381990433,0.37052106857299805
3,231,0.0011935258517041802,0.09219611436128616,-0.07129892706871033,0.018380463123321533,0.4006689190864563
3,232,0.0011904077837243676,0.065989188849926,0.127052441239357,0.032795362174510956,0.3365708887577057
3,233,0.0011788789415732026,0.14690634608268738,0.17242102324962616,0.03269021958112717,0.35678842663764954
3,234,0.0011752991704270244,0.05266839265823364,0.021294809877872467,0.02408936619758606,0.4101431667804718
3,235,0.001172752003185451,-0.028147106990218163,-0.016736125573515892,0.023579077795147896,0.3338867127895355
3,236,0.0011654458940029144,0.029501289129257202,0.0018375992076471448,0.07961666584014893,0.40557384490966797
3,237,0.0011616427218541503,-0.05376695841550827,0.06865683943033218,0.028257306665182114,0.3567710816860199
3,238,0.0011527044698596,0.08979671448469162,0.07928026467561722,0.011591042391955853,0.3178020715713501
3,239,0.0011422192910686135,-0.10264652967453003,0.05750751122832298,0.007307495456188917,0.2984470725059509
3,240,0.0011410907609388232,0.061387430876493454,-0.0875711515545845,0.06026681512594223,0.35853442549705505
3,241,0.0011384837562218308,-0.05979275703430176,-0.07124052941799164,0.04488063603639603,0.31183168292045593
3,242,0.0011294633150100708,-0.14549891650676727,0.07776286453008652,0.026037195697426796,0.3011478781700134
3,243,0.0011234552366659045,0.011568228714168072,0.12571834027767181,0.06085306406021118,0.3701861500740051
3,244,0.00111264584120363,0.039507169276475906,0.021456867456436157,0.01749616675078869,0.35146260261535645
3,245,0.001105158356949687,0.08034612983465195,0.0039303298108279705,0.06286945194005966,0.35437148809432983
3,246,0.0010974084725603461,-0.03472267463803291,-0.03853187337517738,0.014209584333002567,0.29810088872909546
3,247,0.0010859526228159666,0.16370238363742828,0.1258431077003479,0.10384935885667801,0.41016241908073425
3,248,0.0010800104355439544,0.058170393109321594,0.02667795680463314,0.02242535911500454,0.3417554497718811
3,249,0.0010718328412622213,0.03376931697130203,0.027039311826229095,0.011323717422783375,0.3228626549243927
3,250,0.0010698165278881788,0.10604394227266312,0.11768362671136856,0.03577350080013275,0.3798924386501312
3,251,0.0010672570206224918,0.032222069799900055,0.012755103409290314,0.012211971916258335,0.33176806569099426
3,252,0.0010604269336909056,0.06873615086078644,0.07308254390954971,0.13071759045124054,0.3051830232143402
3,253,0.0010586263379082084,0.07221470028162003,-0.06149781122803688,0.015568236820399761,0.40343955159187317
3,254,0.001042720745317638,-0.19028042256832123,-0.01430551614612341,0.029082871973514557,0.2935953438282013
3,255,0.0010395451681688428,0.028307344764471054,0.03794138878583908,0.016318030655384064,0.39028283953666687
4,0,0.03868928179144859,0.7665591835975647,0.7609345316886902,0.7287766337394714,0.7734282612800598
4,1,0.015919875353574753,0.2547658681869507,0.23326043784618378,0.2882425785064697,0.45242154598236084
4,2,0.015150807797908783,0.43754926323890686,0.42192208766937256,0.42846477031707764,0.5316585898399353
4,3,0.01338567491620779,0.4206793010234833,0.39890220761299133,0.35389021039009094,0.4776597321033478
4,4,0.012172256596386433,0.3354548513889313,0.31837227940559387,0.39342013001441956,0.5957959890365601
4,5,0.011021646670997143,0.18356232345104218,0.071559377014637,0.33471351861953735,0.4683557152748108
4,6,0.009926564991474152,0.35301822423934937,0.3682008683681488,0.40367391705513,0.5527773499488831
4,7,0.009447802789509296,0.30769142508506775,0.27667322754859924,0.45387616753578186,0.6253109574317932
4,8,0.008928811177611351,0.14907896518707275,0.2125416398048401,0.2436225712299347,0.4267602264881134
4,9,0.008631001226603985,0.2304442822933197,0.307912141084671,0.20479151606559753,0.44060778617858887
4,10,0.008247213438153267,0.13726483285427094,0.18265390396118164,0.3957626223564148,0.5539849400520325
4,11,0.007928339764475822,0.4184958040714264,0.3612356185913086,0.36445552110671997,0.5095788240432739
4,12,0.007737002335488796,0.24129635095596313,0.27794837951660156,0.3655107021331787,0.5738961696624756
4,13,0.007408812642097473,0.16987138986587524,0.163713738322258,0.32806161046028137,0.5356016755104065
4,14,0.00713168503716588,0.2921905219554901,0.28432783484458923,0.43606099486351013,0.5944668650627136
4,15,0.0069635831750929356,0.037517938762903214,0.22271718084812164,0.21269261837005615,0.4818373918533325
4,16,0.006709726992994547,0.23875926434993744,0.18942444026470184,0.31693071126937866,0.5546903610229492
4,17,0.006506731268018484,0.09903673082590103,0.055302347987890244,0.23304273188114166,0.44134068489074707
4,18,0.006446388550102711,0.15986990928649902,0.18120092153549194,0.3440707325935364,0.6208603978157043
4,19,0.006340331863611937,0.16969537734985352,0.06695897877216339,0.17798864841461182,0.42664819955825806
4,20,0.006039285566657782,0.30661091208457947,0.30814167857170105,0.34812551736831665,0.6041370034217834
4,21,0.0059858886525034904,0.0840073674917221,0.07710787653923035,0.17324292659759521,0.4004616439342499
4,22,0.005811660550534725,-0.013726986013352871,-0.053851768374443054,0.04724573343992233,0.37698084115982056
4,23,0.005770003888756037,0.23478852212429047,0.30463770031929016,0.2936364412307739,0.4697091579437256
4,24,0.005687508266419172,0.1146201491355896,0.11703434586524963,0.20772413909435272,0.4250989556312561
4,25,0.005404307506978512,0.1838354915380478,0.24061186611652374,0.2804730236530304,0.5843808054924011
4,26,0.005308456253260374,0.2607269585132599,0.2644333243370056,0.3211456835269928,0.538840115070343
4,27,0.005166991148144007,0.10998546332120895,0.15132242441177368,0.27085164189338684,0.5360091924667358
4,28,0.005076251458376646,0.10961178690195084,0.12851159274578094,0.24631857872009277,0.4827892482280731
4,29,0.0049443901516497135,0.1480342447757721,0.13633373379707336,0.19434401392936707,0.479819655418396
4,30,0.004919372033327818,0.18609286844730377,0.12449122220277786,0.25523242354393005,0.43614843487739563
4,31,0.004825756885111332,0.13009768724441528,0.1055130809545517,0.16789153218269348,0.43928268551826477
4,32,0.004688218701630831,0.17577894032001495,0.12651878595352173,0.1511155217885971,0.4706600606441498
4,33,0.004651120863854885,0.008017146028578281,0.040241386741399765,0.17269094288349152,0.4078500270843506
4,34,0.004591840319335461,0.017113927751779556,0.23174969851970673,0.012494632042944431,0.4248831272125244
4,35,0.0045436667278409,0.10871108621358871,0.1961624175310135,0.33324024081230164,0.5610844492912292
4,36,0.004491512663662434,-0.05192122608423233,0.021958889439702034,0.19220086932182312,0.4444660246372223
4,37,0.0044418442994356155,0.17624789476394653,0.2669944167137146,0.16123411059379578,0.4980253577232361
4,38,0.004385806154459715,0.05772897228598595,0.0266086608171463,0.10294750332832336,0.4725918769836426
4,39,0.004302233457565308,0.11020200699567795,0.18571360409259796,0.17979027330875397,0.4577844738960266
4,40,0.004247934557497501,-0.08247948437929153,-0.043233755975961685,0.25368183851242065,0.5146883726119995
4,41,0.004213424399495125,0.0840652659535408,0.09209560602903366,0.14391902089118958,0.3535327911376953
4,42,0.004125377628952265,0.24108481407165527,0.18932107090950012,0.2955075800418854,0.5501167178153992
4,43,0.0041114394553005695,0.1893445998430252,0.16246697306632996,0.1504209339618683,0.4431355595588684
4,44,0.004057836718857288,0.14917632937431335,0.08773016184568405,0.2486269325017929,0.4276507794857025
4,45,0.004008820746093988,0.09607917070388794,0.047268375754356384,0.21999986469745636,0.6143637895584106
4,46,0.00392761779949069,0.18512189388275146,0.10511711239814758,0.27775299549102783,0.5161484479904175
4,47,0.0039106691256165504,0.03468487411737442,0.0253429114818573,0.045195989310741425,0.4394480586051941
4,48,0.0038614338263869286,0.0538862980902195,0.11339833587408066,0.047856636345386505,0.4105631709098816
4,49,0.0038186691235750914,0.12969383597373962,0.13700644671916962,0.22066374123096466,0.4656454026699066
4,50,0.0037896980065852404,0.16506782174110413,0.00021241542708594352,0.047892529517412186,0.42014259099960327
4,51,0.0037571389693766832,0.07348686456680298,0.1519964337348938,0.04472107067704201,0.44088202714920044
4,52,0.0036717308685183525,0.12624122202396393,0.088753342628479,0.11181801557540894,0.4789780080318451
4,53,0.003668636316433549,0.05099101737141609,0.08312653750181198,0.13961181044578552,0.457526296377182
4,54,0.0036245074588805437,0.07775457948446274,0.19016095995903015,0.013781345449388027,0.4416050910949707
4,55,0.0036172177642583847,0.06897938251495361,0.003232052084058523,0.12989893555641174,0.4504747986793518
4,56,0.0035514060873538256,0.1866665780544281,0.22650116682052612,0.10080942511558533,0.4199419617652893
4,57,0.0035240270663052797,-0.00028968442347832024,0.07870977371931076,0.030613496899604797,0.36486580967903137
4,58,0.003490990260615945,0.1733398139476776,0.15111376345157623,0.13169418275356293,0.359099417924881
4,59,0.0034508544486016035,0.00918525829911232,0.21051599085330963,0.03962746635079384,0.38959062099456787
4,60,0.003406971925869584,0.10253875702619553,0.19194914400577545,0.13602571189403534,0.5127283930778503
4,61,0.0033807766158133745,0.16002734005451202,0.16715273261070251,0.26124346256256104,0.5605279803276062
4,62,0.003351666033267975,-0.11955028027296066,-0.04116493836045265,0.20178884267807007,0.3787457346916199
4,63,0.00331383990123868,-0.01998157426714897,0.04200915992259979,0.09216964244842529,0.5200870633125305
4,64,0.0032865148968994617,0.165736123919487,0.1972421109676361,0.02231263741850853,0.5009428858757019
4,65,0.003276184434071183,0.06792884320020676,0.12907004356384277,0.024314146488904953,0.43006160855293274
4,66,0.0032344588544219732,0.14375458657741547,0.06819722801446915,0.1611122488975525,0.4976361095905304
4,67,0.0032006080728024244,0.03256165608763695,0.04781288653612137,0.23618532717227936,0.44264304637908936
4,68,0.0031872522085905075,0.06040569394826889,0.1497253030538559,0.12169691175222397,0.46395787596702576
4,69,0.0031481259502470493,0.11212190240621567,0.15274761617183685,0.19439814984798431,0.4934038519859314
4,70,0.003119439585134387,0.14577561616897583,0.18566258251667023,0.061672791838645935,0.3727155029773712
4,71,0.0031048196833580732,0.056095898151397705,0.04112645238637924,0.2391040176153183,0.5489994883537292
4,72,0.003090900368988514,0.03145676106214523,-0.03723298758268356,0.15755511820316315,0.4148794412612915
4,73,0.003041307907551527,-0.08046569675207138,0.012992366217076778,0.014689541421830654,0.40332889556884766
4,74,0.003029627026990056,0.21167804300785065,0.09804398566484451,0.15232880413532257,0.43164244294166565
4,75,0.0030069160275161266,0.013656621798872948,0.007196575403213501,0.09846626967191696,0.5151848196983337
4,76,0.00298241782002151,0.17577610909938812,0.23225334286689758,0.19285491108894348,0.4669734537601471
4,77,0.0029641510918736458,-0.0018816250376403332,-0.023196902126073837,0.08319183439016342,0.4365993142127991
4,78,0.0029475472401827574,0.2738688886165619,0.18202975392341614,0.18959926068782806,0.46993690729141235
4,79,0.0029249978251755238,0.05163399502635002,0.12300751358270645,0.17126208543777466,0.5142993330955505
4,80,0.0028738793917000294,-0.024438707157969475,0.01601908728480339,0.020357180386781693,0.39114680886268616
4,81,0.0028694691136479378,0.07229981571435928,0.02716396190226078,0.20152921974658966,0.5439726114273071
4,82,0.002839896362274885,0.05614958703517914,0.08457587659358978,0.04133649170398712,0.5264449119567871
4,83,0.0028288322500884533,-0.04920481517910957,0.11061208695173264,0.0795697495341301,0.46495696902275085
4,84,0.0028242934495210648,0.030248498544096947,0.03385027125477791,0.013445034623146057,0.32402607798576355
4,85,0.002790085505694151,0.14947271347045898,0.09067817032337189,0.012291903607547283,0.4101790189743042
4,86,0.0027617369778454304,-0.0001497048360761255,-0.076958067715168,0.06087791174650192,0.4316459894180298
4,87,0.00274541019462049,0.08644800633192062,-0.0014704838395118713,0.08895846456289291,0.3916472792625427
4,88,0.002710682572796941,0.1257982850074768,0.09785480052232742,0.11541930586099625,0.44970086216926575
4,89,0.00269353948533535,8.152656664606184e-05,0.13219250738620758,0.11558757722377777,0.3943350613117218
4,90,0.0026754101272672415,-0.05021224543452263,-0.03526632860302925,0.19021111726760864,0.425929993391037
4,91,0.0026624479796737432,-0.034066878259181976,-0.03031032904982567,0.012925713323056698,0.3982689082622528
4,92,0.002634808188304305,0.14927050471305847,0.18108274042606354,0.09335113316774368,0.4867865741252899
4,93,0.002619413658976555,0.2846870720386505,0.18242387473583221,0.12361273914575577,0.4187045097351074
4,94,0.0026035206392407417,0.13413649797439575,0.17900149524211884,0.036448169499635696,0.3873245120048523
4,95,0.0025892937555909157,-0.014929131604731083,0.11427264660596848,0.06173115596175194,0.42008572816848755
4,96,0.0025730037596076727,0.0651530772447586,0.19421888887882233,0.020536599680781364,0.4864158034324646
4,97,0.0025433781556785107,0.14106935262680054,0.12769746780395508,0.020944718271493912,0.3236052393913269
4,98,0.0025201409589499235,0.1147548258304596,0.02112152986228466,0.013933596201241016,0.32995906472206116
4,99,0.002514447085559368,0.039398111402988434,0.1152753010392189,0.008476213552057743,0.45275604724884033
4,100,0.0024931200314313173,0.019994063302874565,-0.016170958057045937,0.05214650556445122,0.48313790559768677
4,101,0.002480915281921625,-0.019693244248628616,0.13373585045337677,0.07159040123224258,0.4296506941318512
4,102,0.0024589651729911566,0.06449182331562042,0.05293309688568115,0.11792261898517609,0.446590393781662
4,103,0.0024483208544552326,-0.10200078785419464,-0.03408852964639664,0.220095694065094,0.4683191478252411
4,104,0.0024323780089616776,0.07845259457826614,0.14792875945568085,0.13294070959091187,0.49948543310165405
4,105,0.002428178209811449,0.04777311533689499,-0.0038502044044435024,0.0621042400598526,0.4302448332309723
4,106,0.0024015691597014666,-0.10206452012062073,-0.04406411573290825,0.056165989488363266,0.4153798222541809
4,107,0.002378105418756604,-0.0553344301879406,0.027326002717018127,0.16847798228263855,0.5239291191101074
4,108,0.002374645322561264,0.07342219352722168,-0.028087055310606956,0.08270309120416641,0.34338948130607605
4,109,0.002369205467402935,0.09009166806936264,0.1304052770137787,0.06704238057136536,0.4752196967601776
4,110,0.002347752684727311,0.14538830518722534,0.05473097041249275,0.027717601507902145,0.4592282474040985
4,111,0.0023194733075797558,0.13524776697158813,0.15957987308502197,0.0822371169924736,0.3675203025341034
4,112,0.002315780147910118,-0.07270732522010803,0.10588736087083817,0.0601852685213089,0.35628294944763184
4,113,0.002292112447321415,0.06321453303098679,0.1774761974811554,0.15620356798171997,0.37893280386924744
4,114,0.0022788946516811848,0.0966031476855278,0.02420727163553238,0.0677269771695137,0.401047945022583
4,115,0.002261396497488022,0.06514737010002136,-0.03667963296175003,0.041070275008678436,0.3407122492790222
4,116,0.00225156731903553,0.06215602159500122,0.06768259406089783,0.08937832713127136,0.42786458134651184
4,117,0.0022248984314501286,-0.06525810062885284,0.09797534346580505,0.03771699592471123,0.39733460545539856
4,118,0.0022136298939585686,-0.012475819326937199,-0.0002012020122492686,0.12085653096437454,0.4534113109111786
4,119,0.002203516662120819,0.06354920566082001,0.00969860889017582,0.021377936005592346,0.49332064390182495
4,120,0.002192801097407937,0.08383363485336304,0.09547479450702667,0.1309891641139984,0.43790680170059204
4,121,0.002177506685256958,-0.03546065464615822,0.034312136471271515,0.08418749272823334,0.3884294033050537
4,122,0.0021611256524920464,0.10880523920059204,0.19945630431175232,0.05294100195169449,0.43819621205329895
4,123,0.002155756112188101,0.03473394736647606,-0.03928465396165848,0.025276746600866318,0.43453648686408997
4,124,0.002146597718819976,0.09593865275382996,0.0682157427072525,0.05835124850273132,0.4456801116466522
4,125,0.00212798360735178,-0.03006521612405777,0.07257874310016632,0.04817504808306694,0.4296053647994995
4,126,0.0021226785611361265,0.11415208131074905,0.01326819323003292,0.04325227811932564,0.47168248891830444
4,127,0.0021034511737525463,0.016635334119200706,0.10130883008241653,0.1328568309545517,0.48113641142845154
4,128,0.002085489686578512,0.11732533574104309,-0.05221248045563698,0.020976990461349487,0.3773009181022644
4,129,0.002071104710921645,-0.012875586748123169,0.042759787291288376,0.020058903843164444,0.3501357436180115
4,130,0.002068517729640007,0.05982500687241554,0.17198610305786133,0.010395149700343609,0.4530743658542633
4,131,0.0020600976422429085,0.09023616462945938,0.05779597908258438,0.013668707571923733,0.44110798835754395
4,132,0.0020536654628813267,-0.08757622539997101,0.019778575748205185,0.012828916311264038,0.3931606113910675
4,133,0.002038761740550399,-0.027992645278573036,0.05263394117355347,0.020725388079881668,0.35943424701690674
4,134,0.002024915535002947,0.03897060826420784,-0.035043563693761826,0.07519363611936569,0.46915891766548157
4,135,0.002014242811128497,-0.076707623898983,0.005319071002304554,0.027336440980434418,0.4189557731151581
4,136,0.0020092574413865805,-0.04009975865483284,0.08842720836400986,0.13444647192955017,0.4184678792953491
4,137,0.0019841212779283524,-0.08913055062294006,-0.027997087687253952,0.05230049043893814,0.37307921051979065
4,138,0.0019667642191052437,-0.0012994137359783053,-0.006389512214809656,0.02943088673055172,0.41873878240585327
4,139,0.001959460321813822,0.04431262984871864,0.10042710602283478,0.013321763835847378,0.3800354301929474
4,140,0.0019449037499725819,0.025374067947268486,0.015043347142636776,0.13281993567943573,0.50896155834198
4,141,0.0019300353014841676,0.11493595689535141,0.06903138756752014,0.011369898915290833,0.3924448490142822
4,142,0.0019240857800468802,0.04481104388833046,0.032609064131975174,0.01697484776377678,0.4238516688346863
4,143,0.0019144570687785745,-0.1190648227930069,-0.09035994112491608,0.029368238523602486,0.45143619179725647
4,144,0.0019114011665806174,0.011482988484203815,0.0595601387321949,0.01999775320291519,0.36848023533821106
4,145,0.0019017936429008842,0.06942649930715561,0.06240919604897499,0.008291969075798988,0.41305673122406006
4,146,0.0018910211510956287,0.015037447214126587,-0.0019497910980135202,0.22972385585308075,0.5168907046318054
4,147,0.001875296700745821,-0.09144210070371628,0.01466288324445486,0.034672148525714874,0.375215083360672
4,148,0.0018675742903724313,0.15493527054786682,0.03781440481543541,0.08822964131832123,0.36536556482315063
4,149,0.0018532769754529,0.06200145557522774,0.05440250411629677,0.11438646912574768,0.41256096959114075
4,150,0.001846800441853702,0.0054976143874228,-0.009566307067871094,0.015300904400646687,0.4113844037055969
4,151,0.0018360392423346639,0.013146891258656979,-0.09347299486398697,0.022342022508382797,0.40947461128234863
4,152,0.0018230355344712734,0.1139492392539978,0.0976729616522789,0.010292330756783485,0.42467743158340454
4,153,0.0018207982648164034,-0.01850857399404049,0.017137855291366577,0.08539539575576782,0.4525969624519348
4,154,0.0018081564921885729,0.08201496303081512,0.04146001860499382,0.045041490346193314,0.46525838971138
4,155,0.0017965803854167461,-0.07992107421159744,-0.07412359863519669,0.13688240945339203,0.5173328518867493
4,156,0.0017881890526041389,0.022522246465086937,0.08455263823270798,0.031722404062747955,0.43302834033966064
4,157,0.0017724878853186965,-0.1067352145910263,-0.049199290573596954,0.1835150122642517,0.4671401381492615
4,158,0.0017649062210693955,0.119859479367733,0.07203637808561325,0.030427012592554092,0.39681753516197205
4,159,0.0017629130743443966,-0.009540528990328312,0.09405621886253357,0.04202166199684143,0.41470959782600403
4,160,0.0017416116315871477,-0.058171335607767105,0.04612720385193825,0.024270735681056976,0.38224083185195923
4,161,0.0017354808514937758,0.09072204679250717,0.08216345310211182,0.022045742720365524,0.354648619890213
4,162,0.0017301504267379642,0.0228017158806324,-0.007188680116087198,0.044056039303541183,0.4081616997718811
4,163,0.0017171052750200033,0.13690897822380066,0.16285759210586548,0.0494074784219265,0.3858964741230011
4,164,0.0017095981165766716,0.09212852269411087,0.1511412262916565,0.04792433977127075,0.4350772798061371
4,165,0.0017083880957216024,0.004565607290714979,0.12388810515403748,0.011442706920206547,0.4226111173629761
4,166,0.001692852471023798,-0.049337685108184814,0.14735175669193268,0.06131734699010849,0.34485924243927
4,167,0.0016826034989207983,-0.03425705060362816,-0.04988333582878113,0.061176847666502,0.40949276089668274
4,168,0.0016697491519153118,-0.013764854520559311,0.07993771135807037,0.05223626643419266,0.4559043347835541
4,169,0.001669490011408925,-0.029297687113285065,-0.08414307981729507,0.010467962361872196,0.4241926670074463
4,170,0.0016574551118537784,-0.10864553600549698,0.0045804777182638645,0.07791361212730408,0.366303414106369
4,171,0.0016480007907375693,-0.11494100093841553,-0.02390783280134201,0.054295893758535385,0.4347064793109894
4,172,0.001639540889300406,-0.028468994423747063,0.13456688821315765,0.00839400477707386,0.40749871730804443
4,173,0.0016260166885331273,0.09785402566194534,0.003230129834264517,0.0833689421415329,0.3447260856628418
4,174,0.0016196605283766985,0.011335237883031368,0.0403481051325798,0.027830149978399277,0.4110294580459595
4,175,0.0016171211609616876,0.0009429482161067426,0.018989888951182365,0.03957822918891907,0.44724443554878235
4,176,0.001602853531949222,-0.015448078513145447,-0.07547319680452347,0.04560583457350731,0.4337351322174072
4,177,0.0015940757002681494,-0.0403297133743763,0.14488740265369415,0.01564112864434719,0.36791542172431946
4,178,0.0015925128245726228,-0.03730425238609314,0.15047919750213623,0.08537543565034866,0.42447906732559204
4,179,0.0015771830221638083,0.0682404488325119,0.09439310431480408,0.01750015839934349,0.36118295788764954
4,180,0.001573318848386407,0.13225243985652924,0.03690176457166672,0.09381503611803055,0.3447420597076416
4,181,0.0015680596698075533,0.16734375059604645,0.08947338163852692,0.023922745138406754,0.31902623176574707
4,182,0.0015600258484482765,0.0449022613465786,0.08205080032348633,0.10895884782075882,0.4015335440635681
4,183,0.0015531827230006456,0.00703379837796092,-0.07892639189958572,0.022498348727822304,0.3658938407897949
4,184,0.001550960005261004,-0.12714098393917084,0.019546128809452057,0.06959597021341324,0.4074988067150116
4,185,0.0015249941498041153,0.153701514005661,0.131745845079422,0.019106118008494377,0.3462558090686798
4,186,0.00151841773185879,-0.005952208768576384,0.009008852764964104,0.04212326556444168,0.44552555680274963
4,187,0.001517074415460229,0.000601949926931411,0.014222394675016403,0.10798932611942291,0.36860930919647217
4,188,0.0015095081180334091,-0.019626541063189507,0.004929663613438606,0.02004804089665413,0.48081299662590027
4,189,0.0015063171740621328,-0.010580272413790226,0.02198026329278946,0.10689850896596909,0.442940890789032
4,190,0.0014894336927682161,-0.028636913746595383,0.022668709978461266,0.0660971999168396,0.4777435064315796
4,191,0.0014875305350869894,0.10189550369977951,0.07338359206914902,0.07505078613758087,0.40029171109199524
4,192,0.0014814367750659585,0.07962044328451157,0.03370723873376846,0.021642301231622696,0.32479339838027954
4,193,0.0014722754713147879,0.0813969299197197,-0.06292148679494858,0.09594100713729858,0.3991880416870117
4,194,0.0014618145069107413,0.06786411255598068,0.0864349827170372,0.04814213141798973,0.4835555851459503
4,195,0.0014507041778415442,0.15889719128608704,0.11641537398099899,0.08575737476348877,0.44636252522468567
4,196,0.0014465204440057278,0.1049622893333435,-0.03179448843002319,0.0834721103310585,0.44124463200569153
4,197,0.001440884079784155,-0.015834074467420578,0.059840209782123566,0.009524086490273476,0.39873436093330383
4,198,0.0014292012201622128,0.08109711110591888,-0.04152161628007889,0.1242721825838089,0.38256746530532837
4,199,0.001409896300174296,-0.0013068374246358871,-0.05721532180905342,0.02139158733189106,0.381221204996109
4,200,0.0014064012793824077,0.0015201291535049677,-0.0669781044125557,0.03093142621219158,0.4975544512271881
4,201,0.0014029017183929682,0.005689818412065506,0.17151384055614471,0.0546107180416584,0.41606605052948
4,202,0.0013948999112471938,0.04322553426027298,-0.025139616802334785,0.016070937737822533,0.41984352469444275
4,203,0.001390546327456832,0.0894622802734375,0.1062433198094368,0.015509032644331455,0.45113131403923035
4,204,0.0013796311104670167,0.10778216272592545,0.1293407380580902,0.007074648514389992,0.29563358426094055
4,205,0.001370475860312581,0.019381586462259293,0.19414156675338745,0.006847700569778681,0.3776751160621643
4,206,0.0013611327158287168,-0.02561037614941597,-0.0031364227179437876,0.039128318428993225,0.4133213758468628
4,207,0.0013533398741856217,-0.07067489624023438,0.09776946902275085,0.02963199093937874,0.35597601532936096
4,208,0.001351268496364355,-0.031678058207035065,-0.03626003861427307,0.012829742394387722,0.36031776666641235
4,209,0.0013463061768561602,0.20273885130882263,0.08966720849275589,0.02035793475806713,0.2995936870574951
4,210,0.0013368265936151147,0.013929945416748524,0.005529740825295448,0.11160508543252945,0.511724054813385
4,211,0.0013272855430841446,0.10166461020708084,0.08956492692232132,0.010975871235132217,0.347470760345459
4,212,0.0013193816412240267,-0.014339123852550983,-0.07321072369813919,0.015254777856171131,0.34529373049736023
4,213,0.0013166998978704214,0.18660636246204376,0.1357358992099762,0.01288401149213314,0.32806307077407837
4,214,0.0013110630679875612,0.03335130214691162,-0.06393441557884216,0.03463860601186752,0.3421630859375
4,215,0.0013019731268286705,0.059918444603681564,-0.031040817499160767,0.019801069051027298,0.3425845503807068
4,216,0.0012933819089084864,0.11165627837181091,0.08672177046537399,0.09984929114580154,0.4051908850669861
4,217,0.0012914089020341635,0.09938676655292511,0.014111033640801907,0.015683017671108246,0.43186792731285095
4,218,0.0012802132405340672,0.07127010077238083,0.06795153766870499,0.011263162828981876,0.3495470881462097
4,219,0.001272442052140832,0.04229285567998886,0.026382582262158394,0.019671522080898285,0.36070048809051514
4,220,0.0012703216634690762,0.05446551367640495,0.024359239265322685,0.013820801861584187,0.38737961649894714
4,221,0.001259252312593162,-0.0021977778524160385,-0.03163166344165802,0.020327862352132797,0.34916242957115173
4,222,0.0012567829107865691,0.17218324542045593,0.10568790137767792,0.014355232939124107,0.4029310643672943
4,223,0.0012506033526733518,0.03822103887796402,0.03902887552976608,0.01821460761129856,0.40133312344551086
4,224,0.0012367120943963528,0.06318160146474838,0.042281098663806915,0.024386463686823845,0.4078499972820282
4,225,0.001230846275575459,0.04891267418861389,0.009617198258638382,0.015456674620509148,0.33689212799072266
4,226,0.0012256618356332183,0.054545916616916656,-0.012802510522305965,0.020899876952171326,0.36674636602401733
4,227,0.0012179104378446937,0.012602218426764011,0.11006204783916473,0.058037132024765015,0.44268640875816345
4,228,0.0012126063229516149,-0.09126806259155273,-0.04908148571848869,0.0225836094468832,0.26511359214782715
4,229,0.0012082363246008754,-0.02928808145225048,-0.045518409460783005,0.017438970506191254,0.33261919021606445
4,230,0.0012021128786727786,0.011869754642248154,0.15674898028373718,0.015572607517242432,0.2841710150241852
4,231,0.0011936569353565574,0.015540250577032566,0.042728815227746964,0.05279663950204849,0.3718529939651489
4,232,0.0011895349016413093,-0.0615050233900547,0.011040829122066498,0.022132616490125656,0.35225725173950195
4,233,0.001185218570753932,0.06261632591485977,0.03198494762182236,0.08176341652870178,0.4478493928909302
4,234,0.0011796053731814027,0.10236714780330658,0.1500231921672821,0.06577824801206589,0.4049519896507263
4,235,0.0011739775072783232,-0.035969868302345276,-0.007857294753193855,0.04368799552321434,0.4163382649421692
4,236,0.0011657321592792869,0.09456700831651688,0.11515922844409943,0.12686216831207275,0.4415203928947449
4,237,0.001160750980488956,-0.08871354907751083,0.04304031282663345,0.03520120680332184,0.3381544053554535
4,238,0.0011528866598382592,-0.09027676284313202,-0.015142928808927536,0.024121461436152458,0.30389049649238586
4,239,0.0011489565949887037,-0.03220042958855629,0.10074503719806671,0.015053968876600266,0.3252662122249603
4,240,0.0011450396850705147,0.015251548029482365,0.0034026282373815775,0.027375375851988792,0.32279685139656067
4,241,0.0011313658906146884,0.022230137139558792,0.05701060965657234,0.016271529719233513,0.3438633680343628
4,242,0.0011262474581599236,0.022215338423848152,-0.0003346148878335953,0.01968679018318653,0.3724614977836609
4,243,0.001114636310376227,-0.023210030049085617,0.004627724643796682,0.02381291054189205,0.32034000754356384
4,244,0.0011120932176709175,0.01828845404088497,0.20944781601428986,0.012387554161250591,0.3812154233455658
4,245,0.0010986051056534052,0.04152730107307434,0.08241096138954163,0.011753452010452747,0.35428479313850403
4,246,0.0010978750651702285,-0.03313644975423813,-0.023583484813570976,0.05711735039949417,0.34590381383895874
4,247,0.0010870432015508413,-0.02159702591598034,0.026144223287701607,0.08762353658676147,0.461813360452652
4,248,0.001076535671018064,0.11643621325492859,0.08552353084087372,0.030296174809336662,0.3211330771446228
4,249,0.0010730732465162873,-0.07085061818361282,0.006759893614798784,0.07439997047185898,0.4715363085269928
4,250,0.001063911709934473,-0.005396246910095215,-0.026351330801844597,0.023001166060566902,0.31708040833473206
4,251,0.0010571246966719627,0.04041960835456848,-0.030852345749735832,0.10705523192882538,0.42218679189682007
4,252,0.0010466004023328424,-0.04075663536787033,-0.045013632625341415,0.05933669954538345,0.40810465812683105
4,253,0.0010366699425503612,-0.008863055147230625,-0.05319397151470184,0.018408535048365593,0.31767821311950684
4,254,0.0010316154221072793,0.057034678757190704,0.07742991298437119,0.030791305005550385,0.3954882323741913
4,255,0.0010274216765537858,0.04045010730624199,0.22308851778507233,0.02368512563407421,0.3685895502567291
5,0,0.036031682044267654,0.780576765537262,0.7892835736274719,0.6500473022460938,0.6927677392959595
5,1,0.015943437814712524,0.2897722125053406,0.3303316533565521,0.1965564340353012,0.37204015254974365
5,2,0.014769719913601875,0.5105445981025696,0.4362185001373291,0.4640134871006012,0.533350944519043
5,3,0.013087744824588299,0.4523385465145111,0.41641849279403687,0.4105348289012909,0.518218457698822
5,4,0.012165945023298264,0.3508400321006775,0.36568447947502136,0.44234368205070496,0.5606931447982788
5,5,0.010998767800629139,0.3394363522529602,0.3614676296710968,0.3723076283931732,0.49176105856895447
5,6,0.010192841291427612,0.2752046287059784,0.29517149925231934,0.29633694887161255,0.4543399512767792
5,7,0.009079769253730774,0.15901751816272736,0.1776786595582962,0.3411834239959717,0.4609968066215515
5,8,0.00899019930511713,0.200617253780365,0.20127905905246735,0.3727026581764221,0.5162177681922913
5,9,0.008856156840920448,0.3121393024921417,0.2746989130973816,0.3262592554092407,0.44212639331817627
5,10,0.008254140615463257,0.21324306726455688,0.24043653905391693,0.29509395360946655,0.4605601131916046
5,11,0.007898760959506035,0.0876314714550972,0.14700615406036377,0.2541576027870178,0.3948301076889038
5,12,0.007836095988750458,0.33394384384155273,0.3787194788455963,0.2333485335111618,0.43523937463760376
5,13,0.007484057918190956,0.2467559427022934,0.23328043520450592,0.46744123101234436,0.601302981376648
5,14,0.007180316373705864,0.23535297811031342,0.22729569673538208,0.2954704761505127,0.4710601270198822
5,15,0.006810338236391544,0.05360773578286171,0.07076513022184372,0.25535136461257935,0.48465684056282043
5,16,0.006675746291875839,0.056827887892723083,0.07551679760217667,0.2955108880996704,0.5034344792366028
5,17,0.006472664885222912,0.09581892937421799,0.09228347986936569,0.3200424313545227,0.5476999282836914
5,18,0.006373750977218151,0.12223523110151291,0.19631563127040863,0.18354548513889313,0.4050600528717041
5,19,0.006280026864260435,0.250789999961853,0.26539039611816406,0.26640424132347107,0.49898433685302734
5,20,0.005953297019004822,0.19385038316249847,0.2094859480857849,0.2363796979188919,0.5097638964653015
5,21,0.00578265031799674,0.13705869019031525,0.1460186094045639,0.2567821145057678,0.5274458527565002
5,22,0.00565413199365139,0.3140961527824402,0.3283537030220032,0.26530030369758606,0.4940238296985626
5,23,0.005537888500839472,0.1822565644979477,0.23510955274105072,0.3451392650604248,0.5486375689506531
5,24,0.005501744337379932,0.19424179196357727,0.1759200096130371,0.3008679151535034,0.484923392534256
5,25,0.005361730232834816,0.1829381287097931,0.2396630197763443,0.28308507800102234,0.48813188076019287
5,26,0.0052977316081523895,0.1287822425365448,0.16444997489452362,0.27768346667289734,0.4740838408470154
5,27,0.005197818856686354,0.08447558432817459,0.098429374396801,0.28697794675827026,0.4167937934398651
5,28,0.005158977583050728,0.12671847641468048,0.04963972046971321,0.1646127849817276,0.4010287821292877
5,29,0.00499336700886488,0.1662677377462387,0.09000996500253677,0.25864651799201965,0.47049325704574585
5,30,0.00494281155988574,0.22372905910015106,0.1867688000202179,0.13227641582489014,0.45090252161026
5,31,0.004838686436414719,0.17711752653121948,0.19779491424560547,0.14596475660800934,0.4312063455581665
5,32,0.004783420357853174,0.09278257936239243,0.10479646921157837,0.1739465445280075,0.4783174991607666
5,33,0.004738082643598318,0.08001777529716492,0.106641486287117,0.2113005518913269,0.5043516755104065
5,34,0.004725138656795025,0.11451270431280136,0.14591002464294434,0.16809897124767303,0.49074673652648926
5,35,0.004647118039429188,0.08867598325014114,0.10347682237625122,0.24660857021808624,0.46120160818099976
5,36,0.004489091224968433,0.18057218194007874,0.07875815778970718,0.15536004304885864,0.39890947937965393
5,37,0.004411710891872644,0.08408191800117493,0.23685277998447418,0.1988304704427719,0.3926834762096405
5,38,0.004385699518024921,0.1510629504919052,0.08075190335512161,0.2355012595653534,0.5046231150627136
5,39,0.004284590017050505,0.09860412776470184,0.08057843148708344,0.2145371437072754,0.4773688018321991
5,40,0.004280360881239176,0.20212692022323608,0.15401913225650787,0.19854937493801117,0.400592565536499
5,41,0.004228623118251562,0.19401443004608154,0.2144862562417984,0.06947170197963715,0.383656769990921
5,42,0.004194993991404772,0.1346338391304016,0.02820134162902832,0.18631714582443237,0.4004763066768646
5,43,0.004133350215852261,0.1404232531785965,0.1902187466621399,0.1783921867609024,0.41348785161972046
5,44,0.00407232204452157,0.12435257434844971,0.12484908103942871,0.18246407806873322,0.500224232673645
5,45,0.004004199523478746,0.08571226894855499,0.0960054099559784,0.25770336389541626,0.5001189708709717
5,46,0.0039636739529669285,-0.05600326508283615,0.04452585056424141,0.2110048234462738,0.45778217911720276
5,47,0.003916221205145121,0.18003731966018677,0.12956829369068146,0.21033646166324615,0.4225296974182129
5,48,0.0038937588687986135,0.24610014259815216,0.17285411059856415,0.23274824023246765,0.473651260137558
5,49,0.0038428555708378553,0.16591228544712067,0.14803394675254822,0.22208775579929352,0.5773925185203552
5,50,0.0038145948201417923,0.14402760565280914,0.06247368082404137,0.23348265886306763,0.5383267998695374
5,51,0.003780800849199295,0.059001125395298004,0.1418224275112152,0.25295013189315796,0.4612458646297455
5,52,0.0037006279453635216,0.17750300467014313,0.1822327971458435,0.14278988540172577,0.4801151156425476
5,53,0.0036704610101878643,0.09508620202541351,0.1271338164806366,0.07488927245140076,0.4496316909790039
5,54,0.0036415874492377043,0.05492381379008293,0.08607924729585648,0.18186648190021515,0.4291970729827881
5,55,0.0036145078483968973,0.09346271306276321,0.06289183348417282,0.130147784948349,0.4336526095867157
5,56,0.003561347723007202,0.05436462536454201,0.022496191784739494,0.32734519243240356,0.4660014808177948
5,57,0.0035548065789043903,0.0057845572009682655,0.11880147457122803,0.012386281043291092,0.3970845639705658
5,58,0.0035227001644670963,0.16154725849628448,0.09466255456209183,0.2227092683315277,0.5063316226005554
5,59,0.0034989328123629093,0.09202464669942856,0.04262567311525345,0.16884315013885498,0.4921708405017853
5,60,0.0034671698231250048,0.004058392718434334,-0.008056044578552246,0.019866930320858955,0.405239462852478
5,61,0.0034262854605913162,0.11212076991796494,0.06731389462947845,0.03959265351295471,0.4097039997577667
5,62,0.0033774434123188257,0.03126921504735947,0.11672511696815491,0.12400957196950912,0.42485302686691284
5,63,0.00334431161172688,0.019551031291484833,0.07252930849790573,0.11247231066226959,0.5140798091888428
5,64,0.0033217542804777622,0.17547407746315002,0.17828083038330078,0.04387470707297325,0.3654264807701111
5,65,0.003279103897511959,0.020602665841579437,0.060656897723674774,0.16345976293087006,0.43378710746765137
5,66,0.0032524082344025373,0.04598356410861015,-0.03164464235305786,0.08589975535869598,0.4215725064277649
5,67,0.003198046702891588,-0.006052721291780472,0.024096587672829628,0.051661983132362366,0.4096057415008545
5,68,0.0031816831324249506,-0.01070321537554264,-0.040347784757614136,0.10552307218313217,0.36588531732559204
5,69,0.003169494215399027,0.096205934882164,0.012493912130594254,0.14032018184661865,0.43018782138824463
5,70,0.003158407751470804,0.2050957828760147,0.22334447503089905,0.01749391108751297,0.4247995913028717
5,71,0.0031059100292623043,0.11378082633018494,0.129108726978302,0.1175306960940361,0.47175851464271545
5,72,0.0030731905717402697,0.07350975275039673,-0.005083410535007715,0.08110354840755463,0.4540039300918579
5,73,0.003067148383706808,0.11303732544183731,0.1440473049879074,0.2473369687795639,0.5058948993682861
5,74,0.0030111996456980705,0.04232427477836609,0.018756087869405746,0.08385658264160156,0.4069708585739136
5,75,0.0029930376913398504,0.08420547097921371,0.22795194387435913,0.1543481945991516,0.42949143052101135
5,76,0.002970690606161952,0.14378049969673157,0.10975899547338486,0.16415004432201385,0.4910079836845398
5,77,0.002935980446636677,0.06737419217824936,0.070371612906456,0.1676429659128189,0.44889023900032043
5,78,0.0029198708944022655,0.22938673198223114,0.21780627965927124,0.1260688453912735,0.38112643361091614
5,79,0.0029077206272631884,-0.010613566264510155,0.12765470147132874,0.09941957890987396,0.42595306038856506
5,80,0.002873835386708379,0.13518208265304565,0.13715097308158875,0.22509673237800598,0.520824670791626
5,81,0.0028621035162359476,-0.0514620840549469,0.06844691187143326,0.04888477921485901,0.3727722764015198
5,82,0.0028606243431568146,0.12464364618062973,0.1598229706287384,0.09651673585176468,0.3307201564311981
5,83,0.002832156838849187,0.1398254632949829,0.08664906769990921,0.1969081461429596,0.39760851860046387
5,84,0.0028161341324448586,-0.010451256297528744,0.14117790758609772,0.08247427642345428,0.3937546908855438
5,85,0.002767180558294058,-0.005664380267262459,-0.08758567273616791,0.02066052518785,0.41061100363731384
5,86,0.002749508246779442,-0.009088958613574505,0.025112895295023918,0.05750226974487305,0.45481112599372864
5,87,0.0027343411929905415,0.10399243980646133,0.0826742872595787,0.08479313552379608,0.4671715497970581
5,88,0.002712620422244072,0.07880718261003494,0.0864054411649704,0.035855717957019806,0.3464442789554596
5,89,0.0027008848264813423,-0.0690678060054779,0.1628442108631134,0.03656281903386116,0.3873159885406494
5,90,0.002688672160729766,0.06431220471858978,-0.03221117705106735,0.09841407090425491,0.42444509267807007
5,91,0.0026780925691127777,0.019061772152781487,0.02422703616321087,0.1548202633857727,0.4128989279270172
5,92,0.0026468189898878336,0.07323182374238968,0.1471439003944397,0.1577194184064865,0.48053449392318726
5,93,0.002625996246933937,0.013455159962177277,0.031845398247241974,0.14105834066867828,0.42547503113746643
5,94,0.0026225904002785683,0.0675889179110527,0.05566912144422531,0.02570216730237007,0.36989980936050415
5,95,0.0026041732635349035,-0.06723238527774811,-0.005025031045079231,0.12490656971931458,0.4394625127315521
5,96,0.0025763693265616894,-0.03775147721171379,0.0021248366683721542,0.1525902897119522,0.41760557889938354
5,97,0.002568870550021529,0.028023697435855865,0.031022654846310616,0.017157506197690964,0.4283144474029541
5,98,0.0025200247764587402,0.04527030140161514,0.1429038643836975,0.06071915104985237,0.4440688192844391
5,99,0.002500130096450448,0.05943010747432709,0.10981570184230804,0.1896500289440155,0.44033926725387573
5,100,0.002499030204489827,0.12678207457065582,0.0529436394572258,0.1252894401550293,0.4160602390766144
5,101,0.0024912708904594183,-0.025029746815562248,0.003425807459279895,0.03652219846844673,0.34005841612815857
5,102,0.0024795234203338623,-0.04670201614499092,-0.006452339701354504,0.15242289006710052,0.44364622235298157
5,103,0.0024600985925644636,0.032123614102602005,0.21056070923805237,0.14944477379322052,0.423657089471817
5,104,0.0024491099175065756,-0.00046864518662914634,0.036081500351428986,0.044399820268154144,0.4551600217819214
5,105,0.0024412355851382017,-0.05771111324429512,0.012431561015546322,0.12144119292497635,0.46834996342658997
5,106,0.002414331305772066,0.04955250769853592,0.07073912024497986,0.06462711840867996,0.37784603238105774
5,107,0.002395672956481576,-0.024179574102163315,0.03150785341858864,0.039130039513111115,0.4055728614330292
5,108,0.002377798082306981,0.09876928478479385,-0.08228888362646103,0.027319643646478653,0.34335610270500183
5,109,0.0023646524641662836,0.1950187236070633,0.08245532214641571,0.20915548503398895,0.3870460093021393
5,110,0.0023589490447193384,0.09488699585199356,0.09007071703672409,0.01624765433371067,0.38076138496398926
5,111,0.0023304398637264967,0.09663955122232437,0.16671037673950195,0.017517169937491417,0.4470455050468445
5,112,0.002311757765710354,0.17120316624641418,0.10034406185150146,0.08791268616914749,0.40872901678085327
5,113,0.002301836619153619,-0.10401919484138489,-0.03936617821455002,0.07441418617963791,0.3937174081802368
5,114,0.0022952714934945107,0.05800784006714821,0.16860686242580414,0.010556134395301342,0.37032368779182434
5,115,0.002285303547978401,-0.02829316072165966,0.03279281035065651,0.06834923475980759,0.41578909754753113
5,116,0.002278742380440235,0.1947202980518341,0.0984232947230339,0.017560787498950958,0.4242743253707886
5,117,0.0022426596842706203,0.06859011948108673,0.023246094584465027,0.019884970039129257,0.4177328050136566
5,118,0.002227927092462778,0.03364907577633858,0.10627465695142746,0.16193710267543793,0.48102015256881714
5,119,0.002221905393525958,-0.14876940846443176,-0.036747053265571594,0.03015557862818241,0.41443657875061035
5,120,0.0022163311950862408,0.12237247079610825,0.13634438812732697,0.006717801094055176,0.30033737421035767
5,121,0.002202756702899933,-0.11277470737695694,-0.10610942542552948,0.029340835288167,0.318954199552536
5,122,0.002196231158450246,0.05734803527593613,0.1271011233329773,0.09253250807523727,0.3972366452217102
5,123,0.0021757427603006363,0.0786009281873703,0.08310166001319885,0.20999065041542053,0.4629550874233246
5,124,0.002162680961191654,-0.112750343978405,0.09919580072164536,0.04129022732377052,0.32007265090942383
5,125,0.002154500922188163,-0.02251519449055195,0.10030753910541534,0.07294058054685593,0.33948835730552673
5,126,0.0021443769801408052,-0.047055378556251526,-0.015827780589461327,0.01545646134763956,0.3602595925331116
5,127,0.002123693935573101,-0.021429866552352905,0.0020198749843984842,0.017032155767083168,0.3488388657569885
5,128,0.002115399343892932,-0.08124672621488571,-0.0745493546128273,0.009570343419909477,0.43940097093582153
5,129,0.0021037778351455927,0.08815807849168777,0.04965959116816521,0.008681213483214378,0.3816835284233093
5,130,0.002092186361551285,-0.08185510337352753,-0.03284655138850212,0.014728435315191746,0.3174750506877899
5,131,0.0020687554497271776,-0.04883943870663643,-0.060467738658189774,0.025091316550970078,0.37419795989990234
5,132,0.002055027289316058,0.15268871188163757,0.053103137761354446,0.015415704809129238,0.47704702615737915
5,133,0.002043733838945627,0.025669772177934647,0.08891995251178741,0.0714121013879776,0.4872356355190277
5,134,0.002030890667811036,0.15145175158977509,0.026228878647089005,0.01811211369931698,0.4206654727458954
5,135,0.0020257572177797556,0.07848835736513138,0.12419688701629639,0.027951272204518318,0.4550820589065552
5,136,0.0020132276695221663,0.12187466025352478,0.12295341491699219,0.010585221461951733,0.34599849581718445
5,137,0.0019936913158744574,-0.024096691980957985,-0.06557439267635345,0.12102886289358139,0.43927276134490967
5,138,0.0019832304678857327,0.1621023267507553,0.05913088098168373,0.007855755276978016,0.425946980714798
5,139,0.001970440149307251,0.07349074631929398,0.058625925332307816,0.03222047910094261,0.44299790263175964
5,140,0.0019673143979161978,0.03220337629318237,0.10955893248319626,0.09665623307228088,0.45474687218666077
5,141,0.0019499611807987094,0.03160076588392258,0.020131388679146767,0.009758849628269672,0.4287964105606079
5,142,0.0019459484610706568,-0.05121247097849846,-0.06451364606618881,0.02130143530666828,0.38029879331588745
5,143,0.001935154665261507,0.11301721632480621,0.07801439613103867,0.04162878170609474,0.3982023596763611
5,144,0.0019187132129445672,-0.056204382330179214,0.04845699667930603,0.17540867626667023,0.4210740029811859
5,145,0.0019082705257460475,0.03170756623148918,-0.07232586294412613,0.023815033957362175,0.4847293198108673
5,146,0.001901301322504878,0.0038011439610272646,0.04074239730834961,0.01313240546733141,0.370797336101532
5,147,0.0018841560231521726,-0.05354972183704376,0.008220062591135502,0.00886821560561657,0.31560197472572327
5,148,0.0018753010081127286,0.13332697749137878,0.13471372425556183,0.12901349365711212,0.4197176992893219
5,149,0.0018694649916142225,0.027270767837762833,0.02600029669702053,0.018044205382466316,0.3823356628417969
5,150,0.0018629420083016157,-0.057555973529815674,-0.03157618269324303,0.052474211901426315,0.3804897665977478
5,151,0.0018500839360058308,-0.04735046252608299,-0.02141186036169529,0.012362176552414894,0.35507932305336
5,152,0.0018326252466067672,-0.012626518495380878,-0.0060080294497311115,0.228946715593338,0.43015056848526
5,153,0.0018250285647809505,-0.05679481476545334,-0.030216610059142113,0.02151639014482498,0.3544343113899231
5,154,0.001819638884626329,0.0018604580545797944,0.05829918384552002,0.02618737518787384,0.37145888805389404
5,155,0.0018086729105561972,0.12733548879623413,-0.008069680072367191,0.05737803876399994,0.40802475810050964
5,156,0.001805460429750383,0.141451895236969,0.10594896972179413,0.012845167890191078,0.33464479446411133
5,157,0.0017918095691129565,0.09381330758333206,0.01612531952559948,0.018927494063973427,0.3849841058254242
5,158,0.0017840249929577112,-0.020484788343310356,-0.0011425507254898548,0.03495229780673981,0.4560914933681488
5,159,0.0017716139554977417,0.06960617005825043,0.0537138357758522,0.09197963774204254,0.4584028124809265
5,160,0.0017631035298109055,0.011434127576649189,0.04287690296769142,0.04063346982002258,0.36246001720428467
5,161,0.0017561351414769888,-0.04243370518088341,-0.04768814891576767,0.06741625815629959,0.3999876081943512
5,162,0.001742354012094438,-0.11592425405979156,-0.09699329733848572,0.020106611773371696,0.4691173732280731
5,163,0.0017379210330545902,-0.015800688415765762,-0.023782609030604362,0.025400005280971527,0.41902706027030945
5,164,0.0017261161701753736,-0.01691795140504837,0.06250306218862534,0.09099601954221725,0.31172314286231995
5,165,0.001720428466796875,-0.026382561773061752,0.018618401139974594,0.025087835267186165,0.40383654832839966
5,166,0.0017117650713771582,-0.02134493738412857,0.02639446035027504,0.04980206489562988,0.429234117269516
5,167,0.0017007800051942468,-0.008845371194183826,-0.043921131640672684,0.021726178005337715,0.35892876982688904
5,168,0.0016934251179918647,0.05276435241103172,-0.009072970598936081,0.01574452966451645,0.4431397020816803
5,169,0.0016852638218551874,0.17283552885055542,0.1623453050851822,0.01090449932962656,0.40301623940467834
5,170,0.001679148175753653,0.09902749955654144,-0.1031826063990593,0.033979739993810654,0.36831289529800415
5,171,0.0016620258102193475,0.06542087346315384,0.06178506836295128,0.10344288498163223,0.44999828934669495
5,172,0.0016591822495684028,0.05948207527399063,0.046536773443222046,0.07890229672193527,0.3650560975074768
5,173,0.001647450029850006,0.03130432218313217,0.11103684455156326,0.03698989003896713,0.3693004846572876
5,174,0.0016428654780611396,0.07471150159835815,0.07309772819280624,0.08054957538843155,0.395037442445755
5,175,0.0016368469223380089,0.004465922713279724,0.04709392413496971,0.02123858407139778,0.45924246311187744
5,176,0.0016111861914396286,0.18797770142555237,0.0683516263961792,0.02116544544696808,0.38505882024765015
5,177,0.0016057075699791312,0.1209874376654625,0.1778581589460373,0.030366715043783188,0.40906384587287903
5,178,0.0016028365353122354,0.11699802428483963,0.042990777641534805,0.015328518114984035,0.3790765702724457
5,179,0.0015911777736619115,0.049209751188755035,-0.0010053549194708467,0.02983015589416027,0.38230207562446594
5,180,0.0015861851861700416,-0.007018708623945713,-0.07568815350532532,0.052384499460458755,0.37085479497909546
5,181,0.0015805215807631612,-0.1161390170454979,0.03561718761920929,0.03540961816906929,0.354310005903244
5,182,0.00156565906945616,-0.004703452344983816,0.01984718255698681,0.03135811164975166,0.33141469955444336
5,183,0.0015566941583529115,0.2624208629131317,-0.04203668236732483,0.032482318580150604,0.37102556228637695
5,184,0.0015521564055234194,-0.08721408993005753,-0.0012870097998529673,0.037913378328084946,0.4156535863876343
5,185,0.0015462948940694332,-0.0706135630607605,-0.019406115636229515,0.014472441747784615,0.3082568645477295
5,186,0.001533048925921321,0.13073396682739258,0.0674266517162323,0.018039535731077194,0.3933166265487671
5,187,0.0015254041645675898,-0.06667080521583557,-0.04201454296708107,0.06248842179775238,0.3402864336967468
5,188,0.0015174938598647714,0.019231516867876053,0.062335480004549026,0.02109537646174431,0.4115199148654938
5,189,0.0015120063908398151,0.1321975737810135,0.13914832472801208,0.05170482397079468,0.36750438809394836
5,190,0.001503674197010696,0.013890024274587631,0.037701450288295746,0.05368919298052788,0.3985442817211151
5,191,0.0014977570390328765,0.11045898497104645,0.14294104278087616,0.009740089066326618,0.3386119306087494
5,192,0.0014864171389490366,0.0027832086198031902,0.055578067898750305,0.02266729064285755,0.4246257245540619
5,193,0.00147930474486202,-0.012018836103379726,0.1129831075668335,0.06171509250998497,0.3731479048728943
5,194,0.0014735690783709288,-0.0374411977827549,0.0005242771585471928,0.09862516820430756,0.4260513186454773
5,195,0.001466471585445106,0.01158219575881958,0.02403300628066063,0.008852141909301281,0.3756478428840637
5,196,0.0014522786950692534,0.020395757630467415,-0.0006404218729585409,0.02602395974099636,0.35220447182655334
5,197,0.0014470863388851285,0.07672987878322601,0.042537134140729904,0.060358818620443344,0.42774683237075806
5,198,0.0014379561180248857,-0.059417203068733215,-0.05271456390619278,0.024928679689764977,0.35183343291282654
5,199,0.0014277342706918716,0.04844101518392563,0.19013966619968414,0.028214281424880028,0.36282840371131897
5,200,0.0014238739386200905,-0.044128138571977615,0.031619880348443985,0.03740756958723068,0.41492125391960144
5,201,0.0014179085846990347,-0.09962493181228638,-0.1887124478816986,0.010920659638941288,0.3633532226085663
5,202,0.0014099176041781902,-0.016811009496450424,0.004360422026365995,0.02938125468790531,0.3405914306640625
5,203,0.0014017645735293627,-0.042612284421920776,0.046733248978853226,0.022187257185578346,0.34399983286857605
5,204,0.0013946221442893147,0.0175468772649765,0.07323116064071655,0.042395953088998795,0.3415522873401642
5,205,0.00138359353877604,0.011512350291013718,0.07125367969274521,0.03179226070642471,0.4487934708595276
5,206,0.001379808527417481,-0.0694935992360115,0.03373893350362778,0.016608377918601036,0.36097824573516846
5,207,0.0013733555097132921,-0.07559259980916977,0.0848727822303772,0.08521696925163269,0.3653919994831085
5,208,0.001363178831525147,-0.0063955169171094894,-0.010691244155168533,0.007426357828080654,0.36073240637779236
5,209,0.001359925721772015,0.08448765426874161,0.035791631788015366,0.02112734317779541,0.4047417938709259
5,210,0.001352866180241108,0.00773827638477087,0.11772949248552322,0.03494837507605553,0.38879114389419556
5,211,0.001343838288448751,0.08117252588272095,0.045957889407873154,0.016070764511823654,0.2962304353713989
5,212,0.0013412546832114458,-0.16935086250305176,0.03636769577860832,0.026073191314935684,0.34278348088264465
5,213,0.001325208810158074,0.09182474762201309,0.05929189547896385,0.021008186042308807,0.3541327714920044
5,214,0.0013193043414503336,-0.005302602890878916,-0.037170227617025375,0.020360035821795464,0.40119999647140503
5,215,0.001317221438512206,-0.07105378806591034,-0.07878077030181885,0.039312299340963364,0.343675822019577
5,216,0.0013129899743944407,0.13535550236701965,0.062415264546871185,0.05686071142554283,0.39328733086586
5,217,0.0013073061127215624,-0.034360870718955994,0.04445328563451767,0.009995466098189354,0.32876116037368774
5,218,0.0013030583504587412,0.0597064308822155,0.05863000825047493,0.019754737615585327,0.3504951000213623
5,219,0.001300332136452198,-0.04896402731537819,-0.044079020619392395,0.024118877947330475,0.34580275416374207
5,220,0.001286755665205419,0.05677100643515587,-0.05386793240904808,0.19449645280838013,0.4720015525817871
5,221,0.0012793820351362228,0.00919112004339695,-0.00874259416013956,0.03024090640246868,0.3478376865386963
5,222,0.0012696736957877874,-0.09271710366010666,0.03154338151216507,0.040414974093437195,0.29905080795288086
5,223,0.001260247896425426,0.036320190876722336,0.08957960456609726,0.0686085894703865,0.42780449986457825
5,224,0.0012532625114545226,0.028947368264198303,0.02994910441339016,0.013003386557102203,0.2910398244857788
5,225,0.0012429158668965101,0.024574315175414085,0.05017862096428871,0.02519688382744789,0.3688729405403137
5,226,0.001234601135365665,0.019647834822535515,0.1088917925953865,0.01876687817275524,0.33079636096954346
5,227,0.0012228053528815508,0.091344453394413,0.12548097968101501,0.02035062201321125,0.31719496846199036
5,228,0.0012150665279477835,0.07465635240077972,0.08646926283836365,0.0103467321023345,0.3330816626548767
5,229,0.001210230984725058,0.051019150763750076,-0.0028383242897689342,0.11960924416780472,0.34930649399757385
5,230,0.0012077129213139415,0.10686826705932617,0.11663779616355896,0.03893709555268288,0.28356483578681946
5,231,0.0012025070609524846,-0.0703829750418663,-0.011809471994638443,0.013871702365577221,0.3612351417541504
5,232,0.0011978060938417912,-0.05088381469249725,-0.04872218146920204,0.031233057379722595,0.3315177261829376
5,233,0.0011867895955219865,-0.03316746652126312,0.10487174987792969,0.014669268392026424,0.2903321087360382
5,234,0.0011822624364867806,-0.01910080388188362,0.10633896291255951,0.015132577158510685,0.3991670310497284
5,235,0.0011743188370019197,0.004859164357185364,0.1388479471206665,0.0891922265291214,0.38665544986724854
5,236,0.0011664984049275517,-0.0355268195271492,0.0749005526304245,0.016559798270463943,0.2796849012374878
5,237,0.0011593461968004704,-0.09418410807847977,0.04758132994174957,0.05465304106473923,0.3679572343826294
5,238,0.0011570308124646544,0.021315328776836395,0.11618798226118088,0.01732555218040943,0.3560086190700531
5,239,0.0011429700534790754,-0.050033606588840485,-0.0837218388915062,0.094615139067173,0.3470328748226166
5,240,0.001134637976065278,0.030781501904129982,0.038135576993227005,0.04415452852845192,0.31986892223358154
5,241,0.0011303710052743554,0.05118536204099655,0.09498937427997589,0.022439680993556976,0.36571598052978516
5,242,0.0011250756215304136,0.003246529260650277,-0.05478289723396301,0.023061607033014297,0.3507675230503082
5,243,0.0011122622527182102,0.050779782235622406,-0.006396718323230743,0.02581723779439926,0.3212745785713196
5,244,0.0011105069424957037,-0.011399992741644382,0.038095396012067795,0.14708277583122253,0.46797049045562744
5,245,0.001102528301998973,0.018940795212984085,0.17793236672878265,0.014762716367840767,0.31198155879974365
5,246,0.001095957588404417,-0.025366730988025665,0.05345652997493744,0.0240476094186306,0.3379776179790497
5,247,0.0010941483778879046,-0.01642010547220707,-0.01677876152098179,0.027639765292406082,0.36103135347366333
5,248,0.0010901418281719089,0.10926215350627899,0.10574943572282791,0.031317055225372314,0.42713677883148193
5,249,0.0010791526874527335,0.1246098056435585,0.0753263607621193,0.03363632410764694,0.3670496940612793
5,250,0.0010731442598626018,0.055700693279504776,-0.038574762642383575,0.015751266852021217,0.35326704382896423
5,251,0.0010606363648548722,-0.015170943923294544,0.01217606384307146,0.009936319664120674,0.3559685945510864
5,252,0.0010511643486097455,-0.028298133984208107,0.013608237728476524,0.1286938190460205,0.43448367714881897
5,253,0.0010421943152323365,-0.09780972450971603,-0.011337008327245712,0.010900144465267658,0.27320751547813416
5,254,0.0010292839724570513,0.12212330847978592,0.013094586320221424,0.012204909697175026,0.3203063905239105
5,255,0.001020359923131764,0.13549980521202087,0.11533846706151962,0.016727963462471962,0.3188631236553192
6,0,0.03825017809867859,0.8114556670188904,0.7767150402069092,0.6787720918655396,0.6861470341682434
6,1,0.01607893407344818,0.10262332856655121,0.04075700044631958,0.279019296169281,0.4497249722480774
6,2,0.014699667692184448,0.5004938840866089,0.4681786298751831,0.5081097483634949,0.5982608795166016
6,3,0.013429787009954453,0.35426774621009827,0.3647623658180237,0.3458271026611328,0.48159259557724
6,4,0.012139998376369476,0.3140239119529724,0.29087722301483154,0.42856916785240173,0.5812604427337646
6,5,0.01072973757982254,0.4618658423423767,0.36726704239845276,0.4519473612308502,0.5871928930282593
6,6,0.01011461578309536,0.25862181186676025,0.2292747050523758,0.3237488865852356,0.47578927874565125
6,7,0.00922494474798441,0.29814067482948303,0.23123057186603546,0.38579559326171875,0.5373003482818604
6,8,0.008766066282987595,0.1487601399421692,0.1090037077665329,0.35396620631217957,0.5460086464881897
6,9,0.00857141800224781,0.20446081459522247,0.1820353865623474,0.2698999345302582,0.45277291536331177
6,10,0.008073876611888409,0.31299641728401184,0.3284463584423065,0.386692613363266,0.5035308003425598
6,11,0.007903693243861198,0.1386590451002121,0.15273211896419525,0.11963927745819092,0.3484211564064026
6,12,0.007696529850363731,0.19697332382202148,0.23166480660438538,0.336849570274353,0.4658915102481842
6,13,0.007403477095067501,0.19067658483982086,0.1995323896408081,0.22440654039382935,0.45636889338493347
6,14,0.007164016366004944,0.14065052568912506,0.09370938688516617,0.2465476095676422,0.4467741847038269
6,15,0.006886671297252178,0.20910558104515076,0.17155490815639496,0.36114755272865295,0.5019624829292297
6,16,0.006741003133356571,0.009892847388982773,0.11631336063146591,0.41370370984077454,0.6010285019874573
6,17,0.006465907674282789,0.15160325169563293,0.17556951940059662,0.2886415719985962,0.5121324062347412
6,18,0.006417501717805862,0.020391561090946198,0.14265112578868866,0.31937676668167114,0.5030706524848938
6,19,0.006254955660551786,0.17206935584545135,0.09523024410009384,0.2782658040523529,0.5119435787200928
6,20,0.0059756566770374775,-0.018111316487193108,-0.013258653692901134,0.17460806667804718,0.3985152244567871
6,21,0.00582587206736207,0.13687917590141296,0.11699934303760529,0.3073694705963135,0.5215328335762024
6,22,0.005709277465939522,0.13577784597873688,0.1425894945859909,0.2889385521411896,0.4518093466758728
6,23,0.0056511592119932175,0.10515280067920685,0.12319653481245041,0.21342003345489502,0.4750135540962219
6,24,0.005493754521012306,0.12414511293172836,0.09646183252334595,0.2556295096874237,0.5158631205558777
6,25,0.005314010661095381,0.24466145038604736,0.18297278881072998,0.18770132958889008,0.37315833568573
6,26,0.00522974506020546,0.2142188549041748,0.07848617434501648,0.277961403131485,0.5315563082695007
6,27,0.005172096658498049,0.18827848136425018,0.18607556819915771,0.2691527307033539,0.5167515873908997
6,28,0.005037952214479446,0.08540020138025284,0.14138655364513397,0.2034529596567154,0.40974611043930054
6,29,0.004962472710758448,0.32111039757728577,0.23223166167736053,0.24810416996479034,0.4783887565135956
6,30,0.0049166311509907246,0.11197119206190109,0.13751518726348877,0.19089578092098236,0.48181575536727905
6,31,0.004840942099690437,0.12151475995779037,-0.04333718121051788,0.16315968334674835,0.3815290927886963
6,32,0.0047715455293655396,0.12520086765289307,0.056038010865449905,0.029190387576818466,0.40033990144729614
6,33,0.004696354269981384,0.07341085374355316,0.09743007272481918,0.12528254091739655,0.38603949546813965
6,34,0.0046666814014315605,0.13599294424057007,0.21304932236671448,0.1860346794128418,0.4795677661895752
6,35,0.004608802031725645,0.062072478234767914,0.10540910810232162,0.24565856158733368,0.46410247683525085
6,36,0.004519566893577576,0.08080919086933136,0.03777167201042175,0.1720505952835083,0.4032261073589325
6,37,0.004462494980543852,0.10943630337715149,0.05412748456001282,0.24682696163654327,0.46507295966148376
6,38,0.004436511546373367,0.12506230175495148,0.07938254624605179,0.24207164347171783,0.522072970867157
6,39,0.004376042168587446,0.13471373915672302,0.17398138344287872,0.21114876866340637,0.4554596245288849
6,40,0.004319222178310156,0.08808739483356476,0.03574983403086662,0.12598881125450134,0.4025249779224396
6,41,0.004273292142897844,0.14738450944423676,0.2371344417333603,0.12798409163951874,0.3973056972026825
6,42,0.004173760302364826,0.1865282505750656,0.18065713346004486,0.26608964800834656,0.4541585147380829
6,43,0.004143839236348867,0.14623478055000305,0.16900010406970978,0.19235961139202118,0.4169740676879883
6,44,0.004068274982273579,0.08699580281972885,0.16795635223388672,0.21111857891082764,0.4930154085159302
6,45,0.004014200530946255,0.11022292822599411,0.13391676545143127,0.19965730607509613,0.4472130537033081
6,46,0.003964937292039394,0.0789579451084137,-0.07493714988231659,0.21771468222141266,0.5536400675773621
6,47,0.003957360051572323,0.08198004215955734,-0.03743264824151993,0.13242974877357483,0.41912370920181274
6,48,0.003894767491146922,-0.011468861252069473,0.018779631704092026,0.0210406593978405,0.3924559950828552
6,49,0.0038259844295680523,0.11785296350717545,0.1239592507481575,0.19731251895427704,0.39489731192588806
6,50,0.003801018698140979,0.12429109215736389,0.15426476299762726,0.22870013117790222,0.5848439931869507
6,51,0.003730673575773835,0.1647929549217224,0.18314792215824127,0.08291696012020111,0.4363263249397278
6,52,0.00369717157445848,0.07381559908390045,0.07069787383079529,0.16697311401367188,0.4510674774646759
6,53,0.0036824308335781097,0.15589872002601624,0.1371537148952484,0.10799665749073029,0.41662293672561646
6,54,0.003644454525783658,0.12608449161052704,-0.008839471265673637,0.08638190478086472,0.46295595169067383
6,55,0.0035913032479584217,0.027923373505473137,0.024294693022966385,0.22327004373073578,0.5561038255691528
6,56,0.0035651824437081814,0.1959792673587799,0.19390685856342316,0.22142311930656433,0.4849281907081604
6,57,0.0035527641884982586,0.2555595338344574,0.17934298515319824,0.13060592114925385,0.41002359986305237
6,58,0.0035292834509164095,0.18150323629379272,0.17309962213039398,0.09679356217384338,0.46223384141921997
6,59,0.0034429633524268866,0.036417730152606964,0.07591507583856583,0.1787252128124237,0.4847245514392853
6,60,0.00341868307441473,0.07637829333543777,0.14218319952487946,0.01516265980899334,0.449708491563797
6,61,0.0033868185710161924,0.1254037469625473,0.10049470514059067,0.01834658719599247,0.3711068034172058
6,62,0.003357229521498084,0.17223559319972992,0.15102006494998932,0.12350945174694061,0.44220155477523804
6,63,0.0033099728170782328,0.0059828623197972775,-0.015493946149945259,0.06291010230779648,0.40789830684661865
6,64,0.0032801737543195486,0.02271912805736065,-0.008998810313642025,0.1458449512720108,0.42482516169548035
6,65,0.0032671389635652304,0.06665212661027908,0.13104133307933807,0.13310681283473969,0.5135643482208252
6,66,0.003265296807512641,-0.031000716611742973,0.000916528282687068,0.1018272340297699,0.3706841468811035
6,67,0.003208461217582226,0.07971213012933731,0.030369112268090248,0.061809852719306946,0.42862069606781006
6,68,0.003185134381055832,0.10454338043928146,0.08689858764410019,0.09826327115297318,0.47057032585144043
6,69,0.0031591260340064764,-0.01592482067644596,0.08159738034009933,0.0492330826818943,0.39473795890808105
6,70,0.0031071531120687723,0.12203235179185867,0.029568256810307503,0.17349295318126678,0.48935219645500183
6,71,0.0030900370329618454,0.10607866942882538,0.14429804682731628,0.13197192549705505,0.5008591413497925
6,72,0.0030677211470901966,-0.011637913063168526,0.17694957554340363,0.028866944834589958,0.38703298568725586
6,73,0.003052717074751854,0.23121273517608643,0.23745512962341309,0.1694624423980713,0.377229243516922
6,74,0.003040238982066512,-0.0604889914393425,0.05354659631848335,0.2619365155696869,0.5278269648551941
6,75,0.0030195435974746943,0.10816681385040283,0.07111198455095291,0.13880987465381622,0.35411107540130615
6,76,0.0029791395645588636,0.0459265410900116,0.016513794660568237,0.015279601328074932,0.47731107473373413
6,77,0.002962360391393304,-0.031355999410152435,-0.0073242345824837685,0.10199692845344543,0.4324493110179901
6,78,0.002939288504421711,0.13279704749584198,0.27385154366493225,0.136051744222641,0.4907582104206085
6,79,0.0029087334405630827,0.07881920039653778,0.0791650265455246,0.14308799803256989,0.37994471192359924
6,80,0.002888406626880169,0.06535183638334274,0.14001265168190002,0.1838405281305313,0.4814182221889496
6,81,0.002873969031497836,-0.008456969633698463,0.13030076026916504,0.05115433409810066,0.4003671407699585
6,82,0.002844413975253701,0.10391702502965927,-0.035381052643060684,0.22184893488883972,0.5136244893074036
6,83,0.0028281263075768948,0.16608881950378418,0.06340844184160233,0.12949953973293304,0.4519098103046417
6,84,0.002805897733196616,-0.04420778527855873,0.0021146421786397696,0.12375511229038239,0.48134204745292664
6,85,0.002791510196402669,0.11365743726491928,0.08033844828605652,0.11261668801307678,0.36724328994750977
6,86,0.002770005026832223,0.05594301223754883,0.1314270943403244,0.08690368384122849,0.4370217025279999
6,87,0.0027516994159668684,0.12168020009994507,0.01703151874244213,0.11490070819854736,0.4411129653453827
6,88,0.0027105407789349556,0.15226250886917114,0.11155891418457031,0.11873574554920197,0.4313381612300873
6,89,0.002702597063034773,0.07379749417304993,-0.03609936311841011,0.22170521318912506,0.5343565344810486
6,90,0.0026890458539128304,0.001505959196947515,0.05049356818199158,0.057751305401325226,0.41258546710014343
6,91,0.002663044026121497,0.1661384403705597,0.20625457167625427,0.012480600737035275,0.4058768153190613
6,92,0.0026438727509230375,0.12300634384155273,0.12694482505321503,0.09920626133680344,0.4477037489414215
6,93,0.0026263087056577206,0.013921575620770454,-0.014684992842376232,0.16918118298053741,0.4459380507469177
6,94,0.0025954055599868298,0.13237379491329193,0.026332011446356773,0.07780303061008453,0.4018374979496002
6,95,0.0025911570992320776,0.06569672375917435,0.125461608171463,0.09493511915206909,0.4028781056404114
6,96,0.002575894119217992,0.12143003940582275,0.04966602474451065,0.020799893885850906,0.3650635778903961
6,97,0.0025540257338434458,0.11072813719511032,0.14997605979442596,0.2553654611110687,0.45902779698371887
6,98,0.002537831664085388,0.039121050387620926,0.004572093021124601,0.035508885979652405,0.3494051992893219
6,99,0.0025255815126001835,0.037459321320056915,0.07016854733228683,0.12815655767917633,0.38616493344306946
6,100,0.002498582238331437,0.103265680372715,0.09943161904811859,0.00846636202186346,0.3481752872467041
6,101,0.0024769273586571217,-0.10860930383205414,0.1583532840013504,0.01714031584560871,0.46583908796310425
6,102,0.002469961531460285,-0.0008311964338645339,-0.05022232234477997,0.10591660439968109,0.43701890110969543
6,103,0.002460146090015769,0.0468369759619236,0.018403200432658195,0.010581339709460735,0.42060333490371704
6,104,0.00244128261692822,0.1022646576166153,0.14275887608528137,0.26166075468063354,0.5200396776199341
6,105,0.0024228310212492943,-0.030738327652215958,-0.04632264003157616,0.09108557552099228,0.47552579641342163
6,106,0.0024189846590161324,0.07928585261106491,0.0765412226319313,0.19527588784694672,0.46149495244026184
6,107,0.0023924692068248987,0.02937297150492668,0.058397721499204636,0.06102198362350464,0.41038334369659424
6,108,0.0023825406096875668,0.019139233976602554,0.024844644591212273,0.0368984192609787,0.4135395884513855
6,109,0.002363351173698902,-0.021579788997769356,-0.018761351704597473,0.07558561861515045,0.4014320969581604
6,110,0.0023590896744281054,0.10549629479646683,0.0045895944349467754,0.08868471533060074,0.40850627422332764
6,111,0.002328322734683752,0.1295280158519745,0.06975044310092926,0.1983986347913742,0.4394441545009613
6,112,0.002316246274858713,0.049417655915021896,0.10996457934379578,0.01227627508342266,0.38038399815559387
6,113,0.0023054557386785746,0.09336790442466736,-0.0035602920688688755,0.1481456756591797,0.4735875427722931
6,114,0.002294473582878709,0.013574364595115185,0.08375989645719528,0.04964404180645943,0.4141937792301178
6,115,0.0022792487870901823,-0.036891184747219086,0.01961805298924446,0.09179408103227615,0.3682861328125
6,116,0.002266600029543042,0.08124183863401413,0.04284749925136566,0.15599970519542694,0.4271443784236908
6,117,0.002257461892440915,0.01677047647535801,0.012171783484518528,0.017888793721795082,0.49088382720947266
6,118,0.0022445328067988157,-0.026572413742542267,-0.047082092612981796,0.0929812341928482,0.5337049961090088
6,119,0.0022410491947084665,-0.0382433719933033,0.07897898554801941,0.05217605084180832,0.4215092658996582
6,120,0.0022191351745277643,0.14048250019550323,0.021207822486758232,0.018645690754055977,0.4133523106575012
6,121,0.002214011736214161,0.07372965663671494,0.03969213366508484,0.07128708064556122,0.4066598415374756
6,122,0.0021813511848449707,-0.09582774341106415,0.01419976819306612,0.141327902674675,0.45127058029174805
6,123,0.002167364116758108,-0.05851651728153229,-0.022790513932704926,0.091820627450943,0.3799443244934082
6,124,0.002157510258257389,-0.10499323159456253,0.11820981651544571,0.05498721823096275,0.3428737223148346
6,125,0.00214754487387836,0.07895013689994812,0.04442713409662247,0.14178438484668732,0.4243190288543701
6,126,0.0021432493813335896,-0.005836114287376404,0.04870888590812683,0.022204076871275902,0.3768003582954407
6,127,0.0021193348802626133,0.05595700070261955,0.1382904052734375,0.09009778499603271,0.4453282654285431
6,128,0.002104477258399129,-0.0038322091568261385,0.09672393649816513,0.0631786584854126,0.4440830647945404
6,129,0.0020864882972091436,-0.09206011891365051,0.06466402113437653,0.17633625864982605,0.4010600745677948
6,130,0.002075313590466976,-0.05781965330243111,0.007013748865574598,0.022611046209931374,0.4161338210105896
6,131,0.002056596102192998,0.06571293622255325,0.06962687522172928,0.04299575090408325,0.414536714553833
6,132,0.002049300353974104,0.010750946588814259,0.05939853563904762,0.040107712149620056,0.4393695592880249
6,133,0.002037607366219163,0.017170190811157227,-0.07501101493835449,0.04464494809508324,0.4232169985771179
6,134,0.002026266884058714,-0.003702819347381592,0.02682075835764408,0.02464897371828556,0.4535793662071228
6,135,0.002016648883000016,0.043627843260765076,0.07467914372682571,0.1563739776611328,0.47964614629745483
6,136,0.001998939784243703,-0.01335188653320074,0.0630020797252655,0.03862461820244789,0.4479140341281891
6,137,0.0019836672581732273,0.1254088282585144,0.029414180666208267,0.11725763231515884,0.40931910276412964
6,138,0.0019690976478159428,0.03488307446241379,0.05590622499585152,0.09302661567926407,0.4534473419189453
6,139,0.001965309726074338,0.03610464930534363,0.07451508939266205,0.03392307460308075,0.40140846371650696
6,140,0.0019485894590616226,0.030820142477750778,-0.057324014604091644,0.010913890786468983,0.4244479238986969
6,141,0.0019414998823776841,0.05736472085118294,0.05623257905244827,0.01205684244632721,0.38379403948783875
6,142,0.0019364375621080399,0.11860501021146774,0.003265080042183399,0.02548784390091896,0.39924928545951843
6,143,0.0019257939420640469,0.0024550179950892925,0.07173051685094833,0.015135509893298149,0.3670361042022705
6,144,0.0019197500078007579,-0.06879647076129913,-0.0981990396976471,0.05809580534696579,0.39043399691581726
6,145,0.0019046574598178267,0.06477034837007523,0.07522593438625336,0.021460628136992455,0.3666975498199463
6,146,0.0018861126154661179,0.02961839735507965,0.0005846700514666736,0.03206333890557289,0.3891738951206207
6,147,0.0018730203155428171,0.06543680280447006,0.029661893844604492,0.040569815784692764,0.3620176613330841
6,148,0.0018710829317569733,-0.07658707350492477,0.09845325350761414,0.01210047584027052,0.37033194303512573
6,149,0.0018485051114112139,0.10756699740886688,-0.07816653698682785,0.022803502157330513,0.40740999579429626
6,150,0.0018460771534591913,0.10271003842353821,0.007712364662438631,0.09066325426101685,0.43036678433418274
6,151,0.0018401836277917027,0.06576239317655563,0.14795267581939697,0.1039266362786293,0.43720051646232605
6,152,0.0018264708342030644,0.06930477917194366,0.0939166322350502,0.12250067293643951,0.41428592801094055
6,153,0.0018181854393333197,0.07413392513990402,0.04355408623814583,0.13397625088691711,0.45699599385261536
6,154,0.0018116000574082136,-0.03193817660212517,0.11151884496212006,0.016542112454771996,0.3814101815223694
6,155,0.0018071996746584773,-0.06576556712388992,-0.11079450696706772,0.030239485204219818,0.3423389196395874
6,156,0.001788269612006843,-0.02628779411315918,0.0251922644674778,0.01720665954053402,0.4110454022884369
6,157,0.001779568730853498,0.04162896052002907,0.06690816581249237,0.02568652108311653,0.33833035826683044
6,158,0.0017761436756700277,0.05824781954288483,0.1590391993522644,0.012828846462070942,0.36889466643333435
6,159,0.0017717874143272638,-0.003819443751126528,0.039728518575429916,0.030360683798789978,0.4063540995121002
6,160,0.0017584726447239518,0.04742847755551338,-0.008038674481213093,0.011645015329122543,0.3171911835670471
6,161,0.0017509136814624071,0.002421008190140128,0.1024358943104744,0.02557234652340412,0.35488998889923096
6,162,0.0017421857919543982,0.06813999265432358,0.09702958911657333,0.009340304881334305,0.39190030097961426
6,163,0.0017337501049041748,0.008019207045435905,0.11276639252901077,0.04685208946466446,0.444950670003891
6,164,0.001719104708172381,0.07656648755073547,0.06768490374088287,0.022635389119386673,0.4283454716205597
6,165,0.0017053764313459396,0.04376320540904999,0.035172492265701294,0.08724527060985565,0.47137320041656494
6,166,0.001699779531918466,0.11437631398439407,0.018642641603946686,0.012611627578735352,0.34807392954826355
6,167,0.0016971580917015672,0.03958950564265251,0.07000134885311127,0.02615300379693508,0.3799659013748169
6,168,0.0016897264868021011,-0.025073125958442688,-0.00891114678233862,0.028669586405158043,0.40240219235420227
6,169,0.0016740300925448537,0.19680845737457275,0.13466696441173553,0.01129457913339138,0.3103192448616028
6,170,0.0016644007991999388,-0.1421526074409485,0.028145600110292435,0.042028188705444336,0.33030515909194946
6,171,0.0016526810359209776,0.06618978828191757,0.07830542325973511,0.030916728079319,0.32681918144226074
6,172,0.0016438891179859638,-0.027897298336029053,-0.03629227355122566,0.03981257230043411,0.40336912870407104
6,173,0.0016369778895750642,0.05539991334080696,-0.009901883080601692,0.07017944008111954,0.42794620990753174
6,174,0.0016295361565425992,-0.10166607797145844,0.03214571624994278,0.011470933444797993,0.3628668487071991
6,175,0.0016227539163082838,0.06628350168466568,0.08124982565641403,0.06852337718009949,0.40705567598342896
6,176,0.001610874547623098,0.22357545793056488,0.13814830780029297,0.0236238781362772,0.3357090950012207
6,177,0.0016046781092882156,-0.0887308344244957,0.14695313572883606,0.015980303287506104,0.38989749550819397
6,178,0.00160066201351583,0.0895797461271286,0.05329923331737518,0.027597717940807343,0.36327189207077026
6,179,0.00158323859795928,0.012606257572770119,0.004047120455652475,0.010239694267511368,0.3653625547885895
6,180,0.0015804689610376954,0.026171883568167686,0.048294082283973694,0.00957753136754036,0.4247724711894989
6,181,0.0015719322254881263,-0.016681868582963943,-0.009404275566339493,0.04693775996565819,0.3632297217845917
6,182,0.0015624695224687457,0.027985379099845886,-0.031708553433418274,0.03557164967060089,0.2965366542339325
6,183,0.0015593625139445066,-0.01609964668750763,0.06389468163251877,0.022748418152332306,0.28037214279174805
6,184,0.0015492015518248081,0.031087784096598625,0.06398982554674149,0.010533126071095467,0.41950610280036926
6,185,0.0015271010342985392,0.022295204922556877,-0.01318779680877924,0.0214272178709507,0.3873308300971985
6,186,0.0015254919417202473,0.07581698894500732,0.1976872682571411,0.04057788848876953,0.34029507637023926
6,187,0.0015166902448982,0.03753715008497238,0.03615066781640053,0.09993356466293335,0.3976724445819855
6,188,0.001514411997050047,0.014541760087013245,-0.02087351121008396,0.04363814741373062,0.3836793899536133
6,189,0.001494583673775196,0.008597989566624165,-0.052006665617227554,0.02242080494761467,0.3933425843715668
6,190,0.0014934759819880128,0.18249401450157166,0.09124727547168732,0.0956980511546135,0.3786699175834656
6,191,0.0014814443420618773,-0.08793159574270248,0.03600938245654106,0.12231019884347916,0.38109496235847473
6,192,0.0014775070594623685,0.14056430757045746,0.049352072179317474,0.08849745243787766,0.4487106204032898
6,193,0.001461467589251697,0.032125476747751236,-0.028669213876128197,0.08121863752603531,0.3913761377334595
6,194,0.001455157995223999,-0.10839998722076416,-0.03230683505535126,0.018578235059976578,0.4159700274467468
6,195,0.0014492458431050181,0.017445217818021774,-0.01288426574319601,0.011189231649041176,0.42768216133117676
6,196,0.0014482763363048434,-0.018861869350075722,-0.10053771734237671,0.037817224860191345,0.35474032163619995
6,197,0.001440527499653399,0.07091226428747177,-0.034677013754844666,0.013531733304262161,0.3215641677379608
6,198,0.0014332225546240807,-0.0754193663597107,0.05152511224150658,0.018324971199035645,0.41374504566192627
6,199,0.0014237993163987994,0.003914039582014084,0.12500342726707458,0.014205238781869411,0.3699059784412384
6,200,0.001417859923094511,0.12948539853096008,0.1134125217795372,0.048531241714954376,0.3419090807437897
6,201,0.001412878162227571,-0.10202538967132568,0.10078287124633789,0.08888503164052963,0.4027825593948364
6,202,0.0014090866316109896,-0.06412994116544724,-0.05746876820921898,0.007632250897586346,0.3088517487049103
6,203,0.0014001402305439115,0.03710964322090149,0.12300107628107071,0.010169964283704758,0.3903120458126068
6,204,0.0013966214610263705,-0.05573473498225212,0.05449308454990387,0.0796368271112442,0.3227103352546692
6,205,0.0013868107926100492,-0.06400410830974579,-0.09133710712194443,0.013484129682183266,0.3366472125053406
6,206,0.0013779725413769484,0.09631117433309555,0.06352424621582031,0.08434858173131943,0.31722697615623474
6,207,0.0013656520750373602,-0.01377161219716072,0.03817611187696457,0.040245845913887024,0.4217335879802704
6,208,0.0013582779793068767,0.0599026121199131,-0.04338382929563522,0.029283370822668076,0.39778661727905273
6,209,0.0013567788992077112,0.03592803701758385,0.029933618381619453,0.15736201405525208,0.42655083537101746
6,210,0.0013499208725988865,0.007878361269831657,0.0994095578789711,0.054055966436862946,0.3895152807235718
6,211,0.0013384131016209722,0.06209605559706688,0.01252057496458292,0.0813174620270729,0.4103802740573883
6,212,0.0013327589258551598,0.025952991098165512,-0.07263177633285522,0.011181226000189781,0.37428706884384155
6,213,0.001327015575952828,-0.02330048568546772,0.0053893886506557465,0.022346945479512215,0.43898218870162964
6,214,0.0013213932979851961,-0.008884340524673462,0.05363479256629944,0.04410668835043907,0.3643975555896759
6,215,0.0013116507325321436,0.010977376252412796,0.052335526794195175,0.016457373276352882,0.3135620057582855
6,216,0.0013088304549455643,0.07401998341083527,-0.04482981562614441,0.012844877317547798,0.31966304779052734
6,217,0.0013044275110587478,-0.04730916768312454,0.04571154713630676,0.03898083418607712,0.3468751311302185
6,218,0.0012914598919451237,-0.019050776958465576,0.02047078311443329,0.00858335755765438,0.350535124540329
6,219,0.0012829431798309088,-0.0008128566551022232,-0.024518867954611778,0.019743414595723152,0.4129466116428375
6,220,0.0012773299822583795,-0.02135319449007511,0.11360365897417068,0.03503679484128952,0.3739083707332611
6,221,0.0012733044568449259,-0.00316991307772696,0.1145203709602356,0.021212732419371605,0.3276142179965973
6,222,0.0012653436278924346,0.045353636145591736,-0.011654750443994999,0.09675861150026321,0.38228434324264526
6,223,0.0012639916967600584,0.048000071197748184,-0.07966355979442596,0.014331474900245667,0.3650833070278168
6,224,0.0012541065225377679,-0.03893330320715904,0.06815905123949051,0.01537902932614088,0.4350563883781433
6,225,0.001242134952917695,-0.10031305253505707,-0.012704869732260704,0.03635694831609726,0.28963565826416016
6,226,0.0012375559890642762,-0.007886547595262527,0.06719136983156204,0.02799776941537857,0.34982189536094666
6,227,0.001227068598382175,-0.015918241813778877,0.1539190113544464,0.020306328311562538,0.3491379916667938
6,228,0.0012209276901558042,0.10107451677322388,0.05502792447805405,0.03128804638981819,0.4028698205947876
6,229,0.001220027101226151,-0.10352621227502823,-0.15938985347747803,0.044645097106695175,0.42232128977775574
6,230,0.0012045552721247077,0.024880308657884598,0.04956720769405365,0.01124577596783638,0.3929038345813751
6,231,0.0011972312349826097,0.11398956179618835,0.019462816417217255,0.061643101274967194,0.38648486137390137
6,232,0.001194985001347959,0.036192845553159714,0.047224659472703934,0.019154325127601624,0.42066121101379395
6,233,0.0011786277173087,-0.0629749745130539,0.020288832485675812,0.01815226674079895,0.3337099552154541
6,234,0.0011735846055671573,0.08450981229543686,0.05986737459897995,0.03426956757903099,0.41067492961883545
6,235,0.0011668498627841473,-0.07837186753749847,0.11719333380460739,0.06856445223093033,0.3348292112350464
6,236,0.0011648365762084723,-0.09863024204969406,-0.066256582736969,0.011073767207562923,0.35270529985427856
6,237,0.0011566707398742437,0.07521764189004898,-0.011221597902476788,0.019318144768476486,0.3726213872432709
6,238,0.0011509484611451626,-0.020493265241384506,-0.0831330418586731,0.0220421701669693,0.39791250228881836
6,239,0.0011401991359889507,-0.012465854175388813,0.09440016746520996,0.0388629324734211,0.31413838267326355
6,240,0.001136701786890626,0.029684564098715782,0.2055080085992813,0.025955436751246452,0.3961647152900696
6,241,0.0011312059359624982,-0.02440490573644638,0.09220054745674133,0.01630431041121483,0.3265105187892914
6,242,0.0011280818143859506,-0.019015567377209663,0.1492362767457962,0.025241894647479057,0.3897096514701843
6,243,0.0011213001562282443,-0.18033652007579803,0.005641751457005739,0.027405058965086937,0.336568146944046
6,244,0.0011134702945128083,-0.03171699866652489,0.09187281876802444,0.021291565150022507,0.41044291853904724
6,245,0.0011028072331100702,0.017311714589595795,-0.014320646412670612,0.02168295532464981,0.34101203083992004
6,246,0.0010972198797389865,-0.039631884545087814,0.05745683237910271,0.024647163227200508,0.35384318232536316
6,247,0.0010926065733656287,-0.02944427728652954,-0.013096637092530727,0.06925281882286072,0.39544886350631714
6,248,0.0010893682483583689,0.07701115310192108,0.1096513420343399,0.009307938627898693,0.31810182332992554
6,249,0.0010829551611095667,0.030166178941726685,0.13406850397586823,0.07468514889478683,0.2860589623451233
6,250,0.0010730886133387685,-0.039791639894247055,-0.10259590297937393,0.08510404825210571,0.34730884432792664
6,251,0.0010654401266947389,0.025207728147506714,-0.12159094959497452,0.03727201744914055,0.30448031425476074
6,252,0.0010542909149080515,0.08320914953947067,0.004982466343790293,0.02914310432970524,0.47472551465034485
6,253,0.00104747514706105,0.017290430143475533,-0.05119946971535683,0.03774386644363403,0.43352118134498596
6,254,0.0010399083839729428,-0.09794624149799347,-0.005354247521609068,0.021713072434067726,0.3290376663208008
6,255,0.0010252086212858558,0.06926242262125015,-0.022211063653230667,0.022420678287744522,0.32131701707839966
7,0,0.03802996128797531,0.7886274456977844,0.7666311860084534,0.6281885504722595,0.692483127117157
7,1,0.01553312223404646,0.2222040593624115,0.075180284678936,0.2544037103652954,0.40462324023246765
7,2,0.014972100034356117,0.5482122898101807,0.5532969832420349,0.37210315465927124,0.4838441014289856
7,3,0.013617399148643017,0.40377718210220337,0.3857288062572479,0.5060437321662903,0.5993623733520508
7,4,0.011592906899750233,0.3779495060443878,0.3770054280757904,0.38396334648132324,0.5258556604385376
7,5,0.010704434476792812,0.2943325638771057,0.3130180537700653,0.4351574182510376,0.5623968839645386
7,6,0.010081835091114044,0.2968916893005371,0.19507354497909546,0.2630575895309448,0.4064670503139496
7,7,0.009662453085184097,0.22918888926506042,0.2589774429798126,0.2997457981109619,0.41641998291015625
7,8,0.008990713395178318,0.3619288206100464,0.35857126116752625,0.31315726041793823,0.4672539532184601
7,9,0.008757385425269604,0.26400455832481384,0.20776227116584778,0.33206015825271606,0.43827080726623535
7,10,0.008134099654853344,0.27520421147346497,0.22375521063804626,0.34644749760627747,0.5267250537872314
7,11,0.007907887920737267,0.22990398108959198,0.22616781294345856,0.27735915780067444,0.4564340114593506
7,12,0.007686646655201912,0.2049436718225479,0.26303407549858093,0.3741457164287567,0.512546956539154
7,13,0.007276440039277077,0.16593314707279205,0.14614248275756836,0.23063839972019196,0.42607036232948303
7,14,0.0070059699937701225,0.1876782476902008,0.16902387142181396,0.23733578622341156,0.4245213270187378
7,15,0.0068796537816524506,0.17647643387317657,0.2165410816669464,0.32478561997413635,0.5781301856040955
7,16,0.006550437770783901,0.10750212520360947,0.17612390220165253,0.35458606481552124,0.5650883316993713
7,17,0.006442817859351635,0.08959336578845978,0.09405206143856049,0.12589621543884277,0.33320173621177673
7,18,0.0063423654064536095,0.16676455736160278,0.1519257128238678,0.18594086170196533,0.42996498942375183
7,19,0.006133897230029106,0.17960712313652039,0.18069276213645935,0.37830135226249695,0.5245307087898254
7,20,0.006024141330271959,0.1428639143705368,0.1684434562921524,0.26040786504745483,0.44221433997154236
7,21,0.005930242128670216,0.23708917200565338,0.2489614188671112,0.37578263878822327,0.5621192455291748
7,22,0.005840245168656111,0.22852222621440887,0.2999783754348755,0.40680038928985596,0.6302440762519836
7,23,0.005608469247817993,0.21279248595237732,0.25241532921791077,0.3205050528049469,0.5232861638069153
7,24,0.005536050070077181,-0.01738530769944191,-0.024168310686945915,0.2910359501838684,0.45817428827285767
7,25,0.005461909808218479,0.08467461168766022,0.005887859966605902,0.2657322585582733,0.5008317828178406
7,26,0.005335924215614796,0.10567742586135864,0.05134521424770355,0.2714202105998993,0.5116028785705566
7,27,0.0052838800475001335,0.1650821417570114,0.1923137903213501,0.1543128341436386,0.4160838723182678
7,28,0.005086516495794058,0.07059188932180405,0.18432244658470154,0.2457381784915924,0.48358431458473206
7,29,0.005063104908913374,0.03804298862814903,0.005347628612071276,0.024849070236086845,0.5153788328170776
7,30,0.004957902245223522,0.17380434274673462,0.12386660277843475,0.13334040343761444,0.45872899889945984
7,31,0.004778541158884764,0.049992114305496216,-0.06970159709453583,0.25904977321624756,0.48689788579940796
7,32,0.004738821182399988,0.12161552160978317,0.1300487220287323,0.27706456184387207,0.439430296421051
7,33,0.004648655187338591,0.05879110470414162,0.14286012947559357,0.20401312410831451,0.4255926311016083
7,34,0.004582768306136131,0.05272272974252701,0.0508907325565815,0.1702263504266739,0.49439871311187744
7,35,0.004535216838121414,0.13200423121452332,0.12595155835151672,0.14462266862392426,0.37980490922927856
7,36,0.0044599189423024654,0.13867275416851044,0.15399833023548126,0.2471928745508194,0.4806114435195923
7,37,0.004433826543390751,0.07424645125865936,0.037358690053224564,0.22002707421779633,0.4406069815158844
7,38,0.00436067720875144,0.044486284255981445,0.12347473204135895,0.1728525161743164,0.42389628291130066
7,39,0.004275508224964142,-0.012840493582189083,-0.038141652941703796,0.1826094686985016,0.4793510138988495
7,40,0.004266445524990559,0.2160356640815735,0.0643019899725914,0.24738094210624695,0.4081290662288666
7,41,0.004234278108924627,0.1932714432477951,0.14970889687538147,0.29558056592941284,0.4689366817474365
7,42,0.00420968234539032,0.10980619490146637,0.01855885423719883,0.11393874883651733,0.405625581741333
7,43,0.004129999782890081,0.16970206797122955,0.1444588303565979,0.1671895682811737,0.44851240515708923
7,44,0.004069660324603319,0.07696540653705597,0.02474169246852398,0.18577387928962708,0.47012948989868164
7,45,0.003990044351667166,0.20520177483558655,0.16670946776866913,0.2847076654434204,0.4968394637107849
7,46,0.003942372277379036,0.08989899605512619,0.09497909247875214,0.12032005190849304,0.4158998131752014
7,47,0.003914977889508009,0.0562395378947258,0.1387389600276947,0.19023041427135468,0.4778475761413574
7,48,0.0038878002669662237,0.17698200047016144,0.04732488468289375,0.2501819431781769,0.43282032012939453
7,49,0.003839170327410102,0.14948228001594543,0.12763863801956177,0.15075239539146423,0.4308210015296936
7,50,0.003806498134508729,0.07787711918354034,0.07904090732336044,0.18370430171489716,0.5206618309020996
7,51,0.003779198508709669,0.0711822435259819,-0.00028402311727404594,0.13459286093711853,0.43491169810295105
7,52,0.0036633608397096395,0.08809907734394073,0.010038482025265694,0.13712939620018005,0.48676401376724243
7,53,0.003622561926022172,0.15695370733737946,0.21042576432228088,0.1546219438314438,0.3740500211715698
7,54,0.0036150033120065928,0.08069247752428055,0.10888934135437012,0.07342559844255447,0.4746084213256836
7,55,0.0035896727349609137,0.16305823624134064,0.16667820513248444,0.15612807869911194,0.4906897246837616
7,56,0.0035610059276223183,0.038949817419052124,-0.010754481889307499,0.07450485229492188,0.48662513494491577
7,57,0.0035458109341561794,0.14106088876724243,0.04505325108766556,0.14676035940647125,0.4499787986278534
7,58,0.0035137024242430925,0.014384010806679726,0.0039184242486953735,0.1504034698009491,0.47254931926727295
7,59,0.003476794809103012,0.013784251175820827,0.012412415817379951,0.1656489223241806,0.46664974093437195
7,60,0.0034359560813754797,0.08900847285985947,0.19112256169319153,0.1406242400407791,0.4378756582736969
7,61,0.003420450957491994,0.07200278341770172,0.10651887953281403,0.07091835141181946,0.3992384374141693
7,62,0.0033819740638136864,0.004937441553920507,-0.03356971964240074,0.08287211507558823,0.4506255090236664
7,63,0.003357883309945464,0.02962588146328926,0.1126539409160614,0.052620235830545425,0.33643412590026855
7,64,0.0033245342783629894,0.15628871321678162,0.10354597121477127,0.14056764543056488,0.45490655303001404
7,65,0.0032865696121007204,0.14991053938865662,0.0709247961640358,0.05184828117489815,0.4159526228904724
7,66,0.00324313435703516,0.10667714476585388,0.16859301924705505,0.15246185660362244,0.35337722301483154
7,67,0.0032181486021727324,0.00889536365866661,0.031340014189481735,0.10982664674520493,0.3619705140590668
7,68,0.0031818265561014414,0.01711263507604599,0.09435634315013885,0.19388602674007416,0.5819907188415527
7,69,0.0031641970854252577,0.025680098682641983,-0.0233014989644289,0.16824409365653992,0.4248673617839813
7,70,0.003157524624839425,0.034392114728689194,0.056109558790922165,0.014917660504579544,0.37942004203796387
7,71,0.0031329223420470953,-0.012362079694867134,0.06698349118232727,0.2118237018585205,0.44558295607566833
7,72,0.0031054490245878696,0.11360114067792892,0.15077807009220123,0.10223695635795593,0.5290786027908325
7,73,0.003088580910116434,0.08559360355138779,0.1286739706993103,0.015387674793601036,0.3832818567752838
7,74,0.0030567296780645847,-0.00684827147051692,-0.07338565587997437,0.08709735423326492,0.39507725834846497
7,75,0.0030194094870239496,-0.024492058902978897,0.07796477526426315,0.03602238744497299,0.3713406026363373
7,76,0.0030000493861734867,0.033301375806331635,0.11122164875268936,0.08868016302585602,0.4070751667022705
7,77,0.002970718313008547,0.137920543551445,0.08769792318344116,0.12689800560474396,0.4039192199707031
7,78,0.0029611641075462103,0.1201210469007492,0.1459626704454422,0.2739708423614502,0.4784643054008484
7,79,0.0029226643964648247,0.0858815461397171,0.13180328905582428,0.06682445853948593,0.40712830424308777
7,80,0.0028899710159748793,0.08932680636644363,0.020542049780488014,0.08211514353752136,0.46040937304496765
7,81,0.0028776591643691063,0.0501398965716362,0.15425030887126923,0.07271268963813782,0.5263340473175049
7,82,0.0028582753147929907,-0.004204120021313429,0.025832295417785645,0.06581594794988632,0.5199397802352905
7,83,0.002832928439602256,0.21594037115573883,0.19790953397750854,0.1427198052406311,0.43762633204460144
7,84,0.002799111884087324,0.10848882794380188,-0.009936705231666565,0.05555156618356705,0.38110023736953735
7,85,0.0027858559042215347,0.11403659731149673,0.10740253329277039,0.02283954806625843,0.3436949551105499
7,86,0.0027816351503133774,-0.02265232428908348,0.02939452975988388,0.16773930191993713,0.43374505639076233
7,87,0.0027598298620432615,-0.015726877376437187,0.0759035274386406,0.10567720979452133,0.43199169635772705
7,88,0.0027379903476685286,0.015051817521452904,0.08082559704780579,0.022061537951231003,0.4419069290161133
7,89,0.0027232107240706682,0.0834490954875946,0.07417208701372147,0.010553008876740932,0.37021827697753906
7,90,0.002710389904677868,-0.09664110839366913,0.00972670502960682,0.16612103581428528,0.4226698875427246
7,91,0.0026833158917725086,-0.05043766275048256,-0.018998797982931137,0.05499253422021866,0.34804633259773254
7,92,0.0026451298035681248,-0.0666930228471756,0.017123349010944366,0.23115240037441254,0.42861077189445496
7,93,0.002621271414682269,0.09640702605247498,0.06148754805326462,0.22469638288021088,0.5061599612236023
7,94,0.002601063810288906,0.01819068379700184,0.07087302207946777,0.03561345487833023,0.4797823429107666
7,95,0.0025988623965531588,0.056733615696430206,0.14673659205436707,0.014174122363328934,0.4618071913719177
7,96,0.0025810268707573414,-0.10492880642414093,-0.054894182831048965,0.17104001343250275,0.4926566183567047
7,97,0.0025459302123636007,0.08600547164678574,0.08351513743400574,0.0912439227104187,0.4780867397785187
7,98,0.0025347161572426558,-0.03296254202723503,-0.01787698268890381,0.03957603499293327,0.3738829791545868
7,99,0.0025068249087780714,-0.034457363188266754,0.07955118268728256,0.16644783318042755,0.488939106464386
7,100,0.002494478365406394,0.1443444937467575,0.16583094000816345,0.02015741728246212,0.34833571314811707
7,101,0.0024753224570304155,0.008245300501585007,-0.019040517508983612,0.011215760372579098,0.39578360319137573
7,102,0.002462350996211171,0.1518680900335312,0.07825160026550293,0.1808537095785141,0.4304671287536621
7,103,0.0024580529425293207,0.22547714412212372,0.21529307961463928,0.09298419207334518,0.4193471670150757
7,104,0.002428195672109723,0.05184298753738403,-0.01787220872938633,0.08484835177659988,0.37452802062034607
7,105,0.0024058471899479628,-0.10809239745140076,0.010426909662783146,0.008742905221879482,0.4364176392555237
7,106,0.002393066883087158,0.15551608800888062,0.006830853875726461,0.02014147862792015,0.41011789441108704
7,107,0.002381832804530859,0.01919248141348362,0.15041916072368622,0.08815205097198486,0.3782128095626831
7,108,0.002369299065321684,0.12073799222707748,0.04122370108962059,0.06571158021688461,0.48732203245162964
7,109,0.0023562831338495016,0.056994639337062836,0.04676118493080139,0.008461173623800278,0.42830342054367065
7,110,0.0023350866977125406,0.10685059428215027,0.09160038083791733,0.07897680252790451,0.3662550747394562
7,111,0.00231864838860929,0.06366614997386932,-0.03237202391028404,0.05489617958664894,0.3590258061885834
7,112,0.0023094364441931248,0.20899628102779388,0.1956651210784912,0.18556834757328033,0.4693058729171753
7,113,0.00229491270147264,0.012448188848793507,0.11343473941087723,0.05778869241476059,0.4051841199398041
7,114,0.0022852385882288218,-0.10120187699794769,-0.057960011065006256,0.08957014232873917,0.42737990617752075
7,115,0.002269433345645666,0.12120876461267471,0.11043398082256317,0.0471128486096859,0.35403478145599365
7,116,0.0022526432294398546,0.18350890278816223,0.17740915715694427,0.04091978818178177,0.36943328380584717
7,117,0.0022414096165448427,-0.02557108923792839,0.062002260237932205,0.037907641381025314,0.3770080506801605
7,118,0.0022232001647353172,0.12709464132785797,0.08330109715461731,0.011508478783071041,0.4689955711364746
7,119,0.0022109325509518385,0.0371837243437767,-0.03430657461285591,0.07741645723581314,0.4193601608276367
7,120,0.002198483096435666,0.1251971572637558,-0.03581320121884346,0.02353374846279621,0.3775707483291626
7,121,0.0021865665912628174,-0.11197150498628616,0.033517587929964066,0.017460744827985764,0.3701953887939453
7,122,0.002172289416193962,0.12290173023939133,0.10532016307115555,0.011512119323015213,0.3610686957836151
7,123,0.0021626122761517763,0.15577659010887146,-0.040813952684402466,0.02425307035446167,0.4261542856693268
7,124,0.002154245274141431,-0.008797947317361832,0.056835271418094635,0.030446546152234077,0.424830824136734
7,125,0.0021330886520445347,-0.025383081287145615,0.055470239371061325,0.021335957571864128,0.38866230845451355
7,126,0.002127703744918108,0.054291583597660065,0.08034402877092361,0.01990000531077385,0.40086835622787476
7,127,0.0021160817705094814,-0.026315441355109215,0.10601656883955002,0.07138979434967041,0.3647218644618988
7,128,0.0021097552962601185,0.21062926948070526,0.13935145735740662,0.010760731995105743,0.39649099111557007
7,129,0.0020993021316826344,0.03425156697630882,0.04408154636621475,0.13825872540473938,0.42262405157089233
7,130,0.002093559829518199,-0.036340776830911636,-0.03943735361099243,0.019213518127799034,0.4085826873779297
7,131,0.002077145501971245,0.019714506343007088,0.04909984767436981,0.02650618366897106,0.4034547507762909
7,132,0.0020514922216534615,0.06020703166723251,-0.04840400442481041,0.07517412304878235,0.42458832263946533
7,133,0.0020406669937074184,0.05600738897919655,0.08133067190647125,0.07905557751655579,0.43042221665382385
7,134,0.002024485496804118,0.035821106284856796,0.0015245811082422733,0.03299873694777489,0.3890453577041626
7,135,0.002018510829657316,0.05206253007054329,-0.04668951779603958,0.08185730129480362,0.45173197984695435
7,136,0.00200376333668828,0.06404171884059906,0.09321384876966476,0.05012337118387222,0.3944025933742523
7,137,0.001993311569094658,0.0572439469397068,-0.03286249563097954,0.07170325517654419,0.4220450818538666
7,138,0.001988812116906047,0.11767622828483582,0.22621886432170868,0.12459808588027954,0.3824448883533478
7,139,0.001985386246815324,-0.02864253893494606,0.06396345049142838,0.049031276255846024,0.37425071001052856
7,140,0.0019671733025461435,-0.024140600115060806,-0.021238066256046295,0.04356278106570244,0.387178510427475
7,141,0.0019522614311426878,-0.0006588444812223315,0.07852775603532791,0.02883567474782467,0.4157309830188751
7,142,0.0019488170510157943,-0.05814063176512718,0.13863897323608398,0.12769384682178497,0.44246524572372437
7,143,0.0019290007185190916,0.06290064752101898,0.03964743763208389,0.04774143919348717,0.4396468997001648
7,144,0.0019138980424031615,0.029526077210903168,0.07384438067674637,0.08939321339130402,0.49406561255455017
7,145,0.00190303276758641,0.07062887400388718,0.04633428156375885,0.07542838156223297,0.46325016021728516
7,146,0.0018951791571453214,0.08517032116651535,0.13956208527088165,0.01744791306555271,0.3980587422847748
7,147,0.0018876375397667289,-0.05356781557202339,0.017513921484351158,0.07715632766485214,0.3572535216808319
7,148,0.0018740748055279255,0.10327634960412979,0.08513520658016205,0.11538058519363403,0.37938693165779114
7,149,0.0018688883865252137,0.05138793960213661,0.07273520529270172,0.07373527437448502,0.42747077345848083
7,150,0.0018588574603199959,0.14559099078178406,0.011178433895111084,0.02052978053689003,0.3662962019443512
7,151,0.001846425817348063,-0.004388331901282072,0.09734772145748138,0.0594257153570652,0.3879255950450897
7,152,0.0018357479711994529,0.0992187038064003,0.0782712921500206,0.04389349743723869,0.36878830194473267
7,153,0.001821503508836031,-0.0881100744009018,-0.12485233694314957,0.01799209788441658,0.48110339045524597
7,154,0.0018180003389716148,-0.09522891044616699,0.07174744457006454,0.0698486790060997,0.37912964820861816
7,155,0.0018087360076606274,-0.06819549947977066,0.06353310495615005,0.10589931905269623,0.4847649931907654
7,156,0.0018024706514552236,0.038919903337955475,0.10108424723148346,0.046501245349645615,0.38856303691864014
7,157,0.0017958799144253135,0.11045384407043457,0.00814878847450018,0.03845943510532379,0.3754238188266754
7,158,0.001788727124221623,0.07553712278604507,0.1488531082868576,0.017368441447615623,0.38670608401298523
7,159,0.001780525199137628,-0.016887309029698372,-0.060341887176036835,0.10021723806858063,0.3883650302886963
7,160,0.001762803178280592,0.015530993230640888,-0.040368106216192245,0.021062245592474937,0.3909330666065216
7,161,0.0017524731811136007,-0.016083071008324623,0.09337256848812103,0.011033380404114723,0.4302704334259033
7,162,0.0017323701176792383,0.11434357613325119,0.07224569469690323,0.010788872838020325,0.38826534152030945
7,163,0.0017231835518032312,0.07171133160591125,-0.0417167991399765,0.04620965197682381,0.3815896511077881
7,164,0.0017206028569489717,-0.0468820184469223,-0.01781208999454975,0.042456772178411484,0.45881760120391846
7,165,0.0017029226291924715,0.16141530871391296,0.10852739959955215,0.016378190368413925,0.43009206652641296
7,166,0.0016951742582023144,-0.05283656343817711,0.0632382184267044,0.09886421263217926,0.3938920795917511
7,167,0.0016907794633880258,0.19641709327697754,0.07604720443487167,0.017096279188990593,0.363334983587265
7,168,0.0016867174999788404,0.009170610457658768,-0.022535335272550583,0.07873274385929108,0.31598740816116333
7,169,0.0016797009157016873,-0.03100004605948925,0.0398583859205246,0.0635891929268837,0.4249044954776764
7,170,0.0016668487805873156,0.06760304421186447,0.05852220579981804,0.031865060329437256,0.36665913462638855
7,171,0.0016596814384683967,0.009380986914038658,0.04582971706986427,0.04147714376449585,0.4881114959716797
7,172,0.001652986858971417,-0.0021502363961189985,-0.09439457952976227,0.06380564719438553,0.32974711060523987
7,173,0.0016454072901979089,0.01336981076747179,-0.01495329849421978,0.060740455985069275,0.3934987485408783
7,174,0.0016401761677116156,-0.01491836179047823,0.018682699650526047,0.03323652595281601,0.35941046476364136
7,175,0.0016256892122328281,0.0630246251821518,0.06271231174468994,0.052791815251111984,0.39911115169525146
7,176,0.0016141486121341586,0.10817071050405502,0.11359100043773651,0.12445291131734848,0.41375717520713806
7,177,0.0016091091092675924,0.01379309594631195,0.1376120001077652,0.017084365710616112,0.39903026819229126
7,178,0.0015963219339028,0.08380013704299927,0.17045149207115173,0.05551311746239662,0.3704677224159241
7,179,0.0015889338683336973,-0.1746419370174408,-0.061787284910678864,0.010341474786400795,0.42200037837028503
7,180,0.0015820263652130961,-0.16178826987743378,-0.1492404341697693,0.020006654784083366,0.37894362211227417
7,181,0.0015732592437416315,-0.021884175017476082,0.037506911903619766,0.017998026683926582,0.38340792059898376
7,182,0.0015640022465959191,0.024061283096671104,0.017797840759158134,0.04498140513896942,0.4366341531276703
7,183,0.0015590190887451172,0.020718088373541832,0.041566308587789536,0.031715620309114456,0.4664437472820282
7,184,0.0015563290799036622,0.05980882793664932,0.01229569036513567,0.026180051267147064,0.48088565468788147
7,185,0.0015521545428782701,0.03769974038004875,0.07301049679517746,0.029122691601514816,0.4110989570617676
7,186,0.0015473432140424848,0.07399620115756989,-0.02152073010802269,0.04366724565625191,0.3417387306690216
7,187,0.0015369364991784096,-0.06919187307357788,0.08164951950311661,0.09026113152503967,0.3488571345806122
7,188,0.0015241045039147139,0.07370896637439728,0.01266466360539198,0.1061067059636116,0.4194367229938507
7,189,0.0015091849491000175,0.018443698063492775,0.0629630759358406,0.016932446509599686,0.3996613621711731
7,190,0.0015028417110443115,-0.005180655978620052,0.11998710036277771,0.013705636374652386,0.31007465720176697
7,191,0.0014896094799041748,0.0800948366522789,-0.0296659953892231,0.008344847708940506,0.3556811809539795
7,192,0.0014857063069939613,-0.02526009827852249,-0.046572063118219376,0.03871418163180351,0.3129259943962097
7,193,0.0014783687656745315,-0.07266311347484589,-0.03132844343781471,0.07159010320901871,0.45202717185020447
7,194,0.0014625597978010774,0.07769035547971725,0.06483209133148193,0.07257146388292313,0.458467572927475
7,195,0.0014493304770439863,-0.011895280331373215,-0.0075769806280732155,0.035293545573949814,0.33493947982788086
7,196,0.001448709866963327,-0.0526622012257576,-0.11933958530426025,0.06271406263113022,0.37557461857795715
7,197,0.0014442806132137775,0.08165956288576126,-0.05736072361469269,0.017770681530237198,0.32457125186920166
7,198,0.0014267244841903448,0.13020657002925873,0.17591142654418945,0.09144962579011917,0.4802929759025574
7,199,0.0014226179337128997,0.032963499426841736,0.0819084495306015,0.03762242570519447,0.3514823317527771
7,200,0.0014176995027810335,0.10186237841844559,0.17052821815013885,0.012814471498131752,0.37437698245048523
7,201,0.0014114670921117067,-0.03607789799571037,0.004961554426699877,0.0169205479323864,0.32989805936813354
7,202,0.0014022218529134989,0.013589217327535152,0.14160741865634918,0.02533254586160183,0.41550853848457336
7,203,0.0013904508668929338,0.1272619068622589,0.17651280760765076,0.010730057023465633,0.3755350708961487
7,204,0.0013898361939936876,-0.0775538831949234,-0.014247179962694645,0.039437003433704376,0.3538821339607239
7,205,0.0013809973606839776,0.06259274482727051,0.06736460328102112,0.11649627238512039,0.4773029685020447
7,206,0.0013785455375909805,0.04039016738533974,0.013346647843718529,0.12306178361177444,0.41920074820518494
7,207,0.0013734811218455434,0.07225171476602554,0.11330501735210419,0.017767131328582764,0.381321519613266
7,208,0.0013667895691469312,0.017329635098576546,0.003941480536013842,0.01927858591079712,0.36669301986694336
7,209,0.0013608516892418265,-0.05560968443751335,-0.07891792804002762,0.02652503177523613,0.4064086079597473
7,210,0.0013512283330783248,-0.16022904217243195,-0.010670404881238937,0.02190379612147808,0.40898802876472473
7,211,0.0013442494673654437,0.05107884109020233,0.14706768095493317,0.009983413852751255,0.32656151056289673
7,212,0.0013326829066500068,0.02548980340361595,0.03547781705856323,0.01758919097483158,0.33474621176719666
7,213,0.001330904895439744,-0.04963255301117897,0.21787135303020477,0.07277218252420425,0.3881992697715759
7,214,0.001323492149822414,0.03620488569140434,-0.020640011876821518,0.011862172745168209,0.3931589424610138
7,215,0.0013148172292858362,-0.00611847685649991,-0.123118557035923,0.04451057314872742,0.35305824875831604
7,216,0.0013112545711919665,0.01906992681324482,0.03369484096765518,0.046938903629779816,0.37568435072898865
7,217,0.0013074121670797467,0.24099008738994598,0.04400366544723511,0.01790204644203186,0.4473778307437897
7,218,0.0012940930901095271,0.02314567193388939,0.1316603124141693,0.014358173124492168,0.2934595048427582
7,219,0.0012872127117589116,0.059761893004179,0.09149371832609177,0.0074048954993486404,0.31207993626594543
7,220,0.0012787863379344344,0.05957359820604324,0.1019321158528328,0.08733426034450531,0.4418102204799652
7,221,0.001267116516828537,0.06215990334749222,-0.04576783999800682,0.012928171083331108,0.35426416993141174
7,222,0.001265636645257473,0.060355912894010544,0.09878664463758469,0.01974222995340824,0.3511044383049011
7,223,0.001259259763173759,0.1673664152622223,0.15605777502059937,0.20469671487808228,0.4421166181564331
7,224,0.0012410470517352223,-0.004021535161882639,-0.07395291328430176,0.02350635640323162,0.3247051537036896
7,225,0.0012345510767772794,-0.022113865241408348,0.032531026750802994,0.023729313164949417,0.3329155445098877
7,226,0.001229110173881054,0.06794329732656479,0.08920729905366898,0.08105557411909103,0.40265634655952454
7,227,0.0012236208422109485,0.07138270884752274,-0.09504666924476624,0.09312407672405243,0.40293648838996887
7,228,0.0012214217567816377,0.07265657931566238,0.021261131390929222,0.03174569457769394,0.29156020283699036
7,229,0.001212938572280109,0.09449618309736252,0.16179578006267548,0.06529910862445831,0.34719860553741455
7,230,0.001208981149829924,-0.003927142359316349,0.01639311946928501,0.02258785255253315,0.31023356318473816
7,231,0.0011966958409175277,0.05539372190833092,-0.013841802254319191,0.07361681759357452,0.3947063386440277
7,232,0.0011908550513908267,-0.021661456674337387,0.10897054523229599,0.07390473783016205,0.36938121914863586
7,233,0.001187070389278233,0.04734637215733528,-0.03522073104977608,0.1024334579706192,0.3833332061767578
7,234,0.0011824790854007006,0.11810687184333801,0.09368718415498734,0.04977646842598915,0.3253939747810364
7,235,0.001179045531898737,0.09220952540636063,0.05880042165517807,0.05970332399010658,0.3473190367221832
7,236,0.0011688136728480458,-0.08800850808620453,0.008782454766333103,0.02372465282678604,0.4195517301559448
7,237,0.0011607782216742635,-0.0015346200671046972,-0.08980526775121689,0.09042762964963913,0.37820467352867126
7,238,0.0011599420104175806,-0.054131362587213516,-0.05524439364671707,0.06849891692399979,0.36426058411598206
7,239,0.001150313182733953,-0.038370005786418915,-0.019103478640317917,0.009971842169761658,0.2352621704339981
7,240,0.0011463681003078818,0.19181659817695618,0.197165846824646,0.07713013142347336,0.34935417771339417
7,241,0.0011397748021408916,-0.001905542449094355,0.15208099782466888,0.05255645513534546,0.3877217769622803
7,242,0.0011300924234092236,-0.11638765782117844,-0.07367154210805893,0.016246287152171135,0.31091761589050293
7,243,0.001119165332056582,0.09281418472528458,0.05708775296807289,0.09601917862892151,0.49211975932121277
7,244,0.0011101464042440057,0.07935240864753723,0.043329425156116486,0.03556077927350998,0.3791975677013397
7,245,0.001100867404602468,0.04545775055885315,0.01833471842110157,0.007620810065418482,0.27159857749938965
7,246,0.0010971883311867714,-0.0005016797222197056,0.11473635584115982,0.03783482685685158,0.34676119685173035
7,247,0.0010880602058023214,0.08140886574983597,0.05677480250597,0.025978833436965942,0.30031293630599976
7,248,0.0010799241717904806,0.011155568063259125,-0.03934420645236969,0.014142894186079502,0.31095170974731445
7,249,0.0010747715132310987,-0.09461861848831177,0.005412574857473373,0.020567385479807854,0.33800891041755676
7,250,0.001060030423104763,-0.14759258925914764,-0.03667557239532471,0.03921612352132797,0.4330196678638458
7,251,0.0010587525321170688,-0.06089314818382263,0.09507066756486893,0.027720611542463303,0.37513887882232666
7,252,0.0010459583718329668,0.07111243158578873,0.040181923657655716,0.02303922362625599,0.3420960009098053
7,253,0.0010429337853565812,-0.02452179417014122,0.12075090408325195,0.018798841163516045,0.3601307272911072
7,254,0.0010343746980652213,0.08750391006469727,0.07916523516178131,0.07513786107301712,0.4011481702327728
7,255,0.0010282055009156466,0.07755662500858307,0.00683443620800972,0.021613555029034615,0.33433717489242554
8,0,0.03967208415269852,0.7525959014892578,0.7586666345596313,0.7208048701286316,0.7577192187309265
8,1,0.01531112752854824,0.25150197744369507,0.17102482914924622,0.17295822501182556,0.3748185336589813
8,2,0.014585821889340878,0.4276520907878876,0.4364325702190399,0.43637654185295105,0.5988772511482239
8,3,0.013462764210999012,0.3823482096195221,0.3757719099521637,0.3950127959251404,0.5383835434913635
8,4,0.011928826570510864,0.4171634018421173,0.4289362132549286,0.43129199743270874,0.581881046295166
8,5,0.010776903480291367,0.2987745404243469,0.18256771564483643,0.3482159376144409,0.5010977387428284
8,6,0.010125145316123962,0.3249645233154297,0.33616575598716736,0.4207666516304016,0.5502132773399353
8,7,0.009669056162238121,0.3026125729084015,0.32389432191848755,0.30926311016082764,0.5071851015090942
8,8,0.00938425213098526,0.15969474613666534,0.16145816445350647,0.3230728209018707,0.5035380125045776
8,9,0.008927187882363796,0.1839900016784668,0.2168937474489212,0.2632567584514618,0.435095876455307
8,10,0.008312041871249676,0.22739094495773315,0.20008966326713562,0.36266136169433594,0.6264139413833618
8,11,0.00796543899923563,0.31006816029548645,0.29659944772720337,0.3217505216598511,0.5156177878379822
8,12,0.00777810113504529,0.3178994655609131,0.2459636926651001,0.29870709776878357,0.5074172019958496
8,13,0.00742219528183341,0.2849772870540619,0.2707386910915375,0.414338082075119,0.5444234013557434
8,14,0.007116681896150112,0.15238364040851593,0.20629502832889557,0.29971641302108765,0.5336155891418457
8,15,0.006818465422838926,0.12238643318414688,0.13711640238761902,0.39450526237487793,0.6061601638793945
8,16,0.006663553416728973,0.14028480648994446,0.16346324980258942,0.2793969511985779,0.5193890333175659
8,17,0.006514725740998983,0.20459501445293427,0.16067060828208923,0.22640477120876312,0.452499121427536
8,18,0.006233504042029381,0.12360484898090363,0.11973866820335388,0.25348302721977234,0.42413216829299927
8,19,0.006143399514257908,0.2721109092235565,0.26244646310806274,0.3271130323410034,0.45704352855682373
8,20,0.005917731672525406,-0.014493311755359173,0.07160371541976929,0.21098081767559052,0.36788612604141235
8,21,0.005791520234197378,0.19420532882213593,0.1297101229429245,0.1736023873090744,0.41059938073158264
8,22,0.005667407065629959,0.1766214370727539,0.1673188954591751,0.30625468492507935,0.45061197876930237
8,23,0.00563866226002574,0.17509423196315765,0.086739182472229,0.20011869072914124,0.4339020252227783
8,24,0.005578634794801474,0.16799870133399963,0.20442618429660797,0.322443425655365,0.571294367313385
8,25,0.0053721340373158455,0.2489134967327118,0.19787999987602234,0.2632664740085602,0.5118501782417297
8,26,0.005327586550265551,0.11815672367811203,0.1261468529701233,0.25427404046058655,0.5590059757232666
8,27,0.005172526463866234,0.11783614754676819,0.1985543668270111,0.12328138202428818,0.4448443353176117
8,28,0.005124179646372795,0.18407128751277924,0.21196648478507996,0.23533062636852264,0.47842055559158325
8,29,0.004959635436534882,0.2106139212846756,0.11814326792955399,0.25307324528694153,0.4715098738670349
8,30,0.004835469648241997,0.06885835528373718,0.08260807394981384,0.2244473248720169,0.44468241930007935
8,31,0.004795025568455458,0.09979922324419022,0.12649540603160858,0.05633092299103737,0.45172393321990967
8,32,0.004738896619528532,0.15108273923397064,0.10821805149316788,0.07808991521596909,0.39396655559539795
8,33,0.004610995762050152,0.02504197135567665,0.08646877110004425,0.07865959405899048,0.45986008644104004
8,34,0.004574444144964218,0.02816743403673172,-0.0066460659727454185,0.21872760355472565,0.44006597995758057
8,35,0.004525423515588045,0.10948442667722702,0.14718879759311676,0.20555442571640015,0.4131317734718323
8,36,0.004470576532185078,0.1151610016822815,0.16475622355937958,0.28183701634407043,0.5251992344856262
8,37,0.004421134479343891,0.11676837503910065,0.05666031315922737,0.24183179438114166,0.5568300485610962
8,38,0.004331333562731743,0.16749784350395203,0.12415225058794022,0.14715372025966644,0.4542079567909241
8,39,0.004270761739462614,0.14598026871681213,0.17499785125255585,0.271799236536026,0.4163312613964081
8,40,0.004224906209856272,0.2571164071559906,0.23609264194965363,0.21990683674812317,0.5286290049552917
8,41,0.004193678963929415,0.08692082017660141,0.1733948439359665,0.2796666920185089,0.5042645931243896
8,42,0.004103448707610369,0.2642201781272888,0.19387874007225037,0.1363099068403244,0.4631011486053467
8,43,0.004051142372190952,0.09382423758506775,0.09806065261363983,0.07441287487745285,0.3772885799407959
8,44,0.004020010586827993,-0.013015009462833405,-0.11136403679847717,0.15014733374118805,0.4627467691898346
8,45,0.004013157449662685,0.11873552948236465,0.07916046679019928,0.13377313315868378,0.45502007007598877
8,46,0.003933159168809652,0.06216588616371155,0.11852023750543594,0.1933978796005249,0.4443921148777008
8,47,0.003907059784978628,0.02193080633878708,0.08567428588867188,0.12291987985372543,0.42394667863845825
8,48,0.0038563082925975323,0.12098698318004608,0.11532039195299149,0.14389188587665558,0.4686190187931061
8,49,0.003792939940467477,0.14241769909858704,0.11432220041751862,0.36927008628845215,0.6083108186721802
8,50,0.0037449405062943697,0.08469472825527191,0.22222541272640228,0.09337612986564636,0.44001033902168274
8,51,0.003725037444382906,0.06234614923596382,0.10449905693531036,0.025882594287395477,0.3942468464374542
8,52,0.0036841053515672684,0.10224037617444992,0.17188626527786255,0.20142336189746857,0.6121178269386292
8,53,0.0036687511019408703,-0.0535021647810936,-0.0093571487814188,0.11140760034322739,0.4729229807853699
8,54,0.0036575361154973507,0.05689191073179245,0.1386520266532898,0.12591060996055603,0.4611518085002899
8,55,0.003608512692153454,-0.011508584022521973,-0.06341298669576645,0.14519862830638885,0.45508700609207153
8,56,0.003558497643098235,-0.043019622564315796,0.09450901299715042,0.1981927752494812,0.4337061941623688
8,57,0.003529338398948312,0.06134266406297684,0.15695133805274963,0.031859032809734344,0.42207086086273193
8,58,0.0035072676837444305,0.0026790958363562822,-0.029039377346634865,0.15453316271305084,0.4782137870788574
8,59,0.0034820055589079857,0.1111958771944046,0.06492945551872253,0.1542879045009613,0.47695815563201904
8,60,0.0034656645730137825,0.10991526395082474,0.009227700531482697,0.04089285060763359,0.3984836935997009
8,61,0.003395798383280635,0.17153353989124298,0.12811091542243958,0.15821243822574615,0.4460509121417999
8,62,0.0033688792027533054,-0.010571293532848358,-0.005579912569373846,0.017626037821173668,0.4819081425666809
8,63,0.003354748012498021,-0.06180660054087639,0.11781632900238037,0.13913096487522125,0.4455154538154602
8,64,0.0032961165998131037,0.03727042302489281,0.01554445456713438,0.24505458772182465,0.5070710182189941
8,65,0.003291740780696273,0.06113618239760399,0.09254840016365051,0.02326204441487789,0.3932678997516632
8,66,0.0032566203735768795,-0.017490597441792488,0.03625813126564026,0.11202269047498703,0.4441218972206116
8,67,0.0032286059577018023,0.12331592291593552,0.20732362568378448,0.03651219978928566,0.4208396375179291
8,68,0.0032168147154152393,0.11460066586732864,0.09696467965841293,0.12691852450370789,0.5151882171630859
8,69,0.00315985269844532,0.039747610688209534,0.1032971441745758,0.103829525411129,0.39399343729019165
8,70,0.0031173094175755978,0.08581622689962387,0.07483255118131638,0.014233320020139217,0.367417573928833
8,71,0.0031100879423320293,0.09523790329694748,0.11298868060112,0.13181327283382416,0.42102158069610596
8,72,0.0030990152154117823,0.03504973649978638,0.09426739066839218,0.022882986813783646,0.4207311272621155
8,73,0.0030332650057971478,0.2015109807252884,0.23918721079826355,0.22510714828968048,0.4695567786693573
8,74,0.003019483759999275,-0.0029299238231033087,0.119397833943367,0.02087610773742199,0.4076336920261383
8,75,0.003003621008247137,0.1869165301322937,0.15815874934196472,0.09933356940746307,0.4435640871524811
8,76,0.0029750862158834934,0.020823633298277855,0.13557755947113037,0.1468159556388855,0.4021014869213104
8,77,0.0029530066531151533,0.11584161967039108,0.12530753016471863,0.13650061190128326,0.5009098052978516
8,78,0.0029440047219395638,0.046403348445892334,0.1357651799917221,0.06114259362220764,0.41457417607307434
8,79,0.0029135465156286955,0.14462481439113617,0.180744007229805,0.05278636887669563,0.4457416832447052
8,80,0.002910888521000743,0.1509980708360672,0.09630412608385086,0.010408706963062286,0.4538532793521881
8,81,0.002874946454539895,0.001685246592387557,0.01645289547741413,0.04586153104901314,0.35554203391075134
8,82,0.002857493469491601,-0.02813207358121872,-0.00432344526052475,0.01461376529186964,0.3356683850288391
8,83,0.002850591903552413,0.07336900383234024,0.13605891168117523,0.14887230098247528,0.38838064670562744
8,84,0.0028162519447505474,0.1020549014210701,0.14425887167453766,0.025220371782779694,0.4415014982223511
8,85,0.0027944098692387342,0.03205835074186325,0.10766011476516724,0.09019920974969864,0.4161015748977661
8,86,0.0027419435791671276,0.2109002321958542,0.16810475289821625,0.20912055671215057,0.5426100492477417
8,87,0.0027303043752908707,-0.010140955448150635,-0.06321593374013901,0.010593595914542675,0.43179723620414734
8,88,0.002711806446313858,0.03784748539328575,0.16122572124004364,0.028023459017276764,0.36253347992897034
8,89,0.0027057628612965345,0.058944184333086014,0.17398768663406372,0.08627791702747345,0.4814631938934326
8,90,0.0027008873876184225,0.23687958717346191,0.2789005637168884,0.14946961402893066,0.5412638187408447
8,91,0.0026746790390461683,-0.02334633283317089,0.0472501665353775,0.11586117744445801,0.42620849609375
8,92,0.0026396848261356354,0.06636101007461548,0.10913476347923279,0.1479623019695282,0.48027586936950684
8,93,0.002620827406644821,0.06582826375961304,0.13709887862205505,0.05832831561565399,0.43695899844169617
8,94,0.00261558685451746,0.2653576731681824,0.10859927535057068,0.053275804966688156,0.4478273093700409
8,95,0.002605956746265292,-0.038373012095689774,0.03397812321782112,0.21636582911014557,0.44749319553375244
8,96,0.002577078528702259,0.17392036318778992,0.09676916897296906,0.02525683119893074,0.45231667160987854
8,97,0.002557893982157111,-0.05729775130748749,-0.061224788427352905,0.14645971357822418,0.4830121695995331
8,98,0.0025406384374946356,-0.09361676126718521,-0.12350383400917053,0.08683949708938599,0.5449842214584351
8,99,0.002515215426683426,0.03015296533703804,0.07838601619005203,0.03974384441971779,0.5078861117362976
8,100,0.0024998001754283905,0.03669918701052666,0.10601045191287994,0.06598630547523499,0.39550021290779114
8,101,0.0024920538999140263,0.14791959524154663,0.05564543977379799,0.02580397203564644,0.4020492136478424
8,102,0.002480377210304141,0.01338622160255909,0.009416071698069572,0.08403739333152771,0.4777572453022003
8,103,0.002479181159287691,0.003388075390830636,0.048350825905799866,0.12651327252388,0.47916895151138306
8,104,0.0024504289031028748,0.005380526650696993,0.06501497328281403,0.04476611688733101,0.38669919967651367
8,105,0.0024302182719111443,-0.03549785166978836,0.0912485346198082,0.09149061143398285,0.4381812810897827
8,106,0.0024130502715706825,-0.04844106361269951,-0.007012919522821903,0.02666720189154148,0.4046648442745209
8,107,0.002392899477854371,-0.02857816033065319,-0.05165977030992508,0.00857863761484623,0.4184992015361786
8,108,0.0023848272394388914,0.08297235518693924,0.09136480838060379,0.06262766569852829,0.42230167984962463
8,109,0.0023544756695628166,-0.1293363869190216,-0.13307100534439087,0.07172978669404984,0.47163844108581543
8,110,0.0023343185894191265,0.08271247148513794,0.09383106976747513,0.09126721322536469,0.4751054048538208
8,111,0.0023255902342498302,0.17763751745224,0.07860071957111359,0.11980395764112473,0.43332529067993164
8,112,0.0023141985293477774,0.1652451455593109,0.018068833276629448,0.01175833959132433,0.39101025462150574
8,113,0.0023006577976047993,0.04060386121273041,0.07766692340373993,0.05267810821533203,0.40514129400253296
8,114,0.0022836753632873297,0.07765322178602219,0.13872367143630981,0.09929253160953522,0.4991890788078308
8,115,0.0022759183775633574,-0.06041170656681061,-0.010580908507108688,0.13243533670902252,0.4833369851112366
8,116,0.0022657918743789196,0.1872849017381668,-0.04723009467124939,0.0209597609937191,0.4132421016693115
8,117,0.002247318858280778,-0.042567264288663864,0.050533477216959,0.11800980567932129,0.4260784089565277
8,118,0.002242621034383774,-0.11933162063360214,-0.08304133266210556,0.1318250596523285,0.33467766642570496
8,119,0.0022109649144113064,0.0003579462645575404,0.11472006142139435,0.01896516978740692,0.3705736994743347
8,120,0.0021941117011010647,-0.1454394906759262,0.098497673869133,0.021910768002271652,0.35446038842201233
8,121,0.0021837041713297367,0.17492462694644928,0.07657217234373093,0.13345912098884583,0.4422948658466339
8,122,0.0021793069317936897,0.06944351643323898,0.01653686910867691,0.07502110302448273,0.5078120827674866
8,123,0.0021741988603025675,0.06227526068687439,-0.057053085416555405,0.00946847815066576,0.4044699966907501
8,124,0.002159259980544448,0.10149381309747696,0.087039515376091,0.013625924475491047,0.4229072332382202
8,125,0.00213401741348207,0.04555812105536461,0.11318183690309525,0.018597299233078957,0.4647253453731537
8,126,0.002112132729962468,-0.007123863324522972,0.13213801383972168,0.026239117607474327,0.4057135581970215
8,127,0.002107969019562006,0.1670571118593216,0.11352422833442688,0.015133523382246494,0.5365451574325562
8,128,0.0020987221505492926,-0.09125079214572906,-0.0002825025003403425,0.011470191180706024,0.36626726388931274
8,129,0.002087109489366412,0.1524408459663391,0.08690354228019714,0.0441717803478241,0.4498218595981598
8,130,0.0020805303938686848,-0.04156056046485901,-0.04592711478471756,0.07887470722198486,0.41180944442749023
8,131,0.0020705745555460453,-0.08035340905189514,-0.014776913449168205,0.023591458797454834,0.34864065051078796
8,132,0.002052366966381669,0.12601450085639954,0.18525855243206024,0.048299990594387054,0.3920047879219055
8,133,0.0020406560506671667,-0.0060271089896559715,0.11791395395994186,0.0213199220597744,0.45027923583984375
8,134,0.0020355465821921825,-0.036992691457271576,0.03880585357546806,0.06976807862520218,0.3844498097896576
8,135,0.002022462897002697,-0.005657554138451815,-0.05221576243638992,0.03972318023443222,0.4117998480796814
8,136,0.0020135389640927315,-0.09031189233064651,-0.0037431768141686916,0.10981102287769318,0.48976704478263855
8,137,0.0019989670254290104,-0.05856340378522873,-0.008753746747970581,0.0067752948962152,0.39364781975746155
8,138,0.0019939409103244543,-0.02776522748172283,0.01546796876937151,0.040145393460989,0.42485982179641724
8,139,0.0019715565722435713,0.10380206257104874,0.14758042991161346,0.17905941605567932,0.46647563576698303
8,140,0.0019607217982411385,0.1506635546684265,0.2757401764392853,0.011348769068717957,0.41310834884643555
8,141,0.0019505996024236083,0.05777980759739876,0.06766598671674728,0.015531443059444427,0.4620647132396698
8,142,0.0019381032325327396,0.022396231070160866,0.17410044372081757,0.021294889971613884,0.37806272506713867
8,143,0.0019360397709533572,0.1201695129275322,0.15151706337928772,0.008831958286464214,0.4137377142906189
8,144,0.0019224860006943345,0.11918361485004425,0.05000671371817589,0.012638972140848637,0.4095141291618347
8,145,0.001911849481984973,0.046426139771938324,-0.008263831026852131,0.0785803347826004,0.3434635102748871
8,146,0.0018946117488667369,0.04341872036457062,0.015755686908960342,0.0176457017660141,0.385465532541275
8,147,0.0018829165492206812,0.1421908736228943,0.058914799243211746,0.02997666597366333,0.39155682921409607
8,148,0.0018677222542464733,0.11045029759407043,-0.005038800183683634,0.12672080099582672,0.451796293258667
8,149,0.0018632152350619435,0.0545203797519207,0.003940023947507143,0.02245824784040451,0.3977753520011902
8,150,0.0018501020967960358,0.0677485540509224,0.014907564036548138,0.10698670893907547,0.36657726764678955
8,151,0.0018482593586668372,-0.027613671496510506,0.04457644373178482,0.021918484941124916,0.4421330988407135
8,152,0.0018443581648170948,0.09393199533224106,0.26337504386901855,0.021345408633351326,0.3736564815044403
8,153,0.001834756345488131,-0.018193528056144714,-0.003523375140503049,0.015439712442457676,0.4250656068325043
8,154,0.0018178140744566917,-0.016152111813426018,0.03878800570964813,0.00803721509873867,0.31821292638778687
8,155,0.0018065412295982242,0.008977847173810005,-0.02765478938817978,0.042042866349220276,0.33733460307121277
8,156,0.001798667130060494,0.017590420320630074,0.1266799420118332,0.026959624141454697,0.4245920181274414
8,157,0.0017898480873554945,0.05271022394299507,0.09823562949895859,0.015699226409196854,0.4123205840587616
8,158,0.0017803885275498033,0.06942460685968399,-0.02837708778679371,0.029988331720232964,0.3948652148246765
8,159,0.0017600491410121322,-0.14159125089645386,-0.01584453135728836,0.014041571877896786,0.38235071301460266
8,160,0.0017467369325459003,-0.14985455572605133,0.018243012949824333,0.036426693201065063,0.43697214126586914
8,161,0.0017410253640264273,-0.010642338544130325,0.23195227980613708,0.02748950384557247,0.43115612864494324
8,162,0.0017292408738285303,0.020615767687559128,0.010427393950521946,0.008635477162897587,0.34578001499176025
8,163,0.0017276033759117126,0.19853779673576355,-0.05101925879716873,0.08732390403747559,0.3271728754043579
8,164,0.0017102815909311175,0.09593901038169861,0.043432559818029404,0.09418226033449173,0.49128758907318115
8,165,0.0017042424296960235,0.12568193674087524,-0.009665563702583313,0.011098181828856468,0.4412941038608551
8,166,0.0016989761497825384,0.05061383545398712,0.08726213872432709,0.00834727007895708,0.3457106053829193
8,167,0.00169448705855757,-0.006396131124347448,-0.0336059145629406,0.03839413449168205,0.3647032082080841
8,168,0.0016823536716401577,0.055280912667512894,0.13604514300823212,0.08897928893566132,0.4984290599822998
8,169,0.001672473270446062,-0.17159296572208405,-0.08159737288951874,0.047217708081007004,0.33677414059638977
8,170,0.0016692763892933726,0.12093901634216309,0.1603352129459381,0.014413095079362392,0.380140483379364
8,171,0.0016594927292317152,0.1765718311071396,0.09188022464513779,0.019125737249851227,0.37448519468307495
8,172,0.0016533624147996306,-0.00647566094994545,0.052462875843048096,0.02227775752544403,0.40057432651519775
8,173,0.0016411422984674573,-0.03133486583828926,-0.060268279165029526,0.017442665994167328,0.3572624623775482
8,174,0.0016250824555754662,0.21808892488479614,0.07963139563798904,0.01963316835463047,0.4304850995540619
8,175,0.0016192173352465034,0.07909252494573593,0.05499167740345001,0.0918908417224884,0.36275017261505127
8,176,0.0016100432258099318,0.12184856832027435,0.022591395303606987,0.015517275780439377,0.40273943543434143
8,177,0.0016043403884395957,0.040762320160865784,0.012762874364852905,0.020894214510917664,0.3483852446079254
8,178,0.0015924982726573944,-0.07016222923994064,0.15467305481433868,0.026099087670445442,0.3857959806919098
8,179,0.0015845135785639286,0.05322321131825447,0.04860818758606911,0.037568893283605576,0.3259783685207367
8,180,0.0015713422326371074,-0.04191576689481735,0.0007345965714193881,0.1715405434370041,0.513818085193634
8,181,0.0015648427652195096,0.05907163396477699,0.02469424344599247,0.01603851094841957,0.3681998550891876
8,182,0.0015529723605141044,0.04503427445888519,0.000424113473854959,0.026317575946450233,0.3349352180957794
8,183,0.0015516101848334074,0.06638288497924805,0.09126494079828262,0.009471668861806393,0.32415303587913513
8,184,0.0015485902549698949,-0.008162333630025387,-0.06639154255390167,0.02188442088663578,0.4106394946575165
8,185,0.00153535814024508,0.049261465668678284,0.02499769814312458,0.244198277592659,0.48652809858322144
8,186,0.0015253491001203656,0.0888889878988266,-0.011289908550679684,0.019484784454107285,0.4044370949268341
8,187,0.001510791596956551,-0.02578681893646717,-0.12990936636924744,0.09415790438652039,0.4558993875980377
8,188,0.0015074654947966337,-0.03477583825588226,0.06230834871530533,0.029718445613980293,0.46435636281967163
8,189,0.0015044045867398381,-0.017216984182596207,-0.1491042971611023,0.01840934529900551,0.39665982127189636
8,190,0.001488828333094716,-0.113350048661232,0.05437232553958893,0.019137341529130936,0.398076593875885
8,191,0.001482538995333016,0.018456848338246346,-0.03699510917067528,0.015157335437834263,0.349103718996048
8,192,0.0014810122083872557,0.07477061450481415,0.08880317211151123,0.09521845728158951,0.4106132984161377
8,193,0.0014642942696809769,0.1303633451461792,0.16139580309391022,0.02599898725748062,0.4595678448677063
8,194,0.0014613723615184426,0.008172395639121532,-0.062351252883672714,0.013631639070808887,0.3589935898780823
8,195,0.0014556639362126589,0.017560025677084923,0.04717746749520302,0.10338687151670456,0.37338218092918396
8,196,0.001454703975468874,0.05229680612683296,-0.03868456557393074,0.03044218011200428,0.3087540566921234
8,197,0.0014444597763940692,0.03898970037698746,0.12265415489673615,0.12375221401453018,0.4626893699169159
8,198,0.00143506343010813,-0.14488936960697174,-0.10763412714004517,0.01972048170864582,0.3439234793186188
8,199,0.0014273700071498752,0.14453038573265076,0.13843202590942383,0.10418815165758133,0.4464949667453766
8,200,0.0014122261200100183,-0.008147704415023327,0.05552436411380768,0.011443352326750755,0.39968279004096985
8,201,0.0014086391311138868,0.04093175753951073,0.1805533915758133,0.1114606037735939,0.38611969351768494
8,202,0.0013964831596240401,-0.08675409108400345,-0.04773788899183273,0.05183931440114975,0.3460923433303833
8,203,0.0013895545853301883,0.023725608363747597,0.011872307397425175,0.045506976544857025,0.38422900438308716
8,204,0.0013822198379784822,-0.03815385326743126,-0.11991313844919205,0.01735684834420681,0.34669408202171326
8,205,0.001373957609757781,-0.05099650099873543,-0.06869926303625107,0.031061556190252304,0.30568230152130127
8,206,0.0013701246352866292,0.030280712991952896,0.022673744708299637,0.017671670764684677,0.37771183252334595
8,207,0.0013667810708284378,0.1079353541135788,0.06085645407438278,0.01762593351304531,0.4171702265739441
8,208,0.0013656701194122434,0.03654228150844574,-0.06046896055340767,0.17118044197559357,0.4163398742675781
8,209,0.0013471745187416673,0.025050323456525803,0.02418801188468933,0.032002467662096024,0.3329664170742035
8,210,0.0013391077518463135,-0.034087009727954865,0.00771018210798502,0.012898644432425499,0.3749254047870636
8,211,0.0013291718205437064,0.14879341423511505,0.14578834176063538,0.019758909940719604,0.405117392539978
8,212,0.001322464202530682,0.05152469128370285,0.023456882685422897,0.010799801908433437,0.3046097755432129
8,213,0.0013137285131961107,0.0028202503453940153,0.0034384969621896744,0.017526589334011078,0.34052780270576477
8,214,0.0013081843499094248,0.12053027004003525,0.12095008045434952,0.08108887076377869,0.39918261766433716
8,215,0.0012988694943487644,-0.0639244094491005,-0.142686128616333,0.042443253099918365,0.40255168080329895
8,216,0.0012908314820379019,-0.02702547237277031,-0.0778166800737381,0.018819937482476234,0.28822416067123413
8,217,0.0012894810643047094,0.1248382106423378,0.09151377528905869,0.054984889924526215,0.408320814371109
8,218,0.0012816163944080472,-0.07025402784347534,0.11950881034135818,0.04130560904741287,0.31157001852989197
8,219,0.0012746680295094848,-0.013907421380281448,0.059506967663764954,0.07167688012123108,0.43044760823249817
8,220,0.0012676379410549998,0.10382310301065445,0.12287972122430801,0.04572651535272598,0.3939855694770813
8,221,0.0012630170676857233,-0.08131517469882965,0.05206987261772156,0.021361930295825005,0.420678973197937
8,222,0.001256653806194663,-0.06073031947016716,-0.047334980219602585,0.009277299046516418,0.33998972177505493
8,223,0.0012529273517429829,0.013755375519394875,-0.025821352377533913,0.028370190411806107,0.4230473041534424
8,224,0.0012435574317350984,-0.08410778641700745,-0.04802132770419121,0.04021340608596802,0.3296085596084595
8,225,0.001233031158335507,0.020227663218975067,-0.09524980187416077,0.02532387338578701,0.44035738706588745
8,226,0.0012301082024350762,0.11299978196620941,0.09484274685382843,0.014879451133310795,0.3644615113735199
8,227,0.0012135093566030264,0.1318982094526291,0.06431278586387634,0.01198471151292324,0.3928127884864807
8,228,0.0012107634684070945,0.005448963027447462,0.01501413807272911,0.02486231178045273,0.3815057575702667
8,229,0.0012080528540536761,0.02373998984694481,0.09515707939863205,0.025092260912060738,0.35583698749542236
8,230,0.0012001397553831339,0.06905434280633926,0.03853568434715271,0.0254144798964262,0.34625670313835144
8,231,0.0011969039915129542,0.1312270313501358,0.08663281798362732,0.020634690299630165,0.3336641788482666
8,232,0.0011853117030113935,-0.01070244237780571,0.026181811466813087,0.11272945255041122,0.4114771783351898
8,233,0.0011810421710833907,-0.07423996925354004,-0.0781518742442131,0.009624041616916656,0.30010920763015747
8,234,0.0011770217679440975,-0.026189614087343216,0.01595071330666542,0.013862750492990017,0.2966330051422119
8,235,0.0011646499624475837,-0.015793850645422935,0.0259555671364069,0.054940517991781235,0.3654753565788269
8,236,0.0011627102503553033,0.03686240687966347,0.011628306470811367,0.009997162967920303,0.33274829387664795
8,237,0.001159036997705698,0.10422736406326294,0.06757859140634537,0.009466865099966526,0.31264519691467285
8,238,0.00114234269130975,0.008051560260355473,-0.07499402016401291,0.10903619974851608,0.40131354331970215
8,239,0.0011375140165910125,0.04791977256536484,0.10607754439115524,0.010342269204556942,0.3688022494316101
8,240,0.0011287936940789223,0.17445158958435059,0.0006411648937501013,0.01813357323408127,0.3780072033405304
8,241,0.0011252191616222262,0.03291269764304161,0.023969201371073723,0.0538661852478981,0.36361443996429443
8,242,0.0011136224493384361,-0.003428945317864418,-0.02331491746008396,0.022680796682834625,0.3349326550960541
8,243,0.001113415346480906,0.17970417439937592,-0.023651720955967903,0.016580700874328613,0.4599429666996002
8,244,0.0011093838838860393,0.05577905476093292,0.06899342685937881,0.04075109213590622,0.37996548414230347
8,245,0.0011050817556679249,-0.02440469153225422,-0.03610898181796074,0.013694491237401962,0.37780240178108215
8,246,0.0010914243757724762,0.1742781102657318,0.17225699126720428,0.03317580372095108,0.40000829100608826
8,247,0.0010866643860936165,0.06781172752380371,0.11584262549877167,0.025884907692670822,0.3575565814971924
8,248,0.0010793061228469014,-0.025066057220101357,0.026397814974188805,0.01627534255385399,0.34755200147628784
8,249,0.001070642378181219,0.10425343364477158,-0.026071803644299507,0.03567218407988548,0.3992782235145569
8,250,0.0010639710817486048,-0.06802427023649216,-0.06122627481818199,0.024522732943296432,0.3281271755695343
8,251,0.0010580221423879266,-0.037945255637168884,0.16299942135810852,0.023644153028726578,0.3281862735748291
8,252,0.0010522040538489819,0.0803731232881546,0.09715522825717926,0.017260409891605377,0.4160761535167694
8,253,0.001044276519678533,0.050343215465545654,0.016288693994283676,0.011029450222849846,0.30351507663726807
8,254,0.0010409593814983964,0.0824364423751831,0.04107236489653587,0.026853280141949654,0.44457709789276123
8,255,0.0010340438457205892,-0.028713451698422432,0.13630856573581696,0.047295037657022476,0.476922869682312
9,0,0.03785501420497894,0.7339612245559692,0.7144727110862732,0.6782194375991821,0.71396404504776
9,1,0.016168709844350815,0.09471946209669113,0.12244726717472076,0.25465109944343567,0.45020806789398193
9,2,0.015375957824289799,0.5587090849876404,0.5395316481590271,0.43501150608062744,0.5466247200965881
9,3,0.013474720530211926,0.329608678817749,0.35586661100387573,0.36083096265792847,0.48485034704208374
9,4,0.011283242143690586,0.3796974718570709,0.4230097532272339,0.4218054711818695,0.5256984233856201
9,5,0.010660766623914242,0.30850112438201904,0.2275775820016861,0.34780508279800415,0.4830479025840759
9,6,0.010494821704924107,0.36628735065460205,0.25282204151153564,0.3838154673576355,0.5537871718406677
9,7,0.009263506159186363,0.1873965561389923,0.0743037611246109,0.2056385725736618,0.4148152470588684
9,8,0.008779807947576046,0.17707915604114532,0.2313777059316635,0.48967161774635315,0.6457266807556152
9,9,0.008268492296338081,0.11802496761083603,0.13479921221733093,0.14659854769706726,0.36748045682907104
9,10,0.008241355419158936,0.16182570159435272,0.15731124579906464,0.2867441177368164,0.47800853848457336
9,11,0.007970036007463932,0.2960716485977173,0.28508105874061584,0.2694222927093506,0.5189712047576904
9,12,0.007745960261672735,0.38071757555007935,0.3789829909801483,0.4416396915912628,0.6111499667167664
9,13,0.007484236266463995,0.2961256206035614,0.2813025116920471,0.299985408782959,0.44668862223625183
9,14,0.007429611403495073,0.28986409306526184,0.267129510641098,0.3470505475997925,0.46565449237823486
9,15,0.006831980776041746,0.18391349911689758,0.19250276684761047,0.33916184306144714,0.5054425001144409
9,16,0.006797061767429113,0.05915763974189758,0.20735010504722595,0.2701124846935272,0.5031810998916626
9,17,0.006565640680491924,0.0996868833899498,0.1551235318183899,0.27742764353752136,0.5163546204566956
9,18,0.006324801594018936,0.27474144101142883,0.12275633215904236,0.2288055717945099,0.40082859992980957
9,19,0.0061491611413657665,0.003910209983587265,0.05536245182156563,0.33816227316856384,0.540909469127655
9,20,0.006045794114470482,0.017218228429555893,0.2249799519777298,0.007137749809771776,0.3792576193809509
9,21,0.0059186252765357494,0.31463420391082764,0.25029468536376953,0.28370416164398193,0.48864641785621643
9,22,0.005696866661310196,0.23029924929141998,0.16380487382411957,0.34241819381713867,0.49350470304489136
9,23,0.005631590262055397,0.2764030992984772,0.24628837406635284,0.31005972623825073,0.4888771176338196
9,24,0.005544671323150396,0.2075154334306717,0.0912511944770813,0.06666389107704163,0.39964425563812256
9,25,0.005314567591995001,0.12170296907424927,0.08839152753353119,0.23748432099819183,0.46434900164604187
9,26,0.00525110587477684,0.21768449246883392,0.1360989362001419,0.2505510747432709,0.49724286794662476
9,27,0.005210742354393005,0.15313388407230377,0.06264610588550568,0.17275463044643402,0.4460810422897339
9,28,0.005077721551060677,0.08733319491147995,0.08091969788074493,0.24084730446338654,0.48349127173423767
9,29,0.005016894079744816,0.09501999616622925,0.1299218237400055,0.2247597575187683,0.46776139736175537
9,30,0.00496195862069726,0.09400707483291626,0.08225378394126892,0.1935788244009018,0.4323631823062897
9,31,0.004764048382639885,0.19174602627754211,0.11339635401964188,0.2876187562942505,0.5013048052787781
9,32,0.004745414946228266,0.06724074482917786,-0.04617440328001976,0.2422654926776886,0.4353064000606537
9,33,0.004677662625908852,0.12823934853076935,0.11484205722808838,0.2769302427768707,0.49293845891952515
9,34,0.0046432181261479855,0.11130428314208984,0.1598179191350937,0.1598113626241684,0.4406513273715973
9,35,0.004531004000455141,0.12149996310472488,0.1050502136349678,0.22749090194702148,0.5010602474212646
9,36,0.004485766869038343,0.18898580968379974,-0.05311986058950424,0.24538995325565338,0.46835705637931824
9,37,0.004434686619788408,0.25289180874824524,0.12436415255069733,0.2650410234928131,0.4367019534111023
9,38,0.004365571308881044,0.05347882956266403,0.11106926947832108,0.0724935531616211,0.4002148509025574
9,39,0.004313655663281679,-0.051008716225624084,-0.034886687994003296,0.17052094638347626,0.47154608368873596
9,40,0.004238716792315245,0.12647879123687744,0.11729374527931213,0.26959070563316345,0.6109575629234314
9,41,0.004183255136013031,0.08004118502140045,0.09492412954568863,0.12812648713588715,0.38674047589302063
9,42,0.004176289774477482,0.14585748314857483,0.23700720071792603,0.0444524921476841,0.3964082896709442
9,43,0.004091860260814428,0.21225117146968842,0.21234405040740967,0.19022054970264435,0.41554003953933716
9,44,0.004072046373039484,0.06655766814947128,0.08844230324029922,0.20513813197612762,0.4585748612880707
9,45,0.003998838365077972,0.17305587232112885,0.0931960865855217,0.2656370997428894,0.49028268456459045
9,46,0.003976847045123577,-0.06413764506578445,-0.03608594834804535,0.2005583792924881,0.44257086515426636
9,47,0.003929495345801115,0.2135217785835266,0.10242670774459839,0.10845022648572922,0.40481460094451904
9,48,0.0038745012134313583,0.20230962336063385,0.2477959543466568,0.10040181875228882,0.38672181963920593
9,49,0.0038205492310225964,0.10128672420978546,0.10020618140697479,0.08883453905582428,0.3425580859184265
9,50,0.003742239670827985,0.21766537427902222,0.14224889874458313,0.11158039420843124,0.42873379588127136
9,51,0.0037301983684301376,0.30920323729515076,0.20600025355815887,0.26575541496276855,0.4305604100227356
9,52,0.003711764933541417,0.037577733397483826,-0.027658717706799507,0.23173777759075165,0.47255876660346985
9,53,0.0036243668291717768,0.17788803577423096,0.10425800085067749,0.014481925405561924,0.47806113958358765
9,54,0.003617712529376149,-0.031445059925317764,0.11818977445363998,0.1075737252831459,0.43519726395606995
9,55,0.0035750220995396376,0.15848171710968018,0.1705576330423355,0.061822518706321716,0.38552308082580566
9,56,0.0035653228405863047,0.09049328416585922,0.08595819026231766,0.112652488052845,0.517981231212616
9,57,0.003502101404592395,-0.01488445419818163,0.036676693707704544,0.09413768351078033,0.42835450172424316
9,58,0.0034480325412005186,0.153092622756958,0.08849211782217026,0.18388451635837555,0.3804596960544586
9,59,0.003403463400900364,0.07772210985422134,0.1762145757675171,0.1761419028043747,0.4379236698150635
9,60,0.0033791048917919397,0.061687834560871124,0.21446824073791504,0.022791119292378426,0.45778247714042664
9,61,0.003357518697157502,0.010022109374403954,-0.11493222415447235,0.25122010707855225,0.5053521394729614
9,62,0.0033375753555446863,0.17126819491386414,0.08935850858688354,0.12153332680463791,0.4109470546245575
9,63,0.0033274125307798386,0.05298484489321709,0.050206758081912994,0.04104536771774292,0.46685677766799927
9,64,0.003305000253021717,0.09231629967689514,0.12395697087049484,0.2325696498155594,0.49685215950012207
9,65,0.0032664514146745205,0.14898478984832764,0.02532690204679966,0.15230077505111694,0.48694708943367004
9,66,0.003244039136916399,0.12573431432247162,0.04642550274729729,0.13602329790592194,0.4141615331172943
9,67,0.0032113706693053246,-0.004339374601840973,0.1343146413564682,0.16145800054073334,0.4386051595211029
9,68,0.0031790807843208313,0.13098978996276855,0.12234324216842651,0.2303353250026703,0.45696306228637695
9,69,0.0031518773175776005,0.053109608590602875,0.1387956589460373,0.061814695596694946,0.43097764253616333
9,70,0.0031457142904400826,0.03788257762789726,0.10280609875917435,0.18023422360420227,0.46183234453201294
9,71,0.0031095645390450954,0.15205076336860657,0.19971178472042084,0.09432116895914078,0.41714560985565186
9,72,0.0030877641402184963,0.21423955261707306,0.04422517865896225,0.1544279307126999,0.4608660936355591
9,73,0.0030797047074884176,0.13441109657287598,0.19111377000808716,0.06736218184232712,0.45678725838661194
9,74,0.0030437682289630175,0.01719760335981846,0.12845803797245026,0.18883928656578064,0.4751109182834625
9,75,0.0029999525286257267,-0.09023010730743408,-0.05503157898783684,0.06766187399625778,0.39196285605430603
9,76,0.002974320435896516,0.12809120118618011,0.1466902643442154,0.10540784895420074,0.412314236164093
9,77,0.002954042749479413,-0.05733742564916611,-0.07008187472820282,0.023717494681477547,0.44505956768989563
9,78,0.002918620826676488,0.13871599733829498,0.12853020429611206,0.16671150922775269,0.44903039932250977
9,79,0.002895813202485442,0.13995930552482605,-0.07641206681728363,0.03564544394612312,0.3894427716732025
9,80,0.0028730230405926704,-0.03310465067625046,-0.012341644614934921,0.09890861064195633,0.4276852607727051
9,81,0.0028640066739171743,0.15547853708267212,0.0651317834854126,0.19018222391605377,0.4559093713760376
9,82,0.0028486947994679213,0.013342905789613724,0.044311463832855225,0.022717271000146866,0.3912067115306854
9,83,0.002837049774825573,0.04500579461455345,0.12656158208847046,0.23280546069145203,0.5937334299087524
9,84,0.0028106030076742172,0.053547635674476624,0.1727217435836792,0.16887205839157104,0.4475402235984802
9,85,0.0027987384237349033,-0.0060216826386749744,-0.09556680917739868,0.08527643233537674,0.3784807026386261
9,86,0.0027882405556738377,0.017104892060160637,0.09359618276357651,0.03661912679672241,0.4487638473510742
9,87,0.002763357711955905,0.1584799438714981,0.10855910927057266,0.023172099143266678,0.4308684468269348
9,88,0.0027443403378129005,-0.019685741513967514,0.02413008362054825,0.050577178597450256,0.3862036168575287
9,89,0.002711500506848097,0.007869747467339039,0.1094888374209404,0.09382568299770355,0.44930902123451233
9,90,0.0027073007076978683,-0.004900566302239895,0.07484815269708633,0.03617986664175987,0.41463303565979004
9,91,0.002699795179069042,0.032993484288454056,0.08185698837041855,0.008008304052054882,0.3650617301464081
9,92,0.002678481163457036,-0.09742330759763718,0.0030390426982194185,0.12364508211612701,0.43992167711257935
9,93,0.0026493703480809927,0.198594331741333,0.032818764448165894,0.012470229528844357,0.37879037857055664
9,94,0.002631615614518523,0.03872041031718254,0.1547691971063614,0.02013235166668892,0.39656245708465576
9,95,0.002620881889015436,0.17372171580791473,0.20700617134571075,0.22584381699562073,0.4463944137096405
9,96,0.0025843640323728323,0.04040849581360817,0.04580232873558998,0.11475858837366104,0.4124729037284851
9,97,0.0025747795589268208,0.03105779178440571,0.05944359302520752,0.0546894408762455,0.35618916153907776
9,98,0.0025410661473870277,-0.07233715057373047,-0.07969546318054199,0.014304348267614841,0.31145793199539185
9,99,0.0025292737409472466,0.05589323118329048,0.020615702494978905,0.09821617603302002,0.45330098271369934
9,100,0.0025163115933537483,0.06643219292163849,0.08352085202932358,0.05051973834633827,0.36095014214515686
9,101,0.0024993382394313812,0.016813363879919052,0.08299700170755386,0.034253790974617004,0.48844388127326965
9,102,0.0024607849773019552,0.1088515892624855,0.07724114507436752,0.039848510175943375,0.4195755422115326
9,103,0.0024481816217303276,-0.009113284759223461,0.14268054068088531,0.03074405901134014,0.3516627848148346
9,104,0.0024264140520244837,0.03268362954258919,-0.012794733978807926,0.014688895083963871,0.44850388169288635
9,105,0.002414324786514044,0.08924791216850281,0.045441534370183945,0.10200583934783936,0.38800835609436035
9,106,0.0024053349625319242,0.08452737331390381,0.21761243045330048,0.16135290265083313,0.4059014916419983
9,107,0.002392153488472104,-0.0585656613111496,-0.02231956645846367,0.07871249318122864,0.39069864153862
9,108,0.0023863576352596283,0.05433747172355652,0.13519857823848724,0.038791362196207047,0.4440962076187134
9,109,0.0023728813976049423,0.14065957069396973,0.05235939845442772,0.12341932952404022,0.4073951244354248
9,110,0.0023552230559289455,0.13384468853473663,0.1703038364648819,0.012618780136108398,0.40426936745643616
9,111,0.002344881882891059,0.12027493864297867,0.006840841379016638,0.08576429635286331,0.439739853143692
9,112,0.00232309871353209,0.030782243236899376,0.19951237738132477,0.05771910399198532,0.3828496038913727
9,113,0.002320583676919341,0.047007035464048386,-0.05713124945759773,0.029765279963612556,0.38620948791503906
9,114,0.0023110301699489355,0.0717807412147522,0.07659898698329926,0.024148372933268547,0.3961640000343323
9,115,0.0022776254918426275,0.03617863729596138,0.12527300417423248,0.015324985608458519,0.4082813262939453
9,116,0.0022587142884731293,-0.005341613199561834,0.13339193165302277,0.07220377773046494,0.3968523442745209
9,117,0.0022555228788405657,-0.02482798509299755,-0.009386164136230946,0.010416951961815357,0.37974411249160767
9,118,0.002249941462650895,0.07207077741622925,0.10338959842920303,0.04406252130866051,0.45335179567337036
9,119,0.002221417613327503,-0.003293874440714717,-0.015213334932923317,0.04022291302680969,0.3951607346534729
9,120,0.0022201044484972954,-0.00140607007779181,0.12317440658807755,0.08308771252632141,0.47536396980285645
9,121,0.0022021241020411253,-0.00266655464656651,0.0449797660112381,0.015820838510990143,0.4406171441078186
9,122,0.0021763634867966175,0.0016859282040968537,0.0806969404220581,0.15472495555877686,0.4673275947570801
9,123,0.002161951968446374,0.06525729596614838,0.087477907538414,0.06864967942237854,0.37198105454444885
9,124,0.002149636624380946,-0.0066510154865682125,0.094753198325634,0.06037358194589615,0.3924857974052429
9,125,0.0021486575715243816,-0.014662167057394981,0.09853486716747284,0.16050554811954498,0.3255104124546051
9,126,0.0021403071004897356,0.019048543646931648,0.09793949127197266,0.019005341455340385,0.4227752387523651
9,127,0.002129781525582075,0.04605300351977348,0.05992539972066879,0.014527599327266216,0.37617239356040955
9,128,0.002116857562214136,-0.0011188779026269913,0.07065431028604507,0.0685795322060585,0.4419203996658325
9,129,0.002091578673571348,0.11783931404352188,0.07909836620092392,0.03425996005535126,0.4091345965862274
9,130,0.0020844030659645796,-0.019839422777295113,-0.01786402054131031,0.08393064886331558,0.4185424745082855
9,131,0.00206734542734921,0.0713338628411293,0.15477421879768372,0.026731563732028008,0.38666585087776184
9,132,0.0020558377727866173,0.03525986894965172,0.138850599527359,0.028667300939559937,0.3057120144367218
9,133,0.0020480118691921234,0.07583048939704895,-0.04671500623226166,0.048521824181079865,0.44065093994140625
9,134,0.0020294778514653444,0.03157294914126396,0.06981243193149567,0.017192242667078972,0.3701702058315277
9,135,0.0020272627007216215,0.02686786837875843,0.09501451998949051,0.01777510531246662,0.4453694224357605
9,136,0.0020101265981793404,-0.007186756934970617,0.03695180267095566,0.1372043490409851,0.3845581114292145
9,137,0.002003513742238283,0.07765145599842072,0.018211018294095993,0.204788476228714,0.4181196093559265
9,138,0.0019911935087293386,-0.004969616886228323,0.19366790354251862,0.017750205472111702,0.37848708033561707
9,139,0.0019834141712635756,0.013499578461050987,0.1097472533583641,0.026254165917634964,0.35363173484802246
9,140,0.0019605904817581177,-0.04016425460577011,-0.0020739587489515543,0.02056577056646347,0.3920665979385376
9,141,0.0019528940320014954,0.07353831827640533,0.03537362813949585,0.057096902281045914,0.4172258675098419
9,142,0.0019448435632511973,0.11377956718206406,0.059575650840997696,0.10000178962945938,0.4195053279399872
9,143,0.0019233807688578963,-0.050502341240644455,0.11608109623193741,0.10321630537509918,0.44320493936538696
9,144,0.0019217198714613914,0.0018398130778223276,0.13571858406066895,0.013258430175483227,0.3602461516857147
9,145,0.0019059902988374233,-0.05521082505583763,-0.030833672732114792,0.03257507085800171,0.36008504033088684
9,146,0.0018922805320471525,0.014180821366608143,-0.05338301509618759,0.029010150581598282,0.3667866289615631
9,147,0.0018867943435907364,0.024813277646899223,0.023944472894072533,0.03341786563396454,0.40269067883491516
9,148,0.001882118871435523,-0.1016266718506813,-0.023165183141827583,0.02065718173980713,0.3868570327758789
9,149,0.0018755431519821286,0.04090091586112976,0.06112787127494812,0.009648802690207958,0.3500186502933502
9,150,0.001863951445557177,0.1844877004623413,0.1379135102033615,0.01592516340315342,0.403922975063324
9,151,0.001845162478275597,0.021651994436979294,0.02194301225244999,0.04054335877299309,0.46500879526138306
9,152,0.0018404695438221097,0.0424143522977829,0.08065102249383926,0.015361817553639412,0.36240455508232117
9,153,0.001832629437558353,-0.035074423998594284,-0.019562978297472,0.12840795516967773,0.4869675040245056
9,154,0.0018260388169437647,-0.11749114841222763,-0.1236741840839386,0.018365727737545967,0.47322705388069153
9,155,0.0018165239598602057,-0.015269935131072998,0.01946551911532879,0.014033515937626362,0.34700727462768555
9,156,0.001799869118258357,-0.06294970214366913,0.02512999251484871,0.015804734081029892,0.3611970841884613
9,157,0.0017929115565493703,0.016299255192279816,0.00934563297778368,0.031223487108945847,0.4516955316066742
9,158,0.0017809320706874132,0.14531674981117249,0.013832948170602322,0.021287189796566963,0.3699641525745392
9,159,0.001768543035723269,0.06610573083162308,0.1850091964006424,0.07309067994356155,0.3523590862751007
9,160,0.001755515462718904,0.17953605949878693,0.10135689377784729,0.014765878207981586,0.3859643042087555
9,161,0.0017386958934366703,0.04744700342416763,0.03182011842727661,0.061242613941431046,0.3886483311653137
9,162,0.0017294406425207853,-0.06068915128707886,-0.06412693113088608,0.02885567955672741,0.445422887802124
9,163,0.001722535933367908,-0.06145435944199562,-0.020352227613329887,0.024985650554299355,0.3509700894355774
9,164,0.0017137835966423154,0.03625157102942467,0.11618463695049286,0.08045347034931183,0.4148990511894226
9,165,0.001703886897303164,-0.019637959077954292,0.016271483153104782,0.06687164306640625,0.37013208866119385
9,166,0.0016977202612906694,0.03198859840631485,-0.05255494639277458,0.1552431732416153,0.45032012462615967
9,167,0.0016890884144231677,0.18942749500274658,0.13454407453536987,0.014626475982367992,0.3477354049682617
9,168,0.0016811419045552611,-0.012021618895232677,0.11268680542707443,0.11800862103700638,0.3818402886390686
9,169,0.0016747808549553156,0.014852689579129219,0.16632768511772156,0.031623031944036484,0.35622677206993103
9,170,0.0016623669071123004,0.03227030485868454,-0.0899721160531044,0.005528987850993872,0.3895338475704193
9,171,0.0016567081911489367,0.10328857600688934,0.015801915898919106,0.008626282215118408,0.3598751127719879
9,172,0.001642330433242023,-0.05798537656664848,0.03890351206064224,0.026702215895056725,0.4478219449520111
9,173,0.0016312079969793558,0.040701430290937424,0.022651566192507744,0.06021292507648468,0.391337513923645
9,174,0.0016202018596231937,-0.05161586031317711,-0.09655674546957016,0.02483310177922249,0.3591199517250061
9,175,0.0016160259256139398,0.07874380052089691,-0.05000614747405052,0.02270052768290043,0.3690584599971771
9,176,0.0016071643913164735,0.08577855676412582,0.04568902403116226,0.011101221665740013,0.3975273072719574
9,177,0.001603950746357441,0.1122157946228981,0.15157915651798248,0.03995556756854057,0.45230981707572937
9,178,0.0015947462525218725,-0.06829589605331421,-0.09753254055976868,0.01687585934996605,0.3982582092285156
9,179,0.0015801299596205354,0.09763732552528381,0.0766584575176239,0.019483162090182304,0.41329556703567505
9,180,0.001573212561197579,-0.008062956854701042,0.09700188785791397,0.013890961185097694,0.32585230469703674
9,181,0.0015657864278182387,-0.032088182866573334,0.01639140024781227,0.017945855855941772,0.38024407625198364
9,182,0.0015587544767186046,0.1251666098833084,0.11037853360176086,0.030949391424655914,0.38742923736572266
9,183,0.0015541145112365484,-0.05013616755604744,0.011413455940783024,0.060159701853990555,0.44716545939445496
9,184,0.0015468501951545477,-0.14222866296768188,-0.009459340013563633,0.0359424389898777,0.33408746123313904
9,185,0.0015404534060508013,-0.0071689714677631855,0.08219411969184875,0.052990347146987915,0.40812647342681885
9,186,0.0015331920003518462,0.0735291913151741,-0.03488003835082054,0.018471796065568924,0.4006362855434418
9,187,0.0015299309743568301,0.01007825043052435,-0.0359465666115284,0.01027224026620388,0.3628341853618622
9,188,0.0015206828247755766,-0.0030219482723623514,-0.02311982586979866,0.042077790945768356,0.303799033164978
9,189,0.001507585751824081,-0.06353592127561569,-0.012499440461397171,0.028060946613550186,0.3950408101081848
9,190,0.0014997088583186269,-0.02915133349597454,0.08086659759283066,0.09717356413602829,0.391173779964447
9,191,0.0014962131390348077,-0.028850683942437172,-0.03398825600743294,0.05787762627005577,0.33878183364868164
9,192,0.0014840856892988086,-0.034195028245449066,0.030567772686481476,0.06347240507602692,0.3244907557964325
9,193,0.0014755417359992862,-0.010556640103459358,0.003242568112909794,0.015784451737999916,0.3975575864315033
9,194,0.0014691022224724293,-0.023095211014151573,0.03489666059613228,0.008954253047704697,0.38210156559944153
9,195,0.0014651023084297776,-0.025188015773892403,0.04020019993185997,0.04552087560296059,0.3383784890174866
9,196,0.0014570193598046899,0.028033476322889328,-0.03626059368252754,0.04190877825021744,0.43298181891441345
9,197,0.0014414973556995392,0.1289547085762024,0.04131746664643288,0.07146100699901581,0.35676109790802
9,198,0.0014380207285284996,0.002081570914015174,-0.04203302413225174,0.01627078838646412,0.3982357680797577
9,199,0.001430339878425002,0.11716508120298386,-0.021152852103114128,0.019148994237184525,0.391247421503067
9,200,0.001419421867467463,0.12061350792646408,0.10010624676942825,0.0136784752830863,0.39027372002601624
9,201,0.001415794133208692,0.1404421627521515,0.047265540808439255,0.07025262713432312,0.4508571922779083
9,202,0.0014051076723262668,0.11907108128070831,0.004237276967614889,0.05172142758965492,0.3271372616291046
9,203,0.00140447320882231,0.07596170902252197,0.13638922572135925,0.0046460931189358234,0.33154362440109253
9,204,0.0013973056338727474,0.07623176276683807,0.01945156417787075,0.051647208631038666,0.39131247997283936
9,205,0.0013847900554537773,-0.009576822631061077,-0.015495939180254936,0.018974581733345985,0.35727590322494507
9,206,0.0013764550676569343,0.01348632201552391,0.10508707165718079,0.03839749097824097,0.36657536029815674
9,207,0.001368478056974709,0.14590029418468475,0.05414558947086334,0.008899454027414322,0.25444328784942627
9,208,0.0013623804552480578,0.04031652584671974,0.06397273391485214,0.053159166127443314,0.38012731075286865
9,209,0.0013570931041613221,0.13897176086902618,0.043640051037073135,0.025730978697538376,0.33334794640541077
9,210,0.001346596167422831,-0.023723727092146873,-0.016097385436296463,0.03185691684484482,0.33436012268066406
9,211,0.0013402255717664957,0.01611989177763462,-0.06165732815861702,0.045442864298820496,0.4191511571407318
9,212,0.0013270954368636012,-0.026304734870791435,0.09243479371070862,0.04696429520845413,0.3938198983669281
9,213,0.0013239099644124508,0.055732909590005875,0.04963473230600357,0.017724229022860527,0.4057134985923767
9,214,0.0013170255115255713,0.08319055289030075,-0.0077624390833079815,0.02596379444003105,0.33778321743011475
9,215,0.0013074080925434828,0.029266273602843285,0.008654216304421425,0.028874684125185013,0.3219369351863861
9,216,0.0013016760349273682,-0.06791394203901291,-0.013302206993103027,0.100136399269104,0.4309351146221161
9,217,0.0012974340934306383,0.0923357903957367,0.11787624657154083,0.14480002224445343,0.4059557616710663
9,218,0.0012917177518829703,-0.0021104230545461178,0.029811523854732513,0.009548700414597988,0.37810051441192627
9,219,0.0012880314607173204,0.10734909772872925,0.11154506355524063,0.0849471390247345,0.41105663776397705
9,220,0.0012789458269253373,-0.10810744017362595,-0.006155447103083134,0.01075006928294897,0.3653998374938965
9,221,0.0012722205137833953,-0.0169680118560791,0.12228260934352875,0.046416476368904114,0.42194512486457825
9,222,0.0012688144342973828,0.0019775526598095894,0.05155683308839798,0.14639638364315033,0.4418787360191345
9,223,0.001265640719793737,0.06691286712884903,0.04634351655840874,0.045815352350473404,0.40341970324516296
9,224,0.001255739014595747,0.005821949802339077,0.07736361026763916,0.0472557507455349,0.40257394313812256
9,225,0.001253389404155314,0.029078830033540726,0.09297739714384079,0.05027862265706062,0.348123699426651
9,226,0.001245256862603128,-0.01856950670480728,-0.05053234100341797,0.04546952247619629,0.3710614740848541
9,227,0.0012399209663271904,-0.026881201192736626,0.019858185201883316,0.012977322563529015,0.387093186378479
9,228,0.0012377783423289657,0.044554926455020905,0.031756285578012466,0.013720644637942314,0.40460821986198425
9,229,0.0012254145694896579,0.04853140562772751,0.11537844687700272,0.05872385576367378,0.32039371132850647
9,230,0.001208423636853695,-0.0446602925658226,-0.03982089087367058,0.09359735250473022,0.4615270495414734
9,231,0.0012026495533064008,0.06880969554185867,-0.05376000702381134,0.02426035702228546,0.29572078585624695
9,232,0.001199547667056322,-0.15084585547447205,-0.06022706255316734,0.009596804156899452,0.31501254439353943
9,233,0.0011918070958927274,0.02187795378267765,0.03069925308227539,0.013477052561938763,0.3980598449707031
9,234,0.001187992049381137,0.13563832640647888,0.1388714462518692,0.010967378504574299,0.4546983540058136
9,235,0.001181557192467153,-0.06290757656097412,0.08001004904508591,0.18390868604183197,0.4312983751296997
9,236,0.0011749950936064124,-0.0030502353329211473,0.09089798480272293,0.02230442501604557,0.3105395436286926
9,237,0.001169513096101582,0.08038843423128128,0.15414482355117798,0.031022176146507263,0.36238327622413635
9,238,0.0011628956999629736,0.15602770447731018,0.057797741144895554,0.042320724576711655,0.3352492153644562
9,239,0.001159434556029737,0.03838016465306282,0.11860135942697525,0.08186949789524078,0.3680742084980011
9,240,0.0011408872669562697,0.027327105402946472,-0.07899274677038193,0.046526867896318436,0.32744884490966797
9,241,0.0011341678909957409,-0.0054376013576984406,0.0996958464384079,0.0255640409886837,0.41881823539733887
9,242,0.001130964607000351,-0.10303062200546265,0.021553773432970047,0.013105764053761959,0.3604629933834076
9,243,0.0011154256062582135,0.12876243889331818,-0.0029708221554756165,0.05225810036063194,0.30327537655830383
9,244,0.0011083587305620313,0.12439944595098495,0.05365337058901787,0.07611130177974701,0.4048858880996704
9,245,0.0011029021115973592,0.07836940884590149,0.10660133510828018,0.033023517578840256,0.3870673179626465
9,246,0.001101109548471868,0.13118210434913635,0.12400758266448975,0.01136865932494402,0.4057406783103943
9,247,0.0010930157732218504,-0.03241313248872757,0.11457570642232895,0.02086307480931282,0.3610634207725525
9,248,0.0010757972486317158,-0.039650630205869675,0.1293393224477768,0.10641401261091232,0.3362256586551666
9,249,0.0010692030191421509,-0.10883355885744095,-0.07025957852602005,0.015149504877626896,0.3984921872615814
9,250,0.0010673888027668,-0.02374870702624321,-0.09206452965736389,0.03683822974562645,0.36753949522972107
9,251,0.0010599929373711348,0.05635003373026848,0.04071706160902977,0.019053524360060692,0.3398827016353607
9,252,0.0010508227860555053,-0.02653966099023819,-0.07032626122236252,0.07371768355369568,0.4085412621498108
9,253,0.0010412746341899037,-0.05339851602911949,-0.10652794688940048,0.013409520499408245,0.4250328540802002
9,254,0.0010311146033927798,0.07650969922542572,0.0965379998087883,0.02956698089838028,0.3667535185813904
9,255,0.0010260463459417224,0.0405883863568306,0.02187536470592022,0.028729664161801338,0.30069833993911743
